{
"type": "FeatureCollection",
"name": "classified_hotspots",
"crs": { "type": "name", "properties": { "name": "urn:ogc:def:crs:OGC:1.3:CRS84" } },
"features": [
{ "type": "Feature", "properties": { "latitude": 8.03437, "longitude": 80.19405, "brightness": 338.36, "scan": 0.39, "track": 0.36, "acq_date": "2026-08-31T00:00:00", "acq_time": 807, "satellite": "N", "instrument": "VIIRS", "confidence": "n", "version": "2.0NRT", "brightness_bg": 306.27, "frp": 6.16, "daynight": "D", "source_left": "VIIRS_SNPP_NRT", "cross_source_count": 1, "state": "Tamil Nadu", "zone_type": "none", "source_right": "curated_research", "osm_id": "", "nearest_zone_dist_m": 228994.26286177794, "is_industrial": false, "facility_type": "none", "zone_name": "Gulf of Mannar NP (Tamil Nadu)", "temperature": 26.9, "humidity": 82, "wind_speed": 19.2, "wind_direction": 206, "aqi": 17, "persistence": 0.0, "ai_classification": "Natural Anomaly", "ai_confidence": 100.0, "spread_speed_kmh": 1.39, "risk_level": "Moderate (Spreading)", "mitigation_strategy": "Monitor" }, "geometry": { "type": "Polygon", "coordinates": [ [ [ 80.200851556204128, 8.048178262002974 ], [ 80.201036369551048, 8.047936254835196 ], [ 80.201094000946242, 8.047454802665904 ], [ 80.201022699288913, 8.046748534175629 ], [ 80.200824631043858, 8.045838908975064 ], [ 80.200505814414456, 8.044753565565632 ], [ 80.200075936482676, 8.043525481557621 ], [ 80.199548058871954, 8.042191971662174 ], [ 80.198938220876357, 8.040793553902672 ], [ 80.198264952114798, 8.039372718495107 ], [ 80.197548709517889, 8.037972636804362 ], [ 80.196811255754525, 8.036635849604131 ], [ 80.196074997984127, 8.035402974497048 ], [ 80.195362307026471, 8.034311471769376 ], [ 80.19469483763568, 8.033394506179169 ], [ 80.194092870531449, 8.032679939261879 ], [ 80.193574696179596, 8.032189482771699 ], [ 80.193156059045634, 8.031938038980899 ], [ 80.192849679207001, 8.031933247881827 ], [ 80.192664865860081, 8.032175255049605 ], [ 80.192607234464887, 8.032656707218898 ], [ 80.192678536122216, 8.033362975709172 ], [ 80.192876604367271, 8.034272600909738 ], [ 80.193195420996673, 8.03535794431917 ], [ 80.193625298928453, 8.03658602832718 ], [ 80.194153176539174, 8.037919538222628 ], [ 80.194763014534772, 8.03931795598213 ], [ 80.195436283296331, 8.040738791389693 ], [ 80.19615252589324, 8.04213887308044 ], [ 80.196889979656603, 8.04347566028067 ], [ 80.197626237427002, 8.044708535387754 ], [ 80.198338928384658, 8.045800038115425 ], [ 80.199006397775449, 8.046717003705632 ], [ 80.19960836487968, 8.047431570622923 ], [ 80.200126539231533, 8.047922027113103 ], [ 80.200545176365495, 8.048173470903903 ], [ 80.200851556204128, 8.048178262002974 ] ] ] } },
{ "type": "Feature", "properties": { "latitude": 8.6821, "longitude": 80.75552, "brightness": 349.96, "scan": 0.38, "track": 0.36, "acq_date": "2026-08-31T00:00:00", "acq_time": 807, "satellite": "N", "instrument": "VIIRS", "confidence": "n", "version": "2.0NRT", "brightness_bg": 308.89, "frp": 5.09, "daynight": "D", "source_left": "VIIRS_SNPP_NRT", "cross_source_count": 2, "state": "Tamil Nadu", "zone_type": "none", "source_right": "curated_research", "osm_id": "", "nearest_zone_dist_m": 201882.93982282773, "is_industrial": false, "facility_type": "none", "zone_name": "Cauvery Delta Rice (TN)", "temperature": 26.9, "humidity": 78, "wind_speed": 20.1, "wind_direction": 216, "aqi": 18, "persistence": 0.0, "ai_classification": "Natural Anomaly", "ai_confidence": 100.0, "spread_speed_kmh": 1.36, "risk_level": "Moderate (Spreading)", "mitigation_strategy": "Monitor" }, "geometry": { "type": "Polygon", "coordinates": [ [ [ 80.76499654125665, 8.694993770299602 ], [ 80.765133907988513, 8.694719061864227 ], [ 80.76509772349651, 8.694222246960951 ], [ 80.764889087228127, 8.69351842105921 ], [ 80.764514338490784, 8.692628969552874 ], [ 80.763984863835248, 8.69158091797588 ], [ 80.763316751081007, 8.690406110845057 ], [ 80.762530300495996, 8.68914024408059 ], [ 80.761649407983299, 8.687821780403562 ], [ 80.760700839016138, 8.686490780665622 ], [ 80.759713415382606, 8.685187686620289 ], [ 80.758717139450127, 8.683952092120734 ], [ 80.757742282558794, 8.682821540080583 ], [ 80.756818465241921, 8.681830381751494 ], [ 80.755973757221213, 8.681008732977741 ], [ 80.755233824522449, 8.680381559141543 ], [ 80.75462114962626, 8.679967916602545 ], [ 80.754154348349317, 8.679780373679984 ], [ 80.753847604212226, 8.679824628770659 ], [ 80.753710237480362, 8.680099337206034 ], [ 80.753746421972366, 8.68059615210931 ], [ 80.753955058240749, 8.681299978011051 ], [ 80.754329806978092, 8.682189429517386 ], [ 80.754859281633628, 8.68323748109438 ], [ 80.755527394387869, 8.684412288225204 ], [ 80.75631384497288, 8.68567815498967 ], [ 80.757194737485577, 8.686996618666699 ], [ 80.758143306452737, 8.688327618404639 ], [ 80.75913073008627, 8.689630712449972 ], [ 80.760127006018749, 8.690866306949527 ], [ 80.761101862910081, 8.691996858989677 ], [ 80.762025680226955, 8.692988017318767 ], [ 80.762870388247663, 8.69380966609252 ], [ 80.763610320946427, 8.694436839928718 ], [ 80.764222995842616, 8.694850482467716 ], [ 80.764689797119559, 8.695038025390277 ], [ 80.76499654125665, 8.694993770299602 ] ] ] } },
{ "type": "Feature", "properties": { "latitude": 8.74873, "longitude": 80.32748, "brightness": 338.49, "scan": 0.39, "track": 0.36, "acq_date": "2026-08-31T00:00:00", "acq_time": 807, "satellite": "N", "instrument": "VIIRS", "confidence": "n", "version": "2.0NRT", "brightness_bg": 305.13, "frp": 3.57, "daynight": "D", "source_left": "VIIRS_SNPP_NRT", "cross_source_count": 1, "state": "Tamil Nadu", "zone_type": "none", "source_right": "curated_research", "osm_id": "", "nearest_zone_dist_m": 174504.32220924599, "is_industrial": false, "facility_type": "none", "zone_name": "Cauvery Delta Rice (TN)", "temperature": 27.0, "humidity": 79, "wind_speed": 16.8, "wind_direction": 197, "aqi": 19, "persistence": 0.0, "ai_classification": "Routine Industrial Heat", "ai_confidence": 100.0, "spread_speed_kmh": 0.0, "risk_level": "Low (Routine Operation)", "mitigation_strategy": "Log & Monitor — No Action Required" }, "geometry": { "type": "Polygon", "coordinates": [ [ [ 80.32748, 8.750081351351351 ], [ 80.327746739111276, 8.750055385514058 ], [ 80.328003227588113, 8.749978485854745 ], [ 80.328239608722157, 8.749853607584193 ], [ 80.32844679851901, 8.749685549704306 ], [ 80.328616834790964, 8.749480770585162 ], [ 80.328743183139437, 8.749247139773466 ], [ 80.328820988068273, 8.748993635570292 ], [ 80.328847259577671, 8.74873 ], [ 80.328820988068273, 8.748466364429708 ], [ 80.328743183139437, 8.748212860226534 ], [ 80.328616834790964, 8.747979229414838 ], [ 80.32844679851901, 8.747774450295694 ], [ 80.328239608722157, 8.747606392415808 ], [ 80.328003227588113, 8.747481514145255 ], [ 80.327746739111276, 8.747404614485943 ], [ 80.32748, 8.747378648648649 ], [ 80.327213260888712, 8.747404614485943 ], [ 80.326956772411876, 8.747481514145255 ], [ 80.326720391277831, 8.747606392415808 ], [ 80.326513201480978, 8.747774450295694 ], [ 80.326343165209025, 8.747979229414838 ], [ 80.326216816860551, 8.748212860226534 ], [ 80.326139011931716, 8.748466364429708 ], [ 80.326112740422317, 8.74873 ], [ 80.326139011931716, 8.748993635570292 ], [ 80.326216816860551, 8.749247139773466 ], [ 80.326343165209025, 8.749480770585162 ], [ 80.326513201480978, 8.749685549704306 ], [ 80.326720391277831, 8.749853607584193 ], [ 80.326956772411876, 8.749978485854745 ], [ 80.327213260888712, 8.750055385514058 ], [ 80.32748, 8.750081351351351 ] ] ] } },
{ "type": "Feature", "properties": { "latitude": 8.78987, "longitude": 80.99559, "brightness": 343.59, "scan": 0.38, "track": 0.36, "acq_date": "2026-08-31T00:00:00", "acq_time": 807, "satellite": "N", "instrument": "VIIRS", "confidence": "n", "version": "2.0NRT", "brightness_bg": 307.86, "frp": 12.29, "daynight": "D", "source_left": "VIIRS_SNPP_NRT", "cross_source_count": 2, "state": "Tamil Nadu", "zone_type": "none", "source_right": "curated_research", "osm_id": "", "nearest_zone_dist_m": 206393.95007768084, "is_industrial": false, "facility_type": "none", "zone_name": "Cauvery Delta Rice (TN)", "temperature": 27.2, "humidity": 76, "wind_speed": 14.3, "wind_direction": 213, "aqi": 18, "persistence": 0.0, "ai_classification": "Natural Anomaly", "ai_confidence": 100.0, "spread_speed_kmh": 1.58, "risk_level": "Moderate (Spreading)", "mitigation_strategy": "Monitor" }, "geometry": { "type": "Polygon", "coordinates": [ [ [ 81.002351097642205, 8.800158833194327 ], [ 81.002523127390262, 8.799917704780757 ], [ 81.002569086867382, 8.799500008231893 ], [ 81.002487579618105, 8.798918435046009 ], [ 81.002281082198948, 8.798190656030066 ], [ 81.0019558689295, 8.797338784381191 ], [ 81.001521821250392, 8.796388703788367 ], [ 81.000992127480728, 8.795369281969643 ], [ 81.000382882097639, 8.794311493541127 ], [ 80.999712596713806, 8.793247478868956 ], [ 80.999001637611443, 8.792209567500523 ], [ 80.998271606923097, 8.791229295847552 ], [ 80.997544686261833, 8.790336448968175 ], [ 80.996842962744111, 8.789558155563022 ], [ 80.996187757883902, 8.78891806368337 ], [ 80.995598979749346, 8.788435622197083 ], [ 80.995094518066139, 8.788125489844592 ], [ 80.994689700647243, 8.787997089840495 ], [ 80.994396827665085, 8.788054323553943 ], [ 80.994224797917028, 8.788295451967514 ], [ 80.994178838439908, 8.788713148516377 ], [ 80.994260345689185, 8.789294721702262 ], [ 80.994466843108341, 8.790022500718205 ], [ 80.99479205637779, 8.79087437236708 ], [ 80.995226104056897, 8.791824452959904 ], [ 80.995755797826561, 8.792843874778628 ], [ 80.99636504320965, 8.793901663207144 ], [ 80.997035328593483, 8.794965677879315 ], [ 80.997746287695847, 8.796003589247748 ], [ 80.998476318384192, 8.796983860900719 ], [ 80.999203239045457, 8.797876707780096 ], [ 80.999904962563178, 8.798655001185249 ], [ 81.000560167423387, 8.799295093064901 ], [ 81.001148945557944, 8.799777534551188 ], [ 81.00165340724115, 8.800087666903678 ], [ 81.002058224660047, 8.800216066907776 ], [ 81.002351097642205, 8.800158833194327 ] ] ] } },
{ "type": "Feature", "properties": { "latitude": 8.80894, "longitude": 80.39244, "brightness": 341.51, "scan": 0.38, "track": 0.36, "acq_date": "2026-08-31T00:00:00", "acq_time": 807, "satellite": "N", "instrument": "VIIRS", "confidence": "n", "version": "2.0NRT", "brightness_bg": 306.81, "frp": 3.36, "daynight": "D", "source_left": "VIIRS_SNPP_NRT", "cross_source_count": 1, "state": "Tamil Nadu", "zone_type": "none", "source_right": "curated_research", "osm_id": "", "nearest_zone_dist_m": 171155.39718333649, "is_industrial": false, "facility_type": "none", "zone_name": "Cauvery Delta Rice (TN)", "temperature": 26.9, "humidity": 79, "wind_speed": 16.3, "wind_direction": 202, "aqi": 19, "persistence": 0.0, "ai_classification": "Wildfire", "ai_confidence": 100.0, "spread_speed_kmh": 1.87, "risk_level": "Moderate (Spreading)", "mitigation_strategy": "Establish Firebreak" }, "geometry": { "type": "Polygon", "coordinates": [ [ [ 80.397308232904209, 8.820847078826516 ], [ 80.397507248180787, 8.820643842040656 ], [ 80.39761320494874, 8.820233962522359 ], [ 80.39762288376528, 8.819629894253373 ], [ 80.397535990544469, 8.818849991542383 ], [ 80.397355165492854, 8.817917951338609 ], [ 80.397085902888122, 8.816862093212009 ], [ 80.396736384138265, 8.815714498877471 ], [ 80.396317229193642, 8.814510037408137 ], [ 80.395841173865122, 8.813285305756267 ], [ 80.395322682852978, 8.812077516773359 ], [ 80.394777510244253, 8.810923368516487 ], [ 80.394222220832788, 8.809857929196411 ], [ 80.393673686806352, 8.80891357164773 ], [ 80.393148575093761, 8.808118989696696 ], [ 80.392662840948702, 8.807498326313812 ], [ 80.392231243157369, 8.807070440041896 ], [ 80.391866895600259, 8.806848331988798 ], [ 80.391580868793511, 8.80683875079532 ], [ 80.391381853516933, 8.807041987581179 ], [ 80.391275896748979, 8.807451867099477 ], [ 80.39126621793244, 8.808055935368463 ], [ 80.391353111153251, 8.808835838079453 ], [ 80.391533936204866, 8.809767878283226 ], [ 80.391803198809598, 8.810823736409827 ], [ 80.392152717559455, 8.811971330744365 ], [ 80.392571872504078, 8.813175792213698 ], [ 80.393047927832598, 8.814400523865569 ], [ 80.393566418844742, 8.815608312848477 ], [ 80.394111591453466, 8.816762461105348 ], [ 80.394666880864932, 8.817827900425424 ], [ 80.395215414891368, 8.818772257974105 ], [ 80.395740526603959, 8.819566839925139 ], [ 80.396226260749017, 8.820187503308023 ], [ 80.396657858540351, 8.82061538957994 ], [ 80.397022206097461, 8.820837497633038 ], [ 80.397308232904209, 8.820847078826516 ] ] ] } },
{ "type": "Feature", "properties": { "latitude": 8.85911, "longitude": 80.74155, "brightness": 349.7, "scan": 0.38, "track": 0.36, "acq_date": "2026-08-31T00:00:00", "acq_time": 807, "satellite": "N", "instrument": "VIIRS", "confidence": "n", "version": "2.0NRT", "brightness_bg": 311.49, "frp": 16.02, "daynight": "D", "source_left": "VIIRS_SNPP_NRT", "cross_source_count": 1, "state": "Tamil Nadu", "zone_type": "none", "source_right": "curated_research", "osm_id": "", "nearest_zone_dist_m": 184287.9832351814, "is_industrial": false, "facility_type": "none", "zone_name": "Cauvery Delta Rice (TN)", "temperature": 27.3, "humidity": 76, "wind_speed": 16.9, "wind_direction": 208, "aqi": 18, "persistence": 0.0, "ai_classification": "Natural Anomaly", "ai_confidence": 100.0, "spread_speed_kmh": 1.97, "risk_level": "Moderate (Spreading)", "mitigation_strategy": "Monitor" }, "geometry": { "type": "Polygon", "coordinates": [ [ [ 80.74851508915971, 8.872053041264408 ], [ 80.748708932871466, 8.871802836045156 ], [ 80.748772397344041, 8.871328899208805 ], [ 80.748703554241516, 8.87064563108631 ], [ 80.748504495326728, 8.869773792433818 ], [ 80.748181268904091, 8.868739873627616 ], [ 80.747743696044893, 8.867575289767441 ], [ 80.747205072179014, 8.866315426144576 ], [ 80.746581763120105, 8.86499856307768 ], [ 80.745892707798475, 8.863664712784677 ], [ 80.745158842811406, 8.862354403631761 ], [ 80.744402466275176, 8.861107448699491 ], [ 80.743646560308093, 8.859961736082495 ], [ 80.742914092730459, 8.858952077678882 ], [ 80.742227319198975, 8.858109151448337 ], [ 80.74160710697987, 8.85745856927783 ], [ 80.741072300907589, 8.857020098777404 ], [ 80.740639150793996, 8.856807062651336 ], [ 80.740320817686111, 8.856825933894516 ], [ 80.740126973974355, 8.857076139113769 ], [ 80.74006350950178, 8.857550075950119 ], [ 80.740132352604306, 8.858233344072614 ], [ 80.740331411519094, 8.859105182725106 ], [ 80.740654637941731, 8.860139101531308 ], [ 80.741092210800929, 8.861303685391483 ], [ 80.741630834666807, 8.862563549014348 ], [ 80.742254143725717, 8.863880412081244 ], [ 80.742943199047346, 8.865214262374247 ], [ 80.743677064034415, 8.866524571527163 ], [ 80.744433440570646, 8.867771526459434 ], [ 80.745189346537728, 8.868917239076429 ], [ 80.745921814115363, 8.869926897480042 ], [ 80.746608587646847, 8.870769823710587 ], [ 80.747228799865951, 8.871420405881095 ], [ 80.747763605938232, 8.87185887638152 ], [ 80.748196756051826, 8.872071912507588 ], [ 80.74851508915971, 8.872053041264408 ] ] ] } },
{ "type": "Feature", "properties": { "latitude": 8.90582, "longitude": 80.40517, "brightness": 338.33, "scan": 0.38, "track": 0.36, "acq_date": "2026-08-31T00:00:00", "acq_time": 807, "satellite": "N", "instrument": "VIIRS", "confidence": "n", "version": "2.0NRT", "brightness_bg": 305.91, "frp": 4.3, "daynight": "D", "source_left": "VIIRS_SNPP_NRT", "cross_source_count": 1, "state": "Tamil Nadu", "zone_type": "none", "source_right": "curated_research", "osm_id": "", "nearest_zone_dist_m": 162031.3930707986, "is_industrial": false, "facility_type": "none", "zone_name": "Cauvery Delta Rice (TN)", "temperature": 26.8, "humidity": 79, "wind_speed": 16.7, "wind_direction": 205, "aqi": 19, "persistence": 0.0, "ai_classification": "Routine Industrial Heat", "ai_confidence": 100.0, "spread_speed_kmh": 0.0, "risk_level": "Low (Routine Operation)", "mitigation_strategy": "Log & Monitor — No Action Required" }, "geometry": { "type": "Polygon", "coordinates": [ [ [ 80.40517, 8.907171351351352 ], [ 80.405436852707709, 8.907145385514058 ], [ 80.405693450415527, 8.907068485854746 ], [ 80.405929932217418, 8.906943607584193 ], [ 80.406137210250378, 8.906775549704307 ], [ 80.406307318935831, 8.906570770585162 ], [ 80.406433721092398, 8.906337139773466 ], [ 80.406511559156073, 8.906083635570292 ], [ 80.406537841853748, 8.90582 ], [ 80.406511559156073, 8.905556364429708 ], [ 80.406433721092398, 8.905302860226534 ], [ 80.406307318935831, 8.905069229414838 ], [ 80.406137210250378, 8.904864450295694 ], [ 80.405929932217418, 8.904696392415808 ], [ 80.405693450415527, 8.904571514145255 ], [ 80.405436852707709, 8.904494614485943 ], [ 80.40517, 8.904468648648649 ], [ 80.404903147292288, 8.904494614485943 ], [ 80.40464654958447, 8.904571514145255 ], [ 80.404410067782578, 8.904696392415808 ], [ 80.404202789749618, 8.904864450295694 ], [ 80.404032681064166, 8.905069229414838 ], [ 80.403906278907598, 8.905302860226534 ], [ 80.403828440843924, 8.905556364429708 ], [ 80.403802158146249, 8.90582 ], [ 80.403828440843924, 8.906083635570292 ], [ 80.403906278907598, 8.906337139773466 ], [ 80.404032681064166, 8.906570770585162 ], [ 80.404202789749618, 8.906775549704307 ], [ 80.404410067782578, 8.906943607584193 ], [ 80.40464654958447, 8.907068485854746 ], [ 80.404903147292288, 8.907145385514058 ], [ 80.40517, 8.907171351351352 ] ] ] } },
{ "type": "Feature", "properties": { "latitude": 8.97013, "longitude": 80.69147, "brightness": 345.28, "scan": 0.38, "track": 0.36, "acq_date": "2026-08-31T00:00:00", "acq_time": 807, "satellite": "N", "instrument": "VIIRS", "confidence": "n", "version": "2.0NRT", "brightness_bg": 311.26, "frp": 6.62, "daynight": "D", "source_left": "VIIRS_SNPP_NRT", "cross_source_count": 1, "state": "Tamil Nadu", "zone_type": "none", "source_right": "curated_research", "osm_id": "", "nearest_zone_dist_m": 170961.76998250885, "is_industrial": false, "facility_type": "none", "zone_name": "Cauvery Delta Rice (TN)", "temperature": 27.1, "humidity": 77, "wind_speed": 16.8, "wind_direction": 208, "aqi": 18, "persistence": 0.0, "ai_classification": "Routine Industrial Heat", "ai_confidence": 100.0, "spread_speed_kmh": 0.0, "risk_level": "Low (Routine Operation)", "mitigation_strategy": "Log & Monitor — No Action Required" }, "geometry": { "type": "Polygon", "coordinates": [ [ [ 80.69147, 8.97148135135135 ], [ 80.691736899819048, 8.971455385514057 ], [ 80.691993542827717, 8.971378485854745 ], [ 80.692230066379139, 8.971253607584192 ], [ 80.69243738100586, 8.971085549704306 ], [ 80.692607519723026, 8.970880770585161 ], [ 80.692733944195183, 8.970647139773465 ], [ 80.69281179600074, 8.970393635570291 ], [ 80.692838083338472, 8.97013 ], [ 80.69281179600074, 8.969866364429707 ], [ 80.692733944195183, 8.969612860226533 ], [ 80.692607519723026, 8.969379229414837 ], [ 80.69243738100586, 8.969174450295693 ], [ 80.692230066379139, 8.969006392415807 ], [ 80.691993542827717, 8.968881514145254 ], [ 80.691736899819048, 8.968804614485942 ], [ 80.69147, 8.968778648648648 ], [ 80.691203100180942, 8.968804614485942 ], [ 80.690946457172274, 8.968881514145254 ], [ 80.690709933620852, 8.969006392415807 ], [ 80.690502618994131, 8.969174450295693 ], [ 80.690332480276965, 8.969379229414837 ], [ 80.690206055804808, 8.969612860226533 ], [ 80.690128203999251, 8.969866364429707 ], [ 80.690101916661519, 8.97013 ], [ 80.690128203999251, 8.970393635570291 ], [ 80.690206055804808, 8.970647139773465 ], [ 80.690332480276965, 8.970880770585161 ], [ 80.690502618994131, 8.971085549704306 ], [ 80.690709933620852, 8.971253607584192 ], [ 80.690946457172274, 8.971378485854745 ], [ 80.691203100180942, 8.971455385514057 ], [ 80.69147, 8.97148135135135 ] ] ] } },
{ "type": "Feature", "properties": { "latitude": 9.02789, "longitude": 77.86799, "brightness": 345.65, "scan": 0.45, "track": 0.39, "acq_date": "2026-08-31T00:00:00", "acq_time": 807, "satellite": "N", "instrument": "VIIRS", "confidence": "n", "version": "2.0NRT", "brightness_bg": 311.04, "frp": 11.75, "daynight": "D", "source_left": "VIIRS_SNPP_NRT", "cross_source_count": 2, "state": "Tamil Nadu", "zone_type": "none", "source_right": "curated_research", "osm_id": "", "nearest_zone_dist_m": 6984.1225659171396, "is_industrial": false, "facility_type": "none", "zone_name": "Gulf of Mannar NP (Tamil Nadu)", "temperature": 26.5, "humidity": 75, "wind_speed": 17.1, "wind_direction": 262, "aqi": 18, "persistence": 0.0, "ai_classification": "Routine Industrial Heat", "ai_confidence": 100.0, "spread_speed_kmh": 0.0, "risk_level": "Low (Routine Operation)", "mitigation_strategy": "Log & Monitor — No Action Required" }, "geometry": { "type": "Polygon", "coordinates": [ [ [ 77.86799, 9.029241351351351 ], [ 77.868256942432978, 9.029215385514057 ], [ 77.86851362641795, 9.029138485854745 ], [ 77.868750187733326, 9.029013607584192 ], [ 77.868957535460439, 9.028845549704306 ], [ 77.869127701342407, 9.028640770585161 ], [ 77.869254145999804, 9.028407139773465 ], [ 77.869332010235382, 9.028153635570291 ], [ 77.86935830177022, 9.02789 ], [ 77.869332010235382, 9.027626364429707 ], [ 77.869254145999804, 9.027372860226533 ], [ 77.869127701342407, 9.027139229414837 ], [ 77.868957535460439, 9.026934450295693 ], [ 77.868750187733326, 9.026766392415807 ], [ 77.86851362641795, 9.026641514145254 ], [ 77.868256942432978, 9.026564614485942 ], [ 77.86799, 9.026538648648648 ], [ 77.867723057567034, 9.026564614485942 ], [ 77.867466373582062, 9.026641514145254 ], [ 77.867229812266686, 9.026766392415807 ], [ 77.867022464539573, 9.026934450295693 ], [ 77.866852298657605, 9.027139229414837 ], [ 77.866725854000208, 9.027372860226533 ], [ 77.86664798976463, 9.027626364429707 ], [ 77.866621698229793, 9.02789 ], [ 77.86664798976463, 9.028153635570291 ], [ 77.866725854000208, 9.028407139773465 ], [ 77.866852298657605, 9.028640770585161 ], [ 77.867022464539573, 9.028845549704306 ], [ 77.867229812266686, 9.029013607584192 ], [ 77.867466373582062, 9.029138485854745 ], [ 77.867723057567034, 9.029215385514057 ], [ 77.86799, 9.029241351351351 ] ] ] } },
{ "type": "Feature", "properties": { "latitude": 9.04133, "longitude": 80.45132, "brightness": 367.0, "scan": 0.38, "track": 0.36, "acq_date": "2026-08-31T00:00:00", "acq_time": 807, "satellite": "N", "instrument": "VIIRS", "confidence": "h", "version": "2.0NRT", "brightness_bg": 312.33, "frp": 19.68, "daynight": "D", "source_left": "VIIRS_SNPP_NRT", "cross_source_count": 2, "state": "Tamil Nadu", "zone_type": "none", "source_right": "curated_research", "osm_id": "", "nearest_zone_dist_m": 150817.72647196962, "is_industrial": false, "facility_type": "none", "zone_name": "Cauvery Delta Rice (TN)", "temperature": 26.9, "humidity": 78, "wind_speed": 16.1, "wind_direction": 198, "aqi": 21, "persistence": 0.0, "ai_classification": "Wildfire", "ai_confidence": 100.0, "spread_speed_kmh": 2.99, "risk_level": "Critical (Spreading)", "mitigation_strategy": "Establish Firebreak" }, "geometry": { "type": "Polygon", "coordinates": [ [ [ 80.455837969286478, 9.055061988019949 ], [ 80.456080247767886, 9.054848573147147 ], [ 80.45623441350584, 9.054396207772992 ], [ 80.456295782252369, 9.053718636790466 ], [ 80.4562624893492, 9.052836447851003 ], [ 80.456135546384331, 9.051776445819124 ], [ 80.455918810455515, 9.05057083832018 ], [ 80.455618866974277, 9.049256257127958 ], [ 80.455244829571512, 9.047872645126773 ], [ 80.454808063184444, 9.046462042667141 ], [ 80.454321838738721, 9.045067310191 ], [ 80.453800929918074, 9.043730825938864 ], [ 80.453261164273442, 9.042493198308446 ], [ 80.452718942310796, 9.041392031989023 ], [ 80.452190739170092, 9.040460785361995 ], [ 80.451692604036481, 9.039727753884891 ], [ 80.451239672493926, 9.03921521034821 ], [ 80.450845706638148, 9.038938728127954 ], [ 80.450522676922333, 9.03890670799648 ], [ 80.450280398440924, 9.039120122869281 ], [ 80.450126232702971, 9.039572488243437 ], [ 80.450064863956442, 9.040250059225963 ], [ 80.45009815685961, 9.041132248165425 ], [ 80.450225099824479, 9.042192250197305 ], [ 80.450441835753296, 9.043397857696249 ], [ 80.450741779234534, 9.044712438888471 ], [ 80.451115816637298, 9.046096050889656 ], [ 80.451552583024366, 9.047506653349288 ], [ 80.452038807470089, 9.048901385825429 ], [ 80.452559716290736, 9.050237870077565 ], [ 80.453099481935368, 9.051475497707983 ], [ 80.453641703898015, 9.052576664027406 ], [ 80.454169907038718, 9.053507910654433 ], [ 80.454668042172329, 9.054240942131537 ], [ 80.455120973714884, 9.054753485668218 ], [ 80.455514939570662, 9.055029967888474 ], [ 80.455837969286478, 9.055061988019949 ] ] ] } },
{ "type": "Feature", "properties": { "latitude": 9.17741, "longitude": 78.13036, "brightness": 346.2, "scan": 0.43, "track": 0.38, "acq_date": "2026-08-31T00:00:00", "acq_time": 807, "satellite": "N", "instrument": "VIIRS", "confidence": "n", "version": "2.0NRT", "brightness_bg": 304.75, "frp": 6.86, "daynight": "D", "source_left": "VIIRS_SNPP_NRT", "cross_source_count": 1, "state": "Tamil Nadu", "zone_type": "parks", "source_right": "curated_research", "osm_id": "", "nearest_zone_dist_m": 0.0, "is_industrial": false, "facility_type": "protected_area", "zone_name": "Gulf of Mannar NP (Tamil Nadu)", "temperature": 29.3, "humidity": 60, "wind_speed": 14.5, "wind_direction": 264, "aqi": 18, "persistence": 0.0, "ai_classification": "Natural Anomaly", "ai_confidence": 100.0, "spread_speed_kmh": 1.21, "risk_level": "Moderate (Spreading)", "mitigation_strategy": "Monitor" }, "geometry": { "type": "Polygon", "coordinates": [ [ [ 78.142286872686952, 9.178647517185114 ], [ 78.142207972515493, 9.17837641770825 ], [ 78.141918297800103, 9.178091437020363 ], [ 78.141426650160412, 9.177801234115448 ], [ 78.140747968061191, 9.177514626661919 ], [ 78.13990287291459, 9.177240323082223 ], [ 78.138917042508993, 9.176986657951824 ], [ 78.137820430802407, 9.176761338757348 ], [ 78.136646357786645, 9.176571211708504 ], [ 78.135430497076186, 9.176422053719461 ], [ 78.134209791983437, 9.176318396880237 ], [ 78.133021333014952, 9.176263390751442 ], [ 78.131901230895096, 9.176258706666463 ], [ 78.130883519359969, 9.176304486948851 ], [ 78.129999121059612, 9.176399340587894 ], [ 78.129274907988815, 9.176540385503767 ], [ 78.128732884995287, 9.176723336118071 ], [ 78.128389521173418, 9.176942633568972 ], [ 78.128255249459158, 9.177191614614392 ], [ 78.128334149630618, 9.177462714091256 ], [ 78.128623824346008, 9.177747694779143 ], [ 78.129115471985699, 9.178037897684058 ], [ 78.129794154084919, 9.178324505137587 ], [ 78.130639249231521, 9.178598808717283 ], [ 78.131625079637118, 9.178852473847682 ], [ 78.132721691343704, 9.179077793042158 ], [ 78.133895764359465, 9.179267920091002 ], [ 78.135111625069925, 9.179417078080045 ], [ 78.136332330162674, 9.179520734919269 ], [ 78.137520789131159, 9.179575741048064 ], [ 78.138640891251015, 9.179580425133043 ], [ 78.139658602786142, 9.179534644850655 ], [ 78.140543001086499, 9.179439791211612 ], [ 78.141267214157295, 9.179298746295739 ], [ 78.141809237150824, 9.179115795681435 ], [ 78.142152600972693, 9.178896498230534 ], [ 78.142286872686952, 9.178647517185114 ] ] ] } },
{ "type": "Feature", "properties": { "latitude": 9.18498, "longitude": 80.30385, "brightness": 347.17, "scan": 0.39, "track": 0.36, "acq_date": "2026-08-31T00:00:00", "acq_time": 807, "satellite": "N", "instrument": "VIIRS", "confidence": "n", "version": "2.0NRT", "brightness_bg": 313.38, "frp": 6.16, "daynight": "D", "source_left": "VIIRS_SNPP_NRT", "cross_source_count": 1, "state": "Tamil Nadu", "zone_type": "none", "source_right": "curated_research", "osm_id": "", "nearest_zone_dist_m": 129352.6322786544, "is_industrial": false, "facility_type": "none", "zone_name": "Cauvery Delta Rice (TN)", "temperature": 26.9, "humidity": 79, "wind_speed": 15.0, "wind_direction": 194, "aqi": 21, "persistence": 0.0, "ai_classification": "Natural Anomaly", "ai_confidence": 100.0, "spread_speed_kmh": 1.18, "risk_level": "Moderate (Spreading)", "mitigation_strategy": "Monitor" }, "geometry": { "type": "Polygon", "coordinates": [ [ [ 80.306826788568983, 9.196766068548834 ], [ 80.307056934009239, 9.19659754816392 ], [ 80.307226881464658, 9.196223493051026 ], [ 80.307331467167799, 9.195655268685476 ], [ 80.307367513334995, 9.194910140277084 ], [ 80.307333924721704, 9.194010748175486 ], [ 80.307231721900934, 9.192984419954575 ], [ 80.307064010253697, 9.191862340077995 ], [ 80.306835885613509, 9.190678602374996 ], [ 80.30655427943212, 9.189469174116683 ], [ 80.306227748170869, 9.188270803168686 ], [ 80.305866213316889, 9.187119901425854 ], [ 80.305480659923788, 9.186051438455261 ], [ 80.305082802836282, 9.185097878963596 ], [ 80.304684730740675, 9.18428819637349 ], [ 80.304298538856159, 9.183646992480726 ], [ 80.303935961427698, 9.183193749941122 ], [ 80.30360801518701, 9.182942240299887 ], [ 80.303324664614664, 9.182900105550205 ], [ 80.303094519174408, 9.183068625935119 ], [ 80.302924571718989, 9.183442681048014 ], [ 80.302819986015848, 9.184010905413563 ], [ 80.302783939848652, 9.184756033821955 ], [ 80.302817528461944, 9.185655425923553 ], [ 80.302919731282714, 9.186681754144464 ], [ 80.30308744292995, 9.187803834021045 ], [ 80.303315567570138, 9.188987571724043 ], [ 80.303597173751527, 9.190196999982357 ], [ 80.303923705012778, 9.191395370930353 ], [ 80.304285239866758, 9.192546272673185 ], [ 80.304670793259859, 9.193614735643779 ], [ 80.305068650347366, 9.194568295135443 ], [ 80.305466722442972, 9.195377977725549 ], [ 80.305852914327488, 9.196019181618313 ], [ 80.30621549175595, 9.196472424157918 ], [ 80.306543437996638, 9.196723933799152 ], [ 80.306826788568983, 9.196766068548834 ] ] ] } },
{ "type": "Feature", "properties": { "latitude": 9.26766, "longitude": 80.71529, "brightness": 340.77, "scan": 0.38, "track": 0.36, "acq_date": "2026-08-31T00:00:00", "acq_time": 807, "satellite": "N", "instrument": "VIIRS", "confidence": "n", "version": "2.0NRT", "brightness_bg": 307.73, "frp": 6.53, "daynight": "D", "source_left": "VIIRS_SNPP_NRT", "cross_source_count": 1, "state": "Tamil Nadu", "zone_type": "none", "source_right": "curated_research", "osm_id": "", "nearest_zone_dist_m": 145602.54951912482, "is_industrial": false, "facility_type": "none", "zone_name": "Cauvery Delta Rice (TN)", "temperature": 27.3, "humidity": 76, "wind_speed": 17.3, "wind_direction": 197, "aqi": 21, "persistence": 0.0, "ai_classification": "Wildfire", "ai_confidence": 100.0, "spread_speed_kmh": 2.19, "risk_level": "Moderate (Spreading)", "mitigation_strategy": "Establish Firebreak" }, "geometry": { "type": "Polygon", "coordinates": [ [ [ 80.719421917608116, 9.280998357813651 ], [ 80.719644241029599, 9.280800933481489 ], [ 80.719785958069636, 9.280371108227387 ], [ 80.71984276272768, 9.279721942074186 ], [ 80.719812929022964, 9.27887315960696 ], [ 80.719697363437476, 9.277850550651468 ], [ 80.719499577373057, 9.276685186663361 ], [ 80.719225580459209, 9.275412476637714 ], [ 80.718883697953501, 9.274071091224631 ], [ 80.718484317782867, 9.272701787741118 ], [ 80.718039574911685, 9.271346171780619 ], [ 80.717562982627072, 9.27004543304812 ], [ 80.717069021944397, 9.268839093831803 ], [ 80.716572701609067, 9.267763808138316 ], [ 80.716089102063307, 9.266852247979337 ], [ 80.715632917234615, 9.266132110649023 ], [ 80.715218008068177, 9.265625277155751 ], [ 80.714856981369039, 9.265347147378742 ], [ 80.714560806750768, 9.265306172150531 ], [ 80.714338483329286, 9.265503596482693 ], [ 80.714196766289248, 9.265933421736795 ], [ 80.714139961631204, 9.266582587889996 ], [ 80.71416979533592, 9.267431370357222 ], [ 80.714285360921409, 9.268453979312714 ], [ 80.714483146985827, 9.269619343300821 ], [ 80.714757143899675, 9.270892053326468 ], [ 80.715099026405383, 9.272233438739551 ], [ 80.715498406576017, 9.273602742223064 ], [ 80.715943149447199, 9.274958358183563 ], [ 80.716419741731812, 9.276259096916062 ], [ 80.716913702414487, 9.277465436132379 ], [ 80.717410022749817, 9.278540721825866 ], [ 80.717893622295577, 9.279452281984845 ], [ 80.71834980712427, 9.280172419315159 ], [ 80.718764716290707, 9.280679252808431 ], [ 80.719125742989846, 9.28095738258544 ], [ 80.719421917608116, 9.280998357813651 ] ] ] } },
{ "type": "Feature", "properties": { "latitude": 9.28584, "longitude": 80.72318, "brightness": 340.11, "scan": 0.38, "track": 0.36, "acq_date": "2026-08-31T00:00:00", "acq_time": 807, "satellite": "N", "instrument": "VIIRS", "confidence": "n", "version": "2.0NRT", "brightness_bg": 306.2, "frp": 3.86, "daynight": "D", "source_left": "VIIRS_SNPP_NRT", "cross_source_count": 1, "state": "Tamil Nadu", "zone_type": "none", "source_right": "curated_research", "osm_id": "", "nearest_zone_dist_m": 144545.27838923084, "is_industrial": false, "facility_type": "none", "zone_name": "Cauvery Delta Rice (TN)", "temperature": 27.4, "humidity": 76, "wind_speed": 18.7, "wind_direction": 197, "aqi": 21, "persistence": 0.0, "ai_classification": "Natural Anomaly", "ai_confidence": 100.0, "spread_speed_kmh": 1.21, "risk_level": "Moderate (Spreading)", "mitigation_strategy": "Monitor" }, "geometry": { "type": "Polygon", "coordinates": [ [ [ 80.727544941130233, 9.299929849660034 ], [ 80.727762912142509, 9.299726398544029 ], [ 80.727896244079474, 9.299277298038934 ], [ 80.727940885717672, 9.298596193836339 ], [ 80.727895480643525, 9.297703780942781 ], [ 80.727761408467231, 9.29662717487245 ], [ 80.727542742904035, 9.295399087756007 ], [ 80.727246127996409, 9.294056834399038 ], [ 80.72688057623823, 9.292641198490584 ], [ 80.726457194734706, 9.291195193411378 ], [ 80.725988847718554, 9.289762755294037 ], [ 80.725489765676897, 9.288387408045907 ], [ 80.724975112964998, 9.287110940897163 ], [ 80.724460527045096, 9.285972138656197 ], [ 80.723961643349952, 9.28500560325284 ], [ 80.723493620208231, 9.284240702376231 ], [ 80.723070678266225, 9.283700677152446 ], [ 80.722705668400863, 9.283401935974645 ], [ 80.722409681252159, 9.283353555942346 ], [ 80.722191710239883, 9.28355700705835 ], [ 80.722058378302918, 9.284006107563446 ], [ 80.722013736664721, 9.284687211766041 ], [ 80.722059141738868, 9.285579624659599 ], [ 80.722193213915162, 9.28665623072993 ], [ 80.722411879478358, 9.287884317846373 ], [ 80.722708494385984, 9.289226571203342 ], [ 80.723074046144163, 9.290642207111796 ], [ 80.723497427647686, 9.292088212191002 ], [ 80.723965774663839, 9.293520650308343 ], [ 80.724464856705495, 9.294895997556473 ], [ 80.724979509417395, 9.296172464705217 ], [ 80.725494095337297, 9.297311266946183 ], [ 80.725992979032441, 9.29827780234954 ], [ 80.726461002174162, 9.299042703226149 ], [ 80.726883944116167, 9.299582728449934 ], [ 80.72724895398153, 9.299881469627735 ], [ 80.727544941130233, 9.299929849660034 ] ] ] } },
{ "type": "Feature", "properties": { "latitude": 8.68129, "longitude": 81.15162, "brightness": 341.5, "scan": 0.39, "track": 0.36, "acq_date": "2026-08-31T00:00:00", "acq_time": 807, "satellite": "N", "instrument": "VIIRS", "confidence": "n", "version": "2.0NRT", "brightness_bg": 311.49, "frp": 6.41, "daynight": "D", "source_left": "VIIRS_SNPP_NRT", "cross_source_count": 1, "state": "Tamil Nadu", "zone_type": "none", "source_right": "curated_research", "osm_id": "", "nearest_zone_dist_m": 226237.32463760616, "is_industrial": false, "facility_type": "none", "zone_name": "Cauvery Delta Rice (TN)", "temperature": 27.4, "humidity": 75, "wind_speed": 14.3, "wind_direction": 214, "aqi": 17, "persistence": 0.0, "ai_classification": "Routine Industrial Heat", "ai_confidence": 100.0, "spread_speed_kmh": 0.0, "risk_level": "Low (Routine Operation)", "mitigation_strategy": "Log & Monitor — No Action Required" }, "geometry": { "type": "Polygon", "coordinates": [ [ [ 81.15162, 8.682641351351352 ], [ 81.151886690987993, 8.682615385514058 ], [ 81.152143133190904, 8.682538485854746 ], [ 81.152379471678643, 8.682413607584193 ], [ 81.152586624095704, 8.682245549704307 ], [ 81.152756629690842, 8.682040770585163 ], [ 81.152882955244394, 8.681807139773467 ], [ 81.152960746136188, 8.681553635570292 ], [ 81.152987012905854, 8.68129 ], [ 81.152960746136188, 8.681026364429709 ], [ 81.152882955244394, 8.680772860226535 ], [ 81.152756629690842, 8.680539229414839 ], [ 81.152586624095704, 8.680334450295694 ], [ 81.152379471678643, 8.680166392415808 ], [ 81.152143133190904, 8.680041514145255 ], [ 81.151886690987993, 8.679964614485943 ], [ 81.15162, 8.679938648648649 ], [ 81.151353309011995, 8.679964614485943 ], [ 81.151096866809084, 8.680041514145255 ], [ 81.150860528321346, 8.680166392415808 ], [ 81.150653375904284, 8.680334450295694 ], [ 81.150483370309146, 8.680539229414839 ], [ 81.150357044755594, 8.680772860226535 ], [ 81.1502792538638, 8.681026364429709 ], [ 81.150252987094134, 8.68129 ], [ 81.1502792538638, 8.681553635570292 ], [ 81.150357044755594, 8.681807139773467 ], [ 81.150483370309146, 8.682040770585163 ], [ 81.150653375904284, 8.682245549704307 ], [ 81.150860528321346, 8.682413607584193 ], [ 81.151096866809084, 8.682538485854746 ], [ 81.151353309011995, 8.682615385514058 ], [ 81.15162, 8.682641351351352 ] ] ] } },
{ "type": "Feature", "properties": { "latitude": 9.39429, "longitude": 80.28052, "brightness": 338.13, "scan": 0.38, "track": 0.36, "acq_date": "2026-08-31T00:00:00", "acq_time": 807, "satellite": "N", "instrument": "VIIRS", "confidence": "n", "version": "2.0NRT", "brightness_bg": 306.48, "frp": 3.06, "daynight": "D", "source_left": "VIIRS_SNPP_NRT", "cross_source_count": 1, "state": "Tamil Nadu", "zone_type": "none", "source_right": "curated_research", "osm_id": "", "nearest_zone_dist_m": 107571.22645163958, "is_industrial": false, "facility_type": "none", "zone_name": "Cauvery Delta Rice (TN)", "temperature": 27.5, "humidity": 76, "wind_speed": 17.2, "wind_direction": 190, "aqi": 21, "persistence": 0.0, "ai_classification": "Agricultural Burn", "ai_confidence": 100.0, "spread_speed_kmh": 1.41, "risk_level": "Low (Agricultural Hazard)", "mitigation_strategy": "Issue Local Admin Warning" }, "geometry": { "type": "Polygon", "coordinates": [ [ [ 80.282881568230863, 9.4075033741175 ], [ 80.283118588610947, 9.40734038800141 ], [ 80.283306198117316, 9.406946188438177 ], [ 80.283438696330023, 9.406332752982054 ], [ 80.283512057357953, 9.405518720558964 ], [ 80.283524052163372, 9.404528825132161 ], [ 80.283474316290196, 9.403393144173275 ], [ 80.283364360937753, 9.402146184773564 ], [ 80.283197527043811, 9.400825835163392 ], [ 80.28297888377179, 9.399472213497537 ], [ 80.282715074486887, 9.39812644888535 ], [ 80.282414114900718, 9.396829431703583 ], [ 80.282085149518025, 9.395620571162981 ], [ 80.281738173785499, 9.394536597879359 ], [ 80.281383730385187, 9.393610447832421 ], [ 80.281032588900445, 9.392870261622688 ], [ 80.280695418587626, 9.392338529433591 ], [ 80.280382464196038, 9.392031407678628 ], [ 80.280103234686521, 9.391958228096911 ], [ 80.279866214306438, 9.392121214213001 ], [ 80.279678604800068, 9.392515413776234 ], [ 80.279546106587361, 9.393128849232356 ], [ 80.279472745559431, 9.393942881655446 ], [ 80.279460750754012, 9.39493277708225 ], [ 80.279510486627188, 9.396068458041135 ], [ 80.279620441979631, 9.397315417440847 ], [ 80.279787275873574, 9.398635767051019 ], [ 80.280005919145594, 9.399989388716874 ], [ 80.280269728430497, 9.401335153329061 ], [ 80.280570688016667, 9.402632170510827 ], [ 80.280899653399359, 9.40384103105143 ], [ 80.281246629131886, 9.404925004335052 ], [ 80.281601072532197, 9.40585115438199 ], [ 80.28195221401694, 9.406591340591723 ], [ 80.282289384329758, 9.40712307278082 ], [ 80.282602338721347, 9.407430194535783 ], [ 80.282881568230863, 9.4075033741175 ] ] ] } },
{ "type": "Feature", "properties": { "latitude": 9.77185, "longitude": 78.36581, "brightness": 340.43, "scan": 0.42, "track": 0.38, "acq_date": "2026-08-31T00:00:00", "acq_time": 807, "satellite": "N", "instrument": "VIIRS", "confidence": "n", "version": "2.0NRT", "brightness_bg": 303.44, "frp": 3.64, "daynight": "D", "source_left": "VIIRS_SNPP_NRT", "cross_source_count": 2, "state": "Tamil Nadu", "zone_type": "none", "source_right": "curated_research", "osm_id": "", "nearest_zone_dist_m": 53113.463809618959, "is_industrial": false, "facility_type": "none", "zone_name": "Gulf of Mannar NP (Tamil Nadu)", "temperature": 28.6, "humidity": 70, "wind_speed": 6.4, "wind_direction": 16, "aqi": 24, "persistence": 0.0, "ai_classification": "Routine Industrial Heat", "ai_confidence": 100.0, "spread_speed_kmh": 0.0, "risk_level": "Low (Routine Operation)", "mitigation_strategy": "Log & Monitor — No Action Required" }, "geometry": { "type": "Polygon", "coordinates": [ [ [ 78.36581, 9.773201351351352 ], [ 78.366077516864067, 9.773175385514058 ], [ 78.366334753205081, 9.773098485854746 ], [ 78.366571823574702, 9.772973607584193 ], [ 78.366779617491588, 9.772805549704307 ], [ 78.366950149552039, 9.772600770585163 ], [ 78.367076866304615, 9.772367139773467 ], [ 78.367154898095563, 9.772113635570292 ], [ 78.367181246206925, 9.77185 ], [ 78.367154898095563, 9.771586364429709 ], [ 78.367076866304615, 9.771332860226535 ], [ 78.366950149552039, 9.771099229414839 ], [ 78.366779617491588, 9.770894450295694 ], [ 78.366571823574702, 9.770726392415808 ], [ 78.366334753205081, 9.770601514145255 ], [ 78.366077516864067, 9.770524614485943 ], [ 78.36581, 9.770498648648649 ], [ 78.365542483135926, 9.770524614485943 ], [ 78.365285246794912, 9.770601514145255 ], [ 78.36504817642529, 9.770726392415808 ], [ 78.364840382508405, 9.770894450295694 ], [ 78.364669850447953, 9.771099229414839 ], [ 78.364543133695378, 9.771332860226535 ], [ 78.364465101904429, 9.771586364429709 ], [ 78.364438753793067, 9.77185 ], [ 78.364465101904429, 9.772113635570292 ], [ 78.364543133695378, 9.772367139773467 ], [ 78.364669850447953, 9.772600770585163 ], [ 78.364840382508405, 9.772805549704307 ], [ 78.36504817642529, 9.772973607584193 ], [ 78.365285246794912, 9.773098485854746 ], [ 78.365542483135926, 9.773175385514058 ], [ 78.36581, 9.773201351351352 ] ] ] } },
{ "type": "Feature", "properties": { "latitude": 11.52934, "longitude": 77.24984, "brightness": 332.74, "scan": 0.45, "track": 0.39, "acq_date": "2026-08-31T00:00:00", "acq_time": 809, "satellite": "N", "instrument": "VIIRS", "confidence": "n", "version": "2.0NRT", "brightness_bg": 298.98, "frp": 4.63, "daynight": "D", "source_left": "VIIRS_SNPP_NRT", "cross_source_count": 1, "state": "Tamil Nadu", "zone_type": "none", "source_right": "curated_research", "osm_id": "", "nearest_zone_dist_m": 29138.572789077574, "is_industrial": false, "facility_type": "none", "zone_name": "Nilgiris Biosphere Reserve", "temperature": 28.3, "humidity": 58, "wind_speed": 3.6, "wind_direction": 279, "aqi": 23, "persistence": 0.0, "ai_classification": "Routine Industrial Heat", "ai_confidence": 100.0, "spread_speed_kmh": 0.0, "risk_level": "Low (Routine Operation)", "mitigation_strategy": "Log & Monitor — No Action Required" }, "geometry": { "type": "Polygon", "coordinates": [ [ [ 77.24984, 11.530691351351351 ], [ 77.25010906462613, 11.530665385514057 ], [ 77.250367789249552, 11.530588485854745 ], [ 77.250606231228119, 11.530463607584192 ], [ 77.250815227370282, 11.530295549704306 ], [ 77.250986746071533, 11.530090770585161 ], [ 77.251114195964348, 11.529857139773465 ], [ 77.251192679220836, 11.529603635570291 ], [ 77.251219179773457, 11.52934 ], [ 77.251192679220836, 11.529076364429708 ], [ 77.251114195964348, 11.528822860226533 ], [ 77.250986746071533, 11.528589229414838 ], [ 77.250815227370282, 11.528384450295693 ], [ 77.250606231228119, 11.528216392415807 ], [ 77.250367789249552, 11.528091514145254 ], [ 77.25010906462613, 11.528014614485942 ], [ 77.24984, 11.527988648648648 ], [ 77.249570935373882, 11.528014614485942 ], [ 77.24931221075046, 11.528091514145254 ], [ 77.249073768771893, 11.528216392415807 ], [ 77.24886477262973, 11.528384450295693 ], [ 77.248693253928479, 11.528589229414838 ], [ 77.248565804035664, 11.528822860226533 ], [ 77.248487320779176, 11.529076364429708 ], [ 77.248460820226555, 11.52934 ], [ 77.248487320779176, 11.529603635570291 ], [ 77.248565804035664, 11.529857139773465 ], [ 77.248693253928479, 11.530090770585161 ], [ 77.24886477262973, 11.530295549704306 ], [ 77.249073768771893, 11.530463607584192 ], [ 77.24931221075046, 11.530588485854745 ], [ 77.249570935373882, 11.530665385514057 ], [ 77.24984, 11.530691351351351 ] ] ] } },
{ "type": "Feature", "properties": { "latitude": 11.73493, "longitude": 77.98431, "brightness": 331.16, "scan": 0.42, "track": 0.37, "acq_date": "2026-08-31T00:00:00", "acq_time": 809, "satellite": "N", "instrument": "VIIRS", "confidence": "n", "version": "2.0NRT", "brightness_bg": 299.52, "frp": 3.07, "daynight": "D", "source_left": "VIIRS_SNPP_NRT", "cross_source_count": 1, "state": "Tamil Nadu", "zone_type": "none", "source_right": "curated_research", "osm_id": "", "nearest_zone_dist_m": 33341.093558981229, "is_industrial": false, "facility_type": "none", "zone_name": "Turmeric Belt (Erode, TN)", "temperature": 27.9, "humidity": 72, "wind_speed": 4.1, "wind_direction": 128, "aqi": 22, "persistence": 0.0, "ai_classification": "Natural Anomaly", "ai_confidence": 100.0, "spread_speed_kmh": 0.42, "risk_level": "Moderate (Spreading)", "mitigation_strategy": "Monitor" }, "geometry": { "type": "Polygon", "coordinates": [ [ [ 77.981228427519014, 11.737287262405527 ], [ 77.981377411246655, 11.737418389351282 ], [ 77.981576945918064, 11.737503400173873 ], [ 77.981820968773178, 11.737539711862473 ], [ 77.982102065301063, 11.737526221104799 ], [ 77.982411694525922, 11.737463337810697 ], [ 77.982740448520474, 11.737352972657236 ], [ 77.983078338260924, 11.737198479033758 ], [ 77.983415097138504, 11.737004551150834 ], [ 77.983740492905127, 11.736777081409056 ], [ 77.984044638575085, 11.73652298136142 ], [ 77.984318292836093, 11.736249971709293 ], [ 77.984553140841896, 11.735966347712809 ], [ 77.984742046854706, 11.735680727143576 ], [ 77.98487927106089, 11.735401788438061 ], [ 77.984960643972386, 11.735138007007683 ], [ 77.984983693114458, 11.73489739771772 ], [ 77.984947718150593, 11.734687271359698 ], [ 77.984853812161859, 11.734514012516673 ], [ 77.984704828434218, 11.734382885570918 ], [ 77.984505293762808, 11.734297874748327 ], [ 77.984261270907695, 11.734261563059727 ], [ 77.983980174379809, 11.734275053817401 ], [ 77.983670545154951, 11.734337937111503 ], [ 77.983341791160399, 11.734448302264964 ], [ 77.983003901419949, 11.734602795888442 ], [ 77.982667142542368, 11.734796723771366 ], [ 77.982341746775745, 11.735024193513144 ], [ 77.982037601105787, 11.73527829356078 ], [ 77.981763946844779, 11.735551303212906 ], [ 77.981529098838976, 11.735834927209391 ], [ 77.981340192826167, 11.736120547778624 ], [ 77.981202968619982, 11.736399486484139 ], [ 77.981121595708487, 11.736663267914517 ], [ 77.981098546566415, 11.73690387720448 ], [ 77.981134521530279, 11.737114003562501 ], [ 77.981228427519014, 11.737287262405527 ] ] ] } },
{ "type": "Feature", "properties": { "latitude": 11.99713, "longitude": 79.547, "brightness": 346.13, "scan": 0.39, "track": 0.36, "acq_date": "2026-08-31T00:00:00", "acq_time": 809, "satellite": "N", "instrument": "VIIRS", "confidence": "n", "version": "2.0NRT", "brightness_bg": 308.36, "frp": 8.02, "daynight": "D", "source_left": "VIIRS_SNPP_NRT", "cross_source_count": 1, "state": "Tamil Nadu", "zone_type": "none", "source_right": "curated_research", "osm_id": "", "nearest_zone_dist_m": 62836.377064214801, "is_industrial": false, "facility_type": "none", "zone_name": "Cauvery Delta Rice (TN)", "temperature": 26.1, "humidity": 87, "wind_speed": 10.5, "wind_direction": 173, "aqi": 38, "persistence": 0.0, "ai_classification": "Agricultural Burn", "ai_confidence": 100.0, "spread_speed_kmh": 0.92, "risk_level": "Low (Agricultural Hazard)", "mitigation_strategy": "Issue Local Admin Warning" }, "geometry": { "type": "Polygon", "coordinates": [ [ [ 79.545917872991382, 12.005750652297795 ], [ 79.546175885570477, 12.005703438988951 ], [ 79.5464453997796, 12.005503581316246 ], [ 79.546718226565886, 12.005157151853934 ], [ 79.546986076225465, 12.004674676685926 ], [ 79.547240810281991, 12.004070815576057 ], [ 79.547474688770066, 12.003363916538582 ], [ 79.54768060541015, 12.002575458343047 ], [ 79.547852303529353, 12.001729397892744 ], [ 79.547984566167216, 12.000851442306326 ], [ 79.548073374590388, 11.999968267820023 ], [ 79.548116030399882, 11.999106709243691 ], [ 79.548111237520516, 11.998292944598704 ], [ 79.548059141581504, 11.997551699712012 ], [ 79.547961325491585, 11.996905496934414 ], [ 79.547820761343161, 11.996373970810309 ], [ 79.547641720106753, 11.995973271492012 ], [ 79.547429641859722, 11.995715574025549 ], [ 79.547190970492281, 11.995608708418036 ], [ 79.546932957913185, 11.995655921726881 ], [ 79.546663443704063, 11.995855779399585 ], [ 79.546390616917776, 11.996202208861897 ], [ 79.546122767258197, 11.996684684029905 ], [ 79.545868033201671, 11.997288545139774 ], [ 79.545634154713596, 11.997995444177249 ], [ 79.545428238073512, 11.998783902372784 ], [ 79.545256539954309, 11.999629962823088 ], [ 79.545124277316447, 12.000507918409506 ], [ 79.545035468893275, 12.001391092895808 ], [ 79.54499281308378, 12.002252651472141 ], [ 79.544997605963147, 12.003066416117127 ], [ 79.545049701902158, 12.003807661003819 ], [ 79.545147517992078, 12.004453863781418 ], [ 79.545288082140502, 12.004985389905523 ], [ 79.545467123376909, 12.005386089223819 ], [ 79.54567920162394, 12.005643786690282 ], [ 79.545917872991382, 12.005750652297795 ] ] ] } },
{ "type": "Feature", "properties": { "latitude": 12.58657, "longitude": 79.6415, "brightness": 349.15, "scan": 0.38, "track": 0.36, "acq_date": "2026-08-31T00:00:00", "acq_time": 809, "satellite": "N", "instrument": "VIIRS", "confidence": "n", "version": "2.0NRT", "brightness_bg": 307.62, "frp": 4.02, "daynight": "D", "source_left": "VIIRS_SNPP_NRT", "cross_source_count": 1, "state": "Tamil Nadu", "zone_type": "none", "source_right": "curated_research", "osm_id": "", "nearest_zone_dist_m": 69353.463167936934, "is_industrial": false, "facility_type": "none", "zone_name": "Chennai Industrial Corridor (TN)", "temperature": 27.2, "humidity": 75, "wind_speed": 10.5, "wind_direction": 197, "aqi": 33, "persistence": 0.0, "ai_classification": "Routine Industrial Heat", "ai_confidence": 100.0, "spread_speed_kmh": 0.0, "risk_level": "Low (Routine Operation)", "mitigation_strategy": "Log & Monitor — No Action Required" }, "geometry": { "type": "Polygon", "coordinates": [ [ [ 79.6415, 12.587921351351351 ], [ 79.641770127305506, 12.587895385514058 ], [ 79.642029873770156, 12.587818485854745 ], [ 79.64226925748298, 12.587693607584193 ], [ 79.642479079062142, 12.587525549704306 ], [ 79.642651275182018, 12.587320770585162 ], [ 79.642779228442279, 12.587087139773466 ], [ 79.642858021670918, 12.586833635570292 ], [ 79.642884626888318, 12.58657 ], [ 79.642858021670918, 12.586306364429708 ], [ 79.642779228442279, 12.586052860226534 ], [ 79.642651275182018, 12.585819229414838 ], [ 79.642479079062142, 12.585614450295694 ], [ 79.64226925748298, 12.585446392415808 ], [ 79.642029873770156, 12.585321514145255 ], [ 79.641770127305506, 12.585244614485942 ], [ 79.6415, 12.585218648648649 ], [ 79.641229872694481, 12.585244614485942 ], [ 79.640970126229831, 12.585321514145255 ], [ 79.640730742517007, 12.585446392415808 ], [ 79.640520920937846, 12.585614450295694 ], [ 79.640348724817969, 12.585819229414838 ], [ 79.640220771557708, 12.586052860226534 ], [ 79.640141978329069, 12.586306364429708 ], [ 79.640115373111669, 12.58657 ], [ 79.640141978329069, 12.586833635570292 ], [ 79.640220771557708, 12.587087139773466 ], [ 79.640348724817969, 12.587320770585162 ], [ 79.640520920937846, 12.587525549704306 ], [ 79.640730742517007, 12.587693607584193 ], [ 79.640970126229831, 12.587818485854745 ], [ 79.641229872694481, 12.587895385514058 ], [ 79.6415, 12.587921351351351 ] ] ] } },
{ "type": "Feature", "properties": { "latitude": 13.40939, "longitude": 80.26858, "brightness": 339.14, "scan": 0.39, "track": 0.36, "acq_date": "2026-08-31T00:00:00", "acq_time": 809, "satellite": "N", "instrument": "VIIRS", "confidence": "n", "version": "2.0NRT", "brightness_bg": 301.29, "frp": 2.09, "daynight": "D", "source_left": "VIIRS_SNPP_NRT", "cross_source_count": 1, "state": "Tamil Nadu", "zone_type": "none", "source_right": "curated_research", "osm_id": "", "nearest_zone_dist_m": 13856.885615210787, "is_industrial": false, "facility_type": "none", "zone_name": "Ennore Power + Petrochemical (TN)", "temperature": 28.7, "humidity": 87, "wind_speed": 10.2, "wind_direction": 159, "aqi": 37, "persistence": 0.0, "ai_classification": "Routine Industrial Heat", "ai_confidence": 100.0, "spread_speed_kmh": 0.0, "risk_level": "Low (Routine Operation)", "mitigation_strategy": "Log & Monitor — No Action Required" }, "geometry": { "type": "Polygon", "coordinates": [ [ [ 80.26858, 13.410741351351351 ], [ 80.268851024265018, 13.410715385514058 ], [ 80.269111633219538, 13.410638485854745 ], [ 80.269351811807567, 13.410513607584193 ], [ 80.269562330100669, 13.410345549704306 ], [ 80.26973509799889, 13.410140770585162 ], [ 80.269863476128805, 13.409907139773466 ], [ 80.269942530990875, 13.409653635570292 ], [ 80.26996922455109, 13.40939 ], [ 80.269942530990875, 13.409126364429708 ], [ 80.269863476128805, 13.408872860226534 ], [ 80.26973509799889, 13.408639229414838 ], [ 80.269562330100669, 13.408434450295694 ], [ 80.269351811807567, 13.408266392415808 ], [ 80.269111633219538, 13.408141514145255 ], [ 80.268851024265018, 13.408064614485943 ], [ 80.26858, 13.408038648648649 ], [ 80.268308975734982, 13.408064614485943 ], [ 80.268048366780462, 13.408141514145255 ], [ 80.267808188192433, 13.408266392415808 ], [ 80.267597669899331, 13.408434450295694 ], [ 80.26742490200111, 13.408639229414838 ], [ 80.267296523871195, 13.408872860226534 ], [ 80.267217469009125, 13.409126364429708 ], [ 80.26719077544891, 13.40939 ], [ 80.267217469009125, 13.409653635570292 ], [ 80.267296523871195, 13.409907139773466 ], [ 80.26742490200111, 13.410140770585162 ], [ 80.267597669899331, 13.410345549704306 ], [ 80.267808188192433, 13.410513607584193 ], [ 80.268048366780462, 13.410638485854745 ], [ 80.268308975734982, 13.410715385514058 ], [ 80.26858, 13.410741351351351 ] ] ] } },
{ "type": "Feature", "properties": { "latitude": 13.81923, "longitude": 79.34404, "brightness": 351.56, "scan": 0.38, "track": 0.36, "acq_date": "2026-08-31T00:00:00", "acq_time": 809, "satellite": "N", "instrument": "VIIRS", "confidence": "n", "version": "2.0NRT", "brightness_bg": 293.93, "frp": 13.51, "daynight": "D", "source_left": "VIIRS_SNPP_NRT", "cross_source_count": 1, "state": "Andhra Pradesh", "zone_type": "none", "source_right": "curated_research", "osm_id": "", "nearest_zone_dist_m": 58168.850591797731, "is_industrial": false, "facility_type": "none", "zone_name": "Mango Belt (AP)", "temperature": 25.6, "humidity": 64, "wind_speed": 6.5, "wind_direction": 242, "aqi": 26, "persistence": 0.0, "ai_classification": "Routine Industrial Heat", "ai_confidence": 100.0, "spread_speed_kmh": 0.0, "risk_level": "Low (Routine Operation)", "mitigation_strategy": "Log & Monitor — No Action Required" }, "geometry": { "type": "Polygon", "coordinates": [ [ [ 79.34404, 13.82058135135135 ], [ 79.344311494195964, 13.820555385514057 ], [ 79.344572555022211, 13.820478485854744 ], [ 79.344813150057632, 13.820353607584192 ], [ 79.34502403336991, 13.820185549704306 ], [ 79.345197100831655, 13.819980770585161 ], [ 79.345325701557329, 13.819747139773465 ], [ 79.345404893493196, 13.819493635570291 ], [ 79.345431633337554, 13.81923 ], [ 79.345404893493196, 13.818966364429707 ], [ 79.345325701557329, 13.818712860226533 ], [ 79.345197100831655, 13.818479229414837 ], [ 79.34502403336991, 13.818274450295693 ], [ 79.344813150057632, 13.818106392415807 ], [ 79.344572555022211, 13.817981514145254 ], [ 79.344311494195964, 13.817904614485942 ], [ 79.34404, 13.817878648648648 ], [ 79.34376850580405, 13.817904614485942 ], [ 79.343507444977803, 13.817981514145254 ], [ 79.343266849942381, 13.818106392415807 ], [ 79.343055966630104, 13.818274450295693 ], [ 79.342882899168359, 13.818479229414837 ], [ 79.342754298442685, 13.818712860226533 ], [ 79.342675106506817, 13.818966364429707 ], [ 79.342648366662459, 13.81923 ], [ 79.342675106506817, 13.819493635570291 ], [ 79.342754298442685, 13.819747139773465 ], [ 79.342882899168359, 13.819980770585161 ], [ 79.343055966630104, 13.820185549704306 ], [ 79.343266849942381, 13.820353607584192 ], [ 79.343507444977803, 13.820478485854744 ], [ 79.34376850580405, 13.820555385514057 ], [ 79.34404, 13.82058135135135 ] ] ] } },
{ "type": "Feature", "properties": { "latitude": 14.47656, "longitude": 78.25895, "brightness": 335.97, "scan": 0.39, "track": 0.36, "acq_date": "2026-08-31T00:00:00", "acq_time": 809, "satellite": "N", "instrument": "VIIRS", "confidence": "n", "version": "2.0NRT", "brightness_bg": 296.94, "frp": 5.87, "daynight": "D", "source_left": "VIIRS_SNPP_NRT", "cross_source_count": 1, "state": "Andhra Pradesh", "zone_type": "agricultural", "source_right": "curated_research", "osm_id": "", "nearest_zone_dist_m": 0.0, "is_industrial": false, "facility_type": "farmland", "zone_name": "Mango Belt (AP)", "temperature": 29.0, "humidity": 56, "wind_speed": 18.7, "wind_direction": 268, "aqi": 20, "persistence": 0.0, "ai_classification": "Agricultural Burn", "ai_confidence": 100.0, "spread_speed_kmh": 1.55, "risk_level": "Low (Agricultural Hazard)", "mitigation_strategy": "Issue Local Admin Warning" }, "geometry": { "type": "Polygon", "coordinates": [ [ [ 78.274217541698718, 14.477076226359603 ], [ 78.274090697893612, 14.476805533298601 ], [ 78.273694827754696, 14.47653383847592 ], [ 78.273041959595787, 14.476269397201262 ], [ 78.272151930485535, 14.476020244388945 ], [ 78.271051783508071, 14.475793950421092 ], [ 78.26977494607263, 14.475597391125408 ], [ 78.268360214238555, 14.475436538856625 ], [ 78.266850573916741, 14.47531628102954 ], [ 78.265291894764459, 14.475240271617372 ], [ 78.263731536459005, 14.475210820127646 ], [ 78.262216909697926, 14.475228821428979 ], [ 78.2607940356489, 14.475293728560935 ], [ 78.259506147619931, 14.475403569353155 ], [ 78.258392377437048, 14.475555006348749 ], [ 78.25748656644366, 14.475743438211239 ], [ 78.256816237248458, 14.475963139533832 ], [ 78.256401757464829, 14.476207434803017 ], [ 78.256255720851257, 14.476468901230657 ], [ 78.256382564656363, 14.47673959429166 ], [ 78.25677843479528, 14.477011289114341 ], [ 78.257431302954188, 14.477275730388998 ], [ 78.25832133206444, 14.477524883201315 ], [ 78.259421479041904, 14.477751177169168 ], [ 78.260698316477345, 14.477947736464852 ], [ 78.26211304831142, 14.478108588733635 ], [ 78.263622688633234, 14.47822884656072 ], [ 78.265181367785516, 14.478304855972889 ], [ 78.26674172609097, 14.478334307462614 ], [ 78.268256352852049, 14.478316306161281 ], [ 78.269679226901076, 14.478251399029325 ], [ 78.270967114930045, 14.478141558237105 ], [ 78.272080885112928, 14.477990121241511 ], [ 78.272986696106315, 14.477801689379021 ], [ 78.273657025301517, 14.477581988056428 ], [ 78.274071505085146, 14.477337692787243 ], [ 78.274217541698718, 14.477076226359603 ] ] ] } },
{ "type": "Feature", "properties": { "latitude": 27.71435, "longitude": 68.49007, "brightness": 350.78, "scan": 0.5, "track": 0.49, "acq_date": "2026-08-31T00:00:00", "acq_time": 813, "satellite": "N", "instrument": "VIIRS", "confidence": "n", "version": "2.0NRT", "brightness_bg": 304.87, "frp": 28.78, "daynight": "D", "source_left": "VIIRS_SNPP_NRT", "cross_source_count": 3, "state": "Rajasthan", "zone_type": "none", "source_right": "curated_research", "osm_id": "", "nearest_zone_dist_m": 485479.59490776039, "is_industrial": false, "facility_type": "none", "zone_name": "Rajasthan Kharif Crops", "temperature": 31.6, "humidity": 55, "wind_speed": 15.1, "wind_direction": 179, "aqi": 84, "persistence": 0.0, "ai_classification": "Natural Anomaly", "ai_confidence": 100.0, "spread_speed_kmh": 2.77, "risk_level": "Moderate (Spreading)", "mitigation_strategy": "Monitor" }, "geometry": { "type": "Polygon", "coordinates": [ [ [ 68.489781209479361, 27.72899625545104 ], [ 68.490137721905512, 27.728870836341994 ], [ 68.490488563619436, 27.728487452111157 ], [ 68.490823074473198, 27.727857751694383 ], [ 68.491131090523766, 27.727000868220198 ], [ 68.491403252859314, 27.725942837659353 ], [ 68.491631291964993, 27.724715807735052 ], [ 68.491808278987975, 27.723357061130642 ], [ 68.491928836267121, 27.721907882674135 ], [ 68.491989300730523, 27.720412304919613 ], [ 68.491987835196042, 27.718915770240347 ], [ 68.491924484193191, 27.717463750085287 ], [ 68.491801172610167, 27.716100363352087 ], [ 68.491621647206998, 27.714867035856724 ], [ 68.49139136277222, 27.713801241631053 ], [ 68.49111731638186, 27.712935364293305 ], [ 68.490807834796797, 27.712295713088228 ], [ 68.490472321458412, 27.711901723494012 ], [ 68.490120970769709, 27.71176536668511 ], [ 68.489764458343558, 27.711890785794157 ], [ 68.489413616629633, 27.712274170024994 ], [ 68.489079105775872, 27.712903870441767 ], [ 68.488771089725304, 27.713760753915953 ], [ 68.488498927389756, 27.714818784476797 ], [ 68.488270888284077, 27.716045814401099 ], [ 68.488093901261095, 27.717404561005509 ], [ 68.487973343981949, 27.718853739462016 ], [ 68.487912879518547, 27.720349317216538 ], [ 68.487914345053028, 27.721845851895804 ], [ 68.487977696055879, 27.723297872050864 ], [ 68.488101007638903, 27.724661258784064 ], [ 68.488280533042072, 27.725894586279427 ], [ 68.48851081747685, 27.726960380505098 ], [ 68.48878486386721, 27.727826257842846 ], [ 68.489094345452273, 27.728465909047923 ], [ 68.489429858790658, 27.728859898642138 ], [ 68.489781209479361, 27.72899625545104 ] ] ] } },
{ "type": "Feature", "properties": { "latitude": 28.12977, "longitude": 76.78864, "brightness": 335.41, "scan": 0.39, "track": 0.36, "acq_date": "2026-08-31T00:00:00", "acq_time": 813, "satellite": "N", "instrument": "VIIRS", "confidence": "n", "version": "2.0NRT", "brightness_bg": 296.53, "frp": 2.37, "daynight": "D", "source_left": "VIIRS_SNPP_NRT", "cross_source_count": 1, "state": "Uttar Pradesh", "zone_type": "none", "source_right": "curated_research", "osm_id": "", "nearest_zone_dist_m": 37126.934551250961, "is_industrial": false, "facility_type": "none", "zone_name": "Sugarcane Belt (UP Western)", "temperature": 27.6, "humidity": 74, "wind_speed": 6.1, "wind_direction": 247, "aqi": 99, "persistence": 0.0, "ai_classification": "Routine Industrial Heat", "ai_confidence": 100.0, "spread_speed_kmh": 0.0, "risk_level": "Low (Routine Operation)", "mitigation_strategy": "Log & Monitor — No Action Required" }, "geometry": { "type": "Polygon", "coordinates": [ [ [ 76.78864, 28.131121351351354 ], [ 76.788938946531815, 28.131095385514058 ], [ 76.789226404716061, 28.131018485854746 ], [ 76.789491327695927, 28.130893607584195 ], [ 76.789723534629871, 28.130725549704305 ], [ 76.789914101935636, 28.130520770585161 ], [ 76.790055706218538, 28.130287139773468 ], [ 76.790142905705409, 28.130033635570292 ], [ 76.790172349368859, 28.12977 ], [ 76.790142905705409, 28.129506364429709 ], [ 76.790055706218538, 28.129252860226533 ], [ 76.789914101935636, 28.12901922941484 ], [ 76.789723534629871, 28.128814450295696 ], [ 76.789491327695927, 28.128646392415806 ], [ 76.789226404716061, 28.128521514145255 ], [ 76.788938946531815, 28.128444614485943 ], [ 76.78864, 28.128418648648648 ], [ 76.788341053468187, 28.128444614485943 ], [ 76.788053595283941, 28.128521514145255 ], [ 76.787788672304075, 28.128646392415806 ], [ 76.78755646537013, 28.128814450295696 ], [ 76.787365898064365, 28.12901922941484 ], [ 76.787224293781463, 28.129252860226533 ], [ 76.787137094294593, 28.129506364429709 ], [ 76.787107650631143, 28.12977 ], [ 76.787137094294593, 28.130033635570292 ], [ 76.787224293781463, 28.130287139773468 ], [ 76.787365898064365, 28.130520770585161 ], [ 76.78755646537013, 28.130725549704305 ], [ 76.787788672304075, 28.130893607584195 ], [ 76.788053595283941, 28.131018485854746 ], [ 76.788341053468187, 28.131095385514058 ], [ 76.78864, 28.131121351351354 ] ] ] } },
{ "type": "Feature", "properties": { "latitude": 31.1293, "longitude": 74.65489, "brightness": 341.05, "scan": 0.39, "track": 0.36, "acq_date": "2026-08-31T00:00:00", "acq_time": 813, "satellite": "N", "instrument": "VIIRS", "confidence": "n", "version": "2.0NRT", "brightness_bg": 298.33, "frp": 4.79, "daynight": "D", "source_left": "VIIRS_SNPP_NRT", "cross_source_count": 1, "state": "Punjab", "zone_type": "agricultural", "source_right": "curated_research", "osm_id": "", "nearest_zone_dist_m": 0.0, "is_industrial": false, "facility_type": "farmland", "zone_name": "Punjab Wheat Belt", "temperature": 29.4, "humidity": 70, "wind_speed": 8.3, "wind_direction": 184, "aqi": 94, "persistence": 0.0, "ai_classification": "Routine Industrial Heat", "ai_confidence": 100.0, "spread_speed_kmh": 0.0, "risk_level": "Low (Routine Operation)", "mitigation_strategy": "Log & Monitor — No Action Required" }, "geometry": { "type": "Polygon", "coordinates": [ [ [ 74.65489, 31.130651351351354 ], [ 74.655197984462134, 31.130625385514058 ], [ 74.655494133254123, 31.130548485854746 ], [ 74.655767065543955, 31.130423607584195 ], [ 74.656006292696802, 31.130255549704305 ], [ 74.656202621347319, 31.130050770585161 ], [ 74.656348506695593, 31.129817139773468 ], [ 74.656438342449505, 31.129563635570292 ], [ 74.656468676271388, 31.1293 ], [ 74.656438342449505, 31.129036364429709 ], [ 74.656348506695593, 31.128782860226533 ], [ 74.656202621347319, 31.12854922941484 ], [ 74.656006292696802, 31.128344450295696 ], [ 74.655767065543955, 31.128176392415806 ], [ 74.655494133254123, 31.128051514145255 ], [ 74.655197984462134, 31.127974614485943 ], [ 74.65489, 31.127948648648648 ], [ 74.654582015537855, 31.127974614485943 ], [ 74.654285866745866, 31.128051514145255 ], [ 74.654012934456034, 31.128176392415806 ], [ 74.653773707303188, 31.128344450295696 ], [ 74.65357737865267, 31.12854922941484 ], [ 74.653431493304396, 31.128782860226533 ], [ 74.653341657550484, 31.129036364429709 ], [ 74.653311323728602, 31.1293 ], [ 74.653341657550484, 31.129563635570292 ], [ 74.653431493304396, 31.129817139773468 ], [ 74.65357737865267, 31.130050770585161 ], [ 74.653773707303188, 31.130255549704305 ], [ 74.654012934456034, 31.130423607584195 ], [ 74.654285866745866, 31.130548485854746 ], [ 74.654582015537855, 31.130625385514058 ], [ 74.65489, 31.130651351351354 ] ] ] } },
{ "type": "Feature", "properties": { "latitude": 31.3222, "longitude": 72.33394, "brightness": 341.28, "scan": 0.43, "track": 0.38, "acq_date": "2026-08-31T00:00:00", "acq_time": 813, "satellite": "N", "instrument": "VIIRS", "confidence": "n", "version": "2.0NRT", "brightness_bg": 301.15, "frp": 8.52, "daynight": "D", "source_left": "VIIRS_SNPP_NRT", "cross_source_count": 1, "state": "Punjab", "zone_type": "none", "source_right": "curated_research", "osm_id": "", "nearest_zone_dist_m": 191798.10273270818, "is_industrial": false, "facility_type": "none", "zone_name": "Punjab Wheat Belt", "temperature": 31.0, "humidity": 59, "wind_speed": 6.1, "wind_direction": 156, "aqi": 81, "persistence": 0.0, "ai_classification": "Routine Industrial Heat", "ai_confidence": 100.0, "spread_speed_kmh": 0.0, "risk_level": "Low (Routine Operation)", "mitigation_strategy": "Log & Monitor — No Action Required" }, "geometry": { "type": "Polygon", "coordinates": [ [ [ 72.33394, 31.323551351351352 ], [ 72.334248613713171, 31.323525385514056 ], [ 72.334545367574421, 31.323448485854744 ], [ 72.334818857499286, 31.323323607584193 ], [ 72.335058573423311, 31.323155549704303 ], [ 72.335255303197982, 31.322950770585159 ], [ 72.33540148660839, 31.322717139773466 ], [ 72.335491505908053, 31.322463635570291 ], [ 72.335521901705761, 31.3222 ], [ 72.335491505908053, 31.321936364429707 ], [ 72.33540148660839, 31.321682860226531 ], [ 72.335255303197982, 31.321449229414839 ], [ 72.335058573423311, 31.321244450295694 ], [ 72.334818857499286, 31.321076392415804 ], [ 72.334545367574421, 31.320951514145253 ], [ 72.334248613713171, 31.320874614485941 ], [ 72.33394, 31.320848648648646 ], [ 72.333631386286825, 31.320874614485941 ], [ 72.333334632425576, 31.320951514145253 ], [ 72.333061142500711, 31.321076392415804 ], [ 72.332821426576686, 31.321244450295694 ], [ 72.332624696802014, 31.321449229414839 ], [ 72.332478513391607, 31.321682860226531 ], [ 72.332388494091944, 31.321936364429707 ], [ 72.332358098294236, 31.3222 ], [ 72.332388494091944, 31.322463635570291 ], [ 72.332478513391607, 31.322717139773466 ], [ 72.332624696802014, 31.322950770585159 ], [ 72.332821426576686, 31.323155549704303 ], [ 72.333061142500711, 31.323323607584193 ], [ 72.333334632425576, 31.323448485854744 ], [ 72.333631386286825, 31.323525385514056 ], [ 72.33394, 31.323551351351352 ] ] ] } },
{ "type": "Feature", "properties": { "latitude": 31.37494, "longitude": 74.45004, "brightness": 346.78, "scan": 0.39, "track": 0.36, "acq_date": "2026-08-31T00:00:00", "acq_time": 813, "satellite": "N", "instrument": "VIIRS", "confidence": "n", "version": "2.0NRT", "brightness_bg": 300.46, "frp": 6.1, "daynight": "D", "source_left": "VIIRS_SNPP_NRT", "cross_source_count": 1, "state": "Punjab", "zone_type": "none", "source_right": "curated_research", "osm_id": "", "nearest_zone_dist_m": 30526.041313908394, "is_industrial": false, "facility_type": "none", "zone_name": "Punjab Wheat Belt", "temperature": 28.8, "humidity": 77, "wind_speed": 3.7, "wind_direction": 125, "aqi": 90, "persistence": 0.0, "ai_classification": "Agricultural Burn", "ai_confidence": 100.0, "spread_speed_kmh": 0.36, "risk_level": "Low (Agricultural Hazard)", "mitigation_strategy": "Issue Local Admin Warning" }, "geometry": { "type": "Polygon", "coordinates": [ [ [ 74.44636643551955, 31.377136125995037 ], [ 74.446535756742136, 31.37728292601091 ], [ 74.446765591954559, 31.377386013713718 ], [ 74.447048957730203, 31.377442256835785 ], [ 74.447377244143368, 31.377449946458302 ], [ 74.447740476377504, 31.377408848935978 ], [ 74.448127617804985, 31.377320212996242 ], [ 74.448526905329459, 31.377186731797259 ], [ 74.448926206801502, 31.377012461097724 ], [ 74.449313389647983, 31.376802696024654 ], [ 74.449676689514007, 31.376563810183647 ], [ 74.450005067717001, 31.376303062000101 ], [ 74.450288546651436, 31.376028374175629 ], [ 74.450518512953323, 31.37574809296078 ], [ 74.450687979212958, 31.375470734558434 ], [ 74.450791796283781, 31.375204726363297 ], [ 74.450826809736654, 31.374958150899776 ], [ 74.450791955705498, 31.37473850023855 ], [ 74.450688293212451, 31.374552448353818 ], [ 74.450518971989865, 31.374405648337945 ], [ 74.450289136777442, 31.374302560635137 ], [ 74.450005771001798, 31.374246317513069 ], [ 74.449677484588634, 31.374238627890552 ], [ 74.449314252354498, 31.374279725412876 ], [ 74.448927110927016, 31.374368361352612 ], [ 74.448527823402543, 31.374501842551595 ], [ 74.448128521930499, 31.37467611325113 ], [ 74.447741339084018, 31.3748858783242 ], [ 74.447378039217995, 31.375124764165207 ], [ 74.447049661015001, 31.375385512348753 ], [ 74.446766182080566, 31.375660200173225 ], [ 74.446536215778679, 31.375940481388074 ], [ 74.446366749519044, 31.376217839790421 ], [ 74.446262932448221, 31.376483847985558 ], [ 74.446227918995348, 31.376730423449079 ], [ 74.446262773026504, 31.376950074110304 ], [ 74.44636643551955, 31.377136125995037 ] ] ] } },
{ "type": "Feature", "properties": { "latitude": 9.41306, "longitude": 80.4028, "brightness": 353.54, "scan": 0.38, "track": 0.36, "acq_date": "2026-08-31T00:00:00", "acq_time": 807, "satellite": "N", "instrument": "VIIRS", "confidence": "n", "version": "2.0NRT", "brightness_bg": 307.32, "frp": 5.73, "daynight": "D", "source_left": "VIIRS_SNPP_NRT", "cross_source_count": 2, "state": "Tamil Nadu", "zone_type": "none", "source_right": "curated_research", "osm_id": "", "nearest_zone_dist_m": 112623.47868106919, "is_industrial": false, "facility_type": "none", "zone_name": "Cauvery Delta Rice (TN)", "temperature": 27.6, "humidity": 76, "wind_speed": 18.4, "wind_direction": 189, "aqi": 23, "persistence": 0.0, "ai_classification": "Routine Industrial Heat", "ai_confidence": 100.0, "spread_speed_kmh": 0.0, "risk_level": "Low (Routine Operation)", "mitigation_strategy": "Log & Monitor — No Action Required" }, "geometry": { "type": "Polygon", "coordinates": [ [ [ 80.4028, 9.414411351351351 ], [ 80.403067233899478, 9.414385385514057 ], [ 80.403324198150059, 9.414308485854745 ], [ 80.403561017759728, 9.414183607584192 ], [ 80.403768591883647, 9.414015549704306 ], [ 80.403938943564697, 9.413810770585162 ], [ 80.404065526283262, 9.413577139773466 ], [ 80.404143475536486, 9.413323635570292 ], [ 80.404169795778273, 9.41306 ], [ 80.404143475536486, 9.412796364429708 ], [ 80.404065526283262, 9.412542860226534 ], [ 80.403938943564697, 9.412309229414838 ], [ 80.403768591883647, 9.412104450295693 ], [ 80.403561017759728, 9.411936392415807 ], [ 80.403324198150059, 9.411811514145255 ], [ 80.403067233899478, 9.411734614485942 ], [ 80.4028, 9.411708648648649 ], [ 80.402532766100521, 9.411734614485942 ], [ 80.402275801849939, 9.411811514145255 ], [ 80.402038982240271, 9.411936392415807 ], [ 80.401831408116351, 9.412104450295693 ], [ 80.401661056435302, 9.412309229414838 ], [ 80.401534473716737, 9.412542860226534 ], [ 80.401456524463512, 9.412796364429708 ], [ 80.401430204221725, 9.41306 ], [ 80.401456524463512, 9.413323635570292 ], [ 80.401534473716737, 9.413577139773466 ], [ 80.401661056435302, 9.413810770585162 ], [ 80.401831408116351, 9.414015549704306 ], [ 80.402038982240271, 9.414183607584192 ], [ 80.402275801849939, 9.414308485854745 ], [ 80.402532766100521, 9.414385385514057 ], [ 80.4028, 9.414411351351351 ] ] ] } },
{ "type": "Feature", "properties": { "latitude": 8.67386, "longitude": 80.74609, "brightness": 338.19, "scan": 0.38, "track": 0.36, "acq_date": "2026-08-31T00:00:00", "acq_time": 807, "satellite": "N", "instrument": "VIIRS", "confidence": "n", "version": "2.0NRT", "brightness_bg": 307.61, "frp": 6.91, "daynight": "D", "source_left": "VIIRS_SNPP_NRT", "cross_source_count": 1, "state": "Tamil Nadu", "zone_type": "none", "source_right": "curated_research", "osm_id": "", "nearest_zone_dist_m": 202139.9680036756, "is_industrial": false, "facility_type": "none", "zone_name": "Cauvery Delta Rice (TN)", "temperature": 26.9, "humidity": 78, "wind_speed": 20.1, "wind_direction": 216, "aqi": 18, "persistence": 0.0, "ai_classification": "Routine Industrial Heat", "ai_confidence": 100.0, "spread_speed_kmh": 0.0, "risk_level": "Low (Routine Operation)", "mitigation_strategy": "Log & Monitor — No Action Required" }, "geometry": { "type": "Polygon", "coordinates": [ [ [ 80.74609, 8.675211351351351 ], [ 80.746356685709813, 8.675185385514057 ], [ 80.746613122837374, 8.675108485854745 ], [ 80.746849456647652, 8.674983607584192 ], [ 80.747056604964868, 8.674815549704306 ], [ 80.747226607195373, 8.674610770585161 ], [ 80.747352930248766, 8.674377139773465 ], [ 80.74743071960097, 8.674123635570291 ], [ 80.747456985850789, 8.67386 ], [ 80.74743071960097, 8.673596364429708 ], [ 80.747352930248766, 8.673342860226533 ], [ 80.747226607195373, 8.673109229414838 ], [ 80.747056604964868, 8.672904450295693 ], [ 80.746849456647652, 8.672736392415807 ], [ 80.746613122837374, 8.672611514145254 ], [ 80.746356685709813, 8.672534614485942 ], [ 80.74609, 8.672508648648648 ], [ 80.745823314290178, 8.672534614485942 ], [ 80.745566877162616, 8.672611514145254 ], [ 80.745330543352338, 8.672736392415807 ], [ 80.745123395035122, 8.672904450295693 ], [ 80.744953392804618, 8.673109229414838 ], [ 80.744827069751224, 8.673342860226533 ], [ 80.74474928039902, 8.673596364429708 ], [ 80.744723014149201, 8.67386 ], [ 80.74474928039902, 8.674123635570291 ], [ 80.744827069751224, 8.674377139773465 ], [ 80.744953392804618, 8.674610770585161 ], [ 80.745123395035122, 8.674815549704306 ], [ 80.745330543352338, 8.674983607584192 ], [ 80.745566877162616, 8.675108485854745 ], [ 80.745823314290178, 8.675185385514057 ], [ 80.74609, 8.675211351351351 ] ] ] } },
{ "type": "Feature", "properties": { "latitude": 11.99381, "longitude": 79.54753, "brightness": 350.08, "scan": 0.39, "track": 0.36, "acq_date": "2026-08-31T00:00:00", "acq_time": 809, "satellite": "N", "instrument": "VIIRS", "confidence": "n", "version": "2.0NRT", "brightness_bg": 310.35, "frp": 8.02, "daynight": "D", "source_left": "VIIRS_SNPP_NRT", "cross_source_count": 1, "state": "Tamil Nadu", "zone_type": "none", "source_right": "curated_research", "osm_id": "", "nearest_zone_dist_m": 62472.38836280613, "is_industrial": false, "facility_type": "none", "zone_name": "Cauvery Delta Rice (TN)", "temperature": 26.1, "humidity": 87, "wind_speed": 10.5, "wind_direction": 173, "aqi": 38, "persistence": 0.0, "ai_classification": "Natural Anomaly", "ai_confidence": 100.0, "spread_speed_kmh": 1.09, "risk_level": "Moderate (Spreading)", "mitigation_strategy": "Monitor" }, "geometry": { "type": "Polygon", "coordinates": [ [ [ 79.54642110540992, 12.002644000540181 ], [ 79.546685500244166, 12.002595618772604 ], [ 79.546961681215251, 12.002390814921615 ], [ 79.547241256704126, 12.002035811848589 ], [ 79.547515731951009, 12.001541396142263 ], [ 79.547776767164436, 12.000922590373685 ], [ 79.548016430921535, 12.000198196643005 ], [ 79.548227441160321, 11.999390225287165 ], [ 79.548403386441464, 11.998523226106961 ], [ 79.548538920756627, 11.997623542433761 ], [ 79.548629925964235, 11.996718510700711 ], [ 79.548673636917087, 11.995835629839057 ], [ 79.548668725480013, 11.995001725737016 ], [ 79.548615340884552, 11.994242136148753 ], [ 79.54851510519461, 11.993579940819538 ], [ 79.548371064020898, 11.993035260219363 ], [ 79.548187593981609, 11.99262464419264 ], [ 79.547970269721048, 11.992360569099562 ], [ 79.547725694526875, 11.992251058728202 ], [ 79.547461299692628, 11.992299440495779 ], [ 79.547185118721544, 11.992504244346769 ], [ 79.546905543232668, 11.992859247419794 ], [ 79.546631067985786, 11.99335366312612 ], [ 79.546370032772359, 11.993972468894698 ], [ 79.546130369015259, 11.994696862625378 ], [ 79.545919358776473, 11.995504833981219 ], [ 79.54574341349533, 11.996371833161422 ], [ 79.545607879180167, 11.997271516834623 ], [ 79.545516873972559, 11.998176548567672 ], [ 79.545473163019707, 11.999059429429327 ], [ 79.545478074456781, 11.999893333531368 ], [ 79.545531459052242, 12.000652923119631 ], [ 79.545631694742184, 12.001315118448845 ], [ 79.545775735915896, 12.00185979904902 ], [ 79.545959205955185, 12.002270415075744 ], [ 79.546176530215746, 12.002534490168822 ], [ 79.54642110540992, 12.002644000540181 ] ] ] } },
{ "type": "Feature", "properties": { "latitude": 8.6401, "longitude": 80.65864, "brightness": 339.77, "scan": 0.38, "track": 0.36, "acq_date": "2026-08-31T00:00:00", "acq_time": 807, "satellite": "N", "instrument": "VIIRS", "confidence": "n", "version": "2.0NRT", "brightness_bg": 303.83, "frp": 15.49, "daynight": "D", "source_left": "VIIRS_SNPP_NRT", "cross_source_count": 2, "state": "Tamil Nadu", "zone_type": "none", "source_right": "curated_research", "osm_id": "", "nearest_zone_dist_m": 200688.52171133133, "is_industrial": false, "facility_type": "none", "zone_name": "Cauvery Delta Rice (TN)", "temperature": 26.5, "humidity": 80, "wind_speed": 20.2, "wind_direction": 215, "aqi": 18, "persistence": 0.0, "ai_classification": "Natural Anomaly", "ai_confidence": 100.0, "spread_speed_kmh": 2.09, "risk_level": "Moderate (Spreading)", "mitigation_strategy": "Monitor" }, "geometry": { "type": "Polygon", "coordinates": [ [ [ 80.668577719757494, 8.654131343923604 ], [ 80.668730529547673, 8.653838689645468 ], [ 80.66870107600036, 8.65330414205777 ], [ 80.668490254046716, 8.652543943118465 ], [ 80.668104469405108, 8.651581191087644 ], [ 80.667555443946654, 8.65044513869859 ], [ 80.666859859532082, 8.649170304328273 ], [ 80.666038851141863, 8.647795423173935 ], [ 80.665117364700478, 8.646362270303733 ], [ 80.66412339910714, 8.644914391342413 ], [ 80.663087155503462, 8.643495779359554 ], [ 80.662040119626937, 8.642149538162403 ], [ 80.661014105132878, 8.640916572608505 ], [ 80.660040286952494, 8.639834345732304 ], [ 80.659148254058408, 8.638935740449799 ], [ 80.658365110418714, 8.638248060427784 ], [ 80.657714651456644, 8.637792200475747 ], [ 80.657216641038573, 8.63758201166765 ], [ 80.656886210959087, 8.637623880484069 ], [ 80.656733401168907, 8.637916534762205 ], [ 80.65676285471622, 8.638451082349903 ], [ 80.656973676669864, 8.639211281289208 ], [ 80.657359461311472, 8.640174033320029 ], [ 80.657908486769927, 8.641310085709083 ], [ 80.658604071184499, 8.6425849200794 ], [ 80.659425079574717, 8.643959801233738 ], [ 80.660346566016102, 8.64539295410394 ], [ 80.66134053160944, 8.64684083306526 ], [ 80.662376775213119, 8.648259445048119 ], [ 80.663423811089643, 8.64960568624527 ], [ 80.664449825583702, 8.650838651799168 ], [ 80.665423643764086, 8.651920878675369 ], [ 80.666315676658172, 8.652819483957874 ], [ 80.667098820297866, 8.653507163979889 ], [ 80.667749279259937, 8.653963023931926 ], [ 80.668247289678007, 8.654173212740023 ], [ 80.668577719757494, 8.654131343923604 ] ] ] } },
{ "type": "Feature", "properties": { "latitude": 8.66698, "longitude": 80.36886, "brightness": 337.97, "scan": 0.39, "track": 0.36, "acq_date": "2026-08-31T00:00:00", "acq_time": 807, "satellite": "N", "instrument": "VIIRS", "confidence": "n", "version": "2.0NRT", "brightness_bg": 307.33, "frp": 3.35, "daynight": "D", "source_left": "VIIRS_SNPP_NRT", "cross_source_count": 1, "state": "Tamil Nadu", "zone_type": "none", "source_right": "curated_research", "osm_id": "", "nearest_zone_dist_m": 184583.13401882921, "is_industrial": false, "facility_type": "none", "zone_name": "Cauvery Delta Rice (TN)", "temperature": 27.0, "humidity": 79, "wind_speed": 18.6, "wind_direction": 203, "aqi": 19, "persistence": 0.0, "ai_classification": "Wildfire", "ai_confidence": 100.0, "spread_speed_kmh": 2.09, "risk_level": "Moderate (Spreading)", "mitigation_strategy": "Establish Firebreak" }, "geometry": { "type": "Polygon", "coordinates": [ [ [ 80.374631562818507, 8.680421568462084 ], [ 80.3748258041404, 8.680198295020267 ], [ 80.374910986432539, 8.679741561360787 ], [ 80.374884521474101, 8.67906524510477 ], [ 80.374747213389426, 8.67818989577942 ], [ 80.374503234215197, 8.677142110431042 ], [ 80.37415999713518, 8.67595372548724 ], [ 80.373727931234342, 8.67466084942318 ], [ 80.373220164616455, 8.673302765623841 ], [ 80.372652125513255, 8.671920738778244 ], [ 80.372041073505457, 8.670556761072753 ], [ 80.371405575099118, 8.669252276279741 ], [ 80.370764939591723, 8.668046920509545 ], [ 80.370138632368992, 8.666977317887302 ], [ 80.369545683458952, 8.666075967747442 ], [ 80.369004109314204, 8.665370257157862 ], [ 80.368530365391081, 8.664881628777719 ], [ 80.368138846158971, 8.664624929333087 ], [ 80.367841447731593, 8.664607958506693 ], [ 80.3676472064097, 8.66483123194851 ], [ 80.367562024117561, 8.665287965607989 ], [ 80.367588489075999, 8.665964281864007 ], [ 80.367725797160674, 8.666839631189356 ], [ 80.367969776334903, 8.667887416537734 ], [ 80.36831301341492, 8.669075801481537 ], [ 80.368745079315758, 8.670368677545596 ], [ 80.369252845933644, 8.671726761344935 ], [ 80.369820885036845, 8.673108788190532 ], [ 80.370431937044643, 8.674472765896024 ], [ 80.371067435450982, 8.675777250689036 ], [ 80.371708070958377, 8.676982606459232 ], [ 80.372334378181108, 8.678052209081475 ], [ 80.372927327091148, 8.678953559221334 ], [ 80.373468901235896, 8.679659269810914 ], [ 80.373942645159019, 8.680147898191057 ], [ 80.374334164391129, 8.68040459763569 ], [ 80.374631562818507, 8.680421568462084 ] ] ] } },
{ "type": "Feature", "properties": { "latitude": 8.08878, "longitude": 80.19277, "brightness": 344.37, "scan": 0.39, "track": 0.36, "acq_date": "2026-08-31T00:00:00", "acq_time": 807, "satellite": "N", "instrument": "VIIRS", "confidence": "n", "version": "2.0NRT", "brightness_bg": 305.52, "frp": 5.01, "daynight": "D", "source_left": "VIIRS_SNPP_NRT", "cross_source_count": 1, "state": "Tamil Nadu", "zone_type": "none", "source_right": "curated_research", "osm_id": "", "nearest_zone_dist_m": 226129.17422856501, "is_industrial": false, "facility_type": "none", "zone_name": "Gulf of Mannar NP (Tamil Nadu)", "temperature": 26.9, "humidity": 82, "wind_speed": 20.8, "wind_direction": 207, "aqi": 17, "persistence": 0.0, "ai_classification": "Routine Industrial Heat", "ai_confidence": 100.0, "spread_speed_kmh": 0.0, "risk_level": "Low (Routine Operation)", "mitigation_strategy": "Log & Monitor — No Action Required" }, "geometry": { "type": "Polygon", "coordinates": [ [ [ 80.19277, 8.090131351351351 ], [ 80.193036284776056, 8.090105385514057 ], [ 80.193292336377496, 8.090028485854745 ], [ 80.193528314884887, 8.089903607584192 ], [ 80.193735151776522, 8.089735549704306 ], [ 80.193904898426638, 8.089530770585162 ], [ 80.194031031566695, 8.089297139773466 ], [ 80.194108703970826, 8.089043635570292 ], [ 80.194134930732105, 8.08878 ], [ 80.194108703970826, 8.088516364429708 ], [ 80.194031031566695, 8.088262860226534 ], [ 80.193904898426638, 8.088029229414838 ], [ 80.193735151776522, 8.087824450295694 ], [ 80.193528314884887, 8.087656392415807 ], [ 80.193292336377496, 8.087531514145255 ], [ 80.193036284776056, 8.087454614485942 ], [ 80.19277, 8.087428648648649 ], [ 80.192503715223936, 8.087454614485942 ], [ 80.192247663622496, 8.087531514145255 ], [ 80.192011685115105, 8.087656392415807 ], [ 80.19180484822347, 8.087824450295694 ], [ 80.191635101573354, 8.088029229414838 ], [ 80.191508968433297, 8.088262860226534 ], [ 80.191431296029165, 8.088516364429708 ], [ 80.191405069267887, 8.08878 ], [ 80.191431296029165, 8.089043635570292 ], [ 80.191508968433297, 8.089297139773466 ], [ 80.191635101573354, 8.089530770585162 ], [ 80.19180484822347, 8.089735549704306 ], [ 80.192011685115105, 8.089903607584192 ], [ 80.192247663622496, 8.090028485854745 ], [ 80.192503715223936, 8.090105385514057 ], [ 80.19277, 8.090131351351351 ] ] ] } },
{ "type": "Feature", "properties": { "latitude": 8.14198, "longitude": 79.99303, "brightness": 337.81, "scan": 0.39, "track": 0.36, "acq_date": "2026-08-31T00:00:00", "acq_time": 807, "satellite": "N", "instrument": "VIIRS", "confidence": "n", "version": "2.0NRT", "brightness_bg": 303.02, "frp": 3.1, "daynight": "D", "source_left": "VIIRS_SNPP_NRT", "cross_source_count": 1, "state": "Tamil Nadu", "zone_type": "none", "source_right": "curated_research", "osm_id": "", "nearest_zone_dist_m": 203851.89865190315, "is_industrial": false, "facility_type": "none", "zone_name": "Gulf of Mannar NP (Tamil Nadu)", "temperature": 27.1, "humidity": 82, "wind_speed": 18.6, "wind_direction": 205, "aqi": 17, "persistence": 0.0, "ai_classification": "Natural Anomaly", "ai_confidence": 100.0, "spread_speed_kmh": 1.15, "risk_level": "Moderate (Spreading)", "mitigation_strategy": "Monitor" }, "geometry": { "type": "Polygon", "coordinates": [ [ [ 79.999252681540455, 8.155189966716836 ], [ 79.999438328734144, 8.154960549726098 ], [ 79.999507115080291, 8.15450199865799 ], [ 79.999456950540576, 8.153828246354676 ], [ 79.999289359339144, 8.152959764438958 ], [ 79.999009433649846, 8.151922941294373 ], [ 79.998625678873111, 8.15074928026751 ], [ 79.998149755203642, 8.149474442454769 ], [ 79.997596123341296, 8.148137163157992 ], [ 79.996981605110065, 8.146778074931916 ], [ 79.996324872335435, 8.145438472984559 ], [ 79.995645879510462, 8.144159060443217 ], [ 79.994965257488516, 8.142978711610548 ], [ 79.994303686625358, 8.141933290788545 ], [ 79.993681268416864, 8.141054562559876 ], [ 79.993116914725348, 8.140369226637116 ], [ 79.992627773152165, 8.139898106605475 ], [ 79.992228706016476, 8.139655517208718 ], [ 79.991931838771265, 8.139648829402912 ], [ 79.991746191577576, 8.13987824639365 ], [ 79.991677405231428, 8.140336797461758 ], [ 79.991727569771143, 8.141010549765072 ], [ 79.991895160972575, 8.141879031680791 ], [ 79.992175086661874, 8.142915854825375 ], [ 79.992558841438608, 8.144089515852238 ], [ 79.993034765108078, 8.145364353664979 ], [ 79.993588396970424, 8.146701632961756 ], [ 79.994202915201654, 8.148060721187832 ], [ 79.994859647976284, 8.14940032313519 ], [ 79.995538640801257, 8.150679735676531 ], [ 79.996219262823203, 8.151860084509201 ], [ 79.996880833686362, 8.152905505331203 ], [ 79.997503251894855, 8.153784233559872 ], [ 79.998067605586371, 8.154469569482632 ], [ 79.998556747159554, 8.154940689514273 ], [ 79.998955814295243, 8.15518327891103 ], [ 79.999252681540455, 8.155189966716836 ] ] ] } },
{ "type": "Feature", "properties": { "latitude": 8.28108, "longitude": 80.16919, "brightness": 341.22, "scan": 0.39, "track": 0.36, "acq_date": "2026-08-31T00:00:00", "acq_time": 807, "satellite": "N", "instrument": "VIIRS", "confidence": "n", "version": "2.0NRT", "brightness_bg": 309.37, "frp": 3.83, "daynight": "D", "source_left": "VIIRS_SNPP_NRT", "cross_source_count": 1, "state": "Tamil Nadu", "zone_type": "none", "source_right": "curated_research", "osm_id": "", "nearest_zone_dist_m": 214926.3011241128, "is_industrial": false, "facility_type": "none", "zone_name": "Gulf of Mannar NP (Tamil Nadu)", "temperature": 27.0, "humidity": 80, "wind_speed": 22.1, "wind_direction": 208, "aqi": 20, "persistence": 0.0, "ai_classification": "Natural Anomaly", "ai_confidence": 100.0, "spread_speed_kmh": 1.37, "risk_level": "Moderate (Spreading)", "mitigation_strategy": "Monitor" }, "geometry": { "type": "Polygon", "coordinates": [ [ [ 80.177413654142683, 8.296385037438064 ], [ 80.177603469620323, 8.296109721037864 ], [ 80.177640533405111, 8.295569219506088 ], [ 80.177523719332711, 8.294779955708275 ], [ 80.177256576739609, 8.293765911025533 ], [ 80.176847222618306, 8.292557896692413 ], [ 80.176308094986638, 8.291192617613147 ], [ 80.175655574964892, 8.289711557101691 ], [ 80.174909489043714, 8.288159716432233 ], [ 80.174092506666298, 8.286584247498247 ], [ 80.173229451428782, 8.285033020126063 ], [ 80.172346546827796, 8.28355316757443 ], [ 80.171470619472899, 8.282189654414285 ], [ 80.170628283973514, 8.280983910303028 ], [ 80.169845134267547, 8.279972571165347 ], [ 80.169144965962545, 8.279186366029174 ], [ 80.168549053318117, 8.278649183339734 ], [ 80.168075502838434, 8.278377345121219 ], [ 80.167738703115205, 8.278379111040341 ], [ 80.167548887637565, 8.278654427440541 ], [ 80.167511823852777, 8.279194928972316 ], [ 80.167628637925176, 8.279984192770129 ], [ 80.167895780518279, 8.280998237452872 ], [ 80.168305134639581, 8.282206251785992 ], [ 80.16884426227125, 8.283571530865258 ], [ 80.169496782292995, 8.285052591376713 ], [ 80.170242868214174, 8.286604432046172 ], [ 80.17105985059159, 8.288179900980158 ], [ 80.171922905829106, 8.289731128352342 ], [ 80.172805810430091, 8.291210980903974 ], [ 80.173681737784989, 8.29257449406412 ], [ 80.174524073284374, 8.293780238175376 ], [ 80.175307222990341, 8.294791577313058 ], [ 80.176007391295343, 8.29557778244923 ], [ 80.176603303939771, 8.296114965138671 ], [ 80.177076854419454, 8.296386803357185 ], [ 80.177413654142683, 8.296385037438064 ] ] ] } },
{ "type": "Feature", "properties": { "latitude": 8.29091, "longitude": 80.21081, "brightness": 346.43, "scan": 0.39, "track": 0.36, "acq_date": "2026-08-31T00:00:00", "acq_time": 807, "satellite": "N", "instrument": "VIIRS", "confidence": "n", "version": "2.0NRT", "brightness_bg": 308.56, "frp": 5.81, "daynight": "D", "source_left": "VIIRS_SNPP_NRT", "cross_source_count": 1, "state": "Tamil Nadu", "zone_type": "none", "source_right": "curated_research", "osm_id": "", "nearest_zone_dist_m": 218451.63639113677, "is_industrial": false, "facility_type": "none", "zone_name": "Cauvery Delta Rice (TN)", "temperature": 27.0, "humidity": 80, "wind_speed": 22.1, "wind_direction": 208, "aqi": 17, "persistence": 0.0, "ai_classification": "Agricultural Burn", "ai_confidence": 100.0, "spread_speed_kmh": 1.83, "risk_level": "Low (Agricultural Hazard)", "mitigation_strategy": "Issue Local Admin Warning" }, "geometry": { "type": "Polygon", "coordinates": [ [ [ 80.21906069009151, 8.306264969715338 ], [ 80.219251129608963, 8.30598875510271 ], [ 80.219288315245137, 8.305446490199074 ], [ 80.219171117133271, 8.304654651449127 ], [ 80.218903096278723, 8.303637298472598 ], [ 80.218492396359494, 8.30242534302487 ], [ 80.217951496284826, 8.301055609758947 ], [ 80.217296831029785, 8.299569717326992 ], [ 80.216548292266864, 8.298012813818657 ], [ 80.215728623967578, 8.296432204959206 ], [ 80.214862731338457, 8.29487591674901 ], [ 80.213976924088854, 8.293391236217815 ], [ 80.213098117023819, 8.292023274632278 ], [ 80.21225301225131, 8.290813596812951 ], [ 80.211467287852216, 8.289798958208252 ], [ 80.210764817664796, 8.289010188098747 ], [ 80.210166945890222, 8.288471252865081 ], [ 80.209691838559849, 8.288198527781613 ], [ 80.209353931569467, 8.288200299462 ], [ 80.209163492052014, 8.288476514074627 ], [ 80.20912630641584, 8.289018778978264 ], [ 80.209243504527706, 8.289810617728211 ], [ 80.209511525382254, 8.29082797070474 ], [ 80.209922225301483, 8.292039926152468 ], [ 80.210463125376151, 8.293409659418391 ], [ 80.211117790631192, 8.294895551850345 ], [ 80.211866329394113, 8.296452455358681 ], [ 80.212685997693399, 8.298033064218131 ], [ 80.21355189032252, 8.299589352428328 ], [ 80.214437697572123, 8.301074032959523 ], [ 80.215316504637158, 8.30244199454506 ], [ 80.216161609409667, 8.303651672364387 ], [ 80.216947333808761, 8.304666310969086 ], [ 80.217649803996181, 8.305455081078591 ], [ 80.218247675770755, 8.305994016312257 ], [ 80.218722783101128, 8.306266741395724 ], [ 80.21906069009151, 8.306264969715338 ] ] ] } },
{ "type": "Feature", "properties": { "latitude": 8.30053, "longitude": 80.16256, "brightness": 339.1, "scan": 0.39, "track": 0.36, "acq_date": "2026-08-31T00:00:00", "acq_time": 807, "satellite": "N", "instrument": "VIIRS", "confidence": "n", "version": "2.0NRT", "brightness_bg": 308.91, "frp": 3.66, "daynight": "D", "source_left": "VIIRS_SNPP_NRT", "cross_source_count": 1, "state": "Tamil Nadu", "zone_type": "none", "source_right": "curated_research", "osm_id": "", "nearest_zone_dist_m": 213441.71222100063, "is_industrial": false, "facility_type": "none", "zone_name": "Gulf of Mannar NP (Tamil Nadu)", "temperature": 27.0, "humidity": 80, "wind_speed": 22.5, "wind_direction": 207, "aqi": 20, "persistence": 0.0, "ai_classification": "Routine Industrial Heat", "ai_confidence": 100.0, "spread_speed_kmh": 0.0, "risk_level": "Low (Routine Operation)", "mitigation_strategy": "Log & Monitor — No Action Required" }, "geometry": { "type": "Polygon", "coordinates": [ [ [ 80.16256, 8.301881351351351 ], [ 80.162826426533783, 8.301855385514058 ], [ 80.163082614445287, 8.301778485854745 ], [ 80.163318718576747, 8.301653607584193 ], [ 80.163525665578788, 8.301485549704307 ], [ 80.163695502594194, 8.301280770585162 ], [ 80.163821702881705, 8.301047139773466 ], [ 80.163899416635033, 8.300793635570292 ], [ 80.163925657358249, 8.30053 ], [ 80.163899416635033, 8.300266364429708 ], [ 80.163821702881705, 8.300012860226534 ], [ 80.163695502594194, 8.299779229414838 ], [ 80.163525665578788, 8.299574450295694 ], [ 80.163318718576747, 8.299406392415808 ], [ 80.163082614445287, 8.299281514145255 ], [ 80.162826426533783, 8.299204614485943 ], [ 80.16256, 8.299178648648649 ], [ 80.162293573466215, 8.299204614485943 ], [ 80.162037385554711, 8.299281514145255 ], [ 80.161801281423251, 8.299406392415808 ], [ 80.16159433442121, 8.299574450295694 ], [ 80.161424497405804, 8.299779229414838 ], [ 80.161298297118293, 8.300012860226534 ], [ 80.161220583364965, 8.300266364429708 ], [ 80.16119434264175, 8.30053 ], [ 80.161220583364965, 8.300793635570292 ], [ 80.161298297118293, 8.301047139773466 ], [ 80.161424497405804, 8.301280770585162 ], [ 80.16159433442121, 8.301485549704307 ], [ 80.161801281423251, 8.301653607584193 ], [ 80.162037385554711, 8.301778485854745 ], [ 80.162293573466215, 8.301855385514058 ], [ 80.16256, 8.301881351351351 ] ] ] } },
{ "type": "Feature", "properties": { "latitude": 8.38703, "longitude": 80.15557, "brightness": 346.01, "scan": 0.39, "track": 0.36, "acq_date": "2026-08-31T00:00:00", "acq_time": 807, "satellite": "N", "instrument": "VIIRS", "confidence": "n", "version": "2.0NRT", "brightness_bg": 310.23, "frp": 4.9, "daynight": "D", "source_left": "VIIRS_SNPP_NRT", "cross_source_count": 2, "state": "Tamil Nadu", "zone_type": "none", "source_right": "curated_research", "osm_id": "", "nearest_zone_dist_m": 206621.86431808112, "is_industrial": false, "facility_type": "none", "zone_name": "Cauvery Delta Rice (TN)", "temperature": 26.9, "humidity": 80, "wind_speed": 22.4, "wind_direction": 206, "aqi": 20, "persistence": 0.0, "ai_classification": "Routine Industrial Heat", "ai_confidence": 100.0, "spread_speed_kmh": 0.0, "risk_level": "Low (Routine Operation)", "mitigation_strategy": "Log & Monitor — No Action Required" }, "geometry": { "type": "Polygon", "coordinates": [ [ [ 80.15557, 8.388381351351351 ], [ 80.155836485532774, 8.388355385514057 ], [ 80.156092730175985, 8.388278485854745 ], [ 80.15632888659168, 8.388153607584192 ], [ 80.156535879421241, 8.387985549704306 ], [ 80.156705754046314, 8.387780770585161 ], [ 80.156831982280323, 8.387547139773465 ], [ 80.156909713243039, 8.387293635570291 ], [ 80.15693595977713, 8.38703 ], [ 80.156909713243039, 8.386766364429707 ], [ 80.156831982280323, 8.386512860226533 ], [ 80.156705754046314, 8.386279229414837 ], [ 80.156535879421241, 8.386074450295693 ], [ 80.15632888659168, 8.385906392415807 ], [ 80.156092730175985, 8.385781514145254 ], [ 80.155836485532774, 8.385704614485942 ], [ 80.15557, 8.385678648648648 ], [ 80.155303514467221, 8.385704614485942 ], [ 80.15504726982401, 8.385781514145254 ], [ 80.154811113408314, 8.385906392415807 ], [ 80.154604120578753, 8.386074450295693 ], [ 80.154434245953681, 8.386279229414837 ], [ 80.154308017719671, 8.386512860226533 ], [ 80.154230286756956, 8.386766364429707 ], [ 80.154204040222865, 8.38703 ], [ 80.154230286756956, 8.387293635570291 ], [ 80.154308017719671, 8.387547139773465 ], [ 80.154434245953681, 8.387780770585161 ], [ 80.154604120578753, 8.387985549704306 ], [ 80.154811113408314, 8.388153607584192 ], [ 80.15504726982401, 8.388278485854745 ], [ 80.155303514467221, 8.388355385514057 ], [ 80.15557, 8.388381351351351 ] ] ] } },
{ "type": "Feature", "properties": { "latitude": 8.42869, "longitude": 80.62504, "brightness": 341.14, "scan": 0.38, "track": 0.36, "acq_date": "2026-08-31T00:00:00", "acq_time": 807, "satellite": "N", "instrument": "VIIRS", "confidence": "n", "version": "2.0NRT", "brightness_bg": 308.86, "frp": 5.61, "daynight": "D", "source_left": "VIIRS_SNPP_NRT", "cross_source_count": 1, "state": "Tamil Nadu", "zone_type": "none", "source_right": "curated_research", "osm_id": "", "nearest_zone_dist_m": 220063.07189871595, "is_industrial": false, "facility_type": "none", "zone_name": "Cauvery Delta Rice (TN)", "temperature": 26.7, "humidity": 80, "wind_speed": 22.1, "wind_direction": 220, "aqi": 16, "persistence": 0.0, "ai_classification": "Routine Industrial Heat", "ai_confidence": 100.0, "spread_speed_kmh": 0.0, "risk_level": "Low (Routine Operation)", "mitigation_strategy": "Log & Monitor — No Action Required" }, "geometry": { "type": "Polygon", "coordinates": [ [ [ 80.62504, 8.430041351351351 ], [ 80.625306514173872, 8.430015385514057 ], [ 80.625562786357506, 8.429938485854745 ], [ 80.625798968154612, 8.429813607584192 ], [ 80.626005983231167, 8.429645549704306 ], [ 80.626175876113876, 8.429440770585162 ], [ 80.626302117914534, 8.429207139773466 ], [ 80.626379857231541, 8.428953635570291 ], [ 80.626406106586543, 8.42869 ], [ 80.626379857231541, 8.428426364429708 ], [ 80.626302117914534, 8.428172860226534 ], [ 80.626175876113876, 8.427939229414838 ], [ 80.626005983231167, 8.427734450295693 ], [ 80.625798968154612, 8.427566392415807 ], [ 80.625562786357506, 8.427441514145254 ], [ 80.625306514173872, 8.427364614485942 ], [ 80.62504, 8.427338648648648 ], [ 80.624773485826125, 8.427364614485942 ], [ 80.624517213642491, 8.427441514145254 ], [ 80.624281031845385, 8.427566392415807 ], [ 80.62407401676883, 8.427734450295693 ], [ 80.62390412388612, 8.427939229414838 ], [ 80.623777882085463, 8.428172860226534 ], [ 80.623700142768456, 8.428426364429708 ], [ 80.623673893413454, 8.42869 ], [ 80.623700142768456, 8.428953635570291 ], [ 80.623777882085463, 8.429207139773466 ], [ 80.62390412388612, 8.429440770585162 ], [ 80.62407401676883, 8.429645549704306 ], [ 80.624281031845385, 8.429813607584192 ], [ 80.624517213642491, 8.429938485854745 ], [ 80.624773485826125, 8.430015385514057 ], [ 80.62504, 8.430041351351351 ] ] ] } },
{ "type": "Feature", "properties": { "latitude": 8.4316, "longitude": 80.79919, "brightness": 341.2, "scan": 0.38, "track": 0.36, "acq_date": "2026-08-31T00:00:00", "acq_time": 807, "satellite": "N", "instrument": "VIIRS", "confidence": "n", "version": "2.0NRT", "brightness_bg": 309.0, "frp": 6.05, "daynight": "D", "source_left": "VIIRS_SNPP_NRT", "cross_source_count": 2, "state": "Tamil Nadu", "zone_type": "none", "source_right": "curated_research", "osm_id": "", "nearest_zone_dist_m": 228313.19095699512, "is_industrial": false, "facility_type": "none", "zone_name": "Cauvery Delta Rice (TN)", "temperature": 26.6, "humidity": 80, "wind_speed": 18.6, "wind_direction": 227, "aqi": 16, "persistence": 0.0, "ai_classification": "Routine Industrial Heat", "ai_confidence": 100.0, "spread_speed_kmh": 0.0, "risk_level": "Low (Routine Operation)", "mitigation_strategy": "Log & Monitor — No Action Required" }, "geometry": { "type": "Polygon", "coordinates": [ [ [ 80.79919, 8.432951351351351 ], [ 80.799456516179987, 8.432925385514057 ], [ 80.799712790292631, 8.432848485854745 ], [ 80.799948973867529, 8.432723607584192 ], [ 80.800155990502319, 8.432555549704306 ], [ 80.800325884663849, 8.432350770585161 ], [ 80.800452127414758, 8.432117139773466 ], [ 80.800529867316925, 8.431863635570291 ], [ 80.800556116869515, 8.4316 ], [ 80.800529867316925, 8.431336364429708 ], [ 80.800452127414758, 8.431082860226534 ], [ 80.800325884663849, 8.430849229414838 ], [ 80.800155990502319, 8.430644450295693 ], [ 80.799948973867529, 8.430476392415807 ], [ 80.799712790292631, 8.430351514145254 ], [ 80.799456516179987, 8.430274614485942 ], [ 80.79919, 8.430248648648648 ], [ 80.798923483820005, 8.430274614485942 ], [ 80.798667209707361, 8.430351514145254 ], [ 80.798431026132462, 8.430476392415807 ], [ 80.798224009497673, 8.430644450295693 ], [ 80.798054115336143, 8.430849229414838 ], [ 80.797927872585234, 8.431082860226534 ], [ 80.797850132683067, 8.431336364429708 ], [ 80.797823883130476, 8.4316 ], [ 80.797850132683067, 8.431863635570291 ], [ 80.797927872585234, 8.432117139773466 ], [ 80.798054115336143, 8.432350770585161 ], [ 80.798224009497673, 8.432555549704306 ], [ 80.798431026132462, 8.432723607584192 ], [ 80.798667209707361, 8.432848485854745 ], [ 80.798923483820005, 8.432925385514057 ], [ 80.79919, 8.432951351351351 ] ] ] } },
{ "type": "Feature", "properties": { "latitude": 8.44716, "longitude": 80.87873, "brightness": 338.83, "scan": 0.38, "track": 0.36, "acq_date": "2026-08-31T00:00:00", "acq_time": 807, "satellite": "N", "instrument": "VIIRS", "confidence": "n", "version": "2.0NRT", "brightness_bg": 306.9, "frp": 7.37, "daynight": "D", "source_left": "VIIRS_SNPP_NRT", "cross_source_count": 1, "state": "Tamil Nadu", "zone_type": "none", "source_right": "curated_research", "osm_id": "", "nearest_zone_dist_m": 231142.88673079549, "is_industrial": false, "facility_type": "none", "zone_name": "Cauvery Delta Rice (TN)", "temperature": 26.7, "humidity": 79, "wind_speed": 18.0, "wind_direction": 228, "aqi": 16, "persistence": 0.0, "ai_classification": "Wildfire", "ai_confidence": 100.0, "spread_speed_kmh": 2.32, "risk_level": "Moderate (Spreading)", "mitigation_strategy": "Establish Firebreak" }, "geometry": { "type": "Polygon", "coordinates": [ [ [ 80.889679366753313, 8.456911843146834 ], [ 80.889764615448911, 8.456623550296786 ], [ 80.889651572497641, 8.456169720126548 ], [ 80.889343672652373, 8.455564142036192 ], [ 80.888850271294075, 8.454825216209557 ], [ 80.888186360173378, 8.45397539453397 ], [ 80.887372111893711, 8.453040498411013 ], [ 80.886432266977025, 8.452048934186305 ], [ 80.885395382135528, 8.451030830037054 ], [ 80.884292962590436, 8.450017120542652 ], [ 80.883158504801798, 8.449038606753122 ], [ 80.882026478695423, 8.44812502031481 ], [ 80.880931280311742, 8.447304120089347 ], [ 80.879906186699458, 8.446600848714686 ], [ 80.878982344809231, 8.446036574735674 ], [ 80.878187825109421, 8.445628443331628 ], [ 80.877546768679053, 8.445388855368735 ], [ 80.877078653693388, 8.445325090606008 ], [ 80.876797703589375, 8.445439086503502 ], [ 80.876712454893777, 8.445727379353549 ], [ 80.876825497845047, 8.446181209523788 ], [ 80.877133397690315, 8.446786787614144 ], [ 80.877626799048613, 8.447525713440779 ], [ 80.87829071016931, 8.448375535116366 ], [ 80.879104958448977, 8.449310431239322 ], [ 80.880044803365664, 8.450301995464031 ], [ 80.881081688207161, 8.451320099613282 ], [ 80.882184107752252, 8.452333809107683 ], [ 80.88331856554089, 8.453312322897213 ], [ 80.884450591647266, 8.454225909335525 ], [ 80.885545790030946, 8.455046809560988 ], [ 80.88657088364323, 8.455750080935649 ], [ 80.887494725533458, 8.456314354914662 ], [ 80.888289245233267, 8.456722486318707 ], [ 80.888930301663635, 8.4569620742816 ], [ 80.8893984166493, 8.457025839044327 ], [ 80.889679366753313, 8.456911843146834 ] ] ] } },
{ "type": "Feature", "properties": { "latitude": 8.46928, "longitude": 80.77913, "brightness": 346.94, "scan": 0.38, "track": 0.36, "acq_date": "2026-08-31T00:00:00", "acq_time": 807, "satellite": "N", "instrument": "VIIRS", "confidence": "n", "version": "2.0NRT", "brightness_bg": 307.83, "frp": 7.93, "daynight": "D", "source_left": "VIIRS_SNPP_NRT", "cross_source_count": 1, "state": "Tamil Nadu", "zone_type": "none", "source_right": "curated_research", "osm_id": "", "nearest_zone_dist_m": 223598.73234448812, "is_industrial": false, "facility_type": "none", "zone_name": "Cauvery Delta Rice (TN)", "temperature": 26.7, "humidity": 79, "wind_speed": 19.9, "wind_direction": 224, "aqi": 16, "persistence": 0.0, "ai_classification": "Natural Anomaly", "ai_confidence": 100.0, "spread_speed_kmh": 1.55, "risk_level": "Moderate (Spreading)", "mitigation_strategy": "Monitor" }, "geometry": { "type": "Polygon", "coordinates": [ [ [ 80.790429587190076, 8.480853380281184 ], [ 80.790528643916105, 8.480558888573707 ], [ 80.790422729682902, 8.480066491139842 ], [ 80.790115062640837, 8.479391149226453 ], [ 80.789614991097295, 8.478553382755834 ], [ 80.788937709473075, 8.477578646838269 ], [ 80.788103796627624, 8.476496558331371 ], [ 80.787138590580753, 8.475339995946859 ], [ 80.786071418629774, 8.474144101247539 ], [ 80.784934706254433, 8.472945210888696 ], [ 80.783762991885013, 8.471779752547217 ], [ 80.782591877469727, 8.470683138085057 ], [ 80.781456946727488, 8.469688687577735 ], [ 80.780392683954574, 8.468826616900698 ], [ 80.779431426236812, 8.468123119635242 ], [ 80.778602380903521, 8.46759957118979 ], [ 80.777930738077657, 8.467271879318929 ], [ 80.777436905286592, 8.467150000774334 ], [ 80.777135887389804, 8.467237638773907 ], [ 80.777036830663775, 8.467532130481384 ], [ 80.777142744896977, 8.468024527915249 ], [ 80.777450411939043, 8.468699869828638 ], [ 80.777950483482584, 8.469537636299258 ], [ 80.778627765106805, 8.470512372216822 ], [ 80.779461677952256, 8.47159446072372 ], [ 80.780426883999127, 8.472751023108232 ], [ 80.781494055950105, 8.473946917807552 ], [ 80.782630768325447, 8.475145808166396 ], [ 80.783802482694867, 8.476311266507874 ], [ 80.784973597110152, 8.477407880970034 ], [ 80.786108527852392, 8.478402331477357 ], [ 80.787172790625306, 8.479264402154394 ], [ 80.788134048343068, 8.479967899419849 ], [ 80.788963093676358, 8.480491447865301 ], [ 80.789634736502222, 8.480819139736163 ], [ 80.790128569293287, 8.480941018280758 ], [ 80.790429587190076, 8.480853380281184 ] ] ] } },
{ "type": "Feature", "properties": { "latitude": 8.47334, "longitude": 80.16677, "brightness": 342.12, "scan": 0.39, "track": 0.36, "acq_date": "2026-08-31T00:00:00", "acq_time": 807, "satellite": "N", "instrument": "VIIRS", "confidence": "n", "version": "2.0NRT", "brightness_bg": 309.88, "frp": 7.33, "daynight": "D", "source_left": "VIIRS_SNPP_NRT", "cross_source_count": 1, "state": "Tamil Nadu", "zone_type": "none", "source_right": "curated_research", "osm_id": "", "nearest_zone_dist_m": 197717.01621892065, "is_industrial": false, "facility_type": "none", "zone_name": "Cauvery Delta Rice (TN)", "temperature": 27.0, "humidity": 80, "wind_speed": 21.3, "wind_direction": 205, "aqi": 20, "persistence": 0.0, "ai_classification": "Wildfire", "ai_confidence": 100.0, "spread_speed_kmh": 2.64, "risk_level": "Critical (Spreading)", "mitigation_strategy": "Establish Firebreak" }, "geometry": { "type": "Polygon", "coordinates": [ [ [ 80.174075161917358, 8.488834817637565 ], [ 80.174276582533651, 8.488573339617057 ], [ 80.174341315342289, 8.488042864007321 ], [ 80.174267393469648, 8.487259509041328 ], [ 80.174057062994407, 8.486247076563322 ], [ 80.173716714701641, 8.485036328821829 ], [ 80.17325668990199, 8.48366405377431 ], [ 80.172690966216223, 8.482171947303678 ], [ 80.172036732872229, 8.48060534631 ], [ 80.171313868419148, 8.47901185117173 ], [ 80.170544336727559, 8.4774398794323 ], [ 80.169751519628548, 8.475937194657554 ], [ 80.168959506468454, 8.474549455163977 ], [ 80.168192362166394, 8.473318826713854 ], [ 80.167473396013762, 8.472282701329911 ], [ 80.166824453433321, 8.471472561157636 ], [ 80.166265252216974, 8.470913021896212 ], [ 80.165812783410729, 8.470621084862957 ], [ 80.165480795050286, 8.470605620416899 ], [ 80.165279374433993, 8.470867098437408 ], [ 80.165214641625354, 8.471397574047144 ], [ 80.165288563497995, 8.472180929013136 ], [ 80.165498893973236, 8.473193361491143 ], [ 80.165839242266003, 8.474404109232635 ], [ 80.166299267065654, 8.475776384280154 ], [ 80.166864990751421, 8.477268490750786 ], [ 80.167519224095415, 8.478835091744465 ], [ 80.168242088548496, 8.480428586882734 ], [ 80.169011620240084, 8.482000558622165 ], [ 80.169804437339096, 8.48350324339691 ], [ 80.17059645049919, 8.484890982890487 ], [ 80.17136359480125, 8.486121611340611 ], [ 80.172082560953882, 8.487157736724553 ], [ 80.172731503534322, 8.487967876896828 ], [ 80.17329070475067, 8.488527416158252 ], [ 80.173743173556915, 8.488819353191507 ], [ 80.174075161917358, 8.488834817637565 ] ] ] } },
{ "type": "Feature", "properties": { "latitude": 8.49225, "longitude": 80.81834, "brightness": 353.12, "scan": 0.38, "track": 0.36, "acq_date": "2026-08-31T00:00:00", "acq_time": 807, "satellite": "N", "instrument": "VIIRS", "confidence": "n", "version": "2.0NRT", "brightness_bg": 310.05, "frp": 11.16, "daynight": "D", "source_left": "VIIRS_SNPP_NRT", "cross_source_count": 2, "state": "Tamil Nadu", "zone_type": "none", "source_right": "curated_research", "osm_id": "", "nearest_zone_dist_m": 223488.31486243597, "is_industrial": false, "facility_type": "none", "zone_name": "Cauvery Delta Rice (TN)", "temperature": 26.7, "humidity": 79, "wind_speed": 19.9, "wind_direction": 224, "aqi": 16, "persistence": 0.0, "ai_classification": "Natural Anomaly", "ai_confidence": 100.0, "spread_speed_kmh": 1.78, "risk_level": "Moderate (Spreading)", "mitigation_strategy": "Monitor" }, "geometry": { "type": "Polygon", "coordinates": [ [ [ 80.829883478910673, 8.504072472748801 ], [ 80.829984673702185, 8.503771642731833 ], [ 80.829876473389334, 8.503268647487399 ], [ 80.829562165583852, 8.502578770271478 ], [ 80.829051300369372, 8.501722972654179 ], [ 80.828359400126914, 8.500727257613049 ], [ 80.827507487895247, 8.499621879445757 ], [ 80.826521448596424, 8.498440424508567 ], [ 80.825431242535586, 8.497218790711901 ], [ 80.824269995072214, 8.495994096780496 ], [ 80.823072990122881, 8.494803554419729 ], [ 80.821876598077239, 8.493683337656792 ], [ 80.82071717070221, 8.492667483711168 ], [ 80.819629936611875, 8.491786858790947 ], [ 80.818647930863889, 8.491068220238715 ], [ 80.817800991205999, 8.49053340352323 ], [ 80.817114851471146, 8.490198658779763 ], [ 80.816610359667962, 8.490074157057956 ], [ 80.8163028445246, 8.490163681279624 ], [ 80.816201649733088, 8.490464511296592 ], [ 80.81630985004594, 8.490967506541026 ], [ 80.816624157851422, 8.491657383756946 ], [ 80.817135023065902, 8.492513181374246 ], [ 80.81782692330836, 8.493508896415376 ], [ 80.818678835540027, 8.494614274582668 ], [ 80.81966487483885, 8.495795729519857 ], [ 80.820755080899687, 8.497017363316523 ], [ 80.821916328363059, 8.498242057247928 ], [ 80.823113333312392, 8.499432599608696 ], [ 80.824309725358034, 8.500552816371632 ], [ 80.825469152733064, 8.501568670317257 ], [ 80.826556386823398, 8.502449295237478 ], [ 80.827538392571384, 8.50316793378971 ], [ 80.828385332229274, 8.503702750505195 ], [ 80.829071471964127, 8.504037495248662 ], [ 80.829575963767311, 8.504161996970469 ], [ 80.829883478910673, 8.504072472748801 ] ] ] } },
{ "type": "Feature", "properties": { "latitude": 8.49889, "longitude": 80.81732, "brightness": 341.45, "scan": 0.38, "track": 0.36, "acq_date": "2026-08-31T00:00:00", "acq_time": 807, "satellite": "N", "instrument": "VIIRS", "confidence": "n", "version": "2.0NRT", "brightness_bg": 307.32, "frp": 4.41, "daynight": "D", "source_left": "VIIRS_SNPP_NRT", "cross_source_count": 1, "state": "Tamil Nadu", "zone_type": "none", "source_right": "curated_research", "osm_id": "", "nearest_zone_dist_m": 222795.89838361452, "is_industrial": false, "facility_type": "none", "zone_name": "Cauvery Delta Rice (TN)", "temperature": 26.7, "humidity": 79, "wind_speed": 19.9, "wind_direction": 224, "aqi": 16, "persistence": 0.0, "ai_classification": "Routine Industrial Heat", "ai_confidence": 100.0, "spread_speed_kmh": 0.0, "risk_level": "Low (Routine Operation)", "mitigation_strategy": "Log & Monitor — No Action Required" }, "geometry": { "type": "Polygon", "coordinates": [ [ [ 80.81732, 8.500241351351351 ], [ 80.817586562768895, 8.500215385514057 ], [ 80.817842881680093, 8.500138485854745 ], [ 80.818079106541546, 8.500013607584192 ], [ 80.81828615936432, 8.499845549704306 ], [ 80.818456083224561, 8.499640770585161 ], [ 80.818582348043591, 8.499407139773465 ], [ 80.818660101535244, 8.499153635570291 ], [ 80.818686355676434, 8.49889 ], [ 80.818660101535244, 8.498626364429708 ], [ 80.818582348043591, 8.498372860226533 ], [ 80.818456083224561, 8.498139229414837 ], [ 80.81828615936432, 8.497934450295693 ], [ 80.818079106541546, 8.497766392415807 ], [ 80.817842881680093, 8.497641514145254 ], [ 80.817586562768895, 8.497564614485942 ], [ 80.81732, 8.497538648648648 ], [ 80.817053437231095, 8.497564614485942 ], [ 80.816797118319897, 8.497641514145254 ], [ 80.816560893458444, 8.497766392415807 ], [ 80.816353840635671, 8.497934450295693 ], [ 80.816183916775429, 8.498139229414837 ], [ 80.816057651956399, 8.498372860226533 ], [ 80.815979898464747, 8.498626364429708 ], [ 80.815953644323557, 8.49889 ], [ 80.815979898464747, 8.499153635570291 ], [ 80.816057651956399, 8.499407139773465 ], [ 80.816183916775429, 8.499640770585161 ], [ 80.816353840635671, 8.499845549704306 ], [ 80.816560893458444, 8.500013607584192 ], [ 80.816797118319897, 8.500138485854745 ], [ 80.817053437231095, 8.500215385514057 ], [ 80.81732, 8.500241351351351 ] ] ] } },
{ "type": "Feature", "properties": { "latitude": 8.3721, "longitude": 80.43393, "brightness": 336.87, "scan": 0.39, "track": 0.36, "acq_date": "2026-08-31T00:00:00", "acq_time": 807, "satellite": "N", "instrument": "VIIRS", "confidence": "n", "version": "2.0NRT", "brightness_bg": 304.21, "frp": 6.87, "daynight": "D", "source_left": "VIIRS_SNPP_NRT", "cross_source_count": 2, "state": "Tamil Nadu", "zone_type": "none", "source_right": "curated_research", "osm_id": "", "nearest_zone_dist_m": 217590.65120078274, "is_industrial": false, "facility_type": "none", "zone_name": "Cauvery Delta Rice (TN)", "temperature": 26.9, "humidity": 80, "wind_speed": 22.2, "wind_direction": 209, "aqi": 17, "persistence": 0.0, "ai_classification": "Routine Industrial Heat", "ai_confidence": 100.0, "spread_speed_kmh": 0.0, "risk_level": "Low (Routine Operation)", "mitigation_strategy": "Log & Monitor — No Action Required" }, "geometry": { "type": "Polygon", "coordinates": [ [ [ 80.43393, 8.373451351351351 ], [ 80.434196475304262, 8.373425385514057 ], [ 80.434452710111998, 8.373348485854745 ], [ 80.434688857463286, 8.373223607584192 ], [ 80.434895842347828, 8.373055549704306 ], [ 80.435065710452605, 8.372850770585162 ], [ 80.43519193384158, 8.372617139773466 ], [ 80.43526966182074, 8.372363635570292 ], [ 80.43529590734741, 8.3721 ], [ 80.43526966182074, 8.371836364429708 ], [ 80.43519193384158, 8.371582860226534 ], [ 80.435065710452605, 8.371349229414838 ], [ 80.434895842347828, 8.371144450295693 ], [ 80.434688857463286, 8.370976392415807 ], [ 80.434452710111998, 8.370851514145254 ], [ 80.434196475304262, 8.370774614485942 ], [ 80.43393, 8.370748648648648 ], [ 80.433663524695746, 8.370774614485942 ], [ 80.433407289888009, 8.370851514145254 ], [ 80.433171142536722, 8.370976392415807 ], [ 80.432964157652179, 8.371144450295693 ], [ 80.432794289547402, 8.371349229414838 ], [ 80.432668066158428, 8.371582860226534 ], [ 80.432590338179267, 8.371836364429708 ], [ 80.432564092652598, 8.3721 ], [ 80.432590338179267, 8.372363635570292 ], [ 80.432668066158428, 8.372617139773466 ], [ 80.432794289547402, 8.372850770585162 ], [ 80.432964157652179, 8.373055549704306 ], [ 80.433171142536722, 8.373223607584192 ], [ 80.433407289888009, 8.373348485854745 ], [ 80.433663524695746, 8.373425385514057 ], [ 80.43393, 8.373451351351351 ] ] ] } },
{ "type": "Feature", "properties": { "latitude": 8.5192, "longitude": 80.46411, "brightness": 331.95, "scan": 0.38, "track": 0.36, "acq_date": "2026-08-31T00:00:00", "acq_time": 807, "satellite": "N", "instrument": "VIIRS", "confidence": "n", "version": "2.0NRT", "brightness_bg": 300.33, "frp": 2.27, "daynight": "D", "source_left": "VIIRS_SNPP_NRT", "cross_source_count": 1, "state": "Tamil Nadu", "zone_type": "none", "source_right": "curated_research", "osm_id": "", "nearest_zone_dist_m": 203672.13978304315, "is_industrial": false, "facility_type": "none", "zone_name": "Cauvery Delta Rice (TN)", "temperature": 26.9, "humidity": 79, "wind_speed": 20.5, "wind_direction": 208, "aqi": 17, "persistence": 0.0, "ai_classification": "Wildfire", "ai_confidence": 100.0, "spread_speed_kmh": 2.21, "risk_level": "Moderate (Spreading)", "mitigation_strategy": "Establish Firebreak" }, "geometry": { "type": "Polygon", "coordinates": [ [ [ 80.471677674772636, 8.533275560755698 ], [ 80.47185234910468, 8.533022360936114 ], [ 80.471886456396305, 8.532525278705519 ], [ 80.471778960314722, 8.531799417655956 ], [ 80.471533127073968, 8.53086683270811 ], [ 80.47115642619265, 8.529755859983712 ], [ 80.470660303536448, 8.528500255826815 ], [ 80.470059833541214, 8.527138171134359 ], [ 80.46937326118389, 8.525710992160475 ], [ 80.468621447618148, 8.524262083016097 ], [ 80.467827236318726, 8.522835468072396 ], [ 80.467014758994097, 8.521474494302531 ], [ 80.46620870235661, 8.520220514205816 ], [ 80.465433558029318, 8.519111629332944 ], [ 80.464712878380382, 8.518181532589654 ], [ 80.464068560896223, 8.517458484494842 ], [ 80.46352018283757, 8.516964454498984 ], [ 80.463084406394245, 8.516714453453517 ], [ 80.46277447241296, 8.516716077513699 ], [ 80.462599798080916, 8.516969277333283 ], [ 80.46256569078929, 8.517466359563878 ], [ 80.462673186870873, 8.518192220613441 ], [ 80.462919020111627, 8.519124805561287 ], [ 80.463295720992946, 8.520235778285684 ], [ 80.463791843649147, 8.521491382442582 ], [ 80.464392313644382, 8.522853467135038 ], [ 80.465078886001706, 8.524280646108922 ], [ 80.465830699567448, 8.525729555253299 ], [ 80.466624910866869, 8.527156170197001 ], [ 80.467437388191499, 8.528517143966866 ], [ 80.468243444828985, 8.529771124063581 ], [ 80.469018589156278, 8.530880008936453 ], [ 80.469739268805213, 8.531810105679742 ], [ 80.470383586289373, 8.532533153774555 ], [ 80.470931964348026, 8.533027183770413 ], [ 80.471367740791351, 8.53327718481588 ], [ 80.471677674772636, 8.533275560755698 ] ] ] } },
{ "type": "Feature", "properties": { "latitude": 8.63466, "longitude": 80.53464, "brightness": 338.93, "scan": 0.38, "track": 0.36, "acq_date": "2026-08-31T00:00:00", "acq_time": 807, "satellite": "N", "instrument": "VIIRS", "confidence": "n", "version": "2.0NRT", "brightness_bg": 306.44, "frp": 3.24, "daynight": "D", "source_left": "VIIRS_SNPP_NRT", "cross_source_count": 1, "state": "Tamil Nadu", "zone_type": "none", "source_right": "curated_research", "osm_id": "", "nearest_zone_dist_m": 195220.1868092886, "is_industrial": false, "facility_type": "none", "zone_name": "Cauvery Delta Rice (TN)", "temperature": 26.7, "humidity": 79, "wind_speed": 20.2, "wind_direction": 210, "aqi": 19, "persistence": 0.0, "ai_classification": "Routine Industrial Heat", "ai_confidence": 100.0, "spread_speed_kmh": 0.0, "risk_level": "Low (Routine Operation)", "mitigation_strategy": "Log & Monitor — No Action Required" }, "geometry": { "type": "Polygon", "coordinates": [ [ [ 80.53464, 8.636011351351351 ], [ 80.534906657940297, 8.635985385514058 ], [ 80.535163068365506, 8.635908485854745 ], [ 80.535399377566762, 8.635783607584193 ], [ 80.535606504313989, 8.635615549704307 ], [ 80.535776488842444, 8.635410770585162 ], [ 80.535902798742043, 8.635177139773466 ], [ 80.535980579994174, 8.634923635570292 ], [ 80.536006843508929, 8.63466 ], [ 80.535980579994174, 8.634396364429708 ], [ 80.535902798742043, 8.634142860226534 ], [ 80.535776488842444, 8.633909229414838 ], [ 80.535606504313989, 8.633704450295694 ], [ 80.535399377566762, 8.633536392415808 ], [ 80.535163068365506, 8.633411514145255 ], [ 80.534906657940297, 8.633334614485943 ], [ 80.53464, 8.633308648648649 ], [ 80.534373342059695, 8.633334614485943 ], [ 80.534116931634486, 8.633411514145255 ], [ 80.53388062243323, 8.633536392415808 ], [ 80.533673495686003, 8.633704450295694 ], [ 80.533503511157548, 8.633909229414838 ], [ 80.533377201257949, 8.634142860226534 ], [ 80.533299420005818, 8.634396364429708 ], [ 80.533273156491063, 8.63466 ], [ 80.533299420005818, 8.634923635570292 ], [ 80.533377201257949, 8.635177139773466 ], [ 80.533503511157548, 8.635410770585162 ], [ 80.533673495686003, 8.635615549704307 ], [ 80.53388062243323, 8.635783607584193 ], [ 80.534116931634486, 8.635908485854745 ], [ 80.534373342059695, 8.635985385514058 ], [ 80.53464, 8.636011351351351 ] ] ] } },
{ "type": "Feature", "properties": { "latitude": 8.51151, "longitude": 80.56882, "brightness": 332.96, "scan": 0.38, "track": 0.36, "acq_date": "2026-08-31T00:00:00", "acq_time": 807, "satellite": "N", "instrument": "VIIRS", "confidence": "n", "version": "2.0NRT", "brightness_bg": 300.44, "frp": 4.3, "daynight": "D", "source_left": "VIIRS_SNPP_NRT", "cross_source_count": 1, "state": "Tamil Nadu", "zone_type": "none", "source_right": "curated_research", "osm_id": "", "nearest_zone_dist_m": 209150.28697062194, "is_industrial": false, "facility_type": "none", "zone_name": "Cauvery Delta Rice (TN)", "temperature": 26.7, "humidity": 80, "wind_speed": 20.1, "wind_direction": 213, "aqi": 17, "persistence": 0.0, "ai_classification": "Routine Industrial Heat", "ai_confidence": 100.0, "spread_speed_kmh": 0.0, "risk_level": "Low (Routine Operation)", "mitigation_strategy": "Log & Monitor — No Action Required" }, "geometry": { "type": "Polygon", "coordinates": [ [ [ 80.56882, 8.512861351351351 ], [ 80.569086571549263, 8.512835385514057 ], [ 80.569342898903372, 8.512758485854745 ], [ 80.569579131545865, 8.512633607584192 ], [ 80.569786191188783, 8.512465549704306 ], [ 80.569956120646168, 8.512260770585161 ], [ 80.570082389624261, 8.512027139773465 ], [ 80.57016014567705, 8.511773635570291 ], [ 80.570186400683028, 8.51151 ], [ 80.57016014567705, 8.511246364429708 ], [ 80.570082389624261, 8.510992860226533 ], [ 80.569956120646168, 8.510759229414838 ], [ 80.569786191188783, 8.510554450295693 ], [ 80.569579131545865, 8.510386392415807 ], [ 80.569342898903372, 8.510261514145254 ], [ 80.569086571549263, 8.510184614485942 ], [ 80.56882, 8.510158648648648 ], [ 80.568553428450741, 8.510184614485942 ], [ 80.568297101096633, 8.510261514145254 ], [ 80.56806086845414, 8.510386392415807 ], [ 80.567853808811222, 8.510554450295693 ], [ 80.567683879353837, 8.510759229414838 ], [ 80.567557610375744, 8.510992860226533 ], [ 80.567479854322954, 8.511246364429708 ], [ 80.567453599316977, 8.51151 ], [ 80.567479854322954, 8.511773635570291 ], [ 80.567557610375744, 8.512027139773465 ], [ 80.567683879353837, 8.512260770585161 ], [ 80.567853808811222, 8.512465549704306 ], [ 80.56806086845414, 8.512633607584192 ], [ 80.568297101096633, 8.512758485854745 ], [ 80.568553428450741, 8.512835385514057 ], [ 80.56882, 8.512861351351351 ] ] ] } },
{ "type": "Feature", "properties": { "latitude": 8.63006, "longitude": 80.57103, "brightness": 332.78, "scan": 0.38, "track": 0.36, "acq_date": "2026-08-31T00:00:00", "acq_time": 807, "satellite": "N", "instrument": "VIIRS", "confidence": "n", "version": "2.0NRT", "brightness_bg": 301.35, "frp": 2.36, "daynight": "D", "source_left": "VIIRS_SNPP_NRT", "cross_source_count": 1, "state": "Tamil Nadu", "zone_type": "none", "source_right": "curated_research", "osm_id": "", "nearest_zone_dist_m": 197373.85869211413, "is_industrial": false, "facility_type": "none", "zone_name": "Cauvery Delta Rice (TN)", "temperature": 26.7, "humidity": 79, "wind_speed": 20.2, "wind_direction": 210, "aqi": 19, "persistence": 0.0, "ai_classification": "Routine Industrial Heat", "ai_confidence": 100.0, "spread_speed_kmh": 0.0, "risk_level": "Low (Routine Operation)", "mitigation_strategy": "Log & Monitor — No Action Required" }, "geometry": { "type": "Polygon", "coordinates": [ [ [ 80.57103, 8.631411351351352 ], [ 80.571296654690187, 8.631385385514058 ], [ 80.571553061990187, 8.631308485854746 ], [ 80.571789368311229, 8.631183607584193 ], [ 80.571996492533941, 8.631015549704307 ], [ 80.572166474990581, 8.630810770585162 ], [ 80.572292783350676, 8.630577139773466 ], [ 80.572370563654786, 8.630323635570292 ], [ 80.572396826849427, 8.63006 ], [ 80.572370563654786, 8.629796364429708 ], [ 80.572292783350676, 8.629542860226534 ], [ 80.572166474990581, 8.629309229414838 ], [ 80.571996492533941, 8.629104450295694 ], [ 80.571789368311229, 8.628936392415808 ], [ 80.571553061990187, 8.628811514145255 ], [ 80.571296654690187, 8.628734614485943 ], [ 80.57103, 8.628708648648649 ], [ 80.5707633453098, 8.628734614485943 ], [ 80.5705069380098, 8.628811514145255 ], [ 80.570270631688757, 8.628936392415808 ], [ 80.570063507466045, 8.629104450295694 ], [ 80.569893525009405, 8.629309229414838 ], [ 80.569767216649311, 8.629542860226534 ], [ 80.5696894363452, 8.629796364429708 ], [ 80.569663173150559, 8.63006 ], [ 80.5696894363452, 8.630323635570292 ], [ 80.569767216649311, 8.630577139773466 ], [ 80.569893525009405, 8.630810770585162 ], [ 80.570063507466045, 8.631015549704307 ], [ 80.570270631688757, 8.631183607584193 ], [ 80.5705069380098, 8.631308485854746 ], [ 80.5707633453098, 8.631385385514058 ], [ 80.57103, 8.631411351351352 ] ] ] } },
{ "type": "Feature", "properties": { "latitude": 8.6213, "longitude": 80.7978, "brightness": 348.51, "scan": 0.38, "track": 0.36, "acq_date": "2026-08-31T00:00:00", "acq_time": 807, "satellite": "N", "instrument": "VIIRS", "confidence": "n", "version": "2.0NRT", "brightness_bg": 306.04, "frp": 6.63, "daynight": "D", "source_left": "VIIRS_SNPP_NRT", "cross_source_count": 1, "state": "Tamil Nadu", "zone_type": "none", "source_right": "curated_research", "osm_id": "", "nearest_zone_dist_m": 210036.04924624242, "is_industrial": false, "facility_type": "none", "zone_name": "Cauvery Delta Rice (TN)", "temperature": 27.0, "humidity": 78, "wind_speed": 21.2, "wind_direction": 216, "aqi": 18, "persistence": 0.0, "ai_classification": "Routine Industrial Heat", "ai_confidence": 100.0, "spread_speed_kmh": 0.0, "risk_level": "Low (Routine Operation)", "mitigation_strategy": "Log & Monitor — No Action Required" }, "geometry": { "type": "Polygon", "coordinates": [ [ [ 80.7978, 8.622651351351351 ], [ 80.798066648505838, 8.622625385514057 ], [ 80.798323049859121, 8.622548485854745 ], [ 80.798559350699662, 8.622423607584192 ], [ 80.798766470118665, 8.622255549704306 ], [ 80.798936448633, 8.622050770585162 ], [ 80.799062754063712, 8.621817139773466 ], [ 80.799140532563896, 8.621563635570292 ], [ 80.799166795149446, 8.6213 ], [ 80.799140532563896, 8.621036364429708 ], [ 80.799062754063712, 8.620782860226534 ], [ 80.798936448633, 8.620549229414838 ], [ 80.798766470118665, 8.620344450295693 ], [ 80.798559350699662, 8.620176392415807 ], [ 80.798323049859121, 8.620051514145255 ], [ 80.798066648505838, 8.619974614485942 ], [ 80.7978, 8.619948648648649 ], [ 80.797533351494152, 8.619974614485942 ], [ 80.797276950140869, 8.620051514145255 ], [ 80.797040649300328, 8.620176392415807 ], [ 80.796833529881326, 8.620344450295693 ], [ 80.79666355136699, 8.620549229414838 ], [ 80.796537245936278, 8.620782860226534 ], [ 80.796459467436094, 8.621036364429708 ], [ 80.796433204850544, 8.6213 ], [ 80.796459467436094, 8.621563635570292 ], [ 80.796537245936278, 8.621817139773466 ], [ 80.79666355136699, 8.622050770585162 ], [ 80.796833529881326, 8.622255549704306 ], [ 80.797040649300328, 8.622423607584192 ], [ 80.797276950140869, 8.622548485854745 ], [ 80.797533351494152, 8.622625385514057 ], [ 80.7978, 8.622651351351351 ] ] ] } },
{ "type": "Feature", "properties": { "latitude": 8.61921, "longitude": 81.14049, "brightness": 350.21, "scan": 0.38, "track": 0.36, "acq_date": "2026-08-31T00:00:00", "acq_time": 807, "satellite": "N", "instrument": "VIIRS", "confidence": "n", "version": "2.0NRT", "brightness_bg": 312.03, "frp": 9.6, "daynight": "D", "source_left": "VIIRS_SNPP_NRT", "cross_source_count": 2, "state": "Tamil Nadu", "zone_type": "none", "source_right": "curated_research", "osm_id": "", "nearest_zone_dist_m": 231030.88249766544, "is_industrial": false, "facility_type": "none", "zone_name": "Cauvery Delta Rice (TN)", "temperature": 27.3, "humidity": 75, "wind_speed": 13.4, "wind_direction": 217, "aqi": 17, "persistence": 0.0, "ai_classification": "Routine Industrial Heat", "ai_confidence": 100.0, "spread_speed_kmh": 0.0, "risk_level": "Low (Routine Operation)", "mitigation_strategy": "Log & Monitor — No Action Required" }, "geometry": { "type": "Polygon", "coordinates": [ [ [ 81.14049, 8.620561351351352 ], [ 81.14075664703131, 8.620535385514058 ], [ 81.141013046966734, 8.620458485854746 ], [ 81.141249346500572, 8.620333607584193 ], [ 81.141456464774222, 8.620165549704307 ], [ 81.14162644234861, 8.619960770585163 ], [ 81.141752747080858, 8.619727139773467 ], [ 81.141830525150951, 8.619473635570293 ], [ 81.141856787591266, 8.61921 ], [ 81.141830525150951, 8.618946364429709 ], [ 81.141752747080858, 8.618692860226535 ], [ 81.14162644234861, 8.618459229414839 ], [ 81.141456464774222, 8.618254450295694 ], [ 81.141249346500572, 8.618086392415808 ], [ 81.141013046966734, 8.617961514145255 ], [ 81.14075664703131, 8.617884614485943 ], [ 81.14049, 8.617858648648649 ], [ 81.14022335296869, 8.617884614485943 ], [ 81.139966953033266, 8.617961514145255 ], [ 81.139730653499427, 8.618086392415808 ], [ 81.139523535225777, 8.618254450295694 ], [ 81.13935355765139, 8.618459229414839 ], [ 81.139227252919142, 8.618692860226535 ], [ 81.139149474849049, 8.618946364429709 ], [ 81.139123212408734, 8.61921 ], [ 81.139149474849049, 8.619473635570293 ], [ 81.139227252919142, 8.619727139773467 ], [ 81.13935355765139, 8.619960770585163 ], [ 81.139523535225777, 8.620165549704307 ], [ 81.139730653499427, 8.620333607584193 ], [ 81.139966953033266, 8.620458485854746 ], [ 81.14022335296869, 8.620535385514058 ], [ 81.14049, 8.620561351351352 ] ] ] } },
{ "type": "Feature", "properties": { "latitude": 8.62135, "longitude": 80.97601, "brightness": 335.68, "scan": 0.38, "track": 0.36, "acq_date": "2026-08-31T00:00:00", "acq_time": 807, "satellite": "N", "instrument": "VIIRS", "confidence": "n", "version": "2.0NRT", "brightness_bg": 304.01, "frp": 1.17, "daynight": "D", "source_left": "VIIRS_SNPP_NRT", "cross_source_count": 1, "state": "Tamil Nadu", "zone_type": "none", "source_right": "curated_research", "osm_id": "", "nearest_zone_dist_m": 220353.70288974396, "is_industrial": false, "facility_type": "none", "zone_name": "Cauvery Delta Rice (TN)", "temperature": 27.0, "humidity": 77, "wind_speed": 16.9, "wind_direction": 218, "aqi": 18, "persistence": 0.0, "ai_classification": "Natural Anomaly", "ai_confidence": 100.0, "spread_speed_kmh": 0.93, "risk_level": "Moderate (Spreading)", "mitigation_strategy": "Monitor" }, "geometry": { "type": "Polygon", "coordinates": [ [ [ 80.984146764582206, 8.631646837128635 ], [ 80.984277649652057, 8.631397547234743 ], [ 80.984259126894187, 8.630971794131835 ], [ 80.984091759113213, 8.630382514112501 ], [ 80.983780631694472, 8.629647612151938 ], [ 80.983335198087147, 8.628789417874339 ], [ 80.982768992566008, 8.627834007078564 ], [ 80.982099218999267, 8.626810409438178 ], [ 80.981346228117857, 8.625749726449522 ], [ 80.980532899168665, 8.624684186428471 ], [ 80.979683944740259, 8.623646165269379 ], [ 80.978825159883343, 8.622667202719899 ], [ 80.977982638341231, 8.621777044061719 ], [ 80.977181979704639, 8.621002736315226 ], [ 80.9764475115811, 8.620367806429476 ], [ 80.975801550412882, 8.619891546427761 ], [ 80.975263723403202, 8.619588427229232 ], [ 80.974850372153611, 8.619467658957351 ], [ 80.974574056132653, 8.619532911094947 ], [ 80.974443171062802, 8.619782200988839 ], [ 80.974461693820672, 8.620207954091747 ], [ 80.974629061601647, 8.62079723411108 ], [ 80.974940189020387, 8.621532136071643 ], [ 80.975385622627712, 8.622390330349242 ], [ 80.975951828148851, 8.623345741145018 ], [ 80.976621601715593, 8.624369338785403 ], [ 80.977374592597002, 8.62543002177406 ], [ 80.978187921546194, 8.62649556179511 ], [ 80.9790368759746, 8.627533582954202 ], [ 80.979895660831517, 8.628512545503682 ], [ 80.980738182373628, 8.629402704161862 ], [ 80.98153884101022, 8.630177011908355 ], [ 80.98227330913376, 8.630811941794105 ], [ 80.982919270301977, 8.631288201795821 ], [ 80.983457097311657, 8.63159132099435 ], [ 80.983870448561248, 8.63171208926623 ], [ 80.984146764582206, 8.631646837128635 ] ] ] } },
{ "type": "Feature", "properties": { "latitude": 8.59252, "longitude": 80.60977, "brightness": 336.11, "scan": 0.38, "track": 0.36, "acq_date": "2026-08-31T00:00:00", "acq_time": 807, "satellite": "N", "instrument": "VIIRS", "confidence": "n", "version": "2.0NRT", "brightness_bg": 302.77, "frp": 3.19, "daynight": "D", "source_left": "VIIRS_SNPP_NRT", "cross_source_count": 1, "state": "Tamil Nadu", "zone_type": "none", "source_right": "curated_research", "osm_id": "", "nearest_zone_dist_m": 202955.93624759142, "is_industrial": false, "facility_type": "none", "zone_name": "Cauvery Delta Rice (TN)", "temperature": 26.5, "humidity": 80, "wind_speed": 20.2, "wind_direction": 215, "aqi": 16, "persistence": 0.0, "ai_classification": "Wildfire", "ai_confidence": 100.0, "spread_speed_kmh": 2.24, "risk_level": "Moderate (Spreading)", "mitigation_strategy": "Establish Firebreak" }, "geometry": { "type": "Polygon", "coordinates": [ [ [ 80.618941524195463, 8.605471170187366 ], [ 80.619082552318133, 8.605201045288224 ], [ 80.619055369645622, 8.604707648731257 ], [ 80.61886080210968, 8.604005972121175 ], [ 80.618504761546433, 8.603117335546711 ], [ 80.617998066068211, 8.602068739780512 ], [ 80.617356111360735, 8.600892045874312 ], [ 80.616598402892947, 8.599623007077019 ], [ 80.615747963253227, 8.598300182490325 ], [ 80.614830632619672, 8.596963765469912 ], [ 80.613874283619381, 8.59565436237069 ], [ 80.612907974432829, 8.594411758743234 ], [ 80.611961065875633, 8.59327371046998 ], [ 80.611062329285176, 8.592274796571829 ], [ 80.610239072317952, 8.591445368542102 ], [ 80.609516309220339, 8.590810628131772 ], [ 80.608916000783324, 8.59038986160701 ], [ 80.60845638707498, 8.590195853745756 ], [ 80.60815143322526, 8.590234499378701 ], [ 80.60801040510259, 8.590504624277843 ], [ 80.608037587775101, 8.59099802083481 ], [ 80.608232155311043, 8.591699697444891 ], [ 80.60858819587429, 8.592588334019355 ], [ 80.609094891352512, 8.593636929785555 ], [ 80.609736846059988, 8.594813623691755 ], [ 80.610494554527776, 8.596082662489048 ], [ 80.611344994167496, 8.597405487075742 ], [ 80.612262324801051, 8.598741904096155 ], [ 80.613218673801342, 8.600051307195377 ], [ 80.614184982987894, 8.601293910822832 ], [ 80.61513189154509, 8.602431959096087 ], [ 80.616030628135547, 8.603430872994238 ], [ 80.616853885102771, 8.604260301023965 ], [ 80.617576648200384, 8.604895041434295 ], [ 80.618176956637399, 8.605315807959057 ], [ 80.618636570345743, 8.60550981582031 ], [ 80.618941524195463, 8.605471170187366 ] ] ] } },
{ "type": "Feature", "properties": { "latitude": 8.5921, "longitude": 80.41267, "brightness": 348.81, "scan": 0.39, "track": 0.36, "acq_date": "2026-08-31T00:00:00", "acq_time": 807, "satellite": "N", "instrument": "VIIRS", "confidence": "n", "version": "2.0NRT", "brightness_bg": 308.67, "frp": 9.48, "daynight": "D", "source_left": "VIIRS_SNPP_NRT", "cross_source_count": 1, "state": "Tamil Nadu", "zone_type": "none", "source_right": "curated_research", "osm_id": "", "nearest_zone_dist_m": 194062.56936260909, "is_industrial": false, "facility_type": "none", "zone_name": "Cauvery Delta Rice (TN)", "temperature": 27.1, "humidity": 78, "wind_speed": 19.9, "wind_direction": 206, "aqi": 17, "persistence": 0.0, "ai_classification": "Natural Anomaly", "ai_confidence": 100.0, "spread_speed_kmh": 1.66, "risk_level": "Moderate (Spreading)", "mitigation_strategy": "Monitor" }, "geometry": { "type": "Polygon", "coordinates": [ [ [ 80.419876698003605, 8.606709953903298 ], [ 80.420064898418076, 8.606457571640849 ], [ 80.420118572632902, 8.605951730793755 ], [ 80.420036089784219, 8.605207801080192 ], [ 80.419819956071649, 8.604248386428056 ], [ 80.41947673860868, 8.603102638166067 ], [ 80.419016865884231, 8.60180536927539 ], [ 80.418454310898355, 8.600395996614814 ], [ 80.417806166599604, 8.598917343259458 ], [ 80.417092126524551, 8.59741433734329 ], [ 80.416333886419523, 8.595932646940511 ], [ 80.415554485026433, 8.594517292464241 ], [ 80.414777604062223, 8.593211278744038 ], [ 80.414026848661877, 8.592054288345913 ], [ 80.4133250301483, 8.591081475837649 ], [ 80.412693472921916, 8.590322399635044 ], [ 80.412151366529471, 8.5898001238844 ], [ 80.411715182599366, 8.58953051767012 ], [ 80.41139817435959, 8.589521772840595 ], [ 80.41120997394512, 8.589774155103044 ], [ 80.411156299730294, 8.590279995950137 ], [ 80.411238782578977, 8.5910239256637 ], [ 80.411454916291547, 8.591983340315837 ], [ 80.411798133754516, 8.593129088577825 ], [ 80.412258006478964, 8.594426357468503 ], [ 80.412820561464841, 8.595835730129078 ], [ 80.413468705763592, 8.597314383484434 ], [ 80.414182745838644, 8.598817389400603 ], [ 80.414940985943673, 8.600299079803381 ], [ 80.415720387336762, 8.601714434279652 ], [ 80.416497268300972, 8.603020447999855 ], [ 80.417248023701319, 8.604177438397979 ], [ 80.417949842214895, 8.605150250906243 ], [ 80.41858139944128, 8.605909327108849 ], [ 80.419123505833724, 8.606431602859493 ], [ 80.41955968976383, 8.606701209073773 ], [ 80.419876698003605, 8.606709953903298 ] ] ] } },
{ "type": "Feature", "properties": { "latitude": 8.57523, "longitude": 80.74078, "brightness": 334.55, "scan": 0.38, "track": 0.36, "acq_date": "2026-08-31T00:00:00", "acq_time": 807, "satellite": "N", "instrument": "VIIRS", "confidence": "n", "version": "2.0NRT", "brightness_bg": 302.39, "frp": 0.92, "daynight": "D", "source_left": "VIIRS_SNPP_NRT", "cross_source_count": 1, "state": "Tamil Nadu", "zone_type": "none", "source_right": "curated_research", "osm_id": "", "nearest_zone_dist_m": 211301.88884996608, "is_industrial": false, "facility_type": "none", "zone_name": "Cauvery Delta Rice (TN)", "temperature": 26.7, "humidity": 79, "wind_speed": 21.3, "wind_direction": 218, "aqi": 16, "persistence": 0.0, "ai_classification": "Wildfire", "ai_confidence": 100.0, "spread_speed_kmh": 2.19, "risk_level": "Moderate (Spreading)", "mitigation_strategy": "Establish Firebreak" }, "geometry": { "type": "Polygon", "coordinates": [ [ [ 80.750996960288703, 8.588160816316536 ], [ 80.751128285096371, 8.587873267533105 ], [ 80.751073008513174, 8.587363340297207 ], [ 80.750832810090131, 8.586646528489867 ], [ 80.750414988134764, 8.585744612075127 ], [ 80.749832237955772, 8.584684995326857 ], [ 80.749102266122449, 8.583499874163762 ], [ 80.748247252459564, 8.582225257892681 ], [ 80.747293176124629, 8.580899875084025 ], [ 80.746269026244264, 8.57956399682376 ], [ 80.745205921094353, 8.578258213096834 ], [ 80.744136162586926, 8.577022199481034 ], [ 80.743092254792899, 8.575893511624622 ], [ 80.742105916322345, 8.574906444136973 ], [ 80.741207116570592, 8.574090988564215 ], [ 80.740423165113285, 8.57347192211129 ], [ 80.739777881918741, 8.573068054799105 ], [ 80.739290873590306, 8.572891657931574 ], [ 80.738976937629602, 8.572948091238258 ], [ 80.738845612821933, 8.573235640021689 ], [ 80.73890088940513, 8.573745567257587 ], [ 80.739141087828173, 8.574462379064927 ], [ 80.73955890978354, 8.575364295479668 ], [ 80.740141659962532, 8.576423912227938 ], [ 80.740871631795855, 8.577609033391033 ], [ 80.741726645458741, 8.578883649662114 ], [ 80.742680721793676, 8.580209032470769 ], [ 80.743704871674041, 8.581544910731035 ], [ 80.744767976823951, 8.58285069445796 ], [ 80.745837735331378, 8.584086708073761 ], [ 80.746881643125406, 8.585215395930172 ], [ 80.747867981595959, 8.586202463417822 ], [ 80.748766781347712, 8.587017918990579 ], [ 80.749550732805019, 8.587636985443504 ], [ 80.750196015999563, 8.58804085275569 ], [ 80.750683024327998, 8.58821724962322 ], [ 80.750996960288703, 8.588160816316536 ] ] ] } },
{ "type": "Feature", "properties": { "latitude": 8.56241, "longitude": 80.85677, "brightness": 347.43, "scan": 0.38, "track": 0.36, "acq_date": "2026-08-31T00:00:00", "acq_time": 807, "satellite": "N", "instrument": "VIIRS", "confidence": "n", "version": "2.0NRT", "brightness_bg": 309.81, "frp": 6.27, "daynight": "D", "source_left": "VIIRS_SNPP_NRT", "cross_source_count": 1, "state": "Tamil Nadu", "zone_type": "none", "source_right": "curated_research", "osm_id": "", "nearest_zone_dist_m": 218940.92583039458, "is_industrial": false, "facility_type": "none", "zone_name": "Cauvery Delta Rice (TN)", "temperature": 26.9, "humidity": 78, "wind_speed": 19.2, "wind_direction": 222, "aqi": 16, "persistence": 0.0, "ai_classification": "Routine Industrial Heat", "ai_confidence": 100.0, "spread_speed_kmh": 0.0, "risk_level": "Low (Routine Operation)", "mitigation_strategy": "Log & Monitor — No Action Required" }, "geometry": { "type": "Polygon", "coordinates": [ [ [ 80.85677, 8.563761351351351 ], [ 80.857036607100028, 8.563735385514057 ], [ 80.857292968638731, 8.563658485854745 ], [ 80.857529232785922, 8.563533607584192 ], [ 80.857736320042932, 8.563365549704306 ], [ 80.857906272162609, 8.563160770585162 ], [ 80.858032557980323, 8.562927139773466 ], [ 80.858110324402887, 8.562673635570292 ], [ 80.858136582910305, 8.56241 ], [ 80.858110324402887, 8.562146364429708 ], [ 80.858032557980323, 8.561892860226534 ], [ 80.857906272162609, 8.561659229414838 ], [ 80.857736320042932, 8.561454450295694 ], [ 80.857529232785922, 8.561286392415807 ], [ 80.857292968638731, 8.561161514145255 ], [ 80.857036607100028, 8.561084614485942 ], [ 80.85677, 8.561058648648649 ], [ 80.856503392899967, 8.561084614485942 ], [ 80.856247031361264, 8.561161514145255 ], [ 80.856010767214073, 8.561286392415807 ], [ 80.855803679957063, 8.561454450295694 ], [ 80.855633727837386, 8.561659229414838 ], [ 80.855507442019672, 8.561892860226534 ], [ 80.855429675597108, 8.562146364429708 ], [ 80.85540341708969, 8.56241 ], [ 80.855429675597108, 8.562673635570292 ], [ 80.855507442019672, 8.562927139773466 ], [ 80.855633727837386, 8.563160770585162 ], [ 80.855803679957063, 8.563365549704306 ], [ 80.856010767214073, 8.563533607584192 ], [ 80.856247031361264, 8.563658485854745 ], [ 80.856503392899967, 8.563735385514057 ], [ 80.85677, 8.563761351351351 ] ] ] } },
{ "type": "Feature", "properties": { "latitude": 8.55763, "longitude": 80.62587, "brightness": 339.42, "scan": 0.38, "track": 0.36, "acq_date": "2026-08-31T00:00:00", "acq_time": 807, "satellite": "N", "instrument": "VIIRS", "confidence": "n", "version": "2.0NRT", "brightness_bg": 308.82, "frp": 7.3, "daynight": "D", "source_left": "VIIRS_SNPP_NRT", "cross_source_count": 2, "state": "Tamil Nadu", "zone_type": "none", "source_right": "curated_research", "osm_id": "", "nearest_zone_dist_m": 207199.85334373091, "is_industrial": false, "facility_type": "none", "zone_name": "Cauvery Delta Rice (TN)", "temperature": 26.6, "humidity": 80, "wind_speed": 20.6, "wind_direction": 216, "aqi": 16, "persistence": 0.0, "ai_classification": "Natural Anomaly", "ai_confidence": 100.0, "spread_speed_kmh": 1.54, "risk_level": "Moderate (Spreading)", "mitigation_strategy": "Monitor" }, "geometry": { "type": "Polygon", "coordinates": [ [ [ 80.635711843359715, 8.571025207778845 ], [ 80.635854505329803, 8.570739815959001 ], [ 80.635816925991307, 8.570223679972214 ], [ 80.6356002471734, 8.569492482349261 ], [ 80.635211052552322, 8.568568440159915 ], [ 80.634661167609707, 8.567479629958511 ], [ 80.63396730032126, 8.566259134692054 ], [ 80.633150533493449, 8.564944038491612 ], [ 80.632235684173011, 8.563574299889769 ], [ 80.631250549593631, 8.562191537700819 ], [ 80.630225062571, 8.560837766454162 ], [ 80.629190382009355, 8.559554119804085 ], [ 80.628177946154011, 8.558379600704496 ], [ 80.627218517356113, 8.557349896323901 ], [ 80.626341247374185, 8.556496293708847 ], [ 80.625572791612711, 8.555844729142848 ], [ 80.624936499211131, 8.555415000085537 ], [ 80.624451703592115, 8.555220163636864 ], [ 80.624133135025218, 8.555266139803734 ], [ 80.62399047305513, 8.555551531623578 ], [ 80.624028052393626, 8.556067667610366 ], [ 80.624244731211533, 8.556798865233318 ], [ 80.624633925832612, 8.557722907422665 ], [ 80.625183810775226, 8.558811717624069 ], [ 80.625877678063674, 8.560032212890526 ], [ 80.626694444891484, 8.561347309090968 ], [ 80.627609294211922, 8.562717047692811 ], [ 80.628594428791303, 8.56409980988176 ], [ 80.629619915813933, 8.565453581128418 ], [ 80.630654596375578, 8.566737227778495 ], [ 80.631667032230922, 8.567911746878083 ], [ 80.632626461028821, 8.568941451258679 ], [ 80.633503731010748, 8.569795053873733 ], [ 80.634272186772222, 8.570446618439732 ], [ 80.634908479173802, 8.570876347497043 ], [ 80.635393274792818, 8.571071183945715 ], [ 80.635711843359715, 8.571025207778845 ] ] ] } },
{ "type": "Feature", "properties": { "latitude": 8.59517, "longitude": 80.82677, "brightness": 344.09, "scan": 0.38, "track": 0.36, "acq_date": "2026-08-31T00:00:00", "acq_time": 807, "satellite": "N", "instrument": "VIIRS", "confidence": "n", "version": "2.0NRT", "brightness_bg": 307.19, "frp": 24.38, "daynight": "D", "source_left": "VIIRS_SNPP_NRT", "cross_source_count": 2, "state": "Tamil Nadu", "zone_type": "none", "source_right": "curated_research", "osm_id": "", "nearest_zone_dist_m": 214144.04567605729, "is_industrial": false, "facility_type": "none", "zone_name": "Cauvery Delta Rice (TN)", "temperature": 27.1, "humidity": 77, "wind_speed": 19.8, "wind_direction": 216, "aqi": 16, "persistence": 0.0, "ai_classification": "Routine Industrial Heat", "ai_confidence": 100.0, "spread_speed_kmh": 0.0, "risk_level": "Low (Routine Operation)", "mitigation_strategy": "Log & Monitor — No Action Required" }, "geometry": { "type": "Polygon", "coordinates": [ [ [ 80.82677, 8.596521351351351 ], [ 80.827036630097368, 8.596495385514057 ], [ 80.827293013749639, 8.596418485854745 ], [ 80.827529298276801, 8.596293607584192 ], [ 80.827736403397012, 8.596125549704306 ], [ 80.827906370176649, 8.595920770585161 ], [ 80.82803266688768, 8.595687139773466 ], [ 80.828110440018321, 8.595433635570291 ], [ 80.828136700790793, 8.59517 ], [ 80.828110440018321, 8.594906364429708 ], [ 80.82803266688768, 8.594652860226534 ], [ 80.827906370176649, 8.594419229414838 ], [ 80.827736403397012, 8.594214450295693 ], [ 80.827529298276801, 8.594046392415807 ], [ 80.827293013749639, 8.593921514145254 ], [ 80.827036630097368, 8.593844614485942 ], [ 80.82677, 8.593818648648648 ], [ 80.826503369902625, 8.593844614485942 ], [ 80.826246986250354, 8.593921514145254 ], [ 80.826010701723192, 8.594046392415807 ], [ 80.825803596602981, 8.594214450295693 ], [ 80.825633629823344, 8.594419229414838 ], [ 80.825507333112313, 8.594652860226534 ], [ 80.825429559981671, 8.594906364429708 ], [ 80.825403299209199, 8.59517 ], [ 80.825429559981671, 8.595433635570291 ], [ 80.825507333112313, 8.595687139773466 ], [ 80.825633629823344, 8.595920770585161 ], [ 80.825803596602981, 8.596125549704306 ], [ 80.826010701723192, 8.596293607584192 ], [ 80.826246986250354, 8.596418485854745 ], [ 80.826503369902625, 8.596495385514057 ], [ 80.82677, 8.596521351351351 ] ] ] } },
{ "type": "Feature", "properties": { "latitude": 9.00123, "longitude": 80.77132, "brightness": 336.29, "scan": 0.49, "track": 0.48, "acq_date": "2026-08-31T00:00:00", "acq_time": 828, "satellite": "N20", "instrument": "VIIRS", "confidence": "n", "version": "2.0NRT", "brightness_bg": 303.31, "frp": 2.96, "daynight": "D", "source_left": "VIIRS_NOAA20_NRT", "cross_source_count": 1, "state": "Tamil Nadu", "zone_type": "none", "source_right": "curated_research", "osm_id": "", "nearest_zone_dist_m": 172995.91344675468, "is_industrial": false, "facility_type": "none", "zone_name": "Cauvery Delta Rice (TN)", "temperature": 27.2, "humidity": 77, "wind_speed": 15.5, "wind_direction": 205, "aqi": 21, "persistence": 0.0, "ai_classification": "Natural Anomaly", "ai_confidence": 100.0, "spread_speed_kmh": 0.98, "risk_level": "Moderate (Spreading)", "mitigation_strategy": "Monitor" }, "geometry": { "type": "Polygon", "coordinates": [ [ [ 80.776534578847574, 9.01227490355776 ], [ 80.776722290510193, 9.012068284658927 ], [ 80.776811096790041, 9.011670535649834 ], [ 80.776798299353246, 9.01109374193285 ], [ 80.776684287043452, 9.010355429093194 ], [ 80.776472524066989, 9.009478030392895 ], [ 80.776169444734762, 9.008488205147478 ], [ 80.77578425795889, 9.007416028696145 ], [ 80.775328667444654, 9.006294078577826 ], [ 80.774816516079284, 9.00515644467913 ], [ 80.774263365322881, 9.0040376934304 ], [ 80.773686022381227, 9.00297181752221 ], [ 80.773102029527493, 9.001991203054677 ], [ 80.772529131089001, 9.001125645502176 ], [ 80.771984734294918, 9.000401444392951 ], [ 80.771485380366357, 8.99984060421124 ], [ 80.771046241919734, 8.999460165802164 ], [ 80.770680661954543, 8.999271688594275 ], [ 80.770399748433036, 8.99928089937216 ], [ 80.770212036770417, 8.999487518270993 ], [ 80.770123230490569, 8.999885267280085 ], [ 80.770136027927364, 9.000462060997069 ], [ 80.770250040237158, 9.001200373836726 ], [ 80.770461803213621, 9.002077772537024 ], [ 80.770764882545848, 9.003067597782442 ], [ 80.77115006932172, 9.004139774233774 ], [ 80.771605659835956, 9.005261724352094 ], [ 80.772117811201326, 9.006399358250789 ], [ 80.772670961957729, 9.00751810949952 ], [ 80.773248304899383, 9.008583985407709 ], [ 80.773832297753117, 9.009564599875242 ], [ 80.774405196191609, 9.010430157427743 ], [ 80.774949592985692, 9.011154358536968 ], [ 80.775448946914253, 9.011715198718679 ], [ 80.775888085360876, 9.012095637127755 ], [ 80.776253665326067, 9.012284114335644 ], [ 80.776534578847574, 9.01227490355776 ] ] ] } },
{ "type": "Feature", "properties": { "latitude": 9.14675, "longitude": 80.68382, "brightness": 341.12, "scan": 0.48, "track": 0.48, "acq_date": "2026-08-31T00:00:00", "acq_time": 828, "satellite": "N20", "instrument": "VIIRS", "confidence": "n", "version": "2.0NRT", "brightness_bg": 305.98, "frp": 7.74, "daynight": "D", "source_left": "VIIRS_NOAA20_NRT", "cross_source_count": 1, "state": "Tamil Nadu", "zone_type": "none", "source_right": "curated_research", "osm_id": "", "nearest_zone_dist_m": 154318.21873473076, "is_industrial": false, "facility_type": "none", "zone_name": "Cauvery Delta Rice (TN)", "temperature": 27.3, "humidity": 76, "wind_speed": 16.3, "wind_direction": 198, "aqi": 21, "persistence": 0.0, "ai_classification": "Agricultural Burn", "ai_confidence": 100.0, "spread_speed_kmh": 1.38, "risk_level": "Low (Agricultural Hazard)", "mitigation_strategy": "Issue Local Admin Warning" }, "geometry": { "type": "Polygon", "coordinates": [ [ [ 80.68792164665976, 9.159212948756256 ], [ 80.68813907134826, 9.159020067572509 ], [ 80.688276579580858, 9.158610293814515 ], [ 80.688329993239492, 9.157996078250555 ], [ 80.68829768937718, 9.15719608350973 ], [ 80.688180649530437, 9.156234617027424 ], [ 80.687982429895769, 9.155140892476178 ], [ 80.687709053276478, 9.15394814212303 ], [ 80.687368826082803, 9.152692607083896 ], [ 80.686972085945854, 9.151412436155614 ], [ 80.686530887613955, 9.150146526684038 ], [ 80.686058636675142, 9.148933342687883 ], [ 80.685569682235226, 9.147809746148969 ], [ 80.685078880927435, 9.146809876979567 ], [ 80.684601145501162, 9.145964115698428 ], [ 80.684150991705579, 9.145298160334105 ], [ 80.683742097235992, 9.144832245603356 ], [ 80.683386886143921, 9.144580528089504 ], [ 80.683096151338674, 9.144550656101838 ], [ 80.682878726650173, 9.144743537285585 ], [ 80.682741218417576, 9.145153311043579 ], [ 80.682687804758942, 9.145767526607539 ], [ 80.682720108621254, 9.146567521348365 ], [ 80.682837148467996, 9.14752898783067 ], [ 80.683035368102665, 9.148622712381917 ], [ 80.683308744721955, 9.149815462735065 ], [ 80.68364897191563, 9.151070997774198 ], [ 80.68404571205258, 9.152351168702481 ], [ 80.684486910384479, 9.153617078174056 ], [ 80.684959161323292, 9.154830262170211 ], [ 80.685448115763208, 9.155953858709125 ], [ 80.685938917070999, 9.156953727878527 ], [ 80.686416652497272, 9.157799489159666 ], [ 80.686866806292855, 9.158465444523989 ], [ 80.687275700762441, 9.158931359254739 ], [ 80.687630911854512, 9.15918307676859 ], [ 80.68792164665976, 9.159212948756256 ] ] ] } },
{ "type": "Feature", "properties": { "latitude": 8.97628, "longitude": 80.38439, "brightness": 341.82, "scan": 0.46, "track": 0.47, "acq_date": "2026-08-31T00:00:00", "acq_time": 828, "satellite": "N20", "instrument": "VIIRS", "confidence": "n", "version": "2.0NRT", "brightness_bg": 303.0, "frp": 6.5, "daynight": "D", "source_left": "VIIRS_NOAA20_NRT", "cross_source_count": 1, "state": "Tamil Nadu", "zone_type": "none", "source_right": "curated_research", "osm_id": "", "nearest_zone_dist_m": 154005.63622502616, "is_industrial": false, "facility_type": "none", "zone_name": "Cauvery Delta Rice (TN)", "temperature": 26.9, "humidity": 79, "wind_speed": 15.2, "wind_direction": 196, "aqi": 19, "persistence": 0.0, "ai_classification": "Natural Anomaly", "ai_confidence": 100.0, "spread_speed_kmh": 1.22, "risk_level": "Moderate (Spreading)", "mitigation_strategy": "Monitor" }, "geometry": { "type": "Polygon", "coordinates": [ [ [ 80.387832584720897, 8.988138591921919 ], [ 80.38805730759394, 8.987960254395723 ], [ 80.388213671920511, 8.987575384203366 ], [ 80.388296926649659, 8.986995675430885 ], [ 80.388304542128566, 8.986238742235987 ], [ 80.388236286964755, 8.985327583650774 ], [ 80.388094235056855, 8.984289884767787 ], [ 80.3878827025802, 8.983157175542486 ], [ 80.387608116842046, 8.981963872771502 ], [ 80.387278820991099, 8.98074623435569 ], [ 80.38690482051517, 8.979541257622163 ], [ 80.386497479229448, 8.978385555179219 ], [ 80.386069173992794, 8.977314242460775 ], [ 80.385632918643083, 8.976359870761669 ], [ 80.385201968578372, 8.975551438183043 ], [ 80.384789417998277, 8.974913508539712 ], [ 80.384407802043441, 8.974465465001083 ], [ 80.384068715921529, 8.974220921143353 ], [ 80.383782462592777, 8.974187307307895 ], [ 80.383557739719734, 8.974365644834091 ], [ 80.383401375393163, 8.974750515026448 ], [ 80.383318120664015, 8.975330223798929 ], [ 80.383310505185108, 8.976087156993827 ], [ 80.383378760348918, 8.97699831557904 ], [ 80.383520812256819, 8.978036014462027 ], [ 80.383732344733474, 8.979168723687328 ], [ 80.384006930471628, 8.980362026458312 ], [ 80.384336226322574, 8.981579664874124 ], [ 80.384710226798504, 8.982784641607651 ], [ 80.385117568084226, 8.983940344050595 ], [ 80.385545873320879, 8.985011656769039 ], [ 80.385982128670591, 8.985966028468145 ], [ 80.386413078735302, 8.986774461046771 ], [ 80.386825629315396, 8.987412390690102 ], [ 80.387207245270233, 8.987860434228731 ], [ 80.387546331392144, 8.988104978086461 ], [ 80.387832584720897, 8.988138591921919 ] ] ] } },
{ "type": "Feature", "properties": { "latitude": 9.09946, "longitude": 77.59773, "brightness": 340.97, "scan": 0.47, "track": 0.4, "acq_date": "2026-08-31T00:00:00", "acq_time": 828, "satellite": "N20", "instrument": "VIIRS", "confidence": "n", "version": "2.0NRT", "brightness_bg": 309.36, "frp": 6.5, "daynight": "D", "source_left": "VIIRS_NOAA20_NRT", "cross_source_count": 1, "state": "Tamil Nadu", "zone_type": "none", "source_right": "curated_research", "osm_id": "", "nearest_zone_dist_m": 35677.503618218521, "is_industrial": false, "facility_type": "none", "zone_name": "Gulf of Mannar NP (Tamil Nadu)", "temperature": 27.3, "humidity": 69, "wind_speed": 18.1, "wind_direction": 257, "aqi": 15, "persistence": 0.0, "ai_classification": "Natural Anomaly", "ai_confidence": 100.0, "spread_speed_kmh": 1.36, "risk_level": "Moderate (Spreading)", "mitigation_strategy": "Monitor" }, "geometry": { "type": "Polygon", "coordinates": [ [ [ 77.612094916585718, 9.102734659109563 ], [ 77.612027856257953, 9.102443159517243 ], [ 77.611706085642595, 9.102101988251363 ], [ 77.611139381576947, 9.10172151162819 ], [ 77.610344963077296, 9.101313290237396 ], [ 77.609346968147747, 9.100889727679364 ], [ 77.608175720359228, 9.100463693688091 ], [ 77.606866807483115, 9.100048133090818 ], [ 77.605460000174801, 9.099655672486007 ], [ 77.603998043562484, 9.099298236590542 ], [ 77.602525358458038, 9.098986685913236 ], [ 77.601086691653137, 9.098730486763763 ], [ 77.599725756310661, 9.098537423623643 ], [ 77.598483903762315, 9.09841336261869 ], [ 77.597398867069373, 9.098362073279761 ], [ 77.596503614522689, 9.098385114007465 ], [ 77.595825347917895, 9.098481784720954 ], [ 77.595384676042542, 9.098649148129514 ], [ 77.595194988488586, 9.098882118980667 ], [ 77.595262048816352, 9.099173618572987 ], [ 77.59558381943171, 9.099514789838867 ], [ 77.596150523497357, 9.09989526646204 ], [ 77.596944941997009, 9.100303487852834 ], [ 77.597942936926557, 9.100727050410866 ], [ 77.599114184715077, 9.101153084402139 ], [ 77.60042309759119, 9.101568644999412 ], [ 77.601829904899503, 9.101961105604223 ], [ 77.603291861511821, 9.102318541499688 ], [ 77.604764546616266, 9.102630092176994 ], [ 77.606203213421168, 9.102886291326467 ], [ 77.607564148763643, 9.103079354466587 ], [ 77.60880600131199, 9.10320341547154 ], [ 77.609891038004932, 9.103254704810469 ], [ 77.610786290551616, 9.103231664082765 ], [ 77.61146455715641, 9.103134993369276 ], [ 77.611905229031763, 9.102967629960716 ], [ 77.612094916585718, 9.102734659109563 ] ] ] } },
{ "type": "Feature", "properties": { "latitude": 9.10032, "longitude": 78.18219, "brightness": 340.05, "scan": 0.51, "track": 0.41, "acq_date": "2026-08-31T00:00:00", "acq_time": 828, "satellite": "N20", "instrument": "VIIRS", "confidence": "n", "version": "2.0NRT", "brightness_bg": 305.68, "frp": 12.25, "daynight": "D", "source_left": "VIIRS_NOAA20_NRT", "cross_source_count": 1, "state": "Tamil Nadu", "zone_type": "parks", "source_right": "curated_research", "osm_id": "", "nearest_zone_dist_m": 0.0, "is_industrial": false, "facility_type": "protected_area", "zone_name": "Gulf of Mannar NP (Tamil Nadu)", "temperature": 28.6, "humidity": 65, "wind_speed": 15.7, "wind_direction": 267, "aqi": 18, "persistence": 0.0, "ai_classification": "Wildfire", "ai_confidence": 100.0, "spread_speed_kmh": 2.43, "risk_level": "Moderate (Spreading)", "mitigation_strategy": "Establish Firebreak" }, "geometry": { "type": "Polygon", "coordinates": [ [ [ 78.195677306600828, 9.101017942411058 ], [ 78.195571435758112, 9.100735495480775 ], [ 78.19522771991106, 9.100449156071081 ], [ 78.194656602691751, 9.100167624460045 ], [ 78.193875437207907, 9.099899454843211 ], [ 78.192907958777468, 9.099652795418681 ], [ 78.191783563742959, 9.099435140808255 ], [ 78.190536416278547, 9.099253104337132 ], [ 78.189204410328855, 9.099112217091374 ], [ 78.187828018220614, 9.09901675985865 ], [ 78.186449060931565, 9.098969633058672 ], [ 78.185109437381129, 9.098972268615411 ], [ 78.183849851353031, 9.099024586448808 ], [ 78.182708574731336, 9.099124996907971 ], [ 78.181720284628696, 9.099270449071906 ], [ 78.180915009739749, 9.099456523450216 ], [ 78.180317217934544, 9.099677566267074 ], [ 78.179945072814562, 9.099926861248344 ], [ 78.179809881820972, 9.100196833692166 ], [ 78.179915752663689, 9.10047928062245 ], [ 78.180259468510741, 9.100765620032144 ], [ 78.18083058573005, 9.101047151643179 ], [ 78.181611751213893, 9.101315321260014 ], [ 78.182579229644332, 9.101561980684544 ], [ 78.183703624678841, 9.101779635294969 ], [ 78.184950772143253, 9.101961671766093 ], [ 78.186282778092945, 9.102102559011851 ], [ 78.187659170201186, 9.102198016244575 ], [ 78.189038127490235, 9.102245143044552 ], [ 78.190377751040671, 9.102242507487814 ], [ 78.191637337068769, 9.102190189654417 ], [ 78.192778613690464, 9.102089779195254 ], [ 78.193766903793104, 9.101944327031319 ], [ 78.194572178682051, 9.101758252653008 ], [ 78.195169970487257, 9.101537209836151 ], [ 78.195542115607239, 9.101287914854881 ], [ 78.195677306600828, 9.101017942411058 ] ] ] } },
{ "type": "Feature", "properties": { "latitude": 9.17064, "longitude": 80.13245, "brightness": 337.12, "scan": 0.45, "track": 0.47, "acq_date": "2026-08-31T00:00:00", "acq_time": 828, "satellite": "N20", "instrument": "VIIRS", "confidence": "n", "version": "2.0NRT", "brightness_bg": 301.83, "frp": 7.29, "daynight": "D", "source_left": "VIIRS_NOAA20_NRT", "cross_source_count": 1, "state": "Tamil Nadu", "zone_type": "none", "source_right": "curated_research", "osm_id": "", "nearest_zone_dist_m": 123281.02911406377, "is_industrial": false, "facility_type": "none", "zone_name": "Cauvery Delta Rice (TN)", "temperature": 27.3, "humidity": 78, "wind_speed": 16.4, "wind_direction": 184, "aqi": 22, "persistence": 0.0, "ai_classification": "Routine Industrial Heat", "ai_confidence": 100.0, "spread_speed_kmh": 0.0, "risk_level": "Low (Routine Operation)", "mitigation_strategy": "Log & Monitor — No Action Required" }, "geometry": { "type": "Polygon", "coordinates": [ [ [ 80.13245, 9.171991351351352 ], [ 80.132717048973404, 9.171965385514058 ], [ 80.132973835404528, 9.171888485854746 ], [ 80.133210491134818, 9.171763607584193 ], [ 80.13341792161728, 9.171595549704307 ], [ 80.133588155414813, 9.171390770585162 ], [ 80.133714650538039, 9.171157139773467 ], [ 80.133792545850312, 9.170903635570292 ], [ 80.133818847878473, 9.17064 ], [ 80.133792545850312, 9.170376364429709 ], [ 80.133714650538039, 9.170122860226535 ], [ 80.133588155414813, 9.169889229414839 ], [ 80.13341792161728, 9.169684450295694 ], [ 80.133210491134818, 9.169516392415808 ], [ 80.132973835404528, 9.169391514145255 ], [ 80.132717048973404, 9.169314614485943 ], [ 80.13245, 9.169288648648649 ], [ 80.132182951026607, 9.169314614485943 ], [ 80.131926164595484, 9.169391514145255 ], [ 80.131689508865193, 9.169516392415808 ], [ 80.131482078382732, 9.169684450295694 ], [ 80.131311844585198, 9.169889229414839 ], [ 80.131185349461973, 9.170122860226535 ], [ 80.131107454149699, 9.170376364429709 ], [ 80.131081152121538, 9.17064 ], [ 80.131107454149699, 9.170903635570292 ], [ 80.131185349461973, 9.171157139773467 ], [ 80.131311844585198, 9.171390770585162 ], [ 80.131482078382732, 9.171595549704307 ], [ 80.131689508865193, 9.171763607584193 ], [ 80.131926164595484, 9.171888485854746 ], [ 80.132182951026607, 9.171965385514058 ], [ 80.13245, 9.171991351351352 ] ] ] } },
{ "type": "Feature", "properties": { "latitude": 9.38395, "longitude": 80.45099, "brightness": 341.9, "scan": 0.47, "track": 0.48, "acq_date": "2026-08-31T00:00:00", "acq_time": 828, "satellite": "N20", "instrument": "VIIRS", "confidence": "n", "version": "2.0NRT", "brightness_bg": 303.09, "frp": 6.92, "daynight": "D", "source_left": "VIIRS_NOAA20_NRT", "cross_source_count": 1, "state": "Tamil Nadu", "zone_type": "none", "source_right": "curated_research", "osm_id": "", "nearest_zone_dist_m": 118192.67816356948, "is_industrial": false, "facility_type": "none", "zone_name": "Cauvery Delta Rice (TN)", "temperature": 27.5, "humidity": 76, "wind_speed": 18.5, "wind_direction": 190, "aqi": 21, "persistence": 0.0, "ai_classification": "Routine Industrial Heat", "ai_confidence": 100.0, "spread_speed_kmh": 0.0, "risk_level": "Low (Routine Operation)", "mitigation_strategy": "Log & Monitor — No Action Required" }, "geometry": { "type": "Polygon", "coordinates": [ [ [ 80.45099, 9.385301351351352 ], [ 80.451257211427105, 9.385275385514058 ], [ 80.451514154068931, 9.385198485854746 ], [ 80.45175095376382, 9.385073607584193 ], [ 80.451958510432334, 9.384905549704307 ], [ 80.45212884778806, 9.384700770585162 ], [ 80.45225541986197, 9.384467139773466 ], [ 80.452333362560253, 9.384213635570292 ], [ 80.4523596805887, 9.38395 ], [ 80.452333362560253, 9.383686364429709 ], [ 80.45225541986197, 9.383432860226534 ], [ 80.45212884778806, 9.383199229414839 ], [ 80.451958510432334, 9.382994450295694 ], [ 80.45175095376382, 9.382826392415808 ], [ 80.451514154068931, 9.382701514145255 ], [ 80.451257211427105, 9.382624614485943 ], [ 80.45099, 9.382598648648649 ], [ 80.450722788572904, 9.382624614485943 ], [ 80.450465845931078, 9.382701514145255 ], [ 80.450229046236188, 9.382826392415808 ], [ 80.450021489567675, 9.382994450295694 ], [ 80.449851152211949, 9.383199229414839 ], [ 80.449724580138039, 9.383432860226534 ], [ 80.449646637439756, 9.383686364429709 ], [ 80.449620319411309, 9.38395 ], [ 80.449646637439756, 9.384213635570292 ], [ 80.449724580138039, 9.384467139773466 ], [ 80.449851152211949, 9.384700770585162 ], [ 80.450021489567675, 9.384905549704307 ], [ 80.450229046236188, 9.385073607584193 ], [ 80.450465845931078, 9.385198485854746 ], [ 80.450722788572904, 9.385275385514058 ], [ 80.45099, 9.385301351351352 ] ] ] } },
{ "type": "Feature", "properties": { "latitude": 9.33502, "longitude": 77.6755, "brightness": 340.82, "scan": 0.48, "track": 0.4, "acq_date": "2026-08-31T00:00:00", "acq_time": 828, "satellite": "N20", "instrument": "VIIRS", "confidence": "n", "version": "2.0NRT", "brightness_bg": 297.84, "frp": 8.25, "daynight": "D", "source_left": "VIIRS_NOAA20_NRT", "cross_source_count": 1, "state": "Kerala", "zone_type": "none", "source_right": "curated_research", "osm_id": "", "nearest_zone_dist_m": 30239.695076892673, "is_industrial": false, "facility_type": "none", "zone_name": "Kerala Western Ghats Forests", "temperature": 29.0, "humidity": 58, "wind_speed": 12.5, "wind_direction": 266, "aqi": 15, "persistence": 0.0, "ai_classification": "Routine Industrial Heat", "ai_confidence": 100.0, "spread_speed_kmh": 0.0, "risk_level": "Low (Routine Operation)", "mitigation_strategy": "Log & Monitor — No Action Required" }, "geometry": { "type": "Polygon", "coordinates": [ [ [ 77.6755, 9.336371351351351 ], [ 77.675767173817945, 9.336345385514058 ], [ 77.676024080295903, 9.336268485854745 ], [ 77.676260846662004, 9.336143607584193 ], [ 77.676468374117562, 9.335975549704306 ], [ 77.676638687498865, 9.335770770585162 ], [ 77.676765241758162, 9.335537139773466 ], [ 77.676843173486247, 9.335283635570292 ], [ 77.676869487810507, 9.33502 ], [ 77.676843173486247, 9.334756364429708 ], [ 77.676765241758162, 9.334502860226534 ], [ 77.676638687498865, 9.334269229414838 ], [ 77.676468374117562, 9.334064450295694 ], [ 77.676260846662004, 9.333896392415808 ], [ 77.676024080295903, 9.333771514145255 ], [ 77.675767173817945, 9.333694614485943 ], [ 77.6755, 9.333668648648649 ], [ 77.675232826182054, 9.333694614485943 ], [ 77.674975919704096, 9.333771514145255 ], [ 77.674739153337995, 9.333896392415808 ], [ 77.674531625882437, 9.334064450295694 ], [ 77.674361312501134, 9.334269229414838 ], [ 77.674234758241838, 9.334502860226534 ], [ 77.674156826513752, 9.334756364429708 ], [ 77.674130512189492, 9.33502 ], [ 77.674156826513752, 9.335283635570292 ], [ 77.674234758241838, 9.335537139773466 ], [ 77.674361312501134, 9.335770770585162 ], [ 77.674531625882437, 9.335975549704306 ], [ 77.674739153337995, 9.336143607584193 ], [ 77.674975919704096, 9.336268485854745 ], [ 77.675232826182054, 9.336345385514058 ], [ 77.6755, 9.336371351351351 ] ] ] } },
{ "type": "Feature", "properties": { "latitude": 9.33629, "longitude": 76.59998, "brightness": 331.62, "scan": 0.43, "track": 0.38, "acq_date": "2026-08-31T00:00:00", "acq_time": 828, "satellite": "N20", "instrument": "VIIRS", "confidence": "n", "version": "2.0NRT", "brightness_bg": 297.35, "frp": 2.3, "daynight": "D", "source_left": "VIIRS_NOAA20_NRT", "cross_source_count": 1, "state": "Kerala", "zone_type": "none", "source_right": "curated_research", "osm_id": "", "nearest_zone_dist_m": 4558.4254203201108, "is_industrial": false, "facility_type": "none", "zone_name": "Kerala Coconut Plantation", "temperature": 24.3, "humidity": 98, "wind_speed": 7.6, "wind_direction": 15, "aqi": 19, "persistence": 0.0, "ai_classification": "Routine Industrial Heat", "ai_confidence": 100.0, "spread_speed_kmh": 0.0, "risk_level": "Low (Routine Operation)", "mitigation_strategy": "Log & Monitor — No Action Required" }, "geometry": { "type": "Polygon", "coordinates": [ [ [ 76.59998, 9.337641351351351 ], [ 76.600247174791519, 9.337615385514058 ], [ 76.600504082205632, 9.337538485854745 ], [ 76.600740849434487, 9.337413607584192 ], [ 76.600948377646262, 9.337245549704306 ], [ 76.601118691648168, 9.337040770585162 ], [ 76.60124524636862, 9.336807139773466 ], [ 76.601323178380696, 9.336553635570292 ], [ 76.60134949280085, 9.33629 ], [ 76.601323178380696, 9.336026364429708 ], [ 76.60124524636862, 9.335772860226534 ], [ 76.601118691648168, 9.335539229414838 ], [ 76.600948377646262, 9.335334450295694 ], [ 76.600740849434487, 9.335166392415807 ], [ 76.600504082205632, 9.335041514145255 ], [ 76.600247174791519, 9.334964614485942 ], [ 76.59998, 9.334938648648649 ], [ 76.599712825208485, 9.334964614485942 ], [ 76.599455917794373, 9.335041514145255 ], [ 76.599219150565517, 9.335166392415807 ], [ 76.599011622353743, 9.335334450295694 ], [ 76.598841308351837, 9.335539229414838 ], [ 76.598714753631384, 9.335772860226534 ], [ 76.598636821619309, 9.336026364429708 ], [ 76.598610507199155, 9.33629 ], [ 76.598636821619309, 9.336553635570292 ], [ 76.598714753631384, 9.336807139773466 ], [ 76.598841308351837, 9.337040770585162 ], [ 76.599011622353743, 9.337245549704306 ], [ 76.599219150565517, 9.337413607584192 ], [ 76.599455917794373, 9.337538485854745 ], [ 76.599712825208485, 9.337615385514058 ], [ 76.59998, 9.337641351351351 ] ] ] } },
{ "type": "Feature", "properties": { "latitude": 9.36466, "longitude": 80.44054, "brightness": 343.81, "scan": 0.47, "track": 0.48, "acq_date": "2026-08-31T00:00:00", "acq_time": 828, "satellite": "N20", "instrument": "VIIRS", "confidence": "n", "version": "2.0NRT", "brightness_bg": 305.66, "frp": 5.75, "daynight": "D", "source_left": "VIIRS_NOAA20_NRT", "cross_source_count": 1, "state": "Tamil Nadu", "zone_type": "none", "source_right": "curated_research", "osm_id": "", "nearest_zone_dist_m": 119360.26871103137, "is_industrial": false, "facility_type": "none", "zone_name": "Cauvery Delta Rice (TN)", "temperature": 27.5, "humidity": 76, "wind_speed": 18.5, "wind_direction": 190, "aqi": 21, "persistence": 0.0, "ai_classification": "Routine Industrial Heat", "ai_confidence": 100.0, "spread_speed_kmh": 0.0, "risk_level": "Low (Routine Operation)", "mitigation_strategy": "Log & Monitor — No Action Required" }, "geometry": { "type": "Polygon", "coordinates": [ [ [ 80.44054, 9.366011351351352 ], [ 80.440807196575662, 9.365985385514058 ], [ 80.441064124936773, 9.365908485854746 ], [ 80.441300911470492, 9.365783607584193 ], [ 80.441508456603131, 9.365615549704307 ], [ 80.441678784491614, 9.365410770585163 ], [ 80.441805349530739, 9.365177139773467 ], [ 80.441883287896999, 9.364923635570293 ], [ 80.441909604462708, 9.36466 ], [ 80.441883287896999, 9.364396364429709 ], [ 80.441805349530739, 9.364142860226535 ], [ 80.441678784491614, 9.363909229414839 ], [ 80.441508456603131, 9.363704450295694 ], [ 80.441300911470492, 9.363536392415808 ], [ 80.441064124936773, 9.363411514145255 ], [ 80.440807196575662, 9.363334614485943 ], [ 80.44054, 9.363308648648649 ], [ 80.440272803424335, 9.363334614485943 ], [ 80.440015875063224, 9.363411514145255 ], [ 80.439779088529505, 9.363536392415808 ], [ 80.439571543396866, 9.363704450295694 ], [ 80.439401215508383, 9.363909229414839 ], [ 80.439274650469258, 9.364142860226535 ], [ 80.439196712102998, 9.364396364429709 ], [ 80.439170395537289, 9.36466 ], [ 80.439196712102998, 9.364923635570293 ], [ 80.439274650469258, 9.365177139773467 ], [ 80.439401215508383, 9.365410770585163 ], [ 80.439571543396866, 9.365615549704307 ], [ 80.439779088529505, 9.365783607584193 ], [ 80.440015875063224, 9.365908485854746 ], [ 80.440272803424335, 9.365985385514058 ], [ 80.44054, 9.366011351351352 ] ] ] } },
{ "type": "Feature", "properties": { "latitude": 9.41398, "longitude": 80.47003, "brightness": 331.51, "scan": 0.47, "track": 0.48, "acq_date": "2026-08-31T00:00:00", "acq_time": 828, "satellite": "N20", "instrument": "VIIRS", "confidence": "n", "version": "2.0NRT", "brightness_bg": 300.22, "frp": 2.38, "daynight": "D", "source_left": "VIIRS_NOAA20_NRT", "cross_source_count": 1, "state": "Tamil Nadu", "zone_type": "none", "source_right": "curated_research", "osm_id": "", "nearest_zone_dist_m": 116626.78207553021, "is_industrial": false, "facility_type": "none", "zone_name": "Cauvery Delta Rice (TN)", "temperature": 27.5, "humidity": 76, "wind_speed": 18.5, "wind_direction": 190, "aqi": 23, "persistence": 0.0, "ai_classification": "Routine Industrial Heat", "ai_confidence": 100.0, "spread_speed_kmh": 0.0, "risk_level": "Low (Routine Operation)", "mitigation_strategy": "Log & Monitor — No Action Required" }, "geometry": { "type": "Polygon", "coordinates": [ [ [ 80.47003, 9.415331351351352 ], [ 80.470297234610882, 9.415305385514058 ], [ 80.470554199545546, 9.415228485854746 ], [ 80.470791019785636, 9.415103607584193 ], [ 80.470998594462159, 9.414935549704307 ], [ 80.471168946596691, 9.414730770585162 ], [ 80.471295529652238, 9.414497139773466 ], [ 80.47137347911297, 9.414243635570292 ], [ 80.47139979942483, 9.41398 ], [ 80.47137347911297, 9.413716364429709 ], [ 80.471295529652238, 9.413462860226534 ], [ 80.471168946596691, 9.413229229414839 ], [ 80.470998594462159, 9.413024450295694 ], [ 80.470791019785636, 9.412856392415808 ], [ 80.470554199545546, 9.412731514145255 ], [ 80.470297234610882, 9.412654614485943 ], [ 80.47003, 9.412628648648649 ], [ 80.469762765389106, 9.412654614485943 ], [ 80.469505800454442, 9.412731514145255 ], [ 80.469268980214352, 9.412856392415808 ], [ 80.469061405537829, 9.413024450295694 ], [ 80.468891053403297, 9.413229229414839 ], [ 80.46876447034775, 9.413462860226534 ], [ 80.468686520887019, 9.413716364429709 ], [ 80.468660200575158, 9.41398 ], [ 80.468686520887019, 9.414243635570292 ], [ 80.46876447034775, 9.414497139773466 ], [ 80.468891053403297, 9.414730770585162 ], [ 80.469061405537829, 9.414935549704307 ], [ 80.469268980214352, 9.415103607584193 ], [ 80.469505800454442, 9.415228485854746 ], [ 80.469762765389106, 9.415305385514058 ], [ 80.47003, 9.415331351351352 ] ] ] } },
{ "type": "Feature", "properties": { "latitude": 9.30984, "longitude": 80.43034, "brightness": 335.04, "scan": 0.47, "track": 0.48, "acq_date": "2026-08-31T00:00:00", "acq_time": 828, "satellite": "N20", "instrument": "VIIRS", "confidence": "n", "version": "2.0NRT", "brightness_bg": 299.73, "frp": 3.09, "daynight": "D", "source_left": "VIIRS_NOAA20_NRT", "cross_source_count": 1, "state": "Tamil Nadu", "zone_type": "none", "source_right": "curated_research", "osm_id": "", "nearest_zone_dist_m": 123949.01085203541, "is_industrial": false, "facility_type": "none", "zone_name": "Cauvery Delta Rice (TN)", "temperature": 27.1, "humidity": 78, "wind_speed": 16.9, "wind_direction": 191, "aqi": 21, "persistence": 0.0, "ai_classification": "Wildfire", "ai_confidence": 100.0, "spread_speed_kmh": 1.91, "risk_level": "Moderate (Spreading)", "mitigation_strategy": "Establish Firebreak" }, "geometry": { "type": "Polygon", "coordinates": [ [ [ 80.432906380154421, 9.322868854614279 ], [ 80.43314155623554, 9.32270291067759 ], [ 80.433323716813192, 9.322309141125482 ], [ 80.433447327030393, 9.321699510446541 ], [ 80.433508631053229, 9.320892541960456 ], [ 80.433505766190009, 9.319912754996334 ], [ 80.433438819488146, 9.318789919885281 ], [ 80.433309825089282, 9.317558153403967 ], [ 80.433122702422978, 9.316254882153618 ], [ 80.432883137116733, 9.314919705371695 ], [ 80.432598408241176, 9.313593191729082 ], [ 80.432277167139105, 9.312315646671559 ], [ 80.431929174558846, 9.311125887759234 ], [ 80.431565004078863, 9.310060065214609 ], [ 80.431195720834893, 9.309150563516368 ], [ 80.430832545311461, 9.308425017413386 ], [ 80.430486512413069, 9.307905472256857 ], [ 80.430168136174217, 9.307607714163458 ], [ 80.429887090295821, 9.307540790362184 ], [ 80.429651914214702, 9.307706734298874 ], [ 80.429469753637051, 9.308100503850982 ], [ 80.429346143419849, 9.308710134529923 ], [ 80.429284839397013, 9.309517103016008 ], [ 80.429287704260233, 9.310496889980129 ], [ 80.429354650962097, 9.311619725091182 ], [ 80.429483645360961, 9.312851491572497 ], [ 80.429670768027265, 9.314154762822845 ], [ 80.42991033333351, 9.315489939604769 ], [ 80.430195062209066, 9.316816453247382 ], [ 80.430516303311137, 9.318093998304905 ], [ 80.430864295891396, 9.31928375721723 ], [ 80.43122846637138, 9.320349579761855 ], [ 80.431597749615349, 9.321259081460095 ], [ 80.431960925138782, 9.321984627563078 ], [ 80.432306958037174, 9.322504172719606 ], [ 80.432625334276025, 9.322801930813005 ], [ 80.432906380154421, 9.322868854614279 ] ] ] } },
{ "type": "Feature", "properties": { "latitude": 8.91393, "longitude": 80.42594, "brightness": 347.9, "scan": 0.46, "track": 0.47, "acq_date": "2026-08-31T00:00:00", "acq_time": 828, "satellite": "N20", "instrument": "VIIRS", "confidence": "n", "version": "2.0NRT", "brightness_bg": 304.41, "frp": 18.93, "daynight": "D", "source_left": "VIIRS_NOAA20_NRT", "cross_source_count": 1, "state": "Tamil Nadu", "zone_type": "none", "source_right": "curated_research", "osm_id": "", "nearest_zone_dist_m": 162183.86652893669, "is_industrial": false, "facility_type": "none", "zone_name": "Cauvery Delta Rice (TN)", "temperature": 26.8, "humidity": 79, "wind_speed": 16.7, "wind_direction": 205, "aqi": 19, "persistence": 0.0, "ai_classification": "Routine Industrial Heat", "ai_confidence": 100.0, "spread_speed_kmh": 0.0, "risk_level": "Low (Routine Operation)", "mitigation_strategy": "Log & Monitor — No Action Required" }, "geometry": { "type": "Polygon", "coordinates": [ [ [ 80.42594, 8.915281351351352 ], [ 80.426206858629385, 8.915255385514058 ], [ 80.426463462031293, 8.915178485854746 ], [ 80.426699949080913, 8.915053607584193 ], [ 80.426907231713528, 8.914885549704307 ], [ 80.427077344173824, 8.914680770585163 ], [ 80.427203749135359, 8.914447139773467 ], [ 80.427281588926334, 8.914193635570292 ], [ 80.427307872207237, 8.91393 ], [ 80.427281588926334, 8.913666364429709 ], [ 80.427203749135359, 8.913412860226535 ], [ 80.427077344173824, 8.913179229414839 ], [ 80.426907231713528, 8.912974450295694 ], [ 80.426699949080913, 8.912806392415808 ], [ 80.426463462031293, 8.912681514145255 ], [ 80.426206858629385, 8.912604614485943 ], [ 80.42594, 8.912578648648649 ], [ 80.425673141370609, 8.912604614485943 ], [ 80.425416537968701, 8.912681514145255 ], [ 80.425180050919082, 8.912806392415808 ], [ 80.424972768286466, 8.912974450295694 ], [ 80.42480265582617, 8.913179229414839 ], [ 80.424676250864636, 8.913412860226535 ], [ 80.42459841107366, 8.913666364429709 ], [ 80.424572127792757, 8.91393 ], [ 80.42459841107366, 8.914193635570292 ], [ 80.424676250864636, 8.914447139773467 ], [ 80.42480265582617, 8.914680770585163 ], [ 80.424972768286466, 8.914885549704307 ], [ 80.425180050919082, 8.915053607584193 ], [ 80.425416537968701, 8.915178485854746 ], [ 80.425673141370609, 8.915255385514058 ], [ 80.42594, 8.915281351351352 ] ] ] } },
{ "type": "Feature", "properties": { "latitude": 8.90025, "longitude": 80.48766, "brightness": 349.11, "scan": 0.47, "track": 0.47, "acq_date": "2026-08-31T00:00:00", "acq_time": 828, "satellite": "N20", "instrument": "VIIRS", "confidence": "n", "version": "2.0NRT", "brightness_bg": 304.52, "frp": 5.05, "daynight": "D", "source_left": "VIIRS_NOAA20_NRT", "cross_source_count": 1, "state": "Tamil Nadu", "zone_type": "none", "source_right": "curated_research", "osm_id": "", "nearest_zone_dist_m": 166502.93746469237, "is_industrial": false, "facility_type": "none", "zone_name": "Cauvery Delta Rice (TN)", "temperature": 26.7, "humidity": 79, "wind_speed": 17.6, "wind_direction": 207, "aqi": 19, "persistence": 0.0, "ai_classification": "Natural Anomaly", "ai_confidence": 100.0, "spread_speed_kmh": 1.23, "risk_level": "Moderate (Spreading)", "mitigation_strategy": "Monitor" }, "geometry": { "type": "Polygon", "coordinates": [ [ [ 80.49410205576541, 8.912740908083395 ], [ 80.494283645319143, 8.912508892459872 ], [ 80.494344576343849, 8.912060673618717 ], [ 80.494282997481193, 8.911409870462608 ], [ 80.494100779773731, 8.910576257316123 ], [ 80.493803459814316, 8.90958516309289 ], [ 80.493400071519446, 8.908466701689361 ], [ 80.49290287163835, 8.907254856989317 ], [ 80.492326967337817, 8.905986450280743 ], [ 80.491689857178585, 8.904700021459634 ], [ 80.491010899430478, 8.903434658014758 ], [ 80.490310723881066, 8.90222880737408 ], [ 80.489610605010142, 8.901119108699129 ], [ 80.488931815575313, 8.900139279622607 ], [ 80.48829498025006, 8.899319091755189 ], [ 80.487719448953499, 8.898683466090189 ], [ 80.487222708912853, 8.898251715791796 ], [ 80.486819853322871, 8.898036959374354 ], [ 80.486523122746803, 8.89804572210293 ], [ 80.48634153319307, 8.898277737726453 ], [ 80.486280602168364, 8.898725956567608 ], [ 80.48634218103102, 8.899376759723717 ], [ 80.486524398738482, 8.900210372870202 ], [ 80.486821718697897, 8.901201467093435 ], [ 80.487225106992767, 8.902319928496963 ], [ 80.487722306873863, 8.903531773197008 ], [ 80.488298211174396, 8.904800179905582 ], [ 80.488935321333628, 8.906086608726691 ], [ 80.489614279081735, 8.907351972171567 ], [ 80.490314454631147, 8.908557822812245 ], [ 80.491014573502071, 8.909667521487195 ], [ 80.4916933629369, 8.910647350563718 ], [ 80.492330198262152, 8.911467538431136 ], [ 80.492905729558714, 8.912103164096136 ], [ 80.49340246959936, 8.912534914394529 ], [ 80.493805325189342, 8.912749670811971 ], [ 80.49410205576541, 8.912740908083395 ] ] ] } },
{ "type": "Feature", "properties": { "latitude": 9.43492, "longitude": 77.46063, "brightness": 336.91, "scan": 0.47, "track": 0.4, "acq_date": "2026-08-31T00:00:00", "acq_time": 828, "satellite": "N20", "instrument": "VIIRS", "confidence": "n", "version": "2.0NRT", "brightness_bg": 306.59, "frp": 2.32, "daynight": "D", "source_left": "VIIRS_NOAA20_NRT", "cross_source_count": 1, "state": "Kerala", "zone_type": "none", "source_right": "curated_research", "osm_id": "", "nearest_zone_dist_m": 4698.8665879639011, "is_industrial": false, "facility_type": "none", "zone_name": "Kerala Western Ghats Forests", "temperature": 27.8, "humidity": 63, "wind_speed": 10.3, "wind_direction": 289, "aqi": 15, "persistence": 0.0, "ai_classification": "Agricultural Burn", "ai_confidence": 100.0, "spread_speed_kmh": 0.85, "risk_level": "Low (Agricultural Hazard)", "mitigation_strategy": "Issue Local Admin Warning" }, "geometry": { "type": "Polygon", "coordinates": [ [ [ 77.468368720776255, 9.432291386185284 ], [ 77.468223427649065, 9.432096754733063 ], [ 77.467944233408915, 9.431955018882922 ], [ 77.467539621231523, 9.431870485206945 ], [ 77.467021885053143, 9.431845722218101 ], [ 77.466406756025563, 9.431881482327277 ], [ 77.465712924533037, 9.43197667898165 ], [ 77.464961472294348, 9.432128419679048 ], [ 77.464175231805527, 9.432332093855164 ], [ 77.463378092585955, 9.432581512973224 ], [ 77.462594275307481, 9.432869098559536 ], [ 77.461847595861443, 9.433186112471585 ], [ 77.461160741724996, 9.433522922402071 ], [ 77.460554582613497, 9.433869294551689 ], [ 77.460047536364826, 9.434214704577947 ], [ 77.45965500932266, 9.434548657371984 ], [ 77.459388928222552, 9.434861005947138 ], [ 77.459257377804093, 9.435142259750013 ], [ 77.459264355160172, 9.435383873026126 ], [ 77.459409648287362, 9.435578504478347 ], [ 77.459688842527513, 9.435720240328488 ], [ 77.460093454704904, 9.435804774004465 ], [ 77.460611190883284, 9.435829536993309 ], [ 77.461226319910864, 9.435793776884132 ], [ 77.46192015140339, 9.43569858022976 ], [ 77.462671603642079, 9.435546839532362 ], [ 77.4634578441309, 9.435343165356246 ], [ 77.464254983350472, 9.435093746238186 ], [ 77.465038800628946, 9.434806160651874 ], [ 77.465785480074985, 9.434489146739825 ], [ 77.466472334211431, 9.434152336809339 ], [ 77.46707849332293, 9.433805964659721 ], [ 77.467585539571601, 9.433460554633463 ], [ 77.467978066613767, 9.433126601839426 ], [ 77.468244147713875, 9.432814253264272 ], [ 77.468375698132334, 9.432532999461397 ], [ 77.468368720776255, 9.432291386185284 ] ] ] } },
{ "type": "Feature", "properties": { "latitude": 8.64901, "longitude": 80.814, "brightness": 332.32, "scan": 0.49, "track": 0.48, "acq_date": "2026-08-31T00:00:00", "acq_time": 828, "satellite": "N20", "instrument": "VIIRS", "confidence": "n", "version": "2.0NRT", "brightness_bg": 301.8, "frp": 1.84, "daynight": "D", "source_left": "VIIRS_NOAA20_NRT", "cross_source_count": 1, "state": "Tamil Nadu", "zone_type": "none", "source_right": "curated_research", "osm_id": "", "nearest_zone_dist_m": 208303.76345760431, "is_industrial": false, "facility_type": "none", "zone_name": "Cauvery Delta Rice (TN)", "temperature": 27.0, "humidity": 78, "wind_speed": 21.2, "wind_direction": 216, "aqi": 18, "persistence": 0.0, "ai_classification": "Agricultural Burn", "ai_confidence": 100.0, "spread_speed_kmh": 1.71, "risk_level": "Low (Agricultural Hazard)", "mitigation_strategy": "Issue Local Admin Warning" }, "geometry": { "type": "Polygon", "coordinates": [ [ [ 80.823740048775946, 8.662263462170678 ], [ 80.823881235187613, 8.661981090314223 ], [ 80.823844044533701, 8.661470415982867 ], [ 80.823629606833393, 8.660746955757757 ], [ 80.823244437667711, 8.659832691611742 ], [ 80.822700240206828, 8.658755402998262 ], [ 80.822013549615235, 8.6575478227867 ], [ 80.82120523063908, 8.656246642690721 ], [ 80.820299843641408, 8.654891398409111 ], [ 80.819324898348015, 8.653523268353583 ], [ 80.818310017978263, 8.652183822463563 ], [ 80.81728603915866, 8.650913759124631 ], [ 80.816284074967484, 8.649751668568655 ], [ 80.815334569579647, 8.648732860329131 ], [ 80.814466373235888, 8.647888290378877 ], [ 80.813705865642802, 8.647243620548458 ], [ 80.813076154438747, 8.646818438804454 ], [ 80.812596373080012, 8.646625664079002 ], [ 80.812281099480415, 8.646671153734587 ], [ 80.812139913068748, 8.646953525591043 ], [ 80.812177103722661, 8.647464199922398 ], [ 80.812391541422969, 8.648187660147508 ], [ 80.812776710588651, 8.649101924293523 ], [ 80.813320908049533, 8.650179212907004 ], [ 80.814007598641126, 8.651386793118565 ], [ 80.814815917617281, 8.652687973214544 ], [ 80.815721304614954, 8.654043217496154 ], [ 80.816696249908347, 8.655411347551683 ], [ 80.817711130278099, 8.656750793441702 ], [ 80.818735109097702, 8.658020856780634 ], [ 80.819737073288877, 8.65918294733661 ], [ 80.820686578676714, 8.660201755576134 ], [ 80.821554775020473, 8.661046325526389 ], [ 80.822315282613559, 8.661690995356807 ], [ 80.822944993817615, 8.662116177100811 ], [ 80.823424775176349, 8.662308951826263 ], [ 80.823740048775946, 8.662263462170678 ] ] ] } },
{ "type": "Feature", "properties": { "latitude": 8.65062, "longitude": 80.9914, "brightness": 346.12, "scan": 0.5, "track": 0.49, "acq_date": "2026-08-31T00:00:00", "acq_time": 828, "satellite": "N20", "instrument": "VIIRS", "confidence": "n", "version": "2.0NRT", "brightness_bg": 303.27, "frp": 8.52, "daynight": "D", "source_left": "VIIRS_NOAA20_NRT", "cross_source_count": 1, "state": "Tamil Nadu", "zone_type": "none", "source_right": "curated_research", "osm_id": "", "nearest_zone_dist_m": 218629.97355784461, "is_industrial": false, "facility_type": "none", "zone_name": "Cauvery Delta Rice (TN)", "temperature": 26.9, "humidity": 77, "wind_speed": 14.2, "wind_direction": 216, "aqi": 18, "persistence": 0.0, "ai_classification": "Routine Industrial Heat", "ai_confidence": 100.0, "spread_speed_kmh": 0.0, "risk_level": "Low (Routine Operation)", "mitigation_strategy": "Log & Monitor — No Action Required" }, "geometry": { "type": "Polygon", "coordinates": [ [ [ 80.9914, 8.651971351351351 ], [ 80.991666669230696, 8.651945385514058 ], [ 80.991923090512415, 8.651868485854745 ], [ 80.992159409719093, 8.651743607584192 ], [ 80.992366545236152, 8.651575549704306 ], [ 80.992536536961822, 8.651370770585162 ], [ 80.992662852209421, 8.651137139773466 ], [ 80.992740636754846, 8.650883635570292 ], [ 80.9927669013816, 8.65062 ], [ 80.992740636754846, 8.650356364429708 ], [ 80.992662852209421, 8.650102860226534 ], [ 80.992536536961822, 8.649869229414838 ], [ 80.992366545236152, 8.649664450295694 ], [ 80.992159409719093, 8.649496392415807 ], [ 80.991923090512415, 8.649371514145255 ], [ 80.991666669230696, 8.649294614485942 ], [ 80.9914, 8.649268648648649 ], [ 80.991133330769301, 8.649294614485942 ], [ 80.990876909487582, 8.649371514145255 ], [ 80.990640590280904, 8.649496392415807 ], [ 80.990433454763846, 8.649664450295694 ], [ 80.990263463038175, 8.649869229414838 ], [ 80.990137147790577, 8.650102860226534 ], [ 80.990059363245152, 8.650356364429708 ], [ 80.990033098618397, 8.65062 ], [ 80.990059363245152, 8.650883635570292 ], [ 80.990137147790577, 8.651137139773466 ], [ 80.990263463038175, 8.651370770585162 ], [ 80.990433454763846, 8.651575549704306 ], [ 80.990640590280904, 8.651743607584192 ], [ 80.990876909487582, 8.651868485854745 ], [ 80.991133330769301, 8.651945385514058 ], [ 80.9914, 8.651971351351351 ] ] ] } },
{ "type": "Feature", "properties": { "latitude": 8.65821, "longitude": 80.88054, "brightness": 332.53, "scan": 0.49, "track": 0.49, "acq_date": "2026-08-31T00:00:00", "acq_time": 828, "satellite": "N20", "instrument": "VIIRS", "confidence": "n", "version": "2.0NRT", "brightness_bg": 299.8, "frp": 4.07, "daynight": "D", "source_left": "VIIRS_NOAA20_NRT", "cross_source_count": 1, "state": "Tamil Nadu", "zone_type": "none", "source_right": "curated_research", "osm_id": "", "nearest_zone_dist_m": 211222.47014632076, "is_industrial": false, "facility_type": "none", "zone_name": "Cauvery Delta Rice (TN)", "temperature": 27.1, "humidity": 77, "wind_speed": 19.2, "wind_direction": 214, "aqi": 18, "persistence": 0.0, "ai_classification": "Wildfire", "ai_confidence": 100.0, "spread_speed_kmh": 2.2, "risk_level": "Moderate (Spreading)", "mitigation_strategy": "Establish Firebreak" }, "geometry": { "type": "Polygon", "coordinates": [ [ [ 80.889103297708871, 8.67076082968614 ], [ 80.889250358829756, 8.670499576137638 ], [ 80.889239896902538, 8.670021936758367 ], [ 80.889072229807567, 8.66934242437917 ], [ 80.88875245202469, 8.668481685639838 ], [ 80.888290279840035, 8.667465873651411 ], [ 80.887699756121535, 8.66632585334713 ], [ 80.886998823633576, 8.665096263667065 ], [ 80.886208779855124, 8.663814465071441 ], [ 80.885353629866586, 8.662519404361968 ], [ 80.884459356967639, 8.661250431302964 ], [ 80.883553133187817, 8.660046102998702 ], [ 80.882662493678069, 8.658943012355284 ], [ 80.881814500069225, 8.65797467622372 ], [ 80.881034918217992, 8.657170517007367 ], [ 80.880347435324424, 8.65655496867709 ], [ 80.879772940208355, 8.656146734357421 ], [ 80.879328888613188, 8.655958218041585 ], [ 80.87902877282194, 8.655995147702447 ], [ 80.878881711701055, 8.656256401250948 ], [ 80.878892173628273, 8.656734040630219 ], [ 80.879059840723244, 8.657413553009416 ], [ 80.879379618506121, 8.658274291748748 ], [ 80.879841790690776, 8.659290103737176 ], [ 80.880432314409276, 8.660430124041456 ], [ 80.881133246897235, 8.661659713721521 ], [ 80.881923290675687, 8.662941512317145 ], [ 80.882778440664225, 8.664236573026619 ], [ 80.883672713563172, 8.665505546085623 ], [ 80.884578937342994, 8.666709874389884 ], [ 80.885469576852742, 8.667812965033303 ], [ 80.886317570461586, 8.668781301164866 ], [ 80.887097152312819, 8.669585460381219 ], [ 80.887784635206387, 8.670201008711496 ], [ 80.888359130322456, 8.670609243031166 ], [ 80.888803181917623, 8.670797759347002 ], [ 80.889103297708871, 8.67076082968614 ] ] ] } },
{ "type": "Feature", "properties": { "latitude": 8.67534, "longitude": 80.90561, "brightness": 346.08, "scan": 0.49, "track": 0.49, "acq_date": "2026-08-31T00:00:00", "acq_time": 828, "satellite": "N20", "instrument": "VIIRS", "confidence": "n", "version": "2.0NRT", "brightness_bg": 302.55, "frp": 5.1, "daynight": "D", "source_left": "VIIRS_NOAA20_NRT", "cross_source_count": 1, "state": "Tamil Nadu", "zone_type": "none", "source_right": "curated_research", "osm_id": "", "nearest_zone_dist_m": 211107.79551084497, "is_industrial": false, "facility_type": "none", "zone_name": "Cauvery Delta Rice (TN)", "temperature": 27.1, "humidity": 77, "wind_speed": 17.0, "wind_direction": 214, "aqi": 18, "persistence": 0.0, "ai_classification": "Agricultural Burn", "ai_confidence": 100.0, "spread_speed_kmh": 1.41, "risk_level": "Low (Agricultural Hazard)", "mitigation_strategy": "Issue Local Admin Warning" }, "geometry": { "type": "Polygon", "coordinates": [ [ [ 80.913205848986308, 8.686472387477934 ], [ 80.913357072856215, 8.686226805798448 ], [ 80.913367938813494, 8.685789714252696 ], [ 80.913238116701535, 8.685174393646113 ], [ 80.912971551099503, 8.684399540183968 ], [ 80.912576341468352, 8.68348869739661 ], [ 80.912064496052722, 8.682469540781225 ], [ 80.911451567016556, 8.681373036895854 ], [ 80.910756177898477, 8.680232502456196 ], [ 80.909999457744945, 8.679082592024061 ], [ 80.909204399114898, 8.677958245046048 ], [ 80.908395159462501, 8.676893624236136 ], [ 80.907596327125106, 8.675921077558911 ], [ 80.906832174219034, 8.675070155353026 ], [ 80.906125919143676, 8.674366712459122 ], [ 80.905499021102102, 8.673832122633568 ], [ 80.904970528074088, 8.6734826291177 ], [ 80.904556498052855, 8.673328851095146 ], [ 80.904269511131076, 8.673375461033306 ], [ 80.90411828726117, 8.673621042712792 ], [ 80.904107421303891, 8.674058134258544 ], [ 80.904237243415849, 8.674673454865127 ], [ 80.904503809017882, 8.675448308327272 ], [ 80.904899018649033, 8.67635915111463 ], [ 80.905410864064663, 8.677378307730015 ], [ 80.906023793100829, 8.678474811615386 ], [ 80.906719182218907, 8.679615346055044 ], [ 80.90747590237244, 8.680765256487179 ], [ 80.908270961002486, 8.681889603465192 ], [ 80.909080200654884, 8.682954224275104 ], [ 80.909879032992279, 8.683926770952329 ], [ 80.910643185898351, 8.684777693158214 ], [ 80.911349440973709, 8.685481136052118 ], [ 80.911976339015283, 8.686015725877672 ], [ 80.912504832043297, 8.68636521939354 ], [ 80.912918862064529, 8.686518997416094 ], [ 80.913205848986308, 8.686472387477934 ] ] ] } },
{ "type": "Feature", "properties": { "latitude": 8.71115, "longitude": 80.42238, "brightness": 344.82, "scan": 0.46, "track": 0.47, "acq_date": "2026-08-31T00:00:00", "acq_time": 828, "satellite": "N20", "instrument": "VIIRS", "confidence": "n", "version": "2.0NRT", "brightness_bg": 302.92, "frp": 11.1, "daynight": "D", "source_left": "VIIRS_NOAA20_NRT", "cross_source_count": 1, "state": "Tamil Nadu", "zone_type": "none", "source_right": "curated_research", "osm_id": "", "nearest_zone_dist_m": 182366.87715539258, "is_industrial": false, "facility_type": "none", "zone_name": "Cauvery Delta Rice (TN)", "temperature": 27.0, "humidity": 79, "wind_speed": 18.6, "wind_direction": 203, "aqi": 19, "persistence": 0.0, "ai_classification": "Agricultural Burn", "ai_confidence": 100.0, "spread_speed_kmh": 1.6, "risk_level": "Low (Agricultural Hazard)", "mitigation_strategy": "Issue Local Admin Warning" }, "geometry": { "type": "Polygon", "coordinates": [ [ [ 80.428363077625576, 8.725082525116015 ], [ 80.42856443750658, 8.724851096555827 ], [ 80.42865274156074, 8.724377680585066 ], [ 80.428625306714068, 8.723676661708444 ], [ 80.42848296656048, 8.722769340029792 ], [ 80.428230046033534, 8.721683284059193 ], [ 80.427874229995453, 8.720451493057739 ], [ 80.427426329736491, 8.719111394371694 ], [ 80.426899954479381, 8.717703706221512 ], [ 80.426311097869942, 8.71627120049931 ], [ 80.42567765201828, 8.714857403166578 ], [ 80.425018863856053, 8.71350527173985 ], [ 80.42435475032822, 8.712255890048318 ], [ 80.423705490188254, 8.711147219922461 ], [ 80.423090810876985, 8.71021294774304 ], [ 80.422529389114217, 8.709481460897463 ], [ 80.422038283416128, 8.70897498524338 ], [ 80.421632415780863, 8.708708909787251 ], [ 80.42132411829111, 8.708691319097174 ], [ 80.421122758410107, 8.708922747657361 ], [ 80.421034454355947, 8.709396163628123 ], [ 80.421061889202619, 8.710097182504745 ], [ 80.421204229356206, 8.711004504183396 ], [ 80.421457149883153, 8.712090560153996 ], [ 80.421812965921234, 8.713322351155449 ], [ 80.422260866180196, 8.714662449841494 ], [ 80.422787241437305, 8.716070137991677 ], [ 80.423376098046745, 8.717502643713878 ], [ 80.424009543898407, 8.718916441046611 ], [ 80.424668332060634, 8.720268572473339 ], [ 80.425332445588467, 8.721517954164872 ], [ 80.425981705728432, 8.722626624290728 ], [ 80.426596385039701, 8.723560896470149 ], [ 80.42715780680247, 8.724292383315726 ], [ 80.427648912500558, 8.724798858969809 ], [ 80.428054780135824, 8.725064934425937 ], [ 80.428363077625576, 8.725082525116015 ] ] ] } },
{ "type": "Feature", "properties": { "latitude": 8.71157, "longitude": 80.17744, "brightness": 337.48, "scan": 0.44, "track": 0.46, "acq_date": "2026-08-31T00:00:00", "acq_time": 828, "satellite": "N20", "instrument": "VIIRS", "confidence": "n", "version": "2.0NRT", "brightness_bg": 303.0, "frp": 3.47, "daynight": "D", "source_left": "VIIRS_NOAA20_NRT", "cross_source_count": 1, "state": "Tamil Nadu", "zone_type": "none", "source_right": "curated_research", "osm_id": "", "nearest_zone_dist_m": 172829.68411418455, "is_industrial": false, "facility_type": "none", "zone_name": "Cauvery Delta Rice (TN)", "temperature": 27.0, "humidity": 79, "wind_speed": 16.4, "wind_direction": 201, "aqi": 21, "persistence": 0.0, "ai_classification": "Natural Anomaly", "ai_confidence": 100.0, "spread_speed_kmh": 1.06, "risk_level": "Moderate (Spreading)", "mitigation_strategy": "Monitor" }, "geometry": { "type": "Polygon", "coordinates": [ [ [ 80.182128021426024, 8.723641724784581 ], [ 80.182330731343654, 8.723441033752682 ], [ 80.182443491470835, 8.723030679881528 ], [ 80.18246287564817, 8.722423131565852 ], [ 80.182388294897223, 8.721636848853787 ], [ 80.182222015316398, 8.720695722547662 ], [ 80.181969089226598, 8.719628348294053 ], [ 80.181637201659072, 8.718467157719545 ], [ 80.18123643684963, 8.717247433012147 ], [ 80.180778971834201, 8.716006234889885 ], [ 80.180278706455795, 8.71478127652963 ], [ 80.179750841024784, 8.713609777671296 ], [ 80.179211414465186, 8.712527333714888 ], [ 80.178676816980044, 8.711566834172279 ], [ 80.178163292043408, 8.710757463336034 ], [ 80.177686442850657, 8.710123813529451 ], [ 80.177260758223184, 8.709685137881261 ], [ 80.176899172373012, 8.709454765329053 ], [ 80.1766126719032, 8.709439695626251 ], [ 80.17640996198557, 8.709640386658151 ], [ 80.176297201858389, 8.710050740529304 ], [ 80.176277817681054, 8.71065828884498 ], [ 80.176352398432002, 8.711444571557045 ], [ 80.176518678012826, 8.712385697863171 ], [ 80.176771604102626, 8.71345307211678 ], [ 80.177103491670152, 8.714614262691288 ], [ 80.177504256479594, 8.715833987398685 ], [ 80.177961721495024, 8.717075185520947 ], [ 80.17846198687343, 8.718300143881203 ], [ 80.17898985230444, 8.719471642739537 ], [ 80.179529278864038, 8.720554086695945 ], [ 80.18006387634918, 8.721514586238554 ], [ 80.180577401285817, 8.722323957074799 ], [ 80.181054250478567, 8.722957606881382 ], [ 80.18147993510604, 8.723396282529572 ], [ 80.181841520956212, 8.72362665508178 ], [ 80.182128021426024, 8.723641724784581 ] ] ] } },
{ "type": "Feature", "properties": { "latitude": 8.9064, "longitude": 80.43552, "brightness": 343.6, "scan": 0.46, "track": 0.47, "acq_date": "2026-08-31T00:00:00", "acq_time": 828, "satellite": "N20", "instrument": "VIIRS", "confidence": "n", "version": "2.0NRT", "brightness_bg": 305.69, "frp": 7.62, "daynight": "D", "source_left": "VIIRS_NOAA20_NRT", "cross_source_count": 1, "state": "Tamil Nadu", "zone_type": "none", "source_right": "curated_research", "osm_id": "", "nearest_zone_dist_m": 163383.76532238512, "is_industrial": false, "facility_type": "none", "zone_name": "Cauvery Delta Rice (TN)", "temperature": 26.8, "humidity": 79, "wind_speed": 16.7, "wind_direction": 205, "aqi": 19, "persistence": 0.0, "ai_classification": "Routine Industrial Heat", "ai_confidence": 100.0, "spread_speed_kmh": 0.0, "risk_level": "Low (Routine Operation)", "mitigation_strategy": "Log & Monitor — No Action Required" }, "geometry": { "type": "Polygon", "coordinates": [ [ [ 80.43552, 8.907751351351351 ], [ 80.43578685313102, 8.907725385514057 ], [ 80.43604345124588, 8.907648485854745 ], [ 80.436279933422909, 8.907523607584192 ], [ 80.43648721178468, 8.907355549704306 ], [ 80.436657320739968, 8.907150770585162 ], [ 80.436783723097051, 8.906917139773466 ], [ 80.436861561284204, 8.906663635570292 ], [ 80.436887844023573, 8.9064 ], [ 80.436861561284204, 8.906136364429708 ], [ 80.436783723097051, 8.905882860226534 ], [ 80.436657320739968, 8.905649229414838 ], [ 80.43648721178468, 8.905444450295693 ], [ 80.436279933422909, 8.905276392415807 ], [ 80.43604345124588, 8.905151514145254 ], [ 80.43578685313102, 8.905074614485942 ], [ 80.43552, 8.905048648648648 ], [ 80.435253146868973, 8.905074614485942 ], [ 80.434996548754114, 8.905151514145254 ], [ 80.434760066577084, 8.905276392415807 ], [ 80.434552788215314, 8.905444450295693 ], [ 80.434382679260025, 8.905649229414838 ], [ 80.434256276902943, 8.905882860226534 ], [ 80.43417843871579, 8.906136364429708 ], [ 80.43415215597642, 8.9064 ], [ 80.43417843871579, 8.906663635570292 ], [ 80.434256276902943, 8.906917139773466 ], [ 80.434382679260025, 8.907150770585162 ], [ 80.434552788215314, 8.907355549704306 ], [ 80.434760066577084, 8.907523607584192 ], [ 80.434996548754114, 8.907648485854745 ], [ 80.435253146868973, 8.907725385514057 ], [ 80.43552, 8.907751351351351 ] ] ] } },
{ "type": "Feature", "properties": { "latitude": 8.7154, "longitude": 80.17755, "brightness": 345.71, "scan": 0.44, "track": 0.46, "acq_date": "2026-08-31T00:00:00", "acq_time": 828, "satellite": "N20", "instrument": "VIIRS", "confidence": "n", "version": "2.0NRT", "brightness_bg": 302.75, "frp": 5.83, "daynight": "D", "source_left": "VIIRS_NOAA20_NRT", "cross_source_count": 1, "state": "Tamil Nadu", "zone_type": "none", "source_right": "curated_research", "osm_id": "", "nearest_zone_dist_m": 172431.05059303931, "is_industrial": false, "facility_type": "none", "zone_name": "Cauvery Delta Rice (TN)", "temperature": 27.0, "humidity": 79, "wind_speed": 16.4, "wind_direction": 201, "aqi": 21, "persistence": 0.0, "ai_classification": "Natural Anomaly", "ai_confidence": 100.0, "spread_speed_kmh": 1.23, "risk_level": "Moderate (Spreading)", "mitigation_strategy": "Monitor" }, "geometry": { "type": "Polygon", "coordinates": [ [ [ 80.18232980042373, 8.72770792904312 ], [ 80.182536478885353, 8.727503311142671 ], [ 80.182651446568698, 8.72708492798543 ], [ 80.182671210238865, 8.72646549193192 ], [ 80.18259516938673, 8.725663824233177 ], [ 80.182425634475123, 8.72470428315656 ], [ 80.182167756736547, 8.723616023872134 ], [ 80.181829371655581, 8.722432112587573 ], [ 80.181420760891683, 8.721188521848164 ], [ 80.180954339876152, 8.719923037529242 ], [ 80.180444280575514, 8.718674110731468 ], [ 80.179906080883541, 8.717479689463607 ], [ 80.179356093725502, 8.716376065611477 ], [ 80.178811030182899, 8.715396772227363 ], [ 80.17828745173567, 8.714571564645196 ], [ 80.177801267049972, 8.713925516379783 ], [ 80.17736724860147, 8.713478257280753 ], [ 80.176998583821089, 8.713243377089508 ], [ 80.176706474401641, 8.713228012521803 ], [ 80.176499795940018, 8.713432630422252 ], [ 80.176384828256673, 8.713851013579493 ], [ 80.176365064586506, 8.714470449633003 ], [ 80.176441105438641, 8.715272117331747 ], [ 80.176610640350248, 8.716231658408363 ], [ 80.176868518088824, 8.717319917692789 ], [ 80.17720690316979, 8.718503828977351 ], [ 80.177615513933688, 8.719747419716759 ], [ 80.178081934949219, 8.721012904035682 ], [ 80.178591994249857, 8.722261830833455 ], [ 80.17913019394183, 8.723456252101316 ], [ 80.179680181099869, 8.724559875953446 ], [ 80.180225244642472, 8.72553916933756 ], [ 80.180748823089701, 8.726364376919728 ], [ 80.181235007775399, 8.72701042518514 ], [ 80.181669026223901, 8.72745768428417 ], [ 80.182037691004282, 8.727692564475415 ], [ 80.18232980042373, 8.72770792904312 ] ] ] } },
{ "type": "Feature", "properties": { "latitude": 8.72286, "longitude": 77.91467, "brightness": 338.28, "scan": 0.49, "track": 0.4, "acq_date": "2026-08-31T00:00:00", "acq_time": 828, "satellite": "N20", "instrument": "VIIRS", "confidence": "n", "version": "2.0NRT", "brightness_bg": 306.32, "frp": 6.73, "daynight": "D", "source_left": "VIIRS_NOAA20_NRT", "cross_source_count": 1, "state": "Tamil Nadu", "zone_type": "none", "source_right": "curated_research", "osm_id": "", "nearest_zone_dist_m": 12043.900497173416, "is_industrial": false, "facility_type": "none", "zone_name": "Tuticorin Port Industrial (TN)", "temperature": 28.1, "humidity": 69, "wind_speed": 14.0, "wind_direction": 285, "aqi": 16, "persistence": 0.0, "ai_classification": "Natural Anomaly", "ai_confidence": 100.0, "spread_speed_kmh": 1.17, "risk_level": "Moderate (Spreading)", "mitigation_strategy": "Monitor" }, "geometry": { "type": "Polygon", "coordinates": [ [ [ 77.925851652685125, 8.719898534193359 ], [ 77.92568371764186, 8.719674121394855 ], [ 77.925321033218808, 8.719509458230357 ], [ 77.924774619398647, 8.719409547906796 ], [ 77.924061078688794, 8.719377426148798 ], [ 77.92320209166266, 8.71941406895972 ], [ 77.922223758206357, 8.719518362966301 ], [ 77.921155804486901, 8.71968713924792 ], [ 77.92003067973765, 8.719915269622671 ], [ 77.918882570304746, 8.720195822464552 ], [ 77.917746360912361, 8.720520273317431 ], [ 77.916656574707929, 8.720878763906322 ], [ 77.915646324293803, 8.721260401676089 ], [ 77.914746305617612, 8.721653590756214 ], [ 77.913983865291399, 8.72204638429546 ], [ 77.913382169678655, 8.722426847460902 ], [ 77.912959500996124, 8.722783420071782 ], [ 77.912728701817812, 8.72310526784975 ], [ 77.912696784859989, 8.723382611612937 ], [ 77.912864719903254, 8.723607024411441 ], [ 77.913227404326307, 8.723771687575939 ], [ 77.913773818146467, 8.7238715978995 ], [ 77.91448735885632, 8.723903719657498 ], [ 77.915346345882455, 8.723867076846576 ], [ 77.916324679338757, 8.723762782839994 ], [ 77.917392633058213, 8.723594006558375 ], [ 77.918517757807464, 8.723365876183625 ], [ 77.919665867240369, 8.723085323341744 ], [ 77.920802076632754, 8.722760872488864 ], [ 77.921891862837185, 8.722402381899974 ], [ 77.922902113251311, 8.722020744130207 ], [ 77.923802131927502, 8.721627555050082 ], [ 77.924564572253715, 8.721234761510836 ], [ 77.925166267866459, 8.720854298345394 ], [ 77.925588936548991, 8.720497725734514 ], [ 77.925819735727302, 8.720175877956546 ], [ 77.925851652685125, 8.719898534193359 ] ] ] } },
{ "type": "Feature", "properties": { "latitude": 8.74155, "longitude": 77.75618, "brightness": 337.88, "scan": 0.48, "track": 0.4, "acq_date": "2026-08-31T00:00:00", "acq_time": 828, "satellite": "N20", "instrument": "VIIRS", "confidence": "n", "version": "2.0NRT", "brightness_bg": 305.11, "frp": 6.5, "daynight": "D", "source_left": "VIIRS_NOAA20_NRT", "cross_source_count": 1, "state": "Tamil Nadu", "zone_type": "none", "source_right": "curated_research", "osm_id": "", "nearest_zone_dist_m": 29198.407181077706, "is_industrial": false, "facility_type": "none", "zone_name": "Tuticorin Port Industrial (TN)", "temperature": 27.8, "humidity": 69, "wind_speed": 15.8, "wind_direction": 281, "aqi": 16, "persistence": 0.0, "ai_classification": "Routine Industrial Heat", "ai_confidence": 100.0, "spread_speed_kmh": 0.0, "risk_level": "Low (Routine Operation)", "mitigation_strategy": "Log & Monitor — No Action Required" }, "geometry": { "type": "Polygon", "coordinates": [ [ [ 77.75618, 8.742901351351351 ], [ 77.75644673396944, 8.742875385514058 ], [ 77.756703217502022, 8.742798485854745 ], [ 77.756939594079412, 8.742673607584193 ], [ 77.757146779882333, 8.742505549704306 ], [ 77.757316812876539, 8.742300770585162 ], [ 77.757443158789442, 8.742067139773466 ], [ 77.75752096221845, 8.741813635570292 ], [ 77.75754723322143, 8.74155 ], [ 77.75752096221845, 8.741286364429708 ], [ 77.757443158789442, 8.741032860226534 ], [ 77.757316812876539, 8.740799229414838 ], [ 77.757146779882333, 8.740594450295694 ], [ 77.756939594079412, 8.740426392415808 ], [ 77.756703217502022, 8.740301514145255 ], [ 77.75644673396944, 8.740224614485943 ], [ 77.75618, 8.740198648648649 ], [ 77.755913266030561, 8.740224614485943 ], [ 77.755656782497979, 8.740301514145255 ], [ 77.755420405920589, 8.740426392415808 ], [ 77.755213220117668, 8.740594450295694 ], [ 77.755043187123462, 8.740799229414838 ], [ 77.754916841210559, 8.741032860226534 ], [ 77.754839037781551, 8.741286364429708 ], [ 77.754812766778571, 8.74155 ], [ 77.754839037781551, 8.741813635570292 ], [ 77.754916841210559, 8.742067139773466 ], [ 77.755043187123462, 8.742300770585162 ], [ 77.755213220117668, 8.742505549704306 ], [ 77.755420405920589, 8.742673607584193 ], [ 77.755656782497979, 8.742798485854745 ], [ 77.755913266030561, 8.742875385514058 ], [ 77.75618, 8.742901351351351 ] ] ] } },
{ "type": "Feature", "properties": { "latitude": 8.80527, "longitude": 80.54754, "brightness": 341.81, "scan": 0.47, "track": 0.48, "acq_date": "2026-08-31T00:00:00", "acq_time": 828, "satellite": "N20", "instrument": "VIIRS", "confidence": "n", "version": "2.0NRT", "brightness_bg": 301.71, "frp": 5.75, "daynight": "D", "source_left": "VIIRS_NOAA20_NRT", "cross_source_count": 1, "state": "Tamil Nadu", "zone_type": "none", "source_right": "curated_research", "osm_id": "", "nearest_zone_dist_m": 178847.92047071562, "is_industrial": false, "facility_type": "none", "zone_name": "Cauvery Delta Rice (TN)", "temperature": 26.8, "humidity": 79, "wind_speed": 19.2, "wind_direction": 207, "aqi": 19, "persistence": 0.0, "ai_classification": "Wildfire", "ai_confidence": 100.0, "spread_speed_kmh": 2.32, "risk_level": "Moderate (Spreading)", "mitigation_strategy": "Establish Firebreak" }, "geometry": { "type": "Polygon", "coordinates": [ [ [ 80.554577752892655, 8.818919457377413 ], [ 80.554758115143827, 8.81867499476753 ], [ 80.554807209003528, 8.818194000115371 ], [ 80.554723542779683, 8.817491088200045 ], [ 80.554509658628163, 8.816587616644412 ], [ 80.554172055310701, 8.81551103697451 ], [ 80.55372099073324, 8.814294060518833 ], [ 80.553170170264721, 8.812973664491169 ], [ 80.552536330306353, 8.811589968456662 ], [ 80.551838729764526, 8.81018501531914 ], [ 80.551098564878714, 8.808801493868744 ], [ 80.550338325184427, 8.807481441704649 ], [ 80.549581110180071, 8.806264967943884 ], [ 80.548849927460395, 8.805189034526103 ], [ 80.548166993642326, 8.804286333143756 ], [ 80.547553059324343, 8.803584291921558 ], [ 80.547026778590052, 8.803104242026796 ], [ 80.546604142213226, 8.802860769532604 ], [ 80.546297991786346, 8.802861272227515 ], [ 80.546117629535175, 8.803105734837398 ], [ 80.546068535675474, 8.803586729489558 ], [ 80.546152201899318, 8.804289641404884 ], [ 80.546366086050838, 8.805193112960517 ], [ 80.5467036893683, 8.806269692630419 ], [ 80.547154753945762, 8.807486669086096 ], [ 80.54770557441428, 8.80880706511376 ], [ 80.548339414372649, 8.810190761148267 ], [ 80.549037014914475, 8.811595714285788 ], [ 80.549777179800287, 8.812979235736185 ], [ 80.550537419494574, 8.81429928790028 ], [ 80.55129463449893, 8.815515761661045 ], [ 80.552025817218606, 8.816591695078825 ], [ 80.552708751036675, 8.817494396461173 ], [ 80.553322685354658, 8.818196437683371 ], [ 80.55384896608895, 8.818676487578132 ], [ 80.554271602465775, 8.818919960072325 ], [ 80.554577752892655, 8.818919457377413 ] ] ] } },
{ "type": "Feature", "properties": { "latitude": 8.80585, "longitude": 80.97179, "brightness": 353.05, "scan": 0.5, "track": 0.49, "acq_date": "2026-08-31T00:00:00", "acq_time": 828, "satellite": "N20", "instrument": "VIIRS", "confidence": "n", "version": "2.0NRT", "brightness_bg": 306.76, "frp": 24.52, "daynight": "D", "source_left": "VIIRS_NOAA20_NRT", "cross_source_count": 1, "state": "Tamil Nadu", "zone_type": "none", "source_right": "curated_research", "osm_id": "", "nearest_zone_dist_m": 203423.54193333138, "is_industrial": false, "facility_type": "none", "zone_name": "Cauvery Delta Rice (TN)", "temperature": 27.2, "humidity": 76, "wind_speed": 14.3, "wind_direction": 213, "aqi": 18, "persistence": 0.0, "ai_classification": "Natural Anomaly", "ai_confidence": 100.0, "spread_speed_kmh": 2.43, "risk_level": "Moderate (Spreading)", "mitigation_strategy": "Monitor" }, "geometry": { "type": "Polygon", "coordinates": [ [ [ 80.979274017799213, 8.817238451198355 ], [ 80.979464441666039, 8.816971552210042 ], [ 80.979515315316945, 8.816509214384885 ], [ 80.979425092981813, 8.81586548562375 ], [ 80.979196516020636, 8.815059925299298 ], [ 80.978836529628694, 8.814117009954357 ], [ 80.978356071810367, 8.813065389594543 ], [ 80.977769741033342, 8.811937017172344 ], [ 80.977095352661564, 8.810766177712825 ], [ 80.976353397644459, 8.80958844658049 ], [ 80.975566419909768, 8.808439608539834 ], [ 80.974758331377757, 8.807354570453381 ], [ 80.973953685409526, 8.806366300654334 ], [ 80.973176930765675, 8.805504827220448 ], [ 80.972451668742977, 8.804796325586086 ], [ 80.971799936061004, 8.804262323214886 ], [ 80.971241535287518, 8.803919045498681 ], [ 80.970793433147435, 8.803776922757169 ], [ 80.970469244997531, 8.803840273317936 ], [ 80.970278821130705, 8.804107172306249 ], [ 80.970227947479799, 8.804569510131406 ], [ 80.970318169814931, 8.805213238892541 ], [ 80.970546746776108, 8.806018799216993 ], [ 80.97090673316805, 8.806961714561934 ], [ 80.971387190986377, 8.808013334921748 ], [ 80.971973521763402, 8.809141707343947 ], [ 80.97264791013518, 8.810312546803466 ], [ 80.973389865152285, 8.811490277935802 ], [ 80.974176842886976, 8.812639115976458 ], [ 80.974984931418987, 8.813724154062911 ], [ 80.975789577387218, 8.814712423861957 ], [ 80.976566332031069, 8.815573897295844 ], [ 80.977291594053767, 8.816282398930205 ], [ 80.97794332673574, 8.816816401301406 ], [ 80.978501727509226, 8.81715967901761 ], [ 80.978949829649309, 8.817301801759122 ], [ 80.979274017799213, 8.817238451198355 ] ] ] } },
{ "type": "Feature", "properties": { "latitude": 8.811, "longitude": 80.97575, "brightness": 342.4, "scan": 0.5, "track": 0.49, "acq_date": "2026-08-31T00:00:00", "acq_time": 828, "satellite": "N20", "instrument": "VIIRS", "confidence": "n", "version": "2.0NRT", "brightness_bg": 302.77, "frp": 12.43, "daynight": "D", "source_left": "VIIRS_NOAA20_NRT", "cross_source_count": 1, "state": "Tamil Nadu", "zone_type": "none", "source_right": "curated_research", "osm_id": "", "nearest_zone_dist_m": 203220.61182811586, "is_industrial": false, "facility_type": "none", "zone_name": "Cauvery Delta Rice (TN)", "temperature": 27.2, "humidity": 76, "wind_speed": 14.3, "wind_direction": 213, "aqi": 18, "persistence": 0.0, "ai_classification": "Routine Industrial Heat", "ai_confidence": 100.0, "spread_speed_kmh": 0.0, "risk_level": "Low (Routine Operation)", "mitigation_strategy": "Log & Monitor — No Action Required" }, "geometry": { "type": "Polygon", "coordinates": [ [ [ 80.97575, 8.812351351351351 ], [ 80.976016783889094, 8.812325385514058 ], [ 80.976273315422929, 8.812248485854745 ], [ 80.976509736238555, 8.812123607584192 ], [ 80.976716960816589, 8.811955549704306 ], [ 80.97688702563272, 8.811750770585162 ], [ 80.977013395191435, 8.811517139773466 ], [ 80.977091213181467, 8.811263635570292 ], [ 80.97711748910109, 8.811 ], [ 80.977091213181467, 8.810736364429708 ], [ 80.977013395191435, 8.810482860226534 ], [ 80.97688702563272, 8.810249229414838 ], [ 80.976716960816589, 8.810044450295694 ], [ 80.976509736238555, 8.809876392415807 ], [ 80.976273315422929, 8.809751514145255 ], [ 80.976016783889094, 8.809674614485942 ], [ 80.97575, 8.809648648648649 ], [ 80.975483216110916, 8.809674614485942 ], [ 80.975226684577081, 8.809751514145255 ], [ 80.974990263761455, 8.809876392415807 ], [ 80.974783039183421, 8.810044450295694 ], [ 80.97461297436729, 8.810249229414838 ], [ 80.974486604808575, 8.810482860226534 ], [ 80.974408786818543, 8.810736364429708 ], [ 80.97438251089892, 8.811 ], [ 80.974408786818543, 8.811263635570292 ], [ 80.974486604808575, 8.811517139773466 ], [ 80.97461297436729, 8.811750770585162 ], [ 80.974783039183421, 8.811955549704306 ], [ 80.974990263761455, 8.812123607584192 ], [ 80.975226684577081, 8.812248485854745 ], [ 80.975483216110916, 8.812325385514058 ], [ 80.97575, 8.812351351351351 ] ] ] } },
{ "type": "Feature", "properties": { "latitude": 8.86022, "longitude": 80.88332, "brightness": 338.12, "scan": 0.49, "track": 0.49, "acq_date": "2026-08-31T00:00:00", "acq_time": 828, "satellite": "N20", "instrument": "VIIRS", "confidence": "n", "version": "2.0NRT", "brightness_bg": 305.74, "frp": 4.71, "daynight": "D", "source_left": "VIIRS_NOAA20_NRT", "cross_source_count": 1, "state": "Tamil Nadu", "zone_type": "none", "source_right": "curated_research", "osm_id": "", "nearest_zone_dist_m": 192838.16353353363, "is_industrial": false, "facility_type": "none", "zone_name": "Cauvery Delta Rice (TN)", "temperature": 27.3, "humidity": 76, "wind_speed": 14.9, "wind_direction": 208, "aqi": 18, "persistence": 0.0, "ai_classification": "Routine Industrial Heat", "ai_confidence": 100.0, "spread_speed_kmh": 0.0, "risk_level": "Low (Routine Operation)", "mitigation_strategy": "Log & Monitor — No Action Required" }, "geometry": { "type": "Polygon", "coordinates": [ [ [ 80.88332, 8.861571351351351 ], [ 80.883586819516424, 8.861545385514058 ], [ 80.883843385308467, 8.861468485854745 ], [ 80.884079837696618, 8.861343607584192 ], [ 80.884287089948216, 8.861175549704306 ], [ 80.88445717747544, 8.860970770585162 ], [ 80.884583563910041, 8.860737139773466 ], [ 80.884661392292173, 8.860483635570292 ], [ 80.884687671720798, 8.86022 ], [ 80.884661392292173, 8.859956364429708 ], [ 80.884583563910041, 8.859702860226534 ], [ 80.88445717747544, 8.859469229414838 ], [ 80.884287089948216, 8.859264450295694 ], [ 80.884079837696618, 8.859096392415807 ], [ 80.883843385308467, 8.858971514145255 ], [ 80.883586819516424, 8.858894614485942 ], [ 80.88332, 8.858868648648649 ], [ 80.883053180483572, 8.858894614485942 ], [ 80.882796614691529, 8.858971514145255 ], [ 80.882560162303378, 8.859096392415807 ], [ 80.882352910051779, 8.859264450295694 ], [ 80.882182822524555, 8.859469229414838 ], [ 80.882056436089954, 8.859702860226534 ], [ 80.881978607707822, 8.859956364429708 ], [ 80.881952328279198, 8.86022 ], [ 80.881978607707822, 8.860483635570292 ], [ 80.882056436089954, 8.860737139773466 ], [ 80.882182822524555, 8.860970770585162 ], [ 80.882352910051779, 8.861175549704306 ], [ 80.882560162303378, 8.861343607584192 ], [ 80.882796614691529, 8.861468485854745 ], [ 80.883053180483572, 8.861545385514058 ], [ 80.88332, 8.861571351351351 ] ] ] } },
{ "type": "Feature", "properties": { "latitude": 9.65592, "longitude": 77.65157, "brightness": 340.63, "scan": 0.48, "track": 0.4, "acq_date": "2026-08-31T00:00:00", "acq_time": 828, "satellite": "N20", "instrument": "VIIRS", "confidence": "n", "version": "2.0NRT", "brightness_bg": 304.25, "frp": 4.59, "daynight": "D", "source_left": "VIIRS_NOAA20_NRT", "cross_source_count": 1, "state": "Kerala", "zone_type": "none", "source_right": "curated_research", "osm_id": "", "nearest_zone_dist_m": 13127.603549239044, "is_industrial": false, "facility_type": "none", "zone_name": "Kerala Western Ghats Forests", "temperature": 28.5, "humidity": 55, "wind_speed": 5.1, "wind_direction": 276, "aqi": 15, "persistence": 0.0, "ai_classification": "Natural Anomaly", "ai_confidence": 100.0, "spread_speed_kmh": 0.58, "risk_level": "Moderate (Spreading)", "mitigation_strategy": "Monitor" }, "geometry": { "type": "Polygon", "coordinates": [ [ [ 77.656006244295597, 9.655460337495327 ], [ 77.655945664172464, 9.655268082724243 ], [ 77.655807634741663, 9.655089885171565 ], [ 77.655596349957619, 9.65493115927976 ], [ 77.655318229601562, 9.65479672785473 ], [ 77.654981724219795, 9.654690675527302 ], [ 77.65459705835805, 9.654616224643776 ], [ 77.654175919893888, 9.654575637356576 ], [ 77.653731104906441, 9.654570146889885 ], [ 77.653276128874012, 9.654599920068755 ], [ 77.652824816013108, 9.654664052250212 ], [ 77.652390879236648, 9.654760594810375 ], [ 77.651987503493984, 9.654886614352407 ], [ 77.651626945152955, 9.655038281836291 ], [ 77.65132015959631, 9.655210988922278 ], [ 77.651076468347924, 9.655399487992952 ], [ 77.650903275843078, 9.655598051599439 ], [ 77.650805844448385, 9.655800646487032 ], [ 77.650787134567466, 9.656001116912588 ], [ 77.650847714690599, 9.656193371683672 ], [ 77.6509857441214, 9.656371569236351 ], [ 77.651197028905443, 9.656530295128155 ], [ 77.651475149261501, 9.656664726553185 ], [ 77.651811654643268, 9.656770778880613 ], [ 77.652196320505013, 9.656845229764139 ], [ 77.652617458969175, 9.656885817051339 ], [ 77.653062273956621, 9.65689130751803 ], [ 77.653517249989051, 9.656861534339161 ], [ 77.653968562849954, 9.656797402157704 ], [ 77.654402499626414, 9.656700859597541 ], [ 77.654805875369078, 9.656574840055509 ], [ 77.655166433710107, 9.656423172571625 ], [ 77.655473219266753, 9.656250465485638 ], [ 77.655716910515139, 9.656061966414963 ], [ 77.655890103019985, 9.655863402808476 ], [ 77.655987534414677, 9.655660807920883 ], [ 77.656006244295597, 9.655460337495327 ] ] ] } },
{ "type": "Feature", "properties": { "latitude": 21.102, "longitude": 72.63538, "brightness": 337.48, "scan": 0.39, "track": 0.37, "acq_date": "2026-08-31T00:00:00", "acq_time": 833, "satellite": "N20", "instrument": "VIIRS", "confidence": "n", "version": "2.0NRT", "brightness_bg": 299.47, "frp": 9.17, "daynight": "D", "source_left": "VIIRS_NOAA20_NRT", "cross_source_count": 1, "state": "Gujarat", "zone_type": "none", "source_right": "curated_research", "osm_id": "", "nearest_zone_dist_m": 7502.6839815185285, "is_industrial": false, "facility_type": "none", "zone_name": "Surat Diamond & Textile Industrial", "temperature": 27.3, "humidity": 84, "wind_speed": 24.8, "wind_direction": 244, "aqi": 28, "persistence": 0.0, "ai_classification": "Routine Industrial Heat", "ai_confidence": 100.0, "spread_speed_kmh": 0.0, "risk_level": "Low (Routine Operation)", "mitigation_strategy": "Log & Monitor — No Action Required" }, "geometry": { "type": "Polygon", "coordinates": [ [ [ 72.63538, 21.103351351351353 ], [ 72.635662585478968, 21.103325385514058 ], [ 72.635934311356451, 21.103248485854746 ], [ 72.636184735359379, 21.103123607584195 ], [ 72.636404233833744, 21.102955549704305 ], [ 72.636584371576262, 21.10275077058516 ], [ 72.636718225994542, 21.102517139773468 ], [ 72.636800653138323, 21.102263635570292 ], [ 72.636828485378715, 21.102 ], [ 72.636800653138323, 21.101736364429708 ], [ 72.636718225994542, 21.101482860226533 ], [ 72.636584371576262, 21.10124922941484 ], [ 72.636404233833744, 21.101044450295696 ], [ 72.636184735359379, 21.100876392415806 ], [ 72.635934311356451, 21.100751514145255 ], [ 72.635662585478968, 21.100674614485943 ], [ 72.63538, 21.100648648648647 ], [ 72.635097414521027, 21.100674614485943 ], [ 72.634825688643545, 21.100751514145255 ], [ 72.634575264640617, 21.100876392415806 ], [ 72.634355766166252, 21.101044450295696 ], [ 72.634175628423733, 21.10124922941484 ], [ 72.634041774005453, 21.101482860226533 ], [ 72.633959346861673, 21.101736364429708 ], [ 72.633931514621281, 21.102 ], [ 72.633959346861673, 21.102263635570292 ], [ 72.634041774005453, 21.102517139773468 ], [ 72.634175628423733, 21.10275077058516 ], [ 72.634355766166252, 21.102955549704305 ], [ 72.634575264640617, 21.103123607584195 ], [ 72.634825688643545, 21.103248485854746 ], [ 72.635097414521027, 21.103325385514058 ], [ 72.63538, 21.103351351351353 ] ] ] } },
{ "type": "Feature", "properties": { "latitude": 13.1221, "longitude": 79.9063, "brightness": 336.64, "scan": 0.49, "track": 0.48, "acq_date": "2026-08-31T00:00:00", "acq_time": 828, "satellite": "N20", "instrument": "VIIRS", "confidence": "n", "version": "2.0NRT", "brightness_bg": 294.46, "frp": 4.33, "daynight": "D", "source_left": "VIIRS_NOAA20_NRT", "cross_source_count": 1, "state": "Tamil Nadu", "zone_type": "none", "source_right": "curated_research", "osm_id": "", "nearest_zone_dist_m": 21658.637457351866, "is_industrial": false, "facility_type": "none", "zone_name": "Chennai Industrial Corridor (TN)", "temperature": 28.0, "humidity": 82, "wind_speed": 5.2, "wind_direction": 184, "aqi": 27, "persistence": 0.0, "ai_classification": "Routine Industrial Heat", "ai_confidence": 100.0, "spread_speed_kmh": 0.0, "risk_level": "Low (Routine Operation)", "mitigation_strategy": "Log & Monitor — No Action Required" }, "geometry": { "type": "Polygon", "coordinates": [ [ [ 79.9063, 13.123451351351351 ], [ 79.906570704067292, 13.123425385514057 ], [ 79.906831005129092, 13.123348485854745 ], [ 79.907070899961568, 13.123223607584192 ], [ 79.907281169540838, 13.123055549704306 ], [ 79.907453733324914, 13.122850770585162 ], [ 79.907581959784324, 13.122617139773466 ], [ 79.907660921248166, 13.122363635570292 ], [ 79.907687583271652, 13.1221 ], [ 79.907660921248166, 13.121836364429708 ], [ 79.907581959784324, 13.121582860226534 ], [ 79.907453733324914, 13.121349229414838 ], [ 79.907281169540838, 13.121144450295693 ], [ 79.907070899961568, 13.120976392415807 ], [ 79.906831005129092, 13.120851514145254 ], [ 79.906570704067292, 13.120774614485942 ], [ 79.9063, 13.120748648648648 ], [ 79.906029295932711, 13.120774614485942 ], [ 79.905768994870911, 13.120851514145254 ], [ 79.905529100038436, 13.120976392415807 ], [ 79.905318830459166, 13.121144450295693 ], [ 79.905146266675089, 13.121349229414838 ], [ 79.90501804021568, 13.121582860226534 ], [ 79.904939078751838, 13.121836364429708 ], [ 79.904912416728351, 13.1221 ], [ 79.904939078751838, 13.122363635570292 ], [ 79.90501804021568, 13.122617139773466 ], [ 79.905146266675089, 13.122850770585162 ], [ 79.905318830459166, 13.123055549704306 ], [ 79.905529100038436, 13.123223607584192 ], [ 79.905768994870911, 13.123348485854745 ], [ 79.906029295932711, 13.123425385514057 ], [ 79.9063, 13.123451351351351 ] ] ] } },
{ "type": "Feature", "properties": { "latitude": 13.58984, "longitude": 78.21954, "brightness": 331.87, "scan": 0.39, "track": 0.44, "acq_date": "2026-08-31T00:00:00", "acq_time": 828, "satellite": "N20", "instrument": "VIIRS", "confidence": "n", "version": "2.0NRT", "brightness_bg": 293.69, "frp": 1.78, "daynight": "D", "source_left": "VIIRS_NOAA20_NRT", "cross_source_count": 1, "state": "Andhra Pradesh", "zone_type": "none", "source_right": "curated_research", "osm_id": "", "nearest_zone_dist_m": 45345.105668999146, "is_industrial": false, "facility_type": "none", "zone_name": "Mango Belt (AP)", "temperature": 24.6, "humidity": 70, "wind_speed": 18.3, "wind_direction": 275, "aqi": 20, "persistence": 0.0, "ai_classification": "Routine Industrial Heat", "ai_confidence": 100.0, "spread_speed_kmh": 0.0, "risk_level": "Low (Routine Operation)", "mitigation_strategy": "Log & Monitor — No Action Required" }, "geometry": { "type": "Polygon", "coordinates": [ [ [ 78.21954, 13.591191351351352 ], [ 78.219811229262191, 13.591165385514058 ], [ 78.22007203533596, 13.591088485854746 ], [ 78.220312395590128, 13.590963607584193 ], [ 78.220523073114933, 13.590795549704307 ], [ 78.220695971691256, 13.590590770585163 ], [ 78.220824446923743, 13.590357139773467 ], [ 78.220903561581281, 13.590103635570292 ], [ 78.220930275331952, 13.58984 ], [ 78.220903561581281, 13.589576364429709 ], [ 78.220824446923743, 13.589322860226535 ], [ 78.220695971691256, 13.589089229414839 ], [ 78.220523073114933, 13.588884450295694 ], [ 78.220312395590128, 13.588716392415808 ], [ 78.22007203533596, 13.588591514145255 ], [ 78.219811229262191, 13.588514614485943 ], [ 78.21954, 13.588488648648649 ], [ 78.219268770737798, 13.588514614485943 ], [ 78.21900796466403, 13.588591514145255 ], [ 78.218767604409862, 13.588716392415808 ], [ 78.218556926885057, 13.588884450295694 ], [ 78.218384028308733, 13.589089229414839 ], [ 78.218255553076247, 13.589322860226535 ], [ 78.218176438418709, 13.589576364429709 ], [ 78.218149724668038, 13.58984 ], [ 78.218176438418709, 13.590103635570292 ], [ 78.218255553076247, 13.590357139773467 ], [ 78.218384028308733, 13.590590770585163 ], [ 78.218556926885057, 13.590795549704307 ], [ 78.218767604409862, 13.590963607584193 ], [ 78.21900796466403, 13.591088485854746 ], [ 78.219268770737798, 13.591165385514058 ], [ 78.21954, 13.591191351351352 ] ] ] } },
{ "type": "Feature", "properties": { "latitude": 14.35068, "longitude": 77.20792, "brightness": 334.78, "scan": 0.52, "track": 0.41, "acq_date": "2026-08-31T00:00:00", "acq_time": 828, "satellite": "N20", "instrument": "VIIRS", "confidence": "n", "version": "2.0NRT", "brightness_bg": 294.14, "frp": 5.55, "daynight": "D", "source_left": "VIIRS_NOAA20_NRT", "cross_source_count": 1, "state": "Karnataka", "zone_type": "none", "source_right": "curated_research", "osm_id": "", "nearest_zone_dist_m": 68543.976378393025, "is_industrial": false, "facility_type": "none", "zone_name": "Karnataka Maize & Ragi Belt", "temperature": 24.2, "humidity": 78, "wind_speed": 20.5, "wind_direction": 263, "aqi": 15, "persistence": 0.0, "ai_classification": "Routine Industrial Heat", "ai_confidence": 100.0, "spread_speed_kmh": 0.0, "risk_level": "Low (Routine Operation)", "mitigation_strategy": "Log & Monitor — No Action Required" }, "geometry": { "type": "Polygon", "coordinates": [ [ [ 77.20792, 14.352031351351352 ], [ 77.208192126776495, 14.352005385514058 ], [ 77.208453795873581, 14.351928485854746 ], [ 77.208694951494593, 14.351803607584193 ], [ 77.208906326164268, 14.351635549704307 ], [ 77.209079796872587, 14.351430770585162 ], [ 77.209208697237528, 14.351197139773467 ], [ 77.209288073690331, 14.350943635570292 ], [ 77.20931487583843, 14.35068 ], [ 77.209288073690331, 14.350416364429709 ], [ 77.209208697237528, 14.350162860226535 ], [ 77.209079796872587, 14.349929229414839 ], [ 77.208906326164268, 14.349724450295694 ], [ 77.208694951494593, 14.349556392415808 ], [ 77.208453795873581, 14.349431514145255 ], [ 77.208192126776495, 14.349354614485943 ], [ 77.20792, 14.349328648648649 ], [ 77.207647873223507, 14.349354614485943 ], [ 77.207386204126422, 14.349431514145255 ], [ 77.20714504850541, 14.349556392415808 ], [ 77.206933673835735, 14.349724450295694 ], [ 77.206760203127416, 14.349929229414839 ], [ 77.206631302762474, 14.350162860226535 ], [ 77.206551926309672, 14.350416364429709 ], [ 77.206525124161573, 14.35068 ], [ 77.206551926309672, 14.350943635570292 ], [ 77.206631302762474, 14.351197139773467 ], [ 77.206760203127416, 14.351430770585162 ], [ 77.206933673835735, 14.351635549704307 ], [ 77.20714504850541, 14.351803607584193 ], [ 77.207386204126422, 14.351928485854746 ], [ 77.207647873223507, 14.352005385514058 ], [ 77.20792, 14.352031351351352 ] ] ] } },
{ "type": "Feature", "properties": { "latitude": 14.47482, "longitude": 78.26068, "brightness": 337.14, "scan": 0.4, "track": 0.44, "acq_date": "2026-08-31T00:00:00", "acq_time": 828, "satellite": "N20", "instrument": "VIIRS", "confidence": "n", "version": "2.0NRT", "brightness_bg": 296.09, "frp": 2.53, "daynight": "D", "source_left": "VIIRS_NOAA20_NRT", "cross_source_count": 1, "state": "Andhra Pradesh", "zone_type": "agricultural", "source_right": "curated_research", "osm_id": "", "nearest_zone_dist_m": 0.0, "is_industrial": false, "facility_type": "farmland", "zone_name": "Mango Belt (AP)", "temperature": 29.0, "humidity": 56, "wind_speed": 18.7, "wind_direction": 268, "aqi": 20, "persistence": 0.0, "ai_classification": "Routine Industrial Heat", "ai_confidence": 100.0, "spread_speed_kmh": 0.0, "risk_level": "Low (Routine Operation)", "mitigation_strategy": "Log & Monitor — No Action Required" }, "geometry": { "type": "Polygon", "coordinates": [ [ [ 78.26068, 14.476171351351351 ], [ 78.260952278343169, 14.476145385514057 ], [ 78.261214093182318, 14.476068485854745 ], [ 78.26145538311998, 14.475943607584192 ], [ 78.261666875519182, 14.475775549704306 ], [ 78.261840442845639, 14.475570770585161 ], [ 78.261969415004316, 14.475337139773465 ], [ 78.262048835667485, 14.475083635570291 ], [ 78.262075652743619, 14.47482 ], [ 78.262048835667485, 14.474556364429708 ], [ 78.261969415004316, 14.474302860226533 ], [ 78.261840442845639, 14.474069229414837 ], [ 78.261666875519182, 14.473864450295693 ], [ 78.26145538311998, 14.473696392415807 ], [ 78.261214093182318, 14.473571514145254 ], [ 78.260952278343169, 14.473494614485942 ], [ 78.26068, 14.473468648648648 ], [ 78.260407721656819, 14.473494614485942 ], [ 78.260145906817669, 14.473571514145254 ], [ 78.259904616880007, 14.473696392415807 ], [ 78.259693124480805, 14.473864450295693 ], [ 78.259519557154348, 14.474069229414837 ], [ 78.259390584995671, 14.474302860226533 ], [ 78.259311164332502, 14.474556364429708 ], [ 78.259284347256369, 14.47482 ], [ 78.259311164332502, 14.475083635570291 ], [ 78.259390584995671, 14.475337139773465 ], [ 78.259519557154348, 14.475570770585161 ], [ 78.259693124480805, 14.475775549704306 ], [ 78.259904616880007, 14.475943607584192 ], [ 78.260145906817669, 14.476068485854745 ], [ 78.260407721656819, 14.476145385514057 ], [ 78.26068, 14.476171351351351 ] ] ] } },
{ "type": "Feature", "properties": { "latitude": 17.77075, "longitude": 75.83885, "brightness": 338.77, "scan": 0.48, "track": 0.4, "acq_date": "2026-08-31T00:00:00", "acq_time": 830, "satellite": "N20", "instrument": "VIIRS", "confidence": "n", "version": "2.0NRT", "brightness_bg": 299.26, "frp": 1.97, "daynight": "D", "source_left": "VIIRS_NOAA20_NRT", "cross_source_count": 1, "state": "Maharashtra", "zone_type": "none", "source_right": "curated_research", "osm_id": "", "nearest_zone_dist_m": 84286.099095066515, "is_industrial": false, "facility_type": "none", "zone_name": "Sugarcane Belt (Maharashtra)", "temperature": 24.7, "humidity": 76, "wind_speed": 14.8, "wind_direction": 283, "aqi": 15, "persistence": 0.0, "ai_classification": "Agricultural Burn", "ai_confidence": 100.0, "spread_speed_kmh": 1.2, "risk_level": "Low (Agricultural Hazard)", "mitigation_strategy": "Issue Local Admin Warning" }, "geometry": { "type": "Polygon", "coordinates": [ [ [ 75.850608199018609, 17.768164922774417 ], [ 75.850444124126213, 17.767944673764056 ], [ 75.850074878065627, 17.767777320592774 ], [ 75.849511680191526, 17.767667948201986 ], [ 75.848771642986335, 17.767619879816447 ], [ 75.847877252106059, 17.767634575969726 ], [ 75.846855683165018, 17.767711590126645 ], [ 75.845737976018526, 17.767848582251009 ], [ 75.844558091632649, 17.76804138990645 ], [ 75.843351880197417, 17.768284154729919 ], [ 75.842155991836904, 17.768569500435099 ], [ 75.841006763013795, 17.76888875693713 ], [ 75.83993911246435, 17.769232223788752 ], [ 75.838985480210255, 17.769589464923477 ], [ 75.838174841884978, 17.769949625750204 ], [ 75.837531828323833, 17.770301762964458 ], [ 75.83707597716851, 17.770635177055176 ], [ 75.836821139225677, 17.770939737403928 ], [ 75.836775057617274, 17.771206190098631 ], [ 75.83693913250967, 17.771426439108993 ], [ 75.837308378570256, 17.771593792280274 ], [ 75.837871576444357, 17.771703164671063 ], [ 75.838611613649547, 17.771751233056602 ], [ 75.839506004529824, 17.771736536903322 ], [ 75.840527573470865, 17.771659522746404 ], [ 75.841645280617357, 17.77152253062204 ], [ 75.842825165003234, 17.771329722966598 ], [ 75.844031376438465, 17.77108695814313 ], [ 75.845227264798979, 17.77080161243795 ], [ 75.846376493622088, 17.770482355935918 ], [ 75.847444144171533, 17.770138889084297 ], [ 75.848397776425628, 17.769781647949571 ], [ 75.849208414750905, 17.769421487122845 ], [ 75.84985142831205, 17.769069349908591 ], [ 75.850307279467373, 17.768735935817872 ], [ 75.850562117410206, 17.76843137546912 ], [ 75.850608199018609, 17.768164922774417 ] ] ] } },
{ "type": "Feature", "properties": { "latitude": 17.96539, "longitude": 75.48702, "brightness": 336.33, "scan": 0.46, "track": 0.39, "acq_date": "2026-08-31T00:00:00", "acq_time": 830, "satellite": "N20", "instrument": "VIIRS", "confidence": "n", "version": "2.0NRT", "brightness_bg": 299.52, "frp": 3.37, "daynight": "D", "source_left": "VIIRS_NOAA20_NRT", "cross_source_count": 1, "state": "Maharashtra", "zone_type": "none", "source_right": "curated_research", "osm_id": "", "nearest_zone_dist_m": 44664.414673738655, "is_industrial": false, "facility_type": "none", "zone_name": "Sugarcane Belt (Maharashtra)", "temperature": 23.9, "humidity": 81, "wind_speed": 14.4, "wind_direction": 272, "aqi": 15, "persistence": 0.0, "ai_classification": "Natural Anomaly", "ai_confidence": 100.0, "spread_speed_kmh": 0.96, "risk_level": "Moderate (Spreading)", "mitigation_strategy": "Monitor" }, "geometry": { "type": "Polygon", "coordinates": [ [ [ 75.498984736219711, 17.964992553527203 ], [ 75.498868534096928, 17.964743374468117 ], [ 75.498542014295126, 17.964508870241566 ], [ 75.498015097953228, 17.964296166139814 ], [ 75.497303795157663, 17.964111725069351 ], [ 75.496429718483952, 17.963961151178779 ], [ 75.495419426309496, 17.963849019579563 ], [ 75.494303615850797, 17.963778737333609 ], [ 75.493116190444013, 17.96375243993139 ], [ 75.491893229409257, 17.96377092640617 ], [ 75.49067189179874, 17.963833635055767 ], [ 75.489489287337719, 17.963938660509594 ], [ 75.488381348864294, 17.964082811622383 ], [ 75.487381740528377, 17.964261708435515 ], [ 75.486520834923397, 17.964469915259848 ], [ 75.485824790230552, 17.964701105836383 ], [ 75.485314755415587, 17.96494825555644 ], [ 75.485006227628276, 17.965203854900842 ], [ 75.484908581329307, 17.965460137612844 ], [ 75.48502478345209, 17.96570931667193 ], [ 75.485351303253893, 17.965943820898481 ], [ 75.48587821959579, 17.966156525000233 ], [ 75.486589522391355, 17.966340966070696 ], [ 75.487463599065066, 17.966491539961268 ], [ 75.488473891239522, 17.966603671560485 ], [ 75.489589701698222, 17.966673953806438 ], [ 75.490777127105005, 17.966700251208657 ], [ 75.492000088139761, 17.966681764733877 ], [ 75.493221425750278, 17.96661905608428 ], [ 75.4944040302113, 17.966514030630453 ], [ 75.495511968684724, 17.966369879517664 ], [ 75.496511577020641, 17.966190982704532 ], [ 75.497372482625622, 17.9659827758802 ], [ 75.498068527318466, 17.965751585303664 ], [ 75.498578562133432, 17.965504435583608 ], [ 75.498887089920743, 17.965248836239205 ], [ 75.498984736219711, 17.964992553527203 ] ] ] } },
{ "type": "Feature", "properties": { "latitude": 8.64128, "longitude": 80.72565, "brightness": 356.03, "scan": 0.48, "track": 0.48, "acq_date": "2026-08-31T00:00:00", "acq_time": 828, "satellite": "N20", "instrument": "VIIRS", "confidence": "n", "version": "2.0NRT", "brightness_bg": 303.5, "frp": 8.18, "daynight": "D", "source_left": "VIIRS_NOAA20_NRT", "cross_source_count": 1, "state": "Tamil Nadu", "zone_type": "none", "source_right": "curated_research", "osm_id": "", "nearest_zone_dist_m": 204122.25690304616, "is_industrial": false, "facility_type": "none", "zone_name": "Cauvery Delta Rice (TN)", "temperature": 26.6, "humidity": 79, "wind_speed": 20.8, "wind_direction": 217, "aqi": 18, "persistence": 0.0, "ai_classification": "Routine Industrial Heat", "ai_confidence": 100.0, "spread_speed_kmh": 0.0, "risk_level": "Low (Routine Operation)", "mitigation_strategy": "Log & Monitor — No Action Required" }, "geometry": { "type": "Polygon", "coordinates": [ [ [ 80.72565, 8.642631351351351 ], [ 80.72591666262079, 8.642605385514058 ], [ 80.726173077546605, 8.642528485854745 ], [ 80.726409390895654, 8.642403607584193 ], [ 80.726616521278444, 8.642235549704306 ], [ 80.726786508790539, 8.642030770585162 ], [ 80.726912820907188, 8.641797139773466 ], [ 80.726990603524555, 8.641543635570292 ], [ 80.727016867500296, 8.64128 ], [ 80.726990603524555, 8.641016364429708 ], [ 80.726912820907188, 8.640762860226534 ], [ 80.726786508790539, 8.640529229414838 ], [ 80.726616521278444, 8.640324450295694 ], [ 80.726409390895654, 8.640156392415808 ], [ 80.726173077546605, 8.640031514145255 ], [ 80.72591666262079, 8.639954614485942 ], [ 80.72565, 8.639928648648649 ], [ 80.725383337379213, 8.639954614485942 ], [ 80.725126922453398, 8.640031514145255 ], [ 80.724890609104349, 8.640156392415808 ], [ 80.724683478721559, 8.640324450295694 ], [ 80.724513491209464, 8.640529229414838 ], [ 80.724387179092815, 8.640762860226534 ], [ 80.724309396475448, 8.641016364429708 ], [ 80.724283132499707, 8.64128 ], [ 80.724309396475448, 8.641543635570292 ], [ 80.724387179092815, 8.641797139773466 ], [ 80.724513491209464, 8.642030770585162 ], [ 80.724683478721559, 8.642235549704306 ], [ 80.724890609104349, 8.642403607584193 ], [ 80.725126922453398, 8.642528485854745 ], [ 80.725383337379213, 8.642605385514058 ], [ 80.72565, 8.642631351351351 ] ] ] } },
{ "type": "Feature", "properties": { "latitude": 12.91149, "longitude": 79.43056, "brightness": 335.76, "scan": 0.45, "track": 0.47, "acq_date": "2026-08-31T00:00:00", "acq_time": 828, "satellite": "N20", "instrument": "VIIRS", "confidence": "n", "version": "2.0NRT", "brightness_bg": 299.59, "frp": 2.51, "daynight": "D", "source_left": "VIIRS_NOAA20_NRT", "cross_source_count": 1, "state": "Tamil Nadu", "zone_type": "none", "source_right": "curated_research", "osm_id": "", "nearest_zone_dist_m": 74929.956001699247, "is_industrial": false, "facility_type": "none", "zone_name": "Chennai Industrial Corridor (TN)", "temperature": 28.1, "humidity": 68, "wind_speed": 3.8, "wind_direction": 273, "aqi": 25, "persistence": 0.0, "ai_classification": "Natural Anomaly", "ai_confidence": 100.0, "spread_speed_kmh": 0.37, "risk_level": "Moderate (Spreading)", "mitigation_strategy": "Monitor" }, "geometry": { "type": "Polygon", "coordinates": [ [ [ 79.43448276234632, 12.911289614581953 ], [ 79.434436937155212, 12.911091116369473 ], [ 79.434322391908367, 12.910902230959749 ], [ 79.434142607005128, 12.910728697540376 ], [ 79.433903045118825, 12.910575788836491 ], [ 79.433610985216148, 12.910448150901685 ], [ 79.433275301389429, 12.910349661950017 ], [ 79.43290619322191, 12.910283314518448 ], [ 79.432514875878454, 12.910251124540114 ], [ 79.432113239338548, 12.910254070091215 ], [ 79.431713487125208, 12.910292061672672 ], [ 79.431327765507149, 12.910363944929509 ], [ 79.430967794440562, 12.910467535725338 ], [ 79.430644511464138, 12.910599686506252 ], [ 79.43036773936754, 12.91075638193764 ], [ 79.430145887730873, 12.910932860908114 ], [ 79.429985697403822, 12.911123761193457 ], [ 79.429892035688454, 12.9113232823851 ], [ 79.429867748448586, 12.911525362132597 ], [ 79.429913573639695, 12.911723860345077 ], [ 79.43002811888654, 12.911912745754801 ], [ 79.430207903789778, 12.912086279174174 ], [ 79.430447465676082, 12.912239187878059 ], [ 79.430739525578758, 12.912366825812866 ], [ 79.431075209405478, 12.912465314764534 ], [ 79.431444317572996, 12.912531662196102 ], [ 79.431835634916453, 12.912563852174436 ], [ 79.432237271456358, 12.912560906623336 ], [ 79.432637023669699, 12.912522915041878 ], [ 79.433022745287758, 12.912451031785041 ], [ 79.433382716354345, 12.912347440989212 ], [ 79.433705999330769, 12.912215290208298 ], [ 79.433982771427367, 12.91205859477691 ], [ 79.434204623064034, 12.911882115806437 ], [ 79.434364813391085, 12.911691215521094 ], [ 79.434458475106453, 12.911491694329451 ], [ 79.43448276234632, 12.911289614581953 ] ] ] } },
{ "type": "Feature", "properties": { "latitude": 25.59085, "longitude": 72.62873, "brightness": 332.94, "scan": 0.42, "track": 0.38, "acq_date": "2026-08-31T00:00:00", "acq_time": 833, "satellite": "N20", "instrument": "VIIRS", "confidence": "n", "version": "2.0NRT", "brightness_bg": 297.48, "frp": 2.74, "daynight": "D", "source_left": "VIIRS_NOAA20_NRT", "cross_source_count": 1, "state": "Rajasthan", "zone_type": "none", "source_right": "curated_research", "osm_id": "", "nearest_zone_dist_m": 44823.755086829187, "is_industrial": false, "facility_type": "none", "zone_name": "Rajasthan Kharif Crops", "temperature": 27.5, "humidity": 66, "wind_speed": 11.1, "wind_direction": 216, "aqi": 63, "persistence": 0.0, "ai_classification": "Routine Industrial Heat", "ai_confidence": 100.0, "spread_speed_kmh": 0.0, "risk_level": "Low (Routine Operation)", "mitigation_strategy": "Log & Monitor — No Action Required" }, "geometry": { "type": "Polygon", "coordinates": [ [ [ 72.62873, 25.592201351351353 ], [ 72.629022310817803, 25.592175385514057 ], [ 72.629303388294801, 25.592098485854745 ], [ 72.629562430781192, 25.591973607584194 ], [ 72.629789483419501, 25.591805549704304 ], [ 72.629975820704146, 25.59160077058516 ], [ 72.630114281797816, 25.591367139773467 ], [ 72.630199545718298, 25.591113635570292 ], [ 72.630228335820959, 25.59085 ], [ 72.630199545718298, 25.590586364429708 ], [ 72.630114281797816, 25.590332860226532 ], [ 72.629975820704146, 25.590099229414839 ], [ 72.629789483419501, 25.589894450295695 ], [ 72.629562430781192, 25.589726392415805 ], [ 72.629303388294801, 25.589601514145254 ], [ 72.629022310817803, 25.589524614485942 ], [ 72.62873, 25.589498648648647 ], [ 72.628437689182206, 25.589524614485942 ], [ 72.628156611705208, 25.589601514145254 ], [ 72.627897569218817, 25.589726392415805 ], [ 72.627670516580508, 25.589894450295695 ], [ 72.627484179295863, 25.590099229414839 ], [ 72.627345718202193, 25.590332860226532 ], [ 72.627260454281711, 25.590586364429708 ], [ 72.62723166417905, 25.59085 ], [ 72.627260454281711, 25.591113635570292 ], [ 72.627345718202193, 25.591367139773467 ], [ 72.627484179295863, 25.59160077058516 ], [ 72.627670516580508, 25.591805549704304 ], [ 72.627897569218817, 25.591973607584194 ], [ 72.628156611705208, 25.592098485854745 ], [ 72.628437689182206, 25.592175385514057 ], [ 72.62873, 25.592201351351353 ] ] ] } },
{ "type": "Feature", "properties": { "latitude": 29.76927, "longitude": 72.40252, "brightness": 334.09, "scan": 0.45, "track": 0.39, "acq_date": "2026-08-31T00:00:00", "acq_time": 835, "satellite": "N20", "instrument": "VIIRS", "confidence": "n", "version": "2.0NRT", "brightness_bg": 303.52, "frp": 3.68, "daynight": "D", "source_left": "VIIRS_NOAA20_NRT", "cross_source_count": 1, "state": "Punjab", "zone_type": "none", "source_right": "curated_research", "osm_id": "", "nearest_zone_dist_m": 183901.72583244758, "is_industrial": false, "facility_type": "none", "zone_name": "Punjab Wheat Belt", "temperature": 31.5, "humidity": 54, "wind_speed": 7.5, "wind_direction": 220, "aqi": 116, "persistence": 0.0, "ai_classification": "Wildfire", "ai_confidence": 100.0, "spread_speed_kmh": 1.01, "risk_level": "Moderate (Spreading)", "mitigation_strategy": "Establish Firebreak" }, "geometry": { "type": "Polygon", "coordinates": [ [ [ 72.407065137977497, 29.77397180135803 ], [ 72.407216970628525, 29.773789611166372 ], [ 72.407282952970334, 29.773528920346177 ], [ 72.40726108016284, 29.773197649856101 ], [ 72.407152016800268, 29.772805865182359 ], [ 72.406959076717655, 29.772365470504003 ], [ 72.406688122301816, 29.77188984699049 ], [ 72.406347386365539, 29.771393446221598 ], [ 72.405947221997849, 29.770891351083499 ], [ 72.40549978799055, 29.770398817482896 ], [ 72.405018679399546, 29.769930810804002 ], [ 72.40451851446592, 29.769501551192938 ], [ 72.404014490448105, 29.769124081485767 ], [ 72.403521921860801, 29.768809870908534 ], [ 72.403055775151302, 29.768568466590629 ], [ 72.402630213951483, 29.768407203480098 ], [ 72.402258168723066, 29.76833098147495 ], [ 72.401950943872052, 29.768342116542239 ], [ 72.401717874270076, 29.768440270348584 ], [ 72.401566041619049, 29.768622460540243 ], [ 72.40150005927724, 29.768883151360438 ], [ 72.401521932084734, 29.769214421850513 ], [ 72.401630995447306, 29.769606206524255 ], [ 72.401823935529919, 29.770046601202612 ], [ 72.402094889945758, 29.770522224716125 ], [ 72.402435625882035, 29.771018625485016 ], [ 72.402835790249725, 29.771520720623116 ], [ 72.403283224257024, 29.772013254223719 ], [ 72.403764332848027, 29.772481260902612 ], [ 72.404264497781654, 29.772910520513676 ], [ 72.404768521799468, 29.773287990220847 ], [ 72.405261090386773, 29.773602200798081 ], [ 72.405727237096272, 29.773843605115985 ], [ 72.406152798296091, 29.774004868226516 ], [ 72.406524843524508, 29.774081090231665 ], [ 72.406832068375522, 29.774069955164375 ], [ 72.407065137977497, 29.77397180135803 ] ] ] } },
{ "type": "Feature", "properties": { "latitude": 31.37635, "longitude": 74.44994, "brightness": 338.11, "scan": 0.39, "track": 0.44, "acq_date": "2026-08-31T00:00:00", "acq_time": 835, "satellite": "N20", "instrument": "VIIRS", "confidence": "n", "version": "2.0NRT", "brightness_bg": 298.85, "frp": 4.08, "daynight": "D", "source_left": "VIIRS_NOAA20_NRT", "cross_source_count": 1, "state": "Punjab", "zone_type": "none", "source_right": "curated_research", "osm_id": "", "nearest_zone_dist_m": 30667.79207227358, "is_industrial": false, "facility_type": "none", "zone_name": "Punjab Wheat Belt", "temperature": 28.8, "humidity": 77, "wind_speed": 3.7, "wind_direction": 125, "aqi": 90, "persistence": 0.0, "ai_classification": "Routine Industrial Heat", "ai_confidence": 100.0, "spread_speed_kmh": 0.0, "risk_level": "Low (Routine Operation)", "mitigation_strategy": "Log & Monitor — No Action Required" }, "geometry": { "type": "Polygon", "coordinates": [ [ [ 74.44994, 31.377701351351352 ], [ 74.450248791445944, 31.377675385514056 ], [ 74.450545716209803, 31.377598485854744 ], [ 74.450819363639397, 31.377473607584193 ], [ 74.451059217617484, 31.377305549704303 ], [ 74.451256060690199, 31.377100770585159 ], [ 74.451402328288651, 31.376867139773466 ], [ 74.451492399431046, 31.37661363557029 ], [ 74.451522812733899, 31.37635 ], [ 74.451492399431046, 31.376086364429707 ], [ 74.451402328288651, 31.375832860226531 ], [ 74.451256060690199, 31.375599229414838 ], [ 74.451059217617484, 31.375394450295694 ], [ 74.450819363639397, 31.375226392415804 ], [ 74.450545716209803, 31.375101514145253 ], [ 74.450248791445944, 31.375024614485941 ], [ 74.44994, 31.374998648648646 ], [ 74.449631208554052, 31.375024614485941 ], [ 74.449334283790193, 31.375101514145253 ], [ 74.449060636360599, 31.375226392415804 ], [ 74.448820782382512, 31.375394450295694 ], [ 74.448623939309797, 31.375599229414838 ], [ 74.448477671711345, 31.375832860226531 ], [ 74.44838760056895, 31.376086364429707 ], [ 74.448357187266097, 31.37635 ], [ 74.44838760056895, 31.37661363557029 ], [ 74.448477671711345, 31.376867139773466 ], [ 74.448623939309797, 31.377100770585159 ], [ 74.448820782382512, 31.377305549704303 ], [ 74.449060636360599, 31.377473607584193 ], [ 74.449334283790193, 31.377598485854744 ], [ 74.449631208554052, 31.377675385514056 ], [ 74.44994, 31.377701351351352 ] ] ] } },
{ "type": "Feature", "properties": { "latitude": 31.41202, "longitude": 74.55347, "brightness": 330.68, "scan": 0.39, "track": 0.44, "acq_date": "2026-08-31T00:00:00", "acq_time": 835, "satellite": "N20", "instrument": "VIIRS", "confidence": "n", "version": "2.0NRT", "brightness_bg": 299.58, "frp": 1.49, "daynight": "D", "source_left": "VIIRS_NOAA20_NRT", "cross_source_count": 1, "state": "Punjab", "zone_type": "none", "source_right": "curated_research", "osm_id": "", "nearest_zone_dist_m": 28673.159425141494, "is_industrial": false, "facility_type": "none", "zone_name": "Amritsar Industrial Zone", "temperature": 28.8, "humidity": 77, "wind_speed": 4.3, "wind_direction": 107, "aqi": 89, "persistence": 0.0, "ai_classification": "Routine Industrial Heat", "ai_confidence": 100.0, "spread_speed_kmh": 0.0, "risk_level": "Low (Routine Operation)", "mitigation_strategy": "Log & Monitor — No Action Required" }, "geometry": { "type": "Polygon", "coordinates": [ [ [ 74.55347, 31.413371351351351 ], [ 74.553778908785802, 31.413345385514056 ], [ 74.554075946380195, 31.413268485854744 ], [ 74.554349697795018, 31.413143607584193 ], [ 74.554589642916923, 31.412975549704303 ], [ 74.554786560789424, 31.412770770585158 ], [ 74.55493288396913, 31.412537139773466 ], [ 74.555022989338298, 31.41228363557029 ], [ 74.555053414198127, 31.41202 ], [ 74.555022989338298, 31.411756364429706 ], [ 74.55493288396913, 31.41150286022653 ], [ 74.554786560789424, 31.411269229414838 ], [ 74.554589642916923, 31.411064450295694 ], [ 74.554349697795018, 31.410896392415804 ], [ 74.554075946380195, 31.410771514145253 ], [ 74.553778908785802, 31.410694614485941 ], [ 74.55347, 31.410668648648645 ], [ 74.553161091214207, 31.410694614485941 ], [ 74.552864053619814, 31.410771514145253 ], [ 74.55259030220499, 31.410896392415804 ], [ 74.552350357083085, 31.411064450295694 ], [ 74.552153439210585, 31.411269229414838 ], [ 74.552007116030879, 31.41150286022653 ], [ 74.551917010661711, 31.411756364429706 ], [ 74.551886585801881, 31.41202 ], [ 74.551917010661711, 31.41228363557029 ], [ 74.552007116030879, 31.412537139773466 ], [ 74.552153439210585, 31.412770770585158 ], [ 74.552350357083085, 31.412975549704303 ], [ 74.55259030220499, 31.413143607584193 ], [ 74.552864053619814, 31.413268485854744 ], [ 74.553161091214207, 31.413345385514056 ], [ 74.55347, 31.413371351351351 ] ] ] } },
{ "type": "Feature", "properties": { "latitude": 31.46411, "longitude": 72.13901, "brightness": 335.09, "scan": 0.45, "track": 0.39, "acq_date": "2026-08-31T00:00:00", "acq_time": 835, "satellite": "N20", "instrument": "VIIRS", "confidence": "n", "version": "2.0NRT", "brightness_bg": 299.7, "frp": 4.92, "daynight": "D", "source_left": "VIIRS_NOAA20_NRT", "cross_source_count": 1, "state": "Punjab", "zone_type": "none", "source_right": "curated_research", "osm_id": "", "nearest_zone_dist_m": 214684.237459255, "is_industrial": false, "facility_type": "none", "zone_name": "Punjab Wheat Belt", "temperature": 29.8, "humidity": 67, "wind_speed": 4.7, "wind_direction": 157, "aqi": 70, "persistence": 0.0, "ai_classification": "Routine Industrial Heat", "ai_confidence": 100.0, "spread_speed_kmh": 0.0, "risk_level": "Low (Routine Operation)", "mitigation_strategy": "Log & Monitor — No Action Required" }, "geometry": { "type": "Polygon", "coordinates": [ [ [ 72.13901, 31.465461351351355 ], [ 72.139319080516387, 31.465435385514059 ], [ 72.139616283241878, 31.465358485854747 ], [ 72.139890186842379, 31.465233607584196 ], [ 72.140130265356149, 31.465065549704306 ], [ 72.140327292700519, 31.464860770585162 ], [ 72.140473697225175, 31.464627139773469 ], [ 72.140563852686299, 31.464373635570293 ], [ 72.140594294460115, 31.46411 ], [ 72.140563852686299, 31.46384636442971 ], [ 72.140473697225175, 31.463592860226534 ], [ 72.140327292700519, 31.463359229414841 ], [ 72.140130265356149, 31.463154450295697 ], [ 72.139890186842379, 31.462986392415807 ], [ 72.139616283241878, 31.462861514145256 ], [ 72.139319080516387, 31.462784614485944 ], [ 72.13901, 31.462758648648649 ], [ 72.138700919483611, 31.462784614485944 ], [ 72.13840371675812, 31.462861514145256 ], [ 72.138129813157619, 31.462986392415807 ], [ 72.137889734643849, 31.463154450295697 ], [ 72.137692707299479, 31.463359229414841 ], [ 72.137546302774822, 31.463592860226534 ], [ 72.137456147313699, 31.46384636442971 ], [ 72.137425705539883, 31.46411 ], [ 72.137456147313699, 31.464373635570293 ], [ 72.137546302774822, 31.464627139773469 ], [ 72.137692707299479, 31.464860770585162 ], [ 72.137889734643849, 31.465065549704306 ], [ 72.138129813157619, 31.465233607584196 ], [ 72.13840371675812, 31.465358485854747 ], [ 72.138700919483611, 31.465435385514059 ], [ 72.13901, 31.465461351351355 ] ] ] } },
{ "type": "Feature", "properties": { "latitude": 31.46708, "longitude": 72.13364, "brightness": 347.0, "scan": 0.45, "track": 0.39, "acq_date": "2026-08-31T00:00:00", "acq_time": 835, "satellite": "N20", "instrument": "VIIRS", "confidence": "n", "version": "2.0NRT", "brightness_bg": 299.65, "frp": 11.41, "daynight": "D", "source_left": "VIIRS_NOAA20_NRT", "cross_source_count": 1, "state": "Punjab", "zone_type": "none", "source_right": "curated_research", "osm_id": "", "nearest_zone_dist_m": 215282.31313208884, "is_industrial": false, "facility_type": "none", "zone_name": "Punjab Wheat Belt", "temperature": 29.8, "humidity": 67, "wind_speed": 4.7, "wind_direction": 157, "aqi": 70, "persistence": 0.0, "ai_classification": "Routine Industrial Heat", "ai_confidence": 100.0, "spread_speed_kmh": 0.0, "risk_level": "Low (Routine Operation)", "mitigation_strategy": "Log & Monitor — No Action Required" }, "geometry": { "type": "Polygon", "coordinates": [ [ [ 72.13364, 31.468431351351352 ], [ 72.133949090321352, 31.468405385514057 ], [ 72.134246302475006, 31.468328485854745 ], [ 72.134520214764564, 31.468203607584194 ], [ 72.134760300894342, 31.468035549704304 ], [ 72.134957334489016, 31.467830770585159 ], [ 72.135103743658064, 31.467597139773467 ], [ 72.135193901979193, 31.467343635570291 ], [ 72.135224344718708, 31.46708 ], [ 72.135193901979193, 31.466816364429707 ], [ 72.135103743658064, 31.466562860226531 ], [ 72.134957334489016, 31.466329229414839 ], [ 72.134760300894342, 31.466124450295695 ], [ 72.134520214764564, 31.465956392415805 ], [ 72.134246302475006, 31.465831514145254 ], [ 72.133949090321352, 31.465754614485942 ], [ 72.13364, 31.465728648648646 ], [ 72.133330909678648, 31.465754614485942 ], [ 72.133033697524993, 31.465831514145254 ], [ 72.132759785235436, 31.465956392415805 ], [ 72.132519699105657, 31.466124450295695 ], [ 72.132322665510983, 31.466329229414839 ], [ 72.132176256341936, 31.466562860226531 ], [ 72.132086098020807, 31.466816364429707 ], [ 72.132055655281292, 31.46708 ], [ 72.132086098020807, 31.467343635570291 ], [ 72.132176256341936, 31.467597139773467 ], [ 72.132322665510983, 31.467830770585159 ], [ 72.132519699105657, 31.468035549704304 ], [ 72.132759785235436, 31.468203607584194 ], [ 72.133033697524993, 31.468328485854745 ], [ 72.133330909678648, 31.468405385514057 ], [ 72.13364, 31.468431351351352 ] ] ] } },
{ "type": "Feature", "properties": { "latitude": 31.47198, "longitude": 74.22855, "brightness": 332.0, "scan": 0.57, "track": 0.43, "acq_date": "2026-08-31T00:00:00", "acq_time": 835, "satellite": "N20", "instrument": "VIIRS", "confidence": "n", "version": "2.0NRT", "brightness_bg": 300.74, "frp": 3.85, "daynight": "D", "source_left": "VIIRS_NOAA20_NRT", "cross_source_count": 1, "state": "Punjab", "zone_type": "none", "source_right": "curated_research", "osm_id": "", "nearest_zone_dist_m": 50832.745064364652, "is_industrial": false, "facility_type": "none", "zone_name": "Punjab Wheat Belt", "temperature": 29.8, "humidity": 73, "wind_speed": 5.0, "wind_direction": 142, "aqi": 89, "persistence": 0.0, "ai_classification": "Agricultural Burn", "ai_confidence": 100.0, "spread_speed_kmh": 0.44, "risk_level": "Low (Agricultural Hazard)", "mitigation_strategy": "Issue Local Admin Warning" }, "geometry": { "type": "Polygon", "coordinates": [ [ [ 74.225562684066787, 31.475241095538649 ], [ 74.225762965912523, 31.475327620093129 ], [ 74.226010555601107, 31.475353229326483 ], [ 74.226297930245167, 31.475317145115113 ], [ 74.226616358111528, 31.475220463859525 ], [ 74.226956163930637, 31.475066123170741 ], [ 74.227307022874612, 31.474858812612496 ], [ 74.227658274271974, 31.474604831211195 ], [ 74.227999245526775, 31.474311896063195 ], [ 74.228319576399969, 31.473988907854739 ], [ 74.228609533800082, 31.473645680419096 ], [ 74.228860307518218, 31.473292642548223 ], [ 74.22906427792185, 31.472940521119174 ], [ 74.229215247473491, 31.47260001516339 ], [ 74.229308629039707, 31.47228147078204 ], [ 74.229341585268855, 31.47199456678495 ], [ 74.229313114802594, 31.471748020604899 ], [ 74.22922408270162, 31.471549323422803 ], [ 74.229077194161292, 31.471404512551999 ], [ 74.228876912315556, 31.471317987997519 ], [ 74.228629322626972, 31.471292378764165 ], [ 74.228341947982912, 31.471328462975535 ], [ 74.228023520116551, 31.471425144231123 ], [ 74.227683714297441, 31.471579484919907 ], [ 74.227332855353467, 31.471786795478152 ], [ 74.226981603956105, 31.472040776879453 ], [ 74.226640632701304, 31.472333712027453 ], [ 74.22632030182811, 31.472656700235909 ], [ 74.226030344427997, 31.472999927671552 ], [ 74.225779570709861, 31.473352965542425 ], [ 74.225575600306229, 31.473705086971474 ], [ 74.225424630754588, 31.474045592927258 ], [ 74.225331249188372, 31.474364137308608 ], [ 74.225298292959224, 31.474651041305698 ], [ 74.225326763425485, 31.474897587485749 ], [ 74.225415795526459, 31.475096284667845 ], [ 74.225562684066787, 31.475241095538649 ] ] ] } },
{ "type": "Feature", "properties": { "latitude": 31.80262, "longitude": 73.7253, "brightness": 330.04, "scan": 0.54, "track": 0.42, "acq_date": "2026-08-31T00:00:00", "acq_time": 835, "satellite": "N20", "instrument": "VIIRS", "confidence": "n", "version": "2.0NRT", "brightness_bg": 297.09, "frp": 3.75, "daynight": "D", "source_left": "VIIRS_NOAA20_NRT", "cross_source_count": 1, "state": "Punjab", "zone_type": "none", "source_right": "curated_research", "osm_id": "", "nearest_zone_dist_m": 100617.68992188229, "is_industrial": false, "facility_type": "none", "zone_name": "Amritsar Industrial Zone", "temperature": 28.5, "humidity": 80, "wind_speed": 6.5, "wind_direction": 93, "aqi": 84, "persistence": 0.0, "ai_classification": "Natural Anomaly", "ai_confidence": 100.0, "spread_speed_kmh": 0.59, "risk_level": "Moderate (Spreading)", "mitigation_strategy": "Monitor" }, "geometry": { "type": "Polygon", "coordinates": [ [ [ 73.718978862740926, 31.802901541512359 ], [ 73.719048243244615, 31.803108069953694 ], [ 73.719228494866343, 31.803303291076151 ], [ 73.719514140751784, 31.803481273184712 ], [ 73.719896501695246, 31.803636608383066 ], [ 73.720363959852961, 31.803764576889819 ], [ 73.720902311745334, 31.803861290446648 ], [ 73.721495199822556, 31.803923810461065 ], [ 73.722124609480403, 31.803950237294075 ], [ 73.722771416424919, 31.80393976797972 ], [ 73.723415967754391, 31.803892720622827 ], [ 73.724038679102847, 31.803810524733528 ], [ 73.724620629701064, 31.803695677792319 ], [ 73.725144137274583, 31.803551669365401 ], [ 73.725593295310702, 31.80338287507595 ], [ 73.725954456369777, 31.803194423653039 ], [ 73.726216646755788, 31.802992041097792 ], [ 73.726371899946528, 31.802781876701737 ], [ 73.726415498652358, 31.802570316203703 ], [ 73.726346118148669, 31.802363787762367 ], [ 73.726165866526941, 31.80216856663991 ], [ 73.7258802206415, 31.80199058453135 ], [ 73.725497859698038, 31.801835249332996 ], [ 73.725030401540323, 31.801707280826243 ], [ 73.724492049647949, 31.801610567269414 ], [ 73.723899161570728, 31.801548047254997 ], [ 73.723269751912881, 31.801521620421987 ], [ 73.722622944968364, 31.801532089736341 ], [ 73.721978393638892, 31.801579137093235 ], [ 73.721355682290437, 31.801661332982533 ], [ 73.720773731692219, 31.801776179923742 ], [ 73.720250224118701, 31.80192018835066 ], [ 73.719801066082582, 31.802088982640111 ], [ 73.719439905023506, 31.802277434063022 ], [ 73.719177714637496, 31.80247981661827 ], [ 73.719022461446755, 31.802689981014325 ], [ 73.718978862740926, 31.802901541512359 ] ] ] } },
{ "type": "Feature", "properties": { "latitude": 12.40623, "longitude": 79.97924, "brightness": 330.41, "scan": 0.48, "track": 0.48, "acq_date": "2026-08-31T00:00:00", "acq_time": 828, "satellite": "N20", "instrument": "VIIRS", "confidence": "n", "version": "2.0NRT", "brightness_bg": 300.37, "frp": 4.96, "daynight": "D", "source_left": "VIIRS_NOAA20_NRT", "cross_source_count": 1, "state": "Tamil Nadu", "zone_type": "none", "source_right": "curated_research", "osm_id": "", "nearest_zone_dist_m": 62975.060572537564, "is_industrial": false, "facility_type": "none", "zone_name": "Chennai Industrial Corridor (TN)", "temperature": 27.8, "humidity": 69, "wind_speed": 16.8, "wind_direction": 231, "aqi": 33, "persistence": 0.0, "ai_classification": "Routine Industrial Heat", "ai_confidence": 100.0, "spread_speed_kmh": 0.0, "risk_level": "Low (Routine Operation)", "mitigation_strategy": "Log & Monitor — No Action Required" }, "geometry": { "type": "Polygon", "coordinates": [ [ [ 79.97924, 12.407581351351352 ], [ 79.97950993893501, 12.407555385514058 ], [ 79.979769504268134, 12.407478485854746 ], [ 79.980008721049174, 12.407353607584193 ], [ 79.9802183963114, 12.407185549704307 ], [ 79.98039047235207, 12.406980770585163 ], [ 79.980518336385444, 12.406747139773467 ], [ 79.980597074668424, 12.406493635570293 ], [ 79.980623661332956, 12.40623 ], [ 79.980597074668424, 12.405966364429709 ], [ 79.980518336385444, 12.405712860226535 ], [ 79.98039047235207, 12.405479229414839 ], [ 79.9802183963114, 12.405274450295694 ], [ 79.980008721049174, 12.405106392415808 ], [ 79.979769504268134, 12.404981514145256 ], [ 79.97950993893501, 12.404904614485943 ], [ 79.97924, 12.40487864864865 ], [ 79.978970061064999, 12.404904614485943 ], [ 79.978710495731875, 12.404981514145256 ], [ 79.978471278950835, 12.405106392415808 ], [ 79.978261603688608, 12.405274450295694 ], [ 79.978089527647938, 12.405479229414839 ], [ 79.977961663614565, 12.405712860226535 ], [ 79.977882925331585, 12.405966364429709 ], [ 79.977856338667053, 12.40623 ], [ 79.977882925331585, 12.406493635570293 ], [ 79.977961663614565, 12.406747139773467 ], [ 79.978089527647938, 12.406980770585163 ], [ 79.978261603688608, 12.407185549704307 ], [ 79.978471278950835, 12.407353607584193 ], [ 79.978710495731875, 12.407478485854746 ], [ 79.978970061064999, 12.407555385514058 ], [ 79.97924, 12.407581351351352 ] ] ] } },
{ "type": "Feature", "properties": { "latitude": 12.34985, "longitude": 79.22876, "brightness": 351.38, "scan": 0.43, "track": 0.46, "acq_date": "2026-08-31T00:00:00", "acq_time": 828, "satellite": "N20", "instrument": "VIIRS", "confidence": "n", "version": "2.0NRT", "brightness_bg": 306.01, "frp": 26.13, "daynight": "D", "source_left": "VIIRS_NOAA20_NRT", "cross_source_count": 1, "state": "Tamil Nadu", "zone_type": "none", "source_right": "curated_research", "osm_id": "", "nearest_zone_dist_m": 104248.76122484216, "is_industrial": false, "facility_type": "none", "zone_name": "Cauvery Delta Rice (TN)", "temperature": 24.7, "humidity": 89, "wind_speed": 5.2, "wind_direction": 174, "aqi": 24, "persistence": 0.0, "ai_classification": "Natural Anomaly", "ai_confidence": 100.0, "spread_speed_kmh": 2.09, "risk_level": "Moderate (Spreading)", "mitigation_strategy": "Monitor" }, "geometry": { "type": "Polygon", "coordinates": [ [ [ 79.22803415073308, 12.356596146644611 ], [ 79.22834734292077, 12.356567348691826 ], [ 79.228663992251199, 12.356418850307861 ], [ 79.228974477494674, 12.356155163540972 ], [ 79.229269364714213, 12.355784300380138 ], [ 79.229539693910851, 12.355317529314835 ], [ 79.229777251268757, 12.354769032947685 ], [ 79.229974818727811, 12.354155477063252 ], [ 79.230126393300736, 12.353495504246608 ], [ 79.230227369470853, 12.352809167437824 ], [ 79.230274679128314, 12.352117320633536 ], [ 79.230266884793124, 12.351440985248797 ], [ 79.230204223292219, 12.350800711392031 ], [ 79.230088598563583, 12.350215953460383 ], [ 79.229923523806079, 12.349704479027704 ], [ 79.229714014732721, 12.349281828985809 ], [ 79.229466437170643, 12.348960845342354 ], [ 79.229188313638815, 12.348751281022919 ], [ 79.228888094780004, 12.348659503533304 ], [ 79.228574902592314, 12.348688301486089 ], [ 79.228258253261885, 12.348836799870053 ], [ 79.22794776801841, 12.349100486636942 ], [ 79.227652880798871, 12.349471349797776 ], [ 79.227382551602233, 12.349938120863079 ], [ 79.227144994244327, 12.35048661723023 ], [ 79.226947426785273, 12.351100173114663 ], [ 79.226795852212348, 12.351760145931307 ], [ 79.226694876042231, 12.35244648274009 ], [ 79.22664756638477, 12.353138329544379 ], [ 79.22665536071996, 12.353814664929118 ], [ 79.226718022220865, 12.354454938785883 ], [ 79.226833646949501, 12.355039696717531 ], [ 79.226998721707005, 12.355551171150211 ], [ 79.227208230780363, 12.355973821192105 ], [ 79.227455808342441, 12.35629480483556 ], [ 79.227733931874269, 12.356504369154996 ], [ 79.22803415073308, 12.356596146644611 ] ] ] } },
{ "type": "Feature", "properties": { "latitude": 9.78937, "longitude": 78.38755, "brightness": 333.79, "scan": 0.53, "track": 0.42, "acq_date": "2026-08-31T00:00:00", "acq_time": 828, "satellite": "N20", "instrument": "VIIRS", "confidence": "n", "version": "2.0NRT", "brightness_bg": 303.62, "frp": 3.64, "daynight": "D", "source_left": "VIIRS_NOAA20_NRT", "cross_source_count": 1, "state": "Tamil Nadu", "zone_type": "none", "source_right": "curated_research", "osm_id": "", "nearest_zone_dist_m": 55720.734969267731, "is_industrial": false, "facility_type": "none", "zone_name": "Gulf of Mannar NP (Tamil Nadu)", "temperature": 28.6, "humidity": 70, "wind_speed": 6.4, "wind_direction": 16, "aqi": 24, "persistence": 0.0, "ai_classification": "Routine Industrial Heat", "ai_confidence": 100.0, "spread_speed_kmh": 0.0, "risk_level": "Low (Routine Operation)", "mitigation_strategy": "Log & Monitor — No Action Required" }, "geometry": { "type": "Polygon", "coordinates": [ [ [ 78.38755, 9.790721351351351 ], [ 78.387817530965563, 9.790695385514057 ], [ 78.388074780866134, 9.790618485854745 ], [ 78.388311863732341, 9.790493607584192 ], [ 78.388519668602555, 9.790325549704306 ], [ 78.388690209652182, 9.790120770585162 ], [ 78.3888169330843, 9.789887139773466 ], [ 78.388894968988495, 9.789633635570292 ], [ 78.388921318488741, 9.78937 ], [ 78.388894968988495, 9.789106364429708 ], [ 78.3888169330843, 9.788852860226534 ], [ 78.388690209652182, 9.788619229414838 ], [ 78.388519668602555, 9.788414450295694 ], [ 78.388311863732341, 9.788246392415807 ], [ 78.388074780866134, 9.788121514145255 ], [ 78.387817530965563, 9.788044614485942 ], [ 78.38755, 9.788018648648649 ], [ 78.387282469034446, 9.788044614485942 ], [ 78.387025219133875, 9.788121514145255 ], [ 78.386788136267668, 9.788246392415807 ], [ 78.386580331397454, 9.788414450295694 ], [ 78.386409790347827, 9.788619229414838 ], [ 78.386283066915709, 9.788852860226534 ], [ 78.386205031011514, 9.789106364429708 ], [ 78.386178681511268, 9.78937 ], [ 78.386205031011514, 9.789633635570292 ], [ 78.386283066915709, 9.789887139773466 ], [ 78.386409790347827, 9.790120770585162 ], [ 78.386580331397454, 9.790325549704306 ], [ 78.386788136267668, 9.790493607584192 ], [ 78.387025219133875, 9.790618485854745 ], [ 78.387282469034446, 9.790695385514057 ], [ 78.38755, 9.790721351351351 ] ] ] } },
{ "type": "Feature", "properties": { "latitude": 9.94658, "longitude": 77.72368, "brightness": 338.91, "scan": 0.49, "track": 0.4, "acq_date": "2026-08-31T00:00:00", "acq_time": 828, "satellite": "N20", "instrument": "VIIRS", "confidence": "n", "version": "2.0NRT", "brightness_bg": 304.69, "frp": 6.94, "daynight": "D", "source_left": "VIIRS_NOAA20_NRT", "cross_source_count": 1, "state": "Kerala", "zone_type": "none", "source_right": "curated_research", "osm_id": "", "nearest_zone_dist_m": 20890.733497231176, "is_industrial": false, "facility_type": "none", "zone_name": "Kerala Western Ghats Forests", "temperature": 26.6, "humidity": 68, "wind_speed": 14.4, "wind_direction": 266, "aqi": 17, "persistence": 0.0, "ai_classification": "Agricultural Burn", "ai_confidence": 100.0, "spread_speed_kmh": 1.22, "risk_level": "Low (Agricultural Hazard)", "mitigation_strategy": "Issue Local Admin Warning" }, "geometry": { "type": "Polygon", "coordinates": [ [ [ 77.735413185743212, 9.947388131576291 ], [ 77.735326549674824, 9.947124282923465 ], [ 77.735032835963622, 9.946854007255492 ], [ 77.734540968952103, 9.946585516761779 ], [ 77.733865893770513, 9.946326969390114 ], [ 77.733028122236632, 9.946086220971555 ], [ 77.732053109614597, 9.945870586524975 ], [ 77.73097048116955, 9.945686617993916 ], [ 77.729813132018947, 9.945539905169102 ], [ 77.728616227631079, 9.945434905845476 ], [ 77.727416135340107, 9.945374810374352 ], [ 77.72624931934304, 9.945361444726212 ], [ 77.72515123275349, 9.94539521500951 ], [ 77.724155240376817, 9.945475095131277 ], [ 77.723291604937415, 9.945598657974436 ], [ 77.722586567561066, 9.945762149144523 ], [ 77.722061550451684, 9.945960601045062 ], [ 77.721732505988484, 9.946187983815481 ], [ 77.721609432020969, 9.946437388545361 ], [ 77.721696068089358, 9.946701237198187 ], [ 77.721989781800559, 9.94697151286616 ], [ 77.722481648812078, 9.947240003359873 ], [ 77.723156723993668, 9.947498550731538 ], [ 77.723994495527549, 9.947739299150097 ], [ 77.724969508149584, 9.947954933596677 ], [ 77.726052136594632, 9.948138902127736 ], [ 77.727209485745234, 9.94828561495255 ], [ 77.728406390133102, 9.948390614276176 ], [ 77.729606482424074, 9.9484507097473 ], [ 77.730773298421141, 9.948464075395441 ], [ 77.731871385010692, 9.948430305112142 ], [ 77.732867377387365, 9.948350424990375 ], [ 77.733731012826766, 9.948226862147216 ], [ 77.734436050203115, 9.948063370977129 ], [ 77.734961067312497, 9.94786491907659 ], [ 77.735290111775697, 9.947637536306171 ], [ 77.735413185743212, 9.947388131576291 ] ] ] } },
{ "type": "Feature", "properties": { "latitude": 10.04175, "longitude": 77.58042, "brightness": 339.12, "scan": 0.48, "track": 0.4, "acq_date": "2026-08-31T00:00:00", "acq_time": 828, "satellite": "N20", "instrument": "VIIRS", "confidence": "n", "version": "2.0NRT", "brightness_bg": 304.56, "frp": 29.4, "daynight": "D", "source_left": "VIIRS_NOAA20_NRT", "cross_source_count": 1, "state": "Kerala", "zone_type": "none", "source_right": "curated_research", "osm_id": "", "nearest_zone_dist_m": 8958.235242987701, "is_industrial": false, "facility_type": "none", "zone_name": "Kerala Western Ghats Forests", "temperature": 26.7, "humidity": 67, "wind_speed": 13.0, "wind_direction": 211, "aqi": 17, "persistence": 0.0, "ai_classification": "Wildfire", "ai_confidence": 100.0, "spread_speed_kmh": 3.36, "risk_level": "Critical (Spreading)", "mitigation_strategy": "Establish Firebreak" }, "geometry": { "type": "Polygon", "coordinates": [ [ [ 77.587275603225621, 10.052984760532427 ], [ 77.587488561861321, 10.052722115309537 ], [ 77.587572517349869, 10.052266648950182 ], [ 77.587524918746226, 10.051632200569218 ], [ 77.587347212309879, 10.050838047559651 ], [ 77.587044797560964, 10.049908319858817 ], [ 77.586626863218612, 10.048871266772441 ], [ 77.586106108006319, 10.047758398633778 ], [ 77.585498354807712, 10.046603529378082 ], [ 77.584822069896163, 10.045441749123299 ], [ 77.584097801846525, 10.044308357974577 ], [ 77.583347557176964, 10.043237793448448 ], [ 77.582594131692133, 10.042262584106307 ], [ 77.58186041784414, 10.041412361190535 ], [ 77.581168709156984, 10.040712958294193 ], [ 77.580540022849078, 10.040185626420374 ], [ 77.579993461235787, 10.039846388281219 ], [ 77.579545631315142, 10.039705551455924 ], [ 77.579210140172663, 10.03976739520016 ], [ 77.578997181536963, 10.04003004042305 ], [ 77.578913226048414, 10.040485506782405 ], [ 77.578960824652057, 10.041119955163369 ], [ 77.579138531088404, 10.041914108172936 ], [ 77.57944094583732, 10.04284383587377 ], [ 77.579858880179671, 10.043880888960146 ], [ 77.580379635391964, 10.044993757098808 ], [ 77.580987388590572, 10.046148626354505 ], [ 77.581663673502121, 10.047310406609288 ], [ 77.582387941551758, 10.04844379775801 ], [ 77.583138186221319, 10.049514362284139 ], [ 77.58389161170615, 10.050489571626279 ], [ 77.584625325554143, 10.051339794542052 ], [ 77.585317034241299, 10.052039197438393 ], [ 77.585945720549205, 10.052566529312212 ], [ 77.586492282162496, 10.052905767451367 ], [ 77.586940112083141, 10.053046604276663 ], [ 77.587275603225621, 10.052984760532427 ] ] ] } },
{ "type": "Feature", "properties": { "latitude": 10.27317, "longitude": 78.84991, "brightness": 337.68, "scan": 0.38, "track": 0.43, "acq_date": "2026-08-31T00:00:00", "acq_time": 828, "satellite": "N20", "instrument": "VIIRS", "confidence": "n", "version": "2.0NRT", "brightness_bg": 288.04, "frp": 3.9, "daynight": "D", "source_left": "VIIRS_NOAA20_NRT", "cross_source_count": 1, "state": "Tamil Nadu", "zone_type": "none", "source_right": "curated_research", "osm_id": "", "nearest_zone_dist_m": 21923.265314671586, "is_industrial": false, "facility_type": "none", "zone_name": "Cauvery Delta Rice (TN)", "temperature": 27.7, "humidity": 71, "wind_speed": 0.8, "wind_direction": 27, "aqi": 23, "persistence": 0.0, "ai_classification": "Natural Anomaly", "ai_confidence": 100.0, "spread_speed_kmh": 0.31, "risk_level": "Moderate (Spreading)", "mitigation_strategy": "Monitor" }, "geometry": { "type": "Polygon", "coordinates": [ [ [ 78.848143432177167, 10.269758488533514 ], [ 78.847875900784942, 10.269931020266734 ], [ 78.847648072417016, 10.270159284445603 ], [ 78.84746686952306, 10.270436345378558 ], [ 78.847337797861329, 10.270753784709346 ], [ 78.847264779208956, 10.271101957204536 ], [ 78.847250032200719, 10.271470283819044 ], [ 78.847294004917018, 10.271847573135069 ], [ 78.847395361269122, 10.272222361407666 ], [ 78.84755102159555, 10.27258326088482 ], [ 78.847756256236053, 10.272919305818542 ], [ 78.84800482923994, 10.27322028565357 ], [ 78.848289187842283, 10.273477055269918 ], [ 78.848600691950807, 10.273681812852725 ], [ 78.848929876670837, 10.273828336946451 ], [ 78.84926673989122, 10.273912175490651 ], [ 78.849601046193456, 10.273930781093584 ], [ 78.84992263784973, 10.273883588433423 ], [ 78.850221743460295, 10.273772031435263 ], [ 78.850489274852521, 10.273599499702042 ], [ 78.850717103220447, 10.273371235523173 ], [ 78.850898306114402, 10.273094174590218 ], [ 78.851027377776134, 10.272776735259431 ], [ 78.851100396428507, 10.27242856276424 ], [ 78.851115143436743, 10.272060236149732 ], [ 78.851071170720445, 10.271682946833707 ], [ 78.850969814368341, 10.27130815856111 ], [ 78.850814154041913, 10.270947259083956 ], [ 78.850608919401409, 10.270611214150234 ], [ 78.850360346397522, 10.270310234315206 ], [ 78.850075987795179, 10.270053464698858 ], [ 78.849764483686656, 10.269848707116051 ], [ 78.849435298966625, 10.269702183022325 ], [ 78.849098435746242, 10.269618344478125 ], [ 78.848764129444007, 10.269599738875192 ], [ 78.848442537787733, 10.269646931535354 ], [ 78.848143432177167, 10.269758488533514 ] ] ] } },
{ "type": "Feature", "properties": { "latitude": 10.28726, "longitude": 77.86376, "brightness": 336.28, "scan": 0.5, "track": 0.41, "acq_date": "2026-08-31T00:00:00", "acq_time": 828, "satellite": "N20", "instrument": "VIIRS", "confidence": "n", "version": "2.0NRT", "brightness_bg": 282.82, "frp": 4.79, "daynight": "D", "source_left": "VIIRS_NOAA20_NRT", "cross_source_count": 1, "state": "Kerala", "zone_type": "none", "source_right": "curated_research", "osm_id": "", "nearest_zone_dist_m": 48951.794924881047, "is_industrial": false, "facility_type": "none", "zone_name": "Kerala Western Ghats Forests", "temperature": 26.6, "humidity": 71, "wind_speed": 2.4, "wind_direction": 167, "aqi": 19, "persistence": 0.0, "ai_classification": "Natural Anomaly", "ai_confidence": 100.0, "spread_speed_kmh": 0.46, "risk_level": "Moderate (Spreading)", "mitigation_strategy": "Monitor" }, "geometry": { "type": "Polygon", "coordinates": [ [ [ 77.86288462662506, 10.290990696193997 ], [ 77.86313451419835, 10.291012342798108 ], [ 77.863392454846732, 10.290966652083442 ], [ 77.863650611174123, 10.290855012339241 ], [ 77.863901139231146, 10.290680815682643 ], [ 77.864136426849569, 10.29044935499091 ], [ 77.864349324934153, 10.290167663080036 ], [ 77.864533364684348, 10.289844299016188 ], [ 77.864682954145465, 10.28948908805282 ], [ 77.864793548117419, 10.289112823095303 ], [ 77.864861786258331, 10.288726936763977 ], [ 77.864885595186834, 10.288343154019747 ], [ 77.864864251480682, 10.287973135907096 ], [ 77.864798403657588, 10.287628125239138 ], [ 77.864690052470309, 10.287318604990435 ], [ 77.864542490114886, 10.28705397977712 ], [ 77.864360200198774, 10.28684229010239 ], [ 77.864148721508869, 10.286689968049895 ], [ 77.863914479718119, 10.286601641848119 ], [ 77.863664592144829, 10.286579995244008 ], [ 77.863406651496447, 10.286625685958674 ], [ 77.863148495169057, 10.286737325702875 ], [ 77.862897967112033, 10.286911522359473 ], [ 77.86266267949361, 10.287142983051206 ], [ 77.862449781409026, 10.287424674962081 ], [ 77.862265741658831, 10.287748039025928 ], [ 77.862116152197714, 10.288103249989296 ], [ 77.862005558225761, 10.288479514946813 ], [ 77.861937320084849, 10.288865401278139 ], [ 77.861913511156345, 10.289249184022369 ], [ 77.861934854862497, 10.28961920213502 ], [ 77.862000702685592, 10.289964212802978 ], [ 77.862109053872871, 10.290273733051681 ], [ 77.862256616228294, 10.290538358264996 ], [ 77.862438906144405, 10.290750047939726 ], [ 77.862650384834311, 10.290902369992221 ], [ 77.86288462662506, 10.290990696193997 ] ] ] } },
{ "type": "Feature", "properties": { "latitude": 10.66276, "longitude": 78.48209, "brightness": 335.26, "scan": 0.55, "track": 0.43, "acq_date": "2026-08-31T00:00:00", "acq_time": 828, "satellite": "N20", "instrument": "VIIRS", "confidence": "n", "version": "2.0NRT", "brightness_bg": 299.46, "frp": 2.22, "daynight": "D", "source_left": "VIIRS_NOAA20_NRT", "cross_source_count": 1, "state": "Tamil Nadu", "zone_type": "none", "source_right": "curated_research", "osm_id": "", "nearest_zone_dist_m": 42257.122041228664, "is_industrial": false, "facility_type": "none", "zone_name": "Cauvery Delta Rice (TN)", "temperature": 29.3, "humidity": 57, "wind_speed": 14.5, "wind_direction": 281, "aqi": 16, "persistence": 0.0, "ai_classification": "Routine Industrial Heat", "ai_confidence": 100.0, "spread_speed_kmh": 0.0, "risk_level": "Low (Routine Operation)", "mitigation_strategy": "Log & Monitor — No Action Required" }, "geometry": { "type": "Polygon", "coordinates": [ [ [ 78.48209, 10.664111351351352 ], [ 78.482358267677185, 10.664085385514058 ], [ 78.482616225977992, 10.664008485854746 ], [ 78.48285396170958, 10.663883607584193 ], [ 78.483062338821085, 10.663715549704307 ], [ 78.483233349496999, 10.663510770585162 ], [ 78.483360421892939, 10.663277139773466 ], [ 78.48343867268801, 10.663023635570292 ], [ 78.483465094747999, 10.66276 ], [ 78.48343867268801, 10.662496364429709 ], [ 78.483360421892939, 10.662242860226534 ], [ 78.483233349496999, 10.662009229414839 ], [ 78.483062338821085, 10.661804450295694 ], [ 78.48285396170958, 10.661636392415808 ], [ 78.482616225977992, 10.661511514145255 ], [ 78.482358267677185, 10.661434614485943 ], [ 78.48209, 10.661408648648649 ], [ 78.481821732322814, 10.661434614485943 ], [ 78.481563774022007, 10.661511514145255 ], [ 78.481326038290419, 10.661636392415808 ], [ 78.481117661178914, 10.661804450295694 ], [ 78.480946650503, 10.662009229414839 ], [ 78.480819578107059, 10.662242860226534 ], [ 78.480741327311989, 10.662496364429709 ], [ 78.480714905252, 10.66276 ], [ 78.480741327311989, 10.663023635570292 ], [ 78.480819578107059, 10.663277139773466 ], [ 78.480946650503, 10.663510770585162 ], [ 78.481117661178914, 10.663715549704307 ], [ 78.481326038290419, 10.663883607584193 ], [ 78.481563774022007, 10.664008485854746 ], [ 78.481821732322814, 10.664085385514058 ], [ 78.48209, 10.664111351351352 ] ] ] } },
{ "type": "Feature", "properties": { "latitude": 10.73763, "longitude": 78.73309, "brightness": 335.81, "scan": 0.57, "track": 0.43, "acq_date": "2026-08-31T00:00:00", "acq_time": 828, "satellite": "N20", "instrument": "VIIRS", "confidence": "n", "version": "2.0NRT", "brightness_bg": 298.79, "frp": 3.35, "daynight": "D", "source_left": "VIIRS_NOAA20_NRT", "cross_source_count": 1, "state": "Tamil Nadu", "zone_type": "none", "source_right": "curated_research", "osm_id": "", "nearest_zone_dist_m": 13991.223467337153, "is_industrial": false, "facility_type": "none", "zone_name": "Cauvery Delta Rice (TN)", "temperature": 28.4, "humidity": 65, "wind_speed": 7.9, "wind_direction": 266, "aqi": 18, "persistence": 0.0, "ai_classification": "Natural Anomaly", "ai_confidence": 100.0, "spread_speed_kmh": 0.63, "risk_level": "Moderate (Spreading)", "mitigation_strategy": "Monitor" }, "geometry": { "type": "Polygon", "coordinates": [ [ [ 78.739597018425712, 10.738077047873379 ], [ 78.739554490535141, 10.737853547664065 ], [ 78.739396953355524, 10.737628848205269 ], [ 78.7391291935743, 10.737409776876346 ], [ 78.738759346936973, 10.737202990048766 ], [ 78.738298651046435, 10.73701477083565 ], [ 78.73776110391421, 10.736850838182541 ], [ 78.737163038637888, 10.736716173100152 ], [ 78.736522627128281, 10.736614867318869 ], [ 78.735859327965017, 10.736549998963589 ], [ 78.735193295157529, 10.736523539026466 ], [ 78.734544765775667, 10.736536291479299 ], [ 78.733933445056493, 10.736587868845261 ], [ 78.733377907670743, 10.736676703972186 ], [ 78.732895033340753, 10.736800097649697 ], [ 78.732499493958699, 10.736954300623342 ], [ 78.732203307788566, 10.737134627513797 ], [ 78.732015474297228, 10.737335599179746 ], [ 78.73194170071028, 10.737551109198815 ], [ 78.731984228600851, 10.737774609408129 ], [ 78.732141765780469, 10.737999308866925 ], [ 78.732409525561692, 10.738218380195848 ], [ 78.732779372199019, 10.738425167023427 ], [ 78.733240068089557, 10.738613386236544 ], [ 78.733777615221783, 10.738777318889653 ], [ 78.734375680498104, 10.738911983972041 ], [ 78.735016092007712, 10.739013289753325 ], [ 78.735679391170976, 10.739078158108605 ], [ 78.736345423978463, 10.739104618045728 ], [ 78.736993953360326, 10.739091865592895 ], [ 78.737605274079499, 10.739040288226933 ], [ 78.738160811465249, 10.738951453100007 ], [ 78.738643685795239, 10.738828059422497 ], [ 78.739039225177294, 10.738673856448852 ], [ 78.739335411347426, 10.738493529558397 ], [ 78.739523244838765, 10.738292557892448 ], [ 78.739597018425712, 10.738077047873379 ] ] ] } },
{ "type": "Feature", "properties": { "latitude": 10.76245, "longitude": 78.65031, "brightness": 334.91, "scan": 0.57, "track": 0.43, "acq_date": "2026-08-31T00:00:00", "acq_time": 828, "satellite": "N20", "instrument": "VIIRS", "confidence": "n", "version": "2.0NRT", "brightness_bg": 299.28, "frp": 3.55, "daynight": "D", "source_left": "VIIRS_NOAA20_NRT", "cross_source_count": 1, "state": "Tamil Nadu", "zone_type": "none", "source_right": "curated_research", "osm_id": "", "nearest_zone_dist_m": 22900.688147181299, "is_industrial": false, "facility_type": "none", "zone_name": "Cauvery Delta Rice (TN)", "temperature": 29.2, "humidity": 60, "wind_speed": 18.0, "wind_direction": 273, "aqi": 18, "persistence": 0.0, "ai_classification": "Routine Industrial Heat", "ai_confidence": 100.0, "spread_speed_kmh": 0.0, "risk_level": "Low (Routine Operation)", "mitigation_strategy": "Log & Monitor — No Action Required" }, "geometry": { "type": "Polygon", "coordinates": [ [ [ 78.65031, 10.763801351351351 ], [ 78.650578355994071, 10.763775385514057 ], [ 78.650836399217795, 10.763698485854745 ], [ 78.65107421321477, 10.763573607584192 ], [ 78.65128265892649, 10.763405549704306 ], [ 78.651453725901135, 10.763200770585161 ], [ 78.651580840130805, 10.762967139773465 ], [ 78.651659116686957, 10.762713635570291 ], [ 78.65168554744541, 10.76245 ], [ 78.651659116686957, 10.762186364429708 ], [ 78.651580840130805, 10.761932860226533 ], [ 78.651453725901135, 10.761699229414837 ], [ 78.65128265892649, 10.761494450295693 ], [ 78.65107421321477, 10.761326392415807 ], [ 78.650836399217795, 10.761201514145254 ], [ 78.650578355994071, 10.761124614485942 ], [ 78.65031, 10.761098648648648 ], [ 78.650041644005938, 10.761124614485942 ], [ 78.649783600782214, 10.761201514145254 ], [ 78.649545786785239, 10.761326392415807 ], [ 78.649337341073519, 10.761494450295693 ], [ 78.649166274098874, 10.761699229414837 ], [ 78.649039159869204, 10.761932860226533 ], [ 78.648960883313052, 10.762186364429708 ], [ 78.648934452554599, 10.76245 ], [ 78.648960883313052, 10.762713635570291 ], [ 78.649039159869204, 10.762967139773465 ], [ 78.649166274098874, 10.763200770585161 ], [ 78.649337341073519, 10.763405549704306 ], [ 78.649545786785239, 10.763573607584192 ], [ 78.649783600782214, 10.763698485854745 ], [ 78.650041644005938, 10.763775385514057 ], [ 78.65031, 10.763801351351351 ] ] ] } },
{ "type": "Feature", "properties": { "latitude": 10.76564, "longitude": 78.65233, "brightness": 338.36, "scan": 0.57, "track": 0.43, "acq_date": "2026-08-31T00:00:00", "acq_time": 828, "satellite": "N20", "instrument": "VIIRS", "confidence": "n", "version": "2.0NRT", "brightness_bg": 300.99, "frp": 5.89, "daynight": "D", "source_left": "VIIRS_NOAA20_NRT", "cross_source_count": 1, "state": "Tamil Nadu", "zone_type": "none", "source_right": "curated_research", "osm_id": "", "nearest_zone_dist_m": 22662.26507224729, "is_industrial": false, "facility_type": "none", "zone_name": "Cauvery Delta Rice (TN)", "temperature": 29.2, "humidity": 60, "wind_speed": 18.0, "wind_direction": 273, "aqi": 18, "persistence": 0.0, "ai_classification": "Routine Industrial Heat", "ai_confidence": 100.0, "spread_speed_kmh": 0.0, "risk_level": "Low (Routine Operation)", "mitigation_strategy": "Log & Monitor — No Action Required" }, "geometry": { "type": "Polygon", "coordinates": [ [ [ 78.65233, 10.766991351351351 ], [ 78.652598358834524, 10.766965385514057 ], [ 78.652856404789532, 10.766888485854745 ], [ 78.653094221303675, 10.766763607584192 ], [ 78.653302669221716, 10.766595549704306 ], [ 78.653473738007037, 10.766390770585161 ], [ 78.653600853582162, 10.766157139773465 ], [ 78.653679130966836, 10.765903635570291 ], [ 78.653705562005044, 10.76564 ], [ 78.653679130966836, 10.765376364429708 ], [ 78.653600853582162, 10.765122860226533 ], [ 78.653473738007037, 10.764889229414838 ], [ 78.653302669221716, 10.764684450295693 ], [ 78.653094221303675, 10.764516392415807 ], [ 78.652856404789532, 10.764391514145254 ], [ 78.652598358834524, 10.764314614485942 ], [ 78.65233, 10.764288648648648 ], [ 78.652061641165488, 10.764314614485942 ], [ 78.651803595210481, 10.764391514145254 ], [ 78.651565778696337, 10.764516392415807 ], [ 78.651357330778296, 10.764684450295693 ], [ 78.651186261992976, 10.764889229414838 ], [ 78.65105914641785, 10.765122860226533 ], [ 78.650980869033177, 10.765376364429708 ], [ 78.650954437994969, 10.76564 ], [ 78.650980869033177, 10.765903635570291 ], [ 78.65105914641785, 10.766157139773465 ], [ 78.651186261992976, 10.766390770585161 ], [ 78.651357330778296, 10.766595549704306 ], [ 78.651565778696337, 10.766763607584192 ], [ 78.651803595210481, 10.766888485854745 ], [ 78.652061641165488, 10.766965385514057 ], [ 78.65233, 10.766991351351351 ] ] ] } },
{ "type": "Feature", "properties": { "latitude": 11.19128, "longitude": 76.92039, "brightness": 332.0, "scan": 0.46, "track": 0.39, "acq_date": "2026-08-31T00:00:00", "acq_time": 828, "satellite": "N20", "instrument": "VIIRS", "confidence": "n", "version": "2.0NRT", "brightness_bg": 296.2, "frp": 2.29, "daynight": "D", "source_left": "VIIRS_NOAA20_NRT", "cross_source_count": 1, "state": "Tamil Nadu", "zone_type": "forest", "source_right": "curated_research", "osm_id": "", "nearest_zone_dist_m": 0.0, "is_industrial": false, "facility_type": "forest", "zone_name": "Nilgiris Biosphere Reserve", "temperature": 24.7, "humidity": 80, "wind_speed": 9.7, "wind_direction": 207, "aqi": 16, "persistence": 0.0, "ai_classification": "Wildfire", "ai_confidence": 100.0, "spread_speed_kmh": 1.13, "risk_level": "Moderate (Spreading)", "mitigation_strategy": "Establish Firebreak" }, "geometry": { "type": "Polygon", "coordinates": [ [ [ 76.9239412127056, 11.198117078360218 ], [ 76.924117337881171, 11.197952082413494 ], [ 76.924224639680617, 11.197669899099091 ], [ 76.924259857793061, 11.197279102414226 ], [ 76.924221922133981, 11.196791566518419 ], [ 76.92411198535919, 11.196222104943153 ], [ 76.923933387841927, 11.195588020490238 ], [ 76.923691556177417, 11.194908579494907 ], [ 76.923393838298395, 11.194204426427993 ], [ 76.92304928021197, 11.193496956624115 ], [ 76.922668351141226, 11.192807666195266 ], [ 76.922262625423244, 11.192157498882331 ], [ 76.921844430828628, 11.191566209690111 ], [ 76.921426473988546, 11.191051764641504 ], [ 76.921021454310079, 11.190629794888991 ], [ 76.920641678111195, 11.190313121769979 ], [ 76.920298684699546, 11.190111367236938 ], [ 76.920002895756355, 11.190030661499266 ], [ 76.919763298679001, 11.190073456759963 ], [ 76.91958717350343, 11.190238452706687 ], [ 76.919479871703984, 11.190520636021089 ], [ 76.91944465359154, 11.190911432705954 ], [ 76.91948258925062, 11.191398968601762 ], [ 76.919592526025411, 11.191968430177027 ], [ 76.919771123542674, 11.192602514629943 ], [ 76.920012955207184, 11.193281955625274 ], [ 76.920310673086206, 11.193986108692188 ], [ 76.920655231172631, 11.194693578496066 ], [ 76.921036160243375, 11.195382868924915 ], [ 76.921441885961357, 11.19603303623785 ], [ 76.921860080555973, 11.19662432543007 ], [ 76.922278037396055, 11.197138770478677 ], [ 76.922683057074522, 11.197560740231189 ], [ 76.923062833273406, 11.197877413350202 ], [ 76.923405826685055, 11.198079167883243 ], [ 76.923701615628246, 11.198159873620915 ], [ 76.9239412127056, 11.198117078360218 ] ] ] } },
{ "type": "Feature", "properties": { "latitude": 11.45847, "longitude": 79.20508, "brightness": 331.29, "scan": 0.42, "track": 0.45, "acq_date": "2026-08-31T00:00:00", "acq_time": 828, "satellite": "N20", "instrument": "VIIRS", "confidence": "n", "version": "2.0NRT", "brightness_bg": 298.72, "frp": 4.75, "daynight": "D", "source_left": "VIIRS_NOAA20_NRT", "cross_source_count": 1, "state": "Tamil Nadu", "zone_type": "none", "source_right": "curated_research", "osm_id": "", "nearest_zone_dist_m": 9879.8427248303487, "is_industrial": false, "facility_type": "none", "zone_name": "Cauvery Delta Rice (TN)", "temperature": 26.8, "humidity": 83, "wind_speed": 3.1, "wind_direction": 140, "aqi": 45, "persistence": 0.0, "ai_classification": "Natural Anomaly", "ai_confidence": 100.0, "spread_speed_kmh": 0.49, "risk_level": "Moderate (Spreading)", "mitigation_strategy": "Monitor" }, "geometry": { "type": "Polygon", "coordinates": [ [ [ 79.202568819637222, 11.461403053047979 ], [ 79.202763482918186, 11.461518471852658 ], [ 79.20299711444143, 11.4615779605785 ], [ 79.203262615431328, 11.461579711690673 ], [ 79.203551918774664, 11.461523671982517 ], [ 79.203856234135728, 11.46141154419221 ], [ 79.20416631504628, 11.461246735265918 ], [ 79.204472739854765, 11.461034252839472 ], [ 79.204766197998424, 11.460780553083877 ], [ 79.205037772900056, 11.460493344537829 ], [ 79.205279212893714, 11.460181353887663 ], [ 79.205483181947358, 11.459854060811413 ], [ 79.205643482564497, 11.459521409943578 ], [ 79.205755244092003, 11.459193508712453 ], [ 79.205815070712433, 11.458880320231016 ], [ 79.205821144624167, 11.458591360572795 ], [ 79.205773281274489, 11.458335409630784 ], [ 79.205672934967069, 11.458120244344842 ], [ 79.205523154673656, 11.457952402403299 ], [ 79.205328491392692, 11.45783698359862 ], [ 79.205094859869448, 11.457777494872778 ], [ 79.20482935887955, 11.457775743760605 ], [ 79.204540055536214, 11.457831783468761 ], [ 79.20423574017515, 11.457943911259068 ], [ 79.203925659264598, 11.45810872018536 ], [ 79.203619234456113, 11.458321202611806 ], [ 79.203325776312454, 11.458574902367401 ], [ 79.203054201410822, 11.458862110913449 ], [ 79.202812761417164, 11.459174101563615 ], [ 79.20260879236352, 11.459501394639865 ], [ 79.202448491746381, 11.4598340455077 ], [ 79.202336730218875, 11.460161946738825 ], [ 79.202276903598445, 11.460475135220262 ], [ 79.202270829686711, 11.460764094878483 ], [ 79.202318693036389, 11.461020045820494 ], [ 79.202419039343809, 11.461235211106436 ], [ 79.202568819637222, 11.461403053047979 ] ] ] } },
{ "type": "Feature", "properties": { "latitude": 11.46265, "longitude": 79.2357, "brightness": 335.83, "scan": 0.42, "track": 0.45, "acq_date": "2026-08-31T00:00:00", "acq_time": 828, "satellite": "N20", "instrument": "VIIRS", "confidence": "n", "version": "2.0NRT", "brightness_bg": 300.33, "frp": 3.95, "daynight": "D", "source_left": "VIIRS_NOAA20_NRT", "cross_source_count": 1, "state": "Tamil Nadu", "zone_type": "none", "source_right": "curated_research", "osm_id": "", "nearest_zone_dist_m": 9020.7838323370779, "is_industrial": false, "facility_type": "none", "zone_name": "Cauvery Delta Rice (TN)", "temperature": 26.4, "humidity": 85, "wind_speed": 2.9, "wind_direction": 158, "aqi": 45, "persistence": 0.0, "ai_classification": "Routine Industrial Heat", "ai_confidence": 100.0, "spread_speed_kmh": 0.0, "risk_level": "Low (Routine Operation)", "mitigation_strategy": "Log & Monitor — No Action Required" }, "geometry": { "type": "Polygon", "coordinates": [ [ [ 79.2357, 11.464001351351351 ], [ 79.23596900093915, 11.463975385514058 ], [ 79.236227664323081, 11.463898485854745 ], [ 79.236466049862983, 11.463773607584193 ], [ 79.236674996536266, 11.463605549704306 ], [ 79.236846474639435, 11.463400770585162 ], [ 79.236973894365164, 11.463167139773466 ], [ 79.237052359044839, 11.462913635570292 ], [ 79.237078853324846, 11.46265 ], [ 79.237052359044839, 11.462386364429708 ], [ 79.236973894365164, 11.462132860226534 ], [ 79.236846474639435, 11.461899229414838 ], [ 79.236674996536266, 11.461694450295694 ], [ 79.236466049862983, 11.461526392415808 ], [ 79.236227664323081, 11.461401514145255 ], [ 79.23596900093915, 11.461324614485942 ], [ 79.2357, 11.461298648648649 ], [ 79.235430999060839, 11.461324614485942 ], [ 79.235172335676907, 11.461401514145255 ], [ 79.234933950137005, 11.461526392415808 ], [ 79.234725003463723, 11.461694450295694 ], [ 79.234553525360553, 11.461899229414838 ], [ 79.234426105634824, 11.462132860226534 ], [ 79.23434764095515, 11.462386364429708 ], [ 79.234321146675143, 11.46265 ], [ 79.23434764095515, 11.462913635570292 ], [ 79.234426105634824, 11.463167139773466 ], [ 79.234553525360553, 11.463400770585162 ], [ 79.234725003463723, 11.463605549704306 ], [ 79.234933950137005, 11.463773607584193 ], [ 79.235172335676907, 11.463898485854745 ], [ 79.235430999060839, 11.463975385514058 ], [ 79.2357, 11.464001351351351 ] ] ] } },
{ "type": "Feature", "properties": { "latitude": 11.47324, "longitude": 77.20173, "brightness": 333.62, "scan": 0.48, "track": 0.4, "acq_date": "2026-08-31T00:00:00", "acq_time": 828, "satellite": "N20", "instrument": "VIIRS", "confidence": "n", "version": "2.0NRT", "brightness_bg": 295.28, "frp": 3.2, "daynight": "D", "source_left": "VIIRS_NOAA20_NRT", "cross_source_count": 1, "state": "Tamil Nadu", "zone_type": "none", "source_right": "curated_research", "osm_id": "", "nearest_zone_dist_m": 22704.143309730654, "is_industrial": false, "facility_type": "none", "zone_name": "Nilgiris Biosphere Reserve", "temperature": 28.3, "humidity": 58, "wind_speed": 3.6, "wind_direction": 279, "aqi": 23, "persistence": 0.0, "ai_classification": "Agricultural Burn", "ai_confidence": 100.0, "spread_speed_kmh": 0.32, "risk_level": "Low (Agricultural Hazard)", "mitigation_strategy": "Issue Local Admin Warning" }, "geometry": { "type": "Polygon", "coordinates": [ [ [ 77.205588795203838, 11.472641039210432 ], [ 77.205521453351608, 11.472443084305867 ], [ 77.205387188531347, 11.472261849525911 ], [ 77.205190080311667, 11.472102841597641 ], [ 77.204936117726064, 11.471970891896495 ], [ 77.20463301729923, 11.471870009647374 ], [ 77.204289988584222, 11.471803260106366 ], [ 77.203917454334984, 11.471772671424501 ], [ 77.203526733816162, 11.471779173023398 ], [ 77.203129698872999, 11.471822567355265 ], [ 77.20273841321135, 11.471901535905284 ], [ 77.202364765848046, 11.472013679254026 ], [ 77.202020109869125, 11.472155589982584 ], [ 77.201714917472103, 11.472322956205282 ], [ 77.201458461773555, 11.472510692584136 ], [ 77.201258535050087, 11.472713094844272 ], [ 77.201121211974026, 11.472924013095438 ], [ 77.201050665037556, 11.4731370386933 ], [ 77.201049037773643, 11.473345698962865 ], [ 77.201116379625873, 11.473543653867429 ], [ 77.201250644446134, 11.473724888647386 ], [ 77.201447752665814, 11.473883896575655 ], [ 77.201701715251417, 11.474015846276801 ], [ 77.202004815678251, 11.474116728525923 ], [ 77.202347844393259, 11.47418347806693 ], [ 77.202720378642496, 11.474214066748795 ], [ 77.203111099161319, 11.474207565149898 ], [ 77.203508134104482, 11.474164170818032 ], [ 77.203899419766131, 11.474085202268013 ], [ 77.204273067129435, 11.47397305891927 ], [ 77.204617723108356, 11.473831148190712 ], [ 77.204922915505378, 11.473663781968014 ], [ 77.205179371203926, 11.473476045589161 ], [ 77.205379297927394, 11.473273643329025 ], [ 77.205516621003454, 11.473062725077858 ], [ 77.205587167939925, 11.472849699479996 ], [ 77.205588795203838, 11.472641039210432 ] ] ] } },
{ "type": "Feature", "properties": { "latitude": 11.62768, "longitude": 78.61454, "brightness": 338.59, "scan": 0.39, "track": 0.44, "acq_date": "2026-08-31T00:00:00", "acq_time": 828, "satellite": "N20", "instrument": "VIIRS", "confidence": "n", "version": "2.0NRT", "brightness_bg": 299.74, "frp": 2.1, "daynight": "D", "source_left": "VIIRS_NOAA20_NRT", "cross_source_count": 1, "state": "Tamil Nadu", "zone_type": "none", "source_right": "curated_research", "osm_id": "", "nearest_zone_dist_m": 63266.004637393897, "is_industrial": false, "facility_type": "none", "zone_name": "Cauvery Delta Rice (TN)", "temperature": 28.4, "humidity": 67, "wind_speed": 4.4, "wind_direction": 261, "aqi": 32, "persistence": 0.0, "ai_classification": "Routine Industrial Heat", "ai_confidence": 100.0, "spread_speed_kmh": 0.0, "risk_level": "Low (Routine Operation)", "mitigation_strategy": "Log & Monitor — No Action Required" }, "geometry": { "type": "Polygon", "coordinates": [ [ [ 78.61454, 11.629031351351351 ], [ 78.614809159258456, 11.629005385514057 ], [ 78.615067974877547, 11.628928485854745 ], [ 78.615306500718191, 11.628803607584192 ], [ 78.615515570366085, 11.628635549704306 ], [ 78.615687149391917, 11.628430770585162 ], [ 78.61581464410996, 11.628197139773466 ], [ 78.615893154969669, 11.627943635570292 ], [ 78.615919664842764, 11.62768 ], [ 78.615893154969669, 11.627416364429708 ], [ 78.61581464410996, 11.627162860226534 ], [ 78.615687149391917, 11.626929229414838 ], [ 78.615515570366085, 11.626724450295693 ], [ 78.615306500718191, 11.626556392415807 ], [ 78.615067974877547, 11.626431514145255 ], [ 78.614809159258456, 11.626354614485942 ], [ 78.61454, 11.626328648648649 ], [ 78.614270840741554, 11.626354614485942 ], [ 78.614012025122463, 11.626431514145255 ], [ 78.61377349928182, 11.626556392415807 ], [ 78.613564429633925, 11.626724450295693 ], [ 78.613392850608093, 11.626929229414838 ], [ 78.61326535589005, 11.627162860226534 ], [ 78.613186845030341, 11.627416364429708 ], [ 78.613160335157247, 11.62768 ], [ 78.613186845030341, 11.627943635570292 ], [ 78.61326535589005, 11.628197139773466 ], [ 78.613392850608093, 11.628430770585162 ], [ 78.613564429633925, 11.628635549704306 ], [ 78.61377349928182, 11.628803607584192 ], [ 78.614012025122463, 11.628928485854745 ], [ 78.614270840741554, 11.629005385514057 ], [ 78.61454, 11.629031351351351 ] ] ] } },
{ "type": "Feature", "properties": { "latitude": 11.70993, "longitude": 79.0149, "brightness": 333.03, "scan": 0.41, "track": 0.45, "acq_date": "2026-08-31T00:00:00", "acq_time": 828, "satellite": "N20", "instrument": "VIIRS", "confidence": "n", "version": "2.0NRT", "brightness_bg": 300.21, "frp": 1.34, "daynight": "D", "source_left": "VIIRS_NOAA20_NRT", "cross_source_count": 1, "state": "Tamil Nadu", "zone_type": "none", "source_right": "curated_research", "osm_id": "", "nearest_zone_dist_m": 43909.545540313404, "is_industrial": false, "facility_type": "none", "zone_name": "Cauvery Delta Rice (TN)", "temperature": 25.4, "humidity": 90, "wind_speed": 4.9, "wind_direction": 144, "aqi": 45, "persistence": 0.0, "ai_classification": "Agricultural Burn", "ai_confidence": 100.0, "spread_speed_kmh": 0.41, "risk_level": "Low (Agricultural Hazard)", "mitigation_strategy": "Issue Local Admin Warning" }, "geometry": { "type": "Polygon", "coordinates": [ [ [ 79.012582921518344, 11.713052801954067 ], [ 79.012750038765091, 11.713129053666497 ], [ 79.012953491998886, 11.713147173946194 ], [ 79.013187099396148, 11.713106612217629 ], [ 79.013443762914349, 11.713008600928401 ], [ 79.013715683962346, 11.712856118101936 ], [ 79.01399460035671, 11.712653796851754 ], [ 79.014272037363924, 11.712407784606665 ], [ 79.01453956520092, 11.712125556324246 ], [ 79.014789055169743, 11.711815687368045 ], [ 79.015012926643934, 11.711487592949494 ], [ 79.015204377402043, 11.711151242051479 ], [ 79.015357590309662, 11.710816854525833 ], [ 79.015467910070129, 11.710494590568313 ], [ 79.015531984673331, 11.710194242006196 ], [ 79.015547867244877, 11.709924934778559 ], [ 79.015515075200881, 11.709694851649239 ], [ 79.015434604910993, 11.70951098357769 ], [ 79.015308901424248, 11.709378917302224 ], [ 79.015141784177501, 11.709302665589794 ], [ 79.014938330943707, 11.709284545310098 ], [ 79.014704723546444, 11.709325107038662 ], [ 79.014448060028244, 11.709423118327891 ], [ 79.014176138980247, 11.709575601154356 ], [ 79.013897222585882, 11.709777922404538 ], [ 79.013619785578669, 11.710023934649627 ], [ 79.013352257741673, 11.710306162932046 ], [ 79.01310276777285, 11.710616031888247 ], [ 79.012878896298659, 11.710944126306797 ], [ 79.01268744554055, 11.711280477204813 ], [ 79.01253423263293, 11.711614864730459 ], [ 79.012423912872464, 11.711937128687978 ], [ 79.012359838269262, 11.712237477250095 ], [ 79.012343955697716, 11.712506784477732 ], [ 79.012376747741712, 11.712736867607052 ], [ 79.012457218031599, 11.712920735678601 ], [ 79.012582921518344, 11.713052801954067 ] ] ] } },
{ "type": "Feature", "properties": { "latitude": 11.88784, "longitude": 77.23312, "brightness": 339.3, "scan": 0.49, "track": 0.4, "acq_date": "2026-08-31T00:00:00", "acq_time": 828, "satellite": "N20", "instrument": "VIIRS", "confidence": "n", "version": "2.0NRT", "brightness_bg": 295.55, "frp": 4.91, "daynight": "D", "source_left": "VIIRS_NOAA20_NRT", "cross_source_count": 1, "state": "Tamil Nadu", "zone_type": "none", "source_right": "curated_research", "osm_id": "", "nearest_zone_dist_m": 44732.752414005721, "is_industrial": false, "facility_type": "none", "zone_name": "Nilgiris Biosphere Reserve", "temperature": 19.2, "humidity": 96, "wind_speed": 10.4, "wind_direction": 271, "aqi": 17, "persistence": 0.0, "ai_classification": "Natural Anomaly", "ai_confidence": 100.0, "spread_speed_kmh": 0.86, "risk_level": "Moderate (Spreading)", "mitigation_strategy": "Monitor" }, "geometry": { "type": "Polygon", "coordinates": [ [ [ 77.241795114669884, 11.887691822937422 ], [ 77.241713292003183, 11.887452279574909 ], [ 77.241478903156178, 11.88722266301923 ], [ 77.24109906991535, 11.887009950053239 ], [ 77.240585333321533, 11.886820603852769 ], [ 77.239953303001158, 11.886660377606306 ], [ 77.239222182875693, 11.886534139707274 ], [ 77.238414187660197, 11.886445725830354 ], [ 77.237553867880393, 11.886397822386455 ], [ 77.236667363917491, 11.886391884897481 ], [ 77.235781611745779, 11.88642809377103 ], [ 77.234923524496807, 11.886505348818801 ], [ 77.234119174717392, 11.886621302685262 ], [ 77.233393002168583, 11.886772432170854 ], [ 77.232767071235813, 11.886954145282635 ], [ 77.232260400513724, 11.887160920759651 ], [ 77.231888384935843, 11.88738647583367 ], [ 77.231662328007232, 11.887623957127904 ], [ 77.231589098353282, 11.887866148893396 ], [ 77.231670921019983, 11.888105692255909 ], [ 77.231905309866988, 11.888335308811588 ], [ 77.232285143107816, 11.888548021777579 ], [ 77.232798879701633, 11.888737367978049 ], [ 77.233430910022008, 11.888897594224511 ], [ 77.234162030147473, 11.889023832123543 ], [ 77.234970025362969, 11.889112246000463 ], [ 77.235830345142773, 11.889160149444363 ], [ 77.236716849105676, 11.889166086933336 ], [ 77.237602601277388, 11.889129878059787 ], [ 77.238460688526359, 11.889052623012017 ], [ 77.239265038305774, 11.888936669145556 ], [ 77.239991210854583, 11.888785539659963 ], [ 77.240617141787354, 11.888603826548183 ], [ 77.241123812509443, 11.888397051071166 ], [ 77.241495828087324, 11.888171495997147 ], [ 77.241721885015934, 11.887934014702914 ], [ 77.241795114669884, 11.887691822937422 ] ] ] } },
{ "type": "Feature", "properties": { "latitude": 12.24117, "longitude": 79.08451, "brightness": 341.4, "scan": 0.42, "track": 0.45, "acq_date": "2026-08-31T00:00:00", "acq_time": 828, "satellite": "N20", "instrument": "VIIRS", "confidence": "n", "version": "2.0NRT", "brightness_bg": 299.69, "frp": 3.57, "daynight": "D", "source_left": "VIIRS_NOAA20_NRT", "cross_source_count": 1, "state": "Tamil Nadu", "zone_type": "none", "source_right": "curated_research", "osm_id": "", "nearest_zone_dist_m": 95978.734812450813, "is_industrial": false, "facility_type": "none", "zone_name": "Cauvery Delta Rice (TN)", "temperature": 26.7, "humidity": 82, "wind_speed": 4.6, "wind_direction": 211, "aqi": 24, "persistence": 0.0, "ai_classification": "Routine Industrial Heat", "ai_confidence": 100.0, "spread_speed_kmh": 0.0, "risk_level": "Low (Routine Operation)", "mitigation_strategy": "Log & Monitor — No Action Required" }, "geometry": { "type": "Polygon", "coordinates": [ [ [ 79.08451, 12.242521351351352 ], [ 79.084779769096002, 12.242495385514058 ], [ 79.085039171116932, 12.242418485854746 ], [ 79.085278237388593, 12.242293607584193 ], [ 79.085487780728258, 12.242125549704307 ], [ 79.085659748502877, 12.241920770585162 ], [ 79.085787532087309, 12.241687139773466 ], [ 79.085866220830084, 12.241433635570292 ], [ 79.085892790766934, 12.24117 ], [ 79.085866220830084, 12.240906364429708 ], [ 79.085787532087309, 12.240652860226534 ], [ 79.085659748502877, 12.240419229414838 ], [ 79.085487780728258, 12.240214450295694 ], [ 79.085278237388593, 12.240046392415808 ], [ 79.085039171116932, 12.239921514145255 ], [ 79.084779769096002, 12.239844614485943 ], [ 79.08451, 12.239818648648649 ], [ 79.084240230903987, 12.239844614485943 ], [ 79.083980828883057, 12.239921514145255 ], [ 79.083741762611396, 12.240046392415808 ], [ 79.083532219271731, 12.240214450295694 ], [ 79.083360251497112, 12.240419229414838 ], [ 79.08323246791268, 12.240652860226534 ], [ 79.083153779169905, 12.240906364429708 ], [ 79.083127209233055, 12.24117 ], [ 79.083153779169905, 12.241433635570292 ], [ 79.08323246791268, 12.241687139773466 ], [ 79.083360251497112, 12.241920770585162 ], [ 79.083532219271731, 12.242125549704307 ], [ 79.083741762611396, 12.242293607584193 ], [ 79.083980828883057, 12.242418485854746 ], [ 79.084240230903987, 12.242495385514058 ], [ 79.08451, 12.242521351351352 ] ] ] } },
{ "type": "Feature", "properties": { "latitude": 10.84943, "longitude": 78.79076, "brightness": 335.91, "scan": 0.39, "track": 0.44, "acq_date": "2026-08-31T00:00:00", "acq_time": 828, "satellite": "N20", "instrument": "VIIRS", "confidence": "n", "version": "2.0NRT", "brightness_bg": 300.38, "frp": 3.38, "daynight": "D", "source_left": "VIIRS_NOAA20_NRT", "cross_source_count": 1, "state": "Tamil Nadu", "zone_type": "none", "source_right": "curated_research", "osm_id": "", "nearest_zone_dist_m": 7615.2984718256967, "is_industrial": false, "facility_type": "none", "zone_name": "Cauvery Delta Rice (TN)", "temperature": 29.0, "humidity": 62, "wind_speed": 12.8, "wind_direction": 254, "aqi": 18, "persistence": 0.0, "ai_classification": "Agricultural Burn", "ai_confidence": 100.0, "spread_speed_kmh": 1.06, "risk_level": "Low (Agricultural Hazard)", "mitigation_strategy": "Issue Local Admin Warning" }, "geometry": { "type": "Polygon", "coordinates": [ [ [ 78.800619598837983, 10.852206652769578 ], [ 78.80060024606702, 10.85194633550568 ], [ 78.800405258147677, 10.851644300091678 ], [ 78.800040559689222, 10.851309723720789 ], [ 78.799517231869785, 10.850952772326739 ], [ 78.798851175740324, 10.850584291697009 ], [ 78.798062629079297, 10.850215477929074 ], [ 78.797175551477991, 10.849857537242645 ], [ 78.796216896340411, 10.84952134548435 ], [ 78.795215791917826, 10.849217117670644 ], [ 78.794202656261533, 10.848954097609701 ], [ 78.79320827298578, 10.848740277032977 ], [ 78.792262855923198, 10.848582152770499 ], [ 78.791395131092855, 10.848484529347967 ], [ 78.790631463874618, 10.848450373003674 ], [ 78.789995057910488, 10.848480721560856 ], [ 78.789505250073631, 10.848574652893964 ], [ 78.789176922927325, 10.84872931294697 ], [ 78.789020052525785, 10.848940002452427 ], [ 78.789039405296748, 10.849200319716324 ], [ 78.789234393216091, 10.849502355130326 ], [ 78.789599091674546, 10.849836931501216 ], [ 78.790122419493983, 10.850193882895265 ], [ 78.790788475623444, 10.850562363524995 ], [ 78.791577022284471, 10.85093117729293 ], [ 78.792464099885777, 10.851289117979359 ], [ 78.793422755023357, 10.851625309737654 ], [ 78.794423859445942, 10.85192953755136 ], [ 78.795436995102236, 10.852192557612304 ], [ 78.796431378377989, 10.852406378189027 ], [ 78.79737679544057, 10.852564502451505 ], [ 78.798244520270913, 10.852662125874037 ], [ 78.79900818748915, 10.85269628221833 ], [ 78.79964459345328, 10.852665933661148 ], [ 78.800134401290137, 10.85257200232804 ], [ 78.800462728436443, 10.852417342275034 ], [ 78.800619598837983, 10.852206652769578 ] ] ] } },
{ "type": "Feature", "properties": { "latitude": 8.43576, "longitude": 80.79701, "brightness": 336.48, "scan": 0.48, "track": 0.48, "acq_date": "2026-08-31T00:00:00", "acq_time": 828, "satellite": "N20", "instrument": "VIIRS", "confidence": "n", "version": "2.0NRT", "brightness_bg": 299.69, "frp": 7.0, "daynight": "D", "source_left": "VIIRS_NOAA20_NRT", "cross_source_count": 1, "state": "Tamil Nadu", "zone_type": "none", "source_right": "curated_research", "osm_id": "", "nearest_zone_dist_m": 227794.51914606243, "is_industrial": false, "facility_type": "none", "zone_name": "Cauvery Delta Rice (TN)", "temperature": 26.7, "humidity": 79, "wind_speed": 19.9, "wind_direction": 224, "aqi": 16, "persistence": 0.0, "ai_classification": "Routine Industrial Heat", "ai_confidence": 100.0, "spread_speed_kmh": 0.0, "risk_level": "Low (Routine Operation)", "mitigation_strategy": "Log & Monitor — No Action Required" }, "geometry": { "type": "Polygon", "coordinates": [ [ [ 80.79701, 8.437111351351351 ], [ 80.797276519049078, 8.437085385514058 ], [ 80.79753279592056, 8.437008485854745 ], [ 80.797768982037994, 8.436883607584193 ], [ 80.797976000901357, 8.436715549704306 ], [ 80.798145896891825, 8.436510770585162 ], [ 80.79827214100176, 8.436277139773466 ], [ 80.798349881740805, 8.436023635570292 ], [ 80.798376131575964, 8.43576 ], [ 80.798349881740805, 8.435496364429708 ], [ 80.79827214100176, 8.435242860226534 ], [ 80.798145896891825, 8.435009229414838 ], [ 80.797976000901357, 8.434804450295694 ], [ 80.797768982037994, 8.434636392415808 ], [ 80.79753279592056, 8.434511514145255 ], [ 80.797276519049078, 8.434434614485943 ], [ 80.79701, 8.434408648648649 ], [ 80.796743480950923, 8.434434614485943 ], [ 80.79648720407944, 8.434511514145255 ], [ 80.796251017962007, 8.434636392415808 ], [ 80.796043999098643, 8.434804450295694 ], [ 80.795874103108176, 8.435009229414838 ], [ 80.79574785899824, 8.435242860226534 ], [ 80.795670118259196, 8.435496364429708 ], [ 80.795643868424037, 8.43576 ], [ 80.795670118259196, 8.436023635570292 ], [ 80.79574785899824, 8.436277139773466 ], [ 80.795874103108176, 8.436510770585162 ], [ 80.796043999098643, 8.436715549704306 ], [ 80.796251017962007, 8.436883607584193 ], [ 80.79648720407944, 8.437008485854745 ], [ 80.796743480950923, 8.437085385514058 ], [ 80.79701, 8.437111351351351 ] ] ] } },
{ "type": "Feature", "properties": { "latitude": 8.63244, "longitude": 80.7268, "brightness": 333.84, "scan": 0.48, "track": 0.48, "acq_date": "2026-08-31T00:00:00", "acq_time": 828, "satellite": "N20", "instrument": "VIIRS", "confidence": "n", "version": "2.0NRT", "brightness_bg": 301.88, "frp": 3.03, "daynight": "D", "source_left": "VIIRS_NOAA20_NRT", "cross_source_count": 1, "state": "Tamil Nadu", "zone_type": "none", "source_right": "curated_research", "osm_id": "", "nearest_zone_dist_m": 205034.33268356117, "is_industrial": false, "facility_type": "none", "zone_name": "Cauvery Delta Rice (TN)", "temperature": 26.6, "humidity": 79, "wind_speed": 20.8, "wind_direction": 217, "aqi": 18, "persistence": 0.0, "ai_classification": "Natural Anomaly", "ai_confidence": 100.0, "spread_speed_kmh": 1.25, "risk_level": "Moderate (Spreading)", "mitigation_strategy": "Monitor" }, "geometry": { "type": "Polygon", "coordinates": [ [ [ 80.736693315970001, 8.645420035877024 ], [ 80.736828414287345, 8.645137520599272 ], [ 80.736782581150138, 8.644631594215918 ], [ 80.736557209175032, 8.643917629044108 ], [ 80.736159146175467, 8.643017318554305 ], [ 80.735600487094246, 8.641958018225159 ], [ 80.734898206504852, 8.640771914361144 ], [ 80.734073642847633, 8.639495046127967 ], [ 80.733151850072062, 8.638166210520769 ], [ 80.732160836385177, 8.636825783537049 ], [ 80.731130713236368, 8.635514493372419 ], [ 80.730092780396248, 8.634272182914989 ], [ 80.729078574928948, 8.633136599139366 ], [ 80.728118912954372, 8.632142246183941 ], [ 80.727242953316008, 8.631319336960095 ], [ 80.726477311604228, 8.630692875148187 ], [ 80.725845251454984, 8.630281895473361 ], [ 80.725365977696086, 8.630098885345076 ], [ 80.725054052818166, 8.630149405433468 ], [ 80.724918954500822, 8.630431920711219 ], [ 80.724964787638029, 8.630937847094573 ], [ 80.725190159613135, 8.631651812266384 ], [ 80.7255882226127, 8.632552122756186 ], [ 80.726146881693921, 8.633611423085332 ], [ 80.726849162283315, 8.634797526949347 ], [ 80.727673725940534, 8.636074395182524 ], [ 80.728595518716105, 8.637403230789722 ], [ 80.72958653240299, 8.638743657773443 ], [ 80.730616655551799, 8.640054947938072 ], [ 80.731654588391919, 8.641297258395502 ], [ 80.732668793859219, 8.642432842171125 ], [ 80.733628455833795, 8.64342719512655 ], [ 80.734504415472159, 8.644250104350396 ], [ 80.735270057183939, 8.644876566162305 ], [ 80.735902117333183, 8.64528754583713 ], [ 80.736381391092081, 8.645470555965415 ], [ 80.736693315970001, 8.645420035877024 ] ] ] } },
{ "type": "Feature", "properties": { "latitude": 8.24863, "longitude": 80.5135, "brightness": 334.47, "scan": 0.46, "track": 0.47, "acq_date": "2026-08-31T00:00:00", "acq_time": 828, "satellite": "N20", "instrument": "VIIRS", "confidence": "n", "version": "2.0NRT", "brightness_bg": 302.25, "frp": 3.91, "daynight": "D", "source_left": "VIIRS_NOAA20_NRT", "cross_source_count": 1, "state": "Tamil Nadu", "zone_type": "none", "source_right": "curated_research", "osm_id": "", "nearest_zone_dist_m": 233456.74857580216, "is_industrial": false, "facility_type": "none", "zone_name": "Cauvery Delta Rice (TN)", "temperature": 26.6, "humidity": 81, "wind_speed": 23.6, "wind_direction": 216, "aqi": 17, "persistence": 0.0, "ai_classification": "Natural Anomaly", "ai_confidence": 100.0, "spread_speed_kmh": 1.45, "risk_level": "Moderate (Spreading)", "mitigation_strategy": "Monitor" }, "geometry": { "type": "Polygon", "coordinates": [ [ [ 80.524482602076816, 8.263589737319347 ], [ 80.52464179993251, 8.263271012389621 ], [ 80.524599864789565, 8.262694592903571 ], [ 80.524358070826068, 8.261877993075597 ], [ 80.523923764829263, 8.26084602487825 ], [ 80.523310142967063, 8.259630044143009 ], [ 80.522535849829268, 8.258266997829196 ], [ 80.521624411921053, 8.256798301409322 ], [ 80.520603522822043, 8.255268580480909 ], [ 80.519504201730925, 8.253724314840291 ], [ 80.518359850962767, 8.25221242621752 ], [ 80.517205241036578, 8.250778852583348 ], [ 80.516075454190727, 8.249467152347227 ], [ 80.515004818426803, 8.248317180857079 ], [ 80.514025864470739, 8.247363879414715 ], [ 80.513168337343117, 8.246636213602072 ], [ 80.512458292571765, 8.246156293176648 ], [ 80.511917304507776, 8.245938700277717 ], [ 80.511561810799705, 8.245990046355409 ], [ 80.511402612944011, 8.246308771285134 ], [ 80.511444548086956, 8.246885190771184 ], [ 80.511686342050453, 8.247701790599159 ], [ 80.512120648047258, 8.248733758796506 ], [ 80.512734269909458, 8.249949739531747 ], [ 80.513508563047253, 8.25131278584556 ], [ 80.514420000955468, 8.252781482265434 ], [ 80.515440890054478, 8.254311203193847 ], [ 80.516540211145596, 8.255855468834465 ], [ 80.517684561913754, 8.257367357457236 ], [ 80.518839171839943, 8.258800931091407 ], [ 80.519968958685794, 8.260112631327528 ], [ 80.521039594449718, 8.261262602817677 ], [ 80.522018548405782, 8.26221590426004 ], [ 80.522876075533404, 8.262943570072684 ], [ 80.523586120304756, 8.263423490498107 ], [ 80.524127108368745, 8.263641083397038 ], [ 80.524482602076816, 8.263589737319347 ] ] ] } },
{ "type": "Feature", "properties": { "latitude": 8.27287, "longitude": 80.18867, "brightness": 336.16, "scan": 0.44, "track": 0.46, "acq_date": "2026-08-31T00:00:00", "acq_time": 828, "satellite": "N20", "instrument": "VIIRS", "confidence": "n", "version": "2.0NRT", "brightness_bg": 303.69, "frp": 3.83, "daynight": "D", "source_left": "VIIRS_NOAA20_NRT", "cross_source_count": 1, "state": "Tamil Nadu", "zone_type": "none", "source_right": "curated_research", "osm_id": "", "nearest_zone_dist_m": 217255.71325306327, "is_industrial": false, "facility_type": "none", "zone_name": "Gulf of Mannar NP (Tamil Nadu)", "temperature": 27.0, "humidity": 80, "wind_speed": 22.1, "wind_direction": 208, "aqi": 20, "persistence": 0.0, "ai_classification": "Routine Industrial Heat", "ai_confidence": 100.0, "spread_speed_kmh": 0.0, "risk_level": "Low (Routine Operation)", "mitigation_strategy": "Log & Monitor — No Action Required" }, "geometry": { "type": "Polygon", "coordinates": [ [ [ 80.18867, 8.274221351351351 ], [ 80.188936407801364, 8.274195385514057 ], [ 80.189192577700339, 8.274118485854745 ], [ 80.189428665231333, 8.273993607584192 ], [ 80.189635597682965, 8.273825549704306 ], [ 80.189805422757161, 8.273620770585161 ], [ 80.189931614171542, 8.273387139773465 ], [ 80.190009322460824, 8.273133635570291 ], [ 80.190035561339045, 8.27287 ], [ 80.190009322460824, 8.272606364429707 ], [ 80.189931614171542, 8.272352860226533 ], [ 80.189805422757161, 8.272119229414837 ], [ 80.189635597682965, 8.271914450295693 ], [ 80.189428665231333, 8.271746392415807 ], [ 80.189192577700339, 8.271621514145254 ], [ 80.188936407801364, 8.271544614485942 ], [ 80.18867, 8.271518648648648 ], [ 80.18840359219864, 8.271544614485942 ], [ 80.188147422299664, 8.271621514145254 ], [ 80.187911334768671, 8.271746392415807 ], [ 80.187704402317038, 8.271914450295693 ], [ 80.187534577242843, 8.272119229414837 ], [ 80.187408385828462, 8.272352860226533 ], [ 80.18733067753918, 8.272606364429707 ], [ 80.187304438660959, 8.27287 ], [ 80.18733067753918, 8.273133635570291 ], [ 80.187408385828462, 8.273387139773465 ], [ 80.187534577242843, 8.273620770585161 ], [ 80.187704402317038, 8.273825549704306 ], [ 80.187911334768671, 8.273993607584192 ], [ 80.188147422299664, 8.274118485854745 ], [ 80.18840359219864, 8.274195385514057 ], [ 80.18867, 8.274221351351351 ] ] ] } },
{ "type": "Feature", "properties": { "latitude": 8.2757, "longitude": 80.33056, "brightness": 332.23, "scan": 0.45, "track": 0.47, "acq_date": "2026-08-31T00:00:00", "acq_time": 828, "satellite": "N20", "instrument": "VIIRS", "confidence": "n", "version": "2.0NRT", "brightness_bg": 302.15, "frp": 3.22, "daynight": "D", "source_left": "VIIRS_NOAA20_NRT", "cross_source_count": 1, "state": "Tamil Nadu", "zone_type": "none", "source_right": "curated_research", "osm_id": "", "nearest_zone_dist_m": 223875.0890340452, "is_industrial": false, "facility_type": "none", "zone_name": "Cauvery Delta Rice (TN)", "temperature": 26.7, "humidity": 81, "wind_speed": 24.2, "wind_direction": 211, "aqi": 17, "persistence": 0.0, "ai_classification": "Routine Industrial Heat", "ai_confidence": 100.0, "spread_speed_kmh": 0.0, "risk_level": "Low (Routine Operation)", "mitigation_strategy": "Log & Monitor — No Action Required" }, "geometry": { "type": "Polygon", "coordinates": [ [ [ 80.33056, 8.277051351351352 ], [ 80.330826409714987, 8.277025385514058 ], [ 80.331082581454027, 8.276948485854746 ], [ 80.331318670680844, 8.276823607584193 ], [ 80.331525604618875, 8.276655549704307 ], [ 80.33169543091293, 8.276450770585162 ], [ 80.331821623233736, 8.276217139773467 ], [ 80.331899332081207, 8.275963635570292 ], [ 80.331925571147906, 8.2757 ], [ 80.331899332081207, 8.275436364429709 ], [ 80.331821623233736, 8.275182860226534 ], [ 80.33169543091293, 8.274949229414839 ], [ 80.331525604618875, 8.274744450295694 ], [ 80.331318670680844, 8.274576392415808 ], [ 80.331082581454027, 8.274451514145255 ], [ 80.330826409714987, 8.274374614485943 ], [ 80.33056, 8.274348648648649 ], [ 80.330293590285024, 8.274374614485943 ], [ 80.330037418545984, 8.274451514145255 ], [ 80.329801329319167, 8.274576392415808 ], [ 80.329594395381136, 8.274744450295694 ], [ 80.329424569087081, 8.274949229414839 ], [ 80.329298376766275, 8.275182860226534 ], [ 80.329220667918804, 8.275436364429709 ], [ 80.329194428852105, 8.2757 ], [ 80.329220667918804, 8.275963635570292 ], [ 80.329298376766275, 8.276217139773467 ], [ 80.329424569087081, 8.276450770585162 ], [ 80.329594395381136, 8.276655549704307 ], [ 80.329801329319167, 8.276823607584193 ], [ 80.330037418545984, 8.276948485854746 ], [ 80.330293590285024, 8.277025385514058 ], [ 80.33056, 8.277051351351352 ] ] ] } },
{ "type": "Feature", "properties": { "latitude": 8.28996, "longitude": 80.58859, "brightness": 333.05, "scan": 0.46, "track": 0.47, "acq_date": "2026-08-31T00:00:00", "acq_time": 828, "satellite": "N20", "instrument": "VIIRS", "confidence": "n", "version": "2.0NRT", "brightness_bg": 302.72, "frp": 7.2, "daynight": "D", "source_left": "VIIRS_NOAA20_NRT", "cross_source_count": 1, "state": "Tamil Nadu", "zone_type": "none", "source_right": "curated_research", "osm_id": "", "nearest_zone_dist_m": 232359.76841319978, "is_industrial": false, "facility_type": "none", "zone_name": "Cauvery Delta Rice (TN)", "temperature": 26.5, "humidity": 82, "wind_speed": 24.1, "wind_direction": 219, "aqi": 17, "persistence": 0.0, "ai_classification": "Routine Industrial Heat", "ai_confidence": 100.0, "spread_speed_kmh": 0.0, "risk_level": "Low (Routine Operation)", "mitigation_strategy": "Log & Monitor — No Action Required" }, "geometry": { "type": "Polygon", "coordinates": [ [ [ 80.58859, 8.291311351351352 ], [ 80.58885641936773, 8.291285385514058 ], [ 80.589112600388574, 8.291208485854746 ], [ 80.589348698169559, 8.291083607584193 ], [ 80.589555639605365, 8.290915549704307 ], [ 80.589725472052677, 8.290710770585163 ], [ 80.589851668945784, 8.290477139773467 ], [ 80.589929380608865, 8.290223635570293 ], [ 80.58995562062627, 8.28996 ], [ 80.589929380608865, 8.289696364429709 ], [ 80.589851668945784, 8.289442860226535 ], [ 80.589725472052677, 8.289209229414839 ], [ 80.589555639605365, 8.289004450295694 ], [ 80.589348698169559, 8.288836392415808 ], [ 80.589112600388574, 8.288711514145255 ], [ 80.58885641936773, 8.288634614485943 ], [ 80.58859, 8.288608648648649 ], [ 80.588323580632263, 8.288634614485943 ], [ 80.588067399611418, 8.288711514145255 ], [ 80.587831301830434, 8.288836392415808 ], [ 80.587624360394628, 8.289004450295694 ], [ 80.587454527947315, 8.289209229414839 ], [ 80.587328331054209, 8.289442860226535 ], [ 80.587250619391128, 8.289696364429709 ], [ 80.587224379373723, 8.28996 ], [ 80.587250619391128, 8.290223635570293 ], [ 80.587328331054209, 8.290477139773467 ], [ 80.587454527947315, 8.290710770585163 ], [ 80.587624360394628, 8.290915549704307 ], [ 80.587831301830434, 8.291083607584193 ], [ 80.588067399611418, 8.291208485854746 ], [ 80.588323580632263, 8.291285385514058 ], [ 80.58859, 8.291311351351352 ] ] ] } },
{ "type": "Feature", "properties": { "latitude": 8.29123, "longitude": 80.22637, "brightness": 338.13, "scan": 0.44, "track": 0.46, "acq_date": "2026-08-31T00:00:00", "acq_time": 828, "satellite": "N20", "instrument": "VIIRS", "confidence": "n", "version": "2.0NRT", "brightness_bg": 303.32, "frp": 4.07, "daynight": "D", "source_left": "VIIRS_NOAA20_NRT", "cross_source_count": 1, "state": "Tamil Nadu", "zone_type": "none", "source_right": "curated_research", "osm_id": "", "nearest_zone_dist_m": 218874.08160688091, "is_industrial": false, "facility_type": "none", "zone_name": "Cauvery Delta Rice (TN)", "temperature": 27.0, "humidity": 80, "wind_speed": 22.1, "wind_direction": 208, "aqi": 17, "persistence": 0.0, "ai_classification": "Routine Industrial Heat", "ai_confidence": 100.0, "spread_speed_kmh": 0.0, "risk_level": "Low (Routine Operation)", "mitigation_strategy": "Log & Monitor — No Action Required" }, "geometry": { "type": "Polygon", "coordinates": [ [ [ 80.22637, 8.292581351351352 ], [ 80.226636420228246, 8.292555385514058 ], [ 80.226892602076532, 8.292478485854746 ], [ 80.227128700620085, 8.292353607584193 ], [ 80.227335642724299, 8.292185549704307 ], [ 80.227505475720164, 8.291980770585162 ], [ 80.227631673020866, 8.291747139773467 ], [ 80.227709384934954, 8.291493635570292 ], [ 80.227735625037113, 8.29123 ], [ 80.227709384934954, 8.290966364429709 ], [ 80.227631673020866, 8.290712860226535 ], [ 80.227505475720164, 8.290479229414839 ], [ 80.227335642724299, 8.290274450295694 ], [ 80.227128700620085, 8.290106392415808 ], [ 80.226892602076532, 8.289981514145255 ], [ 80.226636420228246, 8.289904614485943 ], [ 80.22637, 8.289878648648649 ], [ 80.22610357977176, 8.289904614485943 ], [ 80.225847397923474, 8.289981514145255 ], [ 80.225611299379921, 8.290106392415808 ], [ 80.225404357275707, 8.290274450295694 ], [ 80.225234524279841, 8.290479229414839 ], [ 80.225108326979139, 8.290712860226535 ], [ 80.225030615065052, 8.290966364429709 ], [ 80.225004374962893, 8.29123 ], [ 80.225030615065052, 8.291493635570292 ], [ 80.225108326979139, 8.291747139773467 ], [ 80.225234524279841, 8.291980770585162 ], [ 80.225404357275707, 8.292185549704307 ], [ 80.225611299379921, 8.292353607584193 ], [ 80.225847397923474, 8.292478485854746 ], [ 80.22610357977176, 8.292555385514058 ], [ 80.22637, 8.292581351351352 ] ] ] } },
{ "type": "Feature", "properties": { "latitude": 8.29536, "longitude": 80.22634, "brightness": 346.13, "scan": 0.44, "track": 0.46, "acq_date": "2026-08-31T00:00:00", "acq_time": 828, "satellite": "N20", "instrument": "VIIRS", "confidence": "n", "version": "2.0NRT", "brightness_bg": 304.54, "frp": 8.41, "daynight": "D", "source_left": "VIIRS_NOAA20_NRT", "cross_source_count": 1, "state": "Tamil Nadu", "zone_type": "none", "source_right": "curated_research", "osm_id": "", "nearest_zone_dist_m": 218433.56371317079, "is_industrial": false, "facility_type": "none", "zone_name": "Cauvery Delta Rice (TN)", "temperature": 27.0, "humidity": 80, "wind_speed": 22.1, "wind_direction": 208, "aqi": 17, "persistence": 0.0, "ai_classification": "Routine Industrial Heat", "ai_confidence": 100.0, "spread_speed_kmh": 0.0, "risk_level": "Low (Routine Operation)", "mitigation_strategy": "Log & Monitor — No Action Required" }, "geometry": { "type": "Polygon", "coordinates": [ [ [ 80.22634, 8.296711351351352 ], [ 80.226606423027533, 8.296685385514058 ], [ 80.22686260756754, 8.296608485854746 ], [ 80.227098708591811, 8.296483607584193 ], [ 80.227305652870385, 8.296315549704307 ], [ 80.227475487650679, 8.296110770585162 ], [ 80.227601686277367, 8.295877139773467 ], [ 80.227679399007968, 8.295623635570292 ], [ 80.227705639385832, 8.29536 ], [ 80.227679399007968, 8.295096364429709 ], [ 80.227601686277367, 8.294842860226534 ], [ 80.227475487650679, 8.294609229414839 ], [ 80.227305652870385, 8.294404450295694 ], [ 80.227098708591811, 8.294236392415808 ], [ 80.22686260756754, 8.294111514145255 ], [ 80.226606423027533, 8.294034614485943 ], [ 80.22634, 8.294008648648649 ], [ 80.226073576972453, 8.294034614485943 ], [ 80.225817392432447, 8.294111514145255 ], [ 80.225581291408176, 8.294236392415808 ], [ 80.225374347129602, 8.294404450295694 ], [ 80.225204512349308, 8.294609229414839 ], [ 80.225078313722619, 8.294842860226534 ], [ 80.225000600992018, 8.295096364429709 ], [ 80.224974360614155, 8.29536 ], [ 80.225000600992018, 8.295623635570292 ], [ 80.225078313722619, 8.295877139773467 ], [ 80.225204512349308, 8.296110770585162 ], [ 80.225374347129602, 8.296315549704307 ], [ 80.225581291408176, 8.296483607584193 ], [ 80.225817392432447, 8.296608485854746 ], [ 80.226073576972453, 8.296685385514058 ], [ 80.22634, 8.296711351351352 ] ] ] } },
{ "type": "Feature", "properties": { "latitude": 8.33133, "longitude": 80.39417, "brightness": 332.61, "scan": 0.45, "track": 0.47, "acq_date": "2026-08-31T00:00:00", "acq_time": 828, "satellite": "N20", "instrument": "VIIRS", "confidence": "n", "version": "2.0NRT", "brightness_bg": 302.07, "frp": 2.1, "daynight": "D", "source_left": "VIIRS_NOAA20_NRT", "cross_source_count": 1, "state": "Tamil Nadu", "zone_type": "none", "source_right": "curated_research", "osm_id": "", "nearest_zone_dist_m": 220363.56694219893, "is_industrial": false, "facility_type": "none", "zone_name": "Cauvery Delta Rice (TN)", "temperature": 26.7, "humidity": 81, "wind_speed": 23.1, "wind_direction": 211, "aqi": 17, "persistence": 0.0, "ai_classification": "Wildfire", "ai_confidence": 100.0, "spread_speed_kmh": 2.46, "risk_level": "Moderate (Spreading)", "mitigation_strategy": "Establish Firebreak" }, "geometry": { "type": "Polygon", "coordinates": [ [ [ 80.403495056930353, 8.346685573024983 ], [ 80.403675932805484, 8.346391270169653 ], [ 80.403684642845576, 8.345831455842323 ], [ 80.40352092240046, 8.345023139718048 ], [ 80.403189746033021, 8.343990882073237 ], [ 80.402701176369575, 8.342766047534083 ], [ 80.402070058352152, 8.341385852078258 ], [ 80.401315568182326, 8.339892232246276 ], [ 80.400460630662124, 8.338330570920926 ], [ 80.399531222635488, 8.336748318391335 ], [ 80.398555583694986, 8.335193550599961 ], [ 80.397563358136139, 8.333713508379391 ], [ 80.396584694230455, 8.332353162063562 ], [ 80.395649328185499, 8.331153845086911 ], [ 80.394785680625205, 8.330151998088891 ], [ 80.394019993043671, 8.329378061683574 ], [ 80.393375530470621, 8.328855551537009 ], [ 80.392871874575206, 8.328600343855596 ], [ 80.39252432868696, 8.328620192995592 ], [ 80.392343452811829, 8.328914495850922 ], [ 80.392334742771737, 8.329474310178252 ], [ 80.392498463216853, 8.330282626302527 ], [ 80.392829639584292, 8.331314883947337 ], [ 80.393318209247738, 8.332539718486492 ], [ 80.393949327265162, 8.333919913942317 ], [ 80.394703817434987, 8.335413533774299 ], [ 80.395558754955189, 8.336975195099649 ], [ 80.396488162981825, 8.33855744762924 ], [ 80.397463801922328, 8.340112215420614 ], [ 80.398456027481174, 8.341592257641183 ], [ 80.399434691386858, 8.342952603957013 ], [ 80.400370057431815, 8.344151920933664 ], [ 80.401233704992109, 8.345153767931684 ], [ 80.401999392573643, 8.345927704337001 ], [ 80.402643855146692, 8.346450214483566 ], [ 80.403147511042107, 8.346705422164979 ], [ 80.403495056930353, 8.346685573024983 ] ] ] } },
{ "type": "Feature", "properties": { "latitude": 8.16829, "longitude": 80.5834, "brightness": 335.75, "scan": 0.46, "track": 0.47, "acq_date": "2026-08-31T00:00:00", "acq_time": 828, "satellite": "N20", "instrument": "VIIRS", "confidence": "n", "version": "2.0NRT", "brightness_bg": 300.42, "frp": 3.59, "daynight": "D", "source_left": "VIIRS_NOAA20_NRT", "cross_source_count": 1, "state": "Tamil Nadu", "zone_type": "none", "source_right": "curated_research", "osm_id": "", "nearest_zone_dist_m": 244547.60441141136, "is_industrial": false, "facility_type": "none", "zone_name": "Cauvery Delta Rice (TN)", "temperature": 26.2, "humidity": 83, "wind_speed": 23.7, "wind_direction": 218, "aqi": 15, "persistence": 0.0, "ai_classification": "Wildfire", "ai_confidence": 100.0, "spread_speed_kmh": 2.62, "risk_level": "Critical (Spreading)", "mitigation_strategy": "Establish Firebreak" }, "geometry": { "type": "Polygon", "coordinates": [ [ [ 80.594927422488311, 8.18289461504996 ], [ 80.595075591528328, 8.182569845198833 ], [ 80.595013224954855, 8.181993911645877 ], [ 80.594742217744653, 8.181184313840665 ], [ 80.594270804314661, 8.180165651002831 ], [ 80.593613308323427, 8.178968874687232 ], [ 80.592789707453917, 8.177630348336624 ], [ 80.591825026401807, 8.176190742396839 ], [ 80.590748576512681, 8.174693798565885 ], [ 80.589593065171755, 8.173185000724573 ], [ 80.588393602006363, 8.171710192931823 ], [ 80.587186632097854, 8.17031418647613 ], [ 80.58600882861613, 8.169039398307236 ], [ 80.584895978523988, 8.167924562218579 ], [ 80.583881895208364, 8.16700355194058 ], [ 80.582997391077626, 8.166304351904479 ], [ 80.582269341342226, 8.165848206949564 ], [ 80.581719867424951, 8.165648976809468 ], [ 80.581365664812736, 8.165712714991184 ], [ 80.581217495772719, 8.166037484842311 ], [ 80.581279862346193, 8.166613418395267 ], [ 80.581550869556395, 8.167423016200479 ], [ 80.582022282986387, 8.168441679038313 ], [ 80.582679778977621, 8.169638455353912 ], [ 80.58350337984713, 8.17097698170452 ], [ 80.584468060899241, 8.172416587644305 ], [ 80.585544510788367, 8.173913531475259 ], [ 80.586700022129293, 8.175422329316572 ], [ 80.587899485294685, 8.176897137109322 ], [ 80.589106455203193, 8.178293143565014 ], [ 80.590284258684918, 8.179567931733908 ], [ 80.591397108777059, 8.180682767822566 ], [ 80.592411192092683, 8.181603778100564 ], [ 80.593295696223421, 8.182302978136665 ], [ 80.594023745958822, 8.18275912309158 ], [ 80.594573219876096, 8.182958353231676 ], [ 80.594927422488311, 8.18289461504996 ] ] ] } },
{ "type": "Feature", "properties": { "latitude": 8.33387, "longitude": 81.00347, "brightness": 346.86, "scan": 0.49, "track": 0.49, "acq_date": "2026-08-31T00:00:00", "acq_time": 828, "satellite": "N20", "instrument": "VIIRS", "confidence": "n", "version": "2.0NRT", "brightness_bg": 303.47, "frp": 11.23, "daynight": "D", "source_left": "VIIRS_NOAA20_NRT", "cross_source_count": 1, "state": "Tamil Nadu", "zone_type": "none", "source_right": "curated_research", "osm_id": "", "nearest_zone_dist_m": 248907.23911926366, "is_industrial": false, "facility_type": "none", "zone_name": "Cauvery Delta Rice (TN)", "temperature": 26.7, "humidity": 79, "wind_speed": 17.2, "wind_direction": 229, "aqi": 16, "persistence": 0.0, "ai_classification": "Routine Industrial Heat", "ai_confidence": 100.0, "spread_speed_kmh": 0.0, "risk_level": "Low (Routine Operation)", "mitigation_strategy": "Log & Monitor — No Action Required" }, "geometry": { "type": "Polygon", "coordinates": [ [ [ 81.00347, 8.33522135135135 ], [ 81.003736449198954, 8.335195385514057 ], [ 81.003992658904622, 8.335118485854744 ], [ 81.00422878312169, 8.334993607584192 ], [ 81.00443574772892, 8.334825549704306 ], [ 81.00460559919253, 8.334620770585161 ], [ 81.004731810216029, 8.334387139773465 ], [ 81.004809530580545, 8.334133635570291 ], [ 81.004835773536072, 8.33387 ], [ 81.004809530580545, 8.333606364429707 ], [ 81.004731810216029, 8.333352860226533 ], [ 81.00460559919253, 8.333119229414837 ], [ 81.00443574772892, 8.332914450295693 ], [ 81.00422878312169, 8.332746392415807 ], [ 81.003992658904622, 8.332621514145254 ], [ 81.003736449198954, 8.332544614485942 ], [ 81.00347, 8.332518648648648 ], [ 81.003203550801032, 8.332544614485942 ], [ 81.002947341095364, 8.332621514145254 ], [ 81.002711216878296, 8.332746392415807 ], [ 81.002504252271066, 8.332914450295693 ], [ 81.002334400807456, 8.333119229414837 ], [ 81.002208189783957, 8.333352860226533 ], [ 81.002130469419441, 8.333606364429707 ], [ 81.002104226463914, 8.33387 ], [ 81.002130469419441, 8.334133635570291 ], [ 81.002208189783957, 8.334387139773465 ], [ 81.002334400807456, 8.334620770585161 ], [ 81.002504252271066, 8.334825549704306 ], [ 81.002711216878296, 8.334993607584192 ], [ 81.002947341095364, 8.335118485854744 ], [ 81.003203550801032, 8.335195385514057 ], [ 81.00347, 8.33522135135135 ] ] ] } },
{ "type": "Feature", "properties": { "latitude": 8.34278, "longitude": 80.16339, "brightness": 341.1, "scan": 0.44, "track": 0.46, "acq_date": "2026-08-31T00:00:00", "acq_time": 828, "satellite": "N20", "instrument": "VIIRS", "confidence": "n", "version": "2.0NRT", "brightness_bg": 303.38, "frp": 5.79, "daynight": "D", "source_left": "VIIRS_NOAA20_NRT", "cross_source_count": 1, "state": "Tamil Nadu", "zone_type": "none", "source_right": "curated_research", "osm_id": "", "nearest_zone_dist_m": 211575.21605632821, "is_industrial": false, "facility_type": "none", "zone_name": "Cauvery Delta Rice (TN)", "temperature": 27.0, "humidity": 80, "wind_speed": 22.5, "wind_direction": 207, "aqi": 20, "persistence": 0.0, "ai_classification": "Agricultural Burn", "ai_confidence": 100.0, "spread_speed_kmh": 1.86, "risk_level": "Low (Agricultural Hazard)", "mitigation_strategy": "Issue Local Admin Warning" }, "geometry": { "type": "Polygon", "coordinates": [ [ [ 80.171509488842233, 8.3585466072784 ], [ 80.171708218875679, 8.358268942411327 ], [ 80.171755788098537, 8.35771791402493 ], [ 80.171650751144028, 8.356910264837897 ], [ 80.171396299506867, 8.355870534862087 ], [ 80.171000164571296, 8.354630315766684 ], [ 80.170474382696867, 8.353227290981321 ], [ 80.1698349294998, 8.351704090704139 ], [ 80.169101234441882, 8.350106996604781 ], [ 80.168295590476191, 8.34848453557929 ], [ 80.167442476686958, 8.346886005284917 ], [ 80.166567814504958, 8.345359976255764 ], [ 80.165698180098005, 8.343952816111674 ], [ 80.164859996867492, 8.342707280701566 ], [ 80.164078732586717, 8.341661214988605 ], [ 80.163378125575548, 8.340846403150145 ], [ 80.162779463423462, 8.340287602831586 ], [ 80.162300936177047, 8.340001792897834 ], [ 80.161957083644509, 8.339997657539106 ], [ 80.161758353611063, 8.34027532240618 ], [ 80.161710784388205, 8.340826350792577 ], [ 80.161815821342714, 8.34163399997961 ], [ 80.162070272979875, 8.34267372995542 ], [ 80.162466407915446, 8.343913949050823 ], [ 80.162992189789875, 8.345316973836185 ], [ 80.163631642986942, 8.346840174113368 ], [ 80.16436533804486, 8.348437268212725 ], [ 80.165170982010551, 8.350059729238216 ], [ 80.166024095799784, 8.35165825953259 ], [ 80.166898757981784, 8.353184288561742 ], [ 80.167768392388737, 8.354591448705833 ], [ 80.168606575619251, 8.355836984115941 ], [ 80.169387839900025, 8.356883049828902 ], [ 80.170088446911194, 8.357697861667361 ], [ 80.17068710906328, 8.358256661985921 ], [ 80.171165636309695, 8.358542471919673 ], [ 80.171509488842233, 8.3585466072784 ] ] ] } },
{ "type": "Feature", "properties": { "latitude": 8.34466, "longitude": 80.20757, "brightness": 340.2, "scan": 0.44, "track": 0.46, "acq_date": "2026-08-31T00:00:00", "acq_time": 828, "satellite": "N20", "instrument": "VIIRS", "confidence": "n", "version": "2.0NRT", "brightness_bg": 305.84, "frp": 6.19, "daynight": "D", "source_left": "VIIRS_NOAA20_NRT", "cross_source_count": 1, "state": "Tamil Nadu", "zone_type": "none", "source_right": "curated_research", "osm_id": "", "nearest_zone_dist_m": 212627.4297367266, "is_industrial": false, "facility_type": "none", "zone_name": "Cauvery Delta Rice (TN)", "temperature": 27.0, "humidity": 80, "wind_speed": 22.5, "wind_direction": 207, "aqi": 17, "persistence": 0.0, "ai_classification": "Routine Industrial Heat", "ai_confidence": 100.0, "spread_speed_kmh": 0.0, "risk_level": "Low (Routine Operation)", "mitigation_strategy": "Log & Monitor — No Action Required" }, "geometry": { "type": "Polygon", "coordinates": [ [ [ 80.20757, 8.346011351351351 ], [ 80.207836456554361, 8.345985385514057 ], [ 80.208092673332757, 8.345908485854745 ], [ 80.208328804068103, 8.345783607584192 ], [ 80.20853577438865, 8.345615549704306 ], [ 80.208705630541061, 8.345410770585161 ], [ 80.20883184504865, 8.345177139773465 ], [ 80.208909567558649, 8.344923635570291 ], [ 80.208935811238632, 8.34466 ], [ 80.208909567558649, 8.344396364429707 ], [ 80.20883184504865, 8.344142860226533 ], [ 80.208705630541061, 8.343909229414837 ], [ 80.20853577438865, 8.343704450295693 ], [ 80.208328804068103, 8.343536392415807 ], [ 80.208092673332757, 8.343411514145254 ], [ 80.207836456554361, 8.343334614485942 ], [ 80.20757, 8.343308648648648 ], [ 80.207303543445647, 8.343334614485942 ], [ 80.207047326667251, 8.343411514145254 ], [ 80.206811195931905, 8.343536392415807 ], [ 80.206604225611358, 8.343704450295693 ], [ 80.206434369458947, 8.343909229414837 ], [ 80.206308154951358, 8.344142860226533 ], [ 80.206230432441359, 8.344396364429707 ], [ 80.206204188761376, 8.34466 ], [ 80.206230432441359, 8.344923635570291 ], [ 80.206308154951358, 8.345177139773465 ], [ 80.206434369458947, 8.345410770585161 ], [ 80.206604225611358, 8.345615549704306 ], [ 80.206811195931905, 8.345783607584192 ], [ 80.207047326667251, 8.345908485854745 ], [ 80.207303543445647, 8.345985385514057 ], [ 80.20757, 8.346011351351351 ] ] ] } },
{ "type": "Feature", "properties": { "latitude": 8.34645, "longitude": 80.15887, "brightness": 337.48, "scan": 0.44, "track": 0.46, "acq_date": "2026-08-31T00:00:00", "acq_time": 828, "satellite": "N20", "instrument": "VIIRS", "confidence": "n", "version": "2.0NRT", "brightness_bg": 303.68, "frp": 5.79, "daynight": "D", "source_left": "VIIRS_NOAA20_NRT", "cross_source_count": 1, "state": "Tamil Nadu", "zone_type": "none", "source_right": "curated_research", "osm_id": "", "nearest_zone_dist_m": 211059.51269873074, "is_industrial": false, "facility_type": "none", "zone_name": "Cauvery Delta Rice (TN)", "temperature": 27.0, "humidity": 80, "wind_speed": 22.5, "wind_direction": 207, "aqi": 20, "persistence": 0.0, "ai_classification": "Routine Industrial Heat", "ai_confidence": 100.0, "spread_speed_kmh": 0.0, "risk_level": "Low (Routine Operation)", "mitigation_strategy": "Log & Monitor — No Action Required" }, "geometry": { "type": "Polygon", "coordinates": [ [ [ 80.15887, 8.347801351351352 ], [ 80.159136457775517, 8.347775385514058 ], [ 80.159392675728171, 8.347698485854746 ], [ 80.159628807545701, 8.347573607584193 ], [ 80.159835778814795, 8.347405549704307 ], [ 80.160005635745648, 8.347200770585163 ], [ 80.160131850831675, 8.346967139773467 ], [ 80.160209573697898, 8.346713635570293 ], [ 80.160235817498148, 8.34645 ], [ 80.160209573697898, 8.346186364429709 ], [ 80.160131850831675, 8.345932860226535 ], [ 80.160005635745648, 8.345699229414839 ], [ 80.159835778814795, 8.345494450295694 ], [ 80.159628807545701, 8.345326392415808 ], [ 80.159392675728171, 8.345201514145256 ], [ 80.159136457775517, 8.345124614485943 ], [ 80.15887, 8.34509864864865 ], [ 80.158603542224469, 8.345124614485943 ], [ 80.158347324271816, 8.345201514145256 ], [ 80.158111192454285, 8.345326392415808 ], [ 80.157904221185191, 8.345494450295694 ], [ 80.157734364254338, 8.345699229414839 ], [ 80.157608149168311, 8.345932860226535 ], [ 80.157530426302088, 8.346186364429709 ], [ 80.157504182501839, 8.34645 ], [ 80.157530426302088, 8.346713635570293 ], [ 80.157608149168311, 8.346967139773467 ], [ 80.157734364254338, 8.347200770585163 ], [ 80.157904221185191, 8.347405549704307 ], [ 80.158111192454285, 8.347573607584193 ], [ 80.158347324271816, 8.347698485854746 ], [ 80.158603542224469, 8.347775385514058 ], [ 80.15887, 8.347801351351352 ] ] ] } },
{ "type": "Feature", "properties": { "latitude": 8.34843, "longitude": 80.29674, "brightness": 343.2, "scan": 0.44, "track": 0.46, "acq_date": "2026-08-31T00:00:00", "acq_time": 828, "satellite": "N20", "instrument": "VIIRS", "confidence": "n", "version": "2.0NRT", "brightness_bg": 303.86, "frp": 9.99, "daynight": "D", "source_left": "VIIRS_NOAA20_NRT", "cross_source_count": 1, "state": "Tamil Nadu", "zone_type": "none", "source_right": "curated_research", "osm_id": "", "nearest_zone_dist_m": 215072.43038458691, "is_industrial": false, "facility_type": "none", "zone_name": "Cauvery Delta Rice (TN)", "temperature": 26.9, "humidity": 80, "wind_speed": 23.9, "wind_direction": 210, "aqi": 17, "persistence": 0.0, "ai_classification": "Wildfire", "ai_confidence": 100.0, "spread_speed_kmh": 3.09, "risk_level": "Critical (Spreading)", "mitigation_strategy": "Establish Firebreak" }, "geometry": { "type": "Polygon", "coordinates": [ [ [ 80.306530244907421, 8.365207338502843 ], [ 80.306731439731081, 8.364892501376707 ], [ 80.306751536760302, 8.364287365158116 ], [ 80.306589925357031, 8.363410316604863 ], [ 80.306251516001979, 8.362288004393427 ], [ 80.305746591092131, 8.360954529412435 ], [ 80.305090492515404, 8.359450408624417 ], [ 80.30430315549502, 8.35782134397839 ], [ 80.303408502867939, 8.356116833779282 ], [ 80.302433718201527, 8.354388668706966 ], [ 80.301408419834601, 8.352689358182671 ], [ 80.30036376093922, 8.351070534896785 ], [ 80.299331482947295, 8.349581385975686 ], [ 80.298342951103265, 8.348267158455798 ], [ 80.297428201446962, 8.347167784475277 ], [ 80.296615028183822, 8.346316667956215 ], [ 80.295928139171963, 8.345739669643356 ], [ 80.295388405186415, 8.345454321338462 ], [ 80.295012225771231, 8.345469293205381 ], [ 80.294811030947571, 8.345784130331518 ], [ 80.29479093391835, 8.346389266550108 ], [ 80.294952545321621, 8.347266315103361 ], [ 80.295290954676673, 8.348388627314797 ], [ 80.295795879586521, 8.349722102295789 ], [ 80.296451978163248, 8.351226223083808 ], [ 80.297239315183631, 8.352855287729835 ], [ 80.298133967810713, 8.354559797928943 ], [ 80.299108752477125, 8.356287963001259 ], [ 80.300134050844051, 8.357987273525554 ], [ 80.301178709739432, 8.35960609681144 ], [ 80.302210987731357, 8.361095245732539 ], [ 80.303199519575386, 8.362409473252427 ], [ 80.30411426923169, 8.363508847232948 ], [ 80.304927442494829, 8.36435996375201 ], [ 80.305614331506689, 8.364936962064869 ], [ 80.306154065492237, 8.365222310369763 ], [ 80.306530244907421, 8.365207338502843 ] ] ] } },
{ "type": "Feature", "properties": { "latitude": 8.34946, "longitude": 80.21097, "brightness": 334.65, "scan": 0.44, "track": 0.46, "acq_date": "2026-08-31T00:00:00", "acq_time": 828, "satellite": "N20", "instrument": "VIIRS", "confidence": "n", "version": "2.0NRT", "brightness_bg": 302.27, "frp": 4.4, "daynight": "D", "source_left": "VIIRS_NOAA20_NRT", "cross_source_count": 1, "state": "Tamil Nadu", "zone_type": "none", "source_right": "curated_research", "osm_id": "", "nearest_zone_dist_m": 212217.23333183693, "is_industrial": false, "facility_type": "none", "zone_name": "Cauvery Delta Rice (TN)", "temperature": 27.0, "humidity": 80, "wind_speed": 22.5, "wind_direction": 207, "aqi": 17, "persistence": 0.0, "ai_classification": "Routine Industrial Heat", "ai_confidence": 100.0, "spread_speed_kmh": 0.0, "risk_level": "Low (Routine Operation)", "mitigation_strategy": "Log & Monitor — No Action Required" }, "geometry": { "type": "Polygon", "coordinates": [ [ [ 80.21097, 8.350811351351352 ], [ 80.211236459829621, 8.350785385514058 ], [ 80.211492679757427, 8.350708485854746 ], [ 80.211728813395268, 8.350583607584193 ], [ 80.211935786259886, 8.350415549704307 ], [ 80.212105644500141, 8.350210770585162 ], [ 80.212231860559143, 8.349977139773467 ], [ 80.212309584024524, 8.349723635570292 ], [ 80.212335828027079, 8.34946 ], [ 80.212309584024524, 8.349196364429709 ], [ 80.212231860559143, 8.348942860226535 ], [ 80.212105644500141, 8.348709229414839 ], [ 80.211935786259886, 8.348504450295694 ], [ 80.211728813395268, 8.348336392415808 ], [ 80.211492679757427, 8.348211514145255 ], [ 80.211236459829621, 8.348134614485943 ], [ 80.21097, 8.348108648648649 ], [ 80.210703540170385, 8.348134614485943 ], [ 80.210447320242579, 8.348211514145255 ], [ 80.210211186604738, 8.348336392415808 ], [ 80.21000421374012, 8.348504450295694 ], [ 80.209834355499865, 8.348709229414839 ], [ 80.209708139440863, 8.348942860226535 ], [ 80.209630415975482, 8.349196364429709 ], [ 80.209604171972927, 8.34946 ], [ 80.209630415975482, 8.349723635570292 ], [ 80.209708139440863, 8.349977139773467 ], [ 80.209834355499865, 8.350210770585162 ], [ 80.21000421374012, 8.350415549704307 ], [ 80.210211186604738, 8.350583607584193 ], [ 80.210447320242579, 8.350708485854746 ], [ 80.210703540170385, 8.350785385514058 ], [ 80.21097, 8.350811351351352 ] ] ] } },
{ "type": "Feature", "properties": { "latitude": 8.35112, "longitude": 80.22285, "brightness": 333.21, "scan": 0.44, "track": 0.46, "acq_date": "2026-08-31T00:00:00", "acq_time": 828, "satellite": "N20", "instrument": "VIIRS", "confidence": "n", "version": "2.0NRT", "brightness_bg": 302.22, "frp": 2.05, "daynight": "D", "source_left": "VIIRS_NOAA20_NRT", "cross_source_count": 1, "state": "Tamil Nadu", "zone_type": "none", "source_right": "curated_research", "osm_id": "", "nearest_zone_dist_m": 212398.5334767451, "is_industrial": false, "facility_type": "none", "zone_name": "Cauvery Delta Rice (TN)", "temperature": 27.0, "humidity": 80, "wind_speed": 22.5, "wind_direction": 207, "aqi": 17, "persistence": 0.0, "ai_classification": "Natural Anomaly", "ai_confidence": 100.0, "spread_speed_kmh": 1.27, "risk_level": "Moderate (Spreading)", "mitigation_strategy": "Monitor" }, "geometry": { "type": "Polygon", "coordinates": [ [ [ 80.230856885957877, 8.366667622357367 ], [ 80.231052859941556, 8.366393814021881 ], [ 80.231099769459661, 8.365850438956553 ], [ 80.230996189190222, 8.365054007337784 ], [ 80.230745266367336, 8.364028718337298 ], [ 80.230354625153993, 8.36280572484255 ], [ 80.229836134985774, 8.361422186892018 ], [ 80.229205549924089, 8.359920142586219 ], [ 80.228482029976931, 8.358345230781319 ], [ 80.227687558931777, 8.356745304375563 ], [ 80.226846276389324, 8.355168976323188 ], [ 80.225983744293913, 8.353664142554408 ], [ 80.225126170246796, 8.3522765266818 ], [ 80.224299611201431, 8.351048290711491 ], [ 80.223529181736168, 8.350016753971916 ], [ 80.222838290960453, 8.349213259184928 ], [ 80.222247931240886, 8.348662220133042 ], [ 80.221776040358819, 8.348380379859007 ], [ 80.22143695647992, 8.348376301936936 ], [ 80.221240982496241, 8.348650110272422 ], [ 80.221194072978136, 8.34919348533775 ], [ 80.221297653247575, 8.349989916956519 ], [ 80.221548576070461, 8.351015205957005 ], [ 80.221939217283804, 8.352238199451753 ], [ 80.222457707452023, 8.353621737402285 ], [ 80.223088292513708, 8.355123781708084 ], [ 80.223811812460866, 8.356698693512984 ], [ 80.22460628350602, 8.35829861991874 ], [ 80.225447566048473, 8.359874947971115 ], [ 80.226310098143884, 8.361379781739895 ], [ 80.227167672191001, 8.362767397612503 ], [ 80.227994231236366, 8.363995633582812 ], [ 80.228764660701628, 8.365027170322387 ], [ 80.229455551477344, 8.365830665109375 ], [ 80.23004591119691, 8.366381704161261 ], [ 80.230517802078978, 8.366663544435296 ], [ 80.230856885957877, 8.366667622357367 ] ] ] } },
{ "type": "Feature", "properties": { "latitude": 8.3625, "longitude": 80.18092, "brightness": 342.32, "scan": 0.44, "track": 0.46, "acq_date": "2026-08-31T00:00:00", "acq_time": 828, "satellite": "N20", "instrument": "VIIRS", "confidence": "n", "version": "2.0NRT", "brightness_bg": 304.29, "frp": 3.56, "daynight": "D", "source_left": "VIIRS_NOAA20_NRT", "cross_source_count": 1, "state": "Tamil Nadu", "zone_type": "none", "source_right": "curated_research", "osm_id": "", "nearest_zone_dist_m": 209952.40294984574, "is_industrial": false, "facility_type": "none", "zone_name": "Cauvery Delta Rice (TN)", "temperature": 27.0, "humidity": 80, "wind_speed": 22.5, "wind_direction": 207, "aqi": 20, "persistence": 0.0, "ai_classification": "Routine Industrial Heat", "ai_confidence": 100.0, "spread_speed_kmh": 0.0, "risk_level": "Low (Routine Operation)", "mitigation_strategy": "Log & Monitor — No Action Required" }, "geometry": { "type": "Polygon", "coordinates": [ [ [ 80.18092, 8.363851351351352 ], [ 80.181186468737266, 8.363825385514058 ], [ 80.181442697230409, 8.363748485854746 ], [ 80.18167883876211, 8.363623607584193 ], [ 80.181885818545737, 8.363455549704307 ], [ 80.182055682464309, 8.363250770585163 ], [ 80.182181902742656, 8.363017139773467 ], [ 80.182259628806293, 8.362763635570293 ], [ 80.182285873686183, 8.3625 ], [ 80.182259628806293, 8.362236364429709 ], [ 80.182181902742656, 8.361982860226535 ], [ 80.182055682464309, 8.361749229414839 ], [ 80.181885818545737, 8.361544450295694 ], [ 80.18167883876211, 8.361376392415808 ], [ 80.181442697230409, 8.361251514145255 ], [ 80.181186468737266, 8.361174614485943 ], [ 80.18092, 8.361148648648649 ], [ 80.180653531262735, 8.361174614485943 ], [ 80.180397302769592, 8.361251514145255 ], [ 80.180161161237891, 8.361376392415808 ], [ 80.179954181454264, 8.361544450295694 ], [ 80.179784317535692, 8.361749229414839 ], [ 80.179658097257345, 8.361982860226535 ], [ 80.179580371193708, 8.362236364429709 ], [ 80.179554126313818, 8.3625 ], [ 80.179580371193708, 8.362763635570293 ], [ 80.179658097257345, 8.363017139773467 ], [ 80.179784317535692, 8.363250770585163 ], [ 80.179954181454264, 8.363455549704307 ], [ 80.180161161237891, 8.363623607584193 ], [ 80.180397302769592, 8.363748485854746 ], [ 80.180653531262735, 8.363825385514058 ], [ 80.18092, 8.363851351351352 ] ] ] } },
{ "type": "Feature", "properties": { "latitude": 8.34184, "longitude": 77.54288, "brightness": 343.41, "scan": 0.46, "track": 0.39, "acq_date": "2026-08-31T00:00:00", "acq_time": 828, "satellite": "N20", "instrument": "VIIRS", "confidence": "n", "version": "2.0NRT", "brightness_bg": 302.56, "frp": 8.3, "daynight": "D", "source_left": "VIIRS_NOAA20_NRT", "cross_source_count": 1, "state": "Kerala", "zone_type": "none", "source_right": "curated_research", "osm_id": "", "nearest_zone_dist_m": 41126.800418818129, "is_industrial": false, "facility_type": "none", "zone_name": "Pepper Plantation (Kerala)", "temperature": 26.4, "humidity": 75, "wind_speed": 10.5, "wind_direction": 282, "aqi": 16, "persistence": 0.0, "ai_classification": "Natural Anomaly", "ai_confidence": 100.0, "spread_speed_kmh": 1.11, "risk_level": "Moderate (Spreading)", "mitigation_strategy": "Monitor" }, "geometry": { "type": "Polygon", "coordinates": [ [ [ 77.55170860619171, 8.339983273677865 ], [ 77.551576829834318, 8.339753723988997 ], [ 77.551291261837477, 8.339564334751122 ], [ 77.550860579040275, 8.339420860460395 ], [ 77.550297867521579, 8.339327660510538 ], [ 77.549620224986143, 8.339287566734866 ], [ 77.548848241259478, 8.339301797362465 ], [ 77.548005372676485, 8.339369920002916 ], [ 77.54711722937256, 8.339489864784261 ], [ 77.546210797132559, 8.339657987245014 ], [ 77.545313617441423, 8.339869179069279 ], [ 77.544452950650069, 8.340117023300342 ], [ 77.543654947683422, 8.340393989316661 ], [ 77.542943855457835, 8.34069166164598 ], [ 77.542341280150751, 8.341000995665201 ], [ 77.541865530707952, 8.341312592416681 ], [ 77.541531062535512, 8.341616984190802 ], [ 77.541348038279594, 8.341904922197539 ], [ 77.541322019039626, 8.342167657586257 ], [ 77.541453795397018, 8.342397207275125 ], [ 77.541739363393859, 8.342586596513 ], [ 77.54217004619106, 8.342730070803727 ], [ 77.542732757709757, 8.342823270753584 ], [ 77.543410400245193, 8.342863364529256 ], [ 77.544182383971858, 8.342849133901657 ], [ 77.545025252554851, 8.342781011261206 ], [ 77.545913395858776, 8.342661066479861 ], [ 77.546819828098776, 8.342492944019108 ], [ 77.547717007789913, 8.342281752194843 ], [ 77.548577674581267, 8.34203390796378 ], [ 77.549375677547914, 8.341756941947461 ], [ 77.5500867697735, 8.341459269618142 ], [ 77.550689345080585, 8.341149935598921 ], [ 77.551165094523384, 8.340838338847441 ], [ 77.551499562695824, 8.34053394707332 ], [ 77.551682586951742, 8.340246009066583 ], [ 77.55170860619171, 8.339983273677865 ] ] ] } },
{ "type": "Feature", "properties": { "latitude": 8.36317, "longitude": 81.05014, "brightness": 337.35, "scan": 0.5, "track": 0.49, "acq_date": "2026-08-31T00:00:00", "acq_time": 828, "satellite": "N20", "instrument": "VIIRS", "confidence": "n", "version": "2.0NRT", "brightness_bg": 303.77, "frp": 3.85, "daynight": "D", "source_left": "VIIRS_NOAA20_NRT", "cross_source_count": 1, "state": "Tamil Nadu", "zone_type": "none", "source_right": "curated_research", "osm_id": "", "nearest_zone_dist_m": 248778.67022451264, "is_industrial": false, "facility_type": "none", "zone_name": "Cauvery Delta Rice (TN)", "temperature": 27.2, "humidity": 76, "wind_speed": 16.7, "wind_direction": 230, "aqi": 16, "persistence": 0.0, "ai_classification": "Routine Industrial Heat", "ai_confidence": 100.0, "spread_speed_kmh": 0.0, "risk_level": "Low (Routine Operation)", "mitigation_strategy": "Log & Monitor — No Action Required" }, "geometry": { "type": "Polygon", "coordinates": [ [ [ 81.05014, 8.364521351351351 ], [ 81.050406469195337, 8.364495385514058 ], [ 81.050662698128932, 8.364418485854745 ], [ 81.050898840066566, 8.364293607584193 ], [ 81.051105820206004, 8.364125549704307 ], [ 81.051275684416566, 8.363920770585162 ], [ 81.051401904911899, 8.363687139773466 ], [ 81.05147963110916, 8.363433635570292 ], [ 81.051505876034156, 8.36317 ], [ 81.05147963110916, 8.362906364429708 ], [ 81.051401904911899, 8.362652860226534 ], [ 81.051275684416566, 8.362419229414838 ], [ 81.051105820206004, 8.362214450295694 ], [ 81.050898840066566, 8.362046392415808 ], [ 81.050662698128932, 8.361921514145255 ], [ 81.050406469195337, 8.361844614485943 ], [ 81.05014, 8.361818648648649 ], [ 81.049873530804661, 8.361844614485943 ], [ 81.049617301871066, 8.361921514145255 ], [ 81.049381159933432, 8.362046392415808 ], [ 81.049174179793994, 8.362214450295694 ], [ 81.049004315583431, 8.362419229414838 ], [ 81.048878095088099, 8.362652860226534 ], [ 81.048800368890838, 8.362906364429708 ], [ 81.048774123965842, 8.36317 ], [ 81.048800368890838, 8.363433635570292 ], [ 81.048878095088099, 8.363687139773466 ], [ 81.049004315583431, 8.363920770585162 ], [ 81.049174179793994, 8.364125549704307 ], [ 81.049381159933432, 8.364293607584193 ], [ 81.049617301871066, 8.364418485854745 ], [ 81.049873530804661, 8.364495385514058 ], [ 81.05014, 8.364521351351351 ] ] ] } },
{ "type": "Feature", "properties": { "latitude": 8.16395, "longitude": 80.584, "brightness": 335.73, "scan": 0.46, "track": 0.47, "acq_date": "2026-08-31T00:00:00", "acq_time": 828, "satellite": "N20", "instrument": "VIIRS", "confidence": "n", "version": "2.0NRT", "brightness_bg": 299.59, "frp": 2.2, "daynight": "D", "source_left": "VIIRS_NOAA20_NRT", "cross_source_count": 1, "state": "Tamil Nadu", "zone_type": "none", "source_right": "curated_research", "osm_id": "", "nearest_zone_dist_m": 245017.20191435848, "is_industrial": false, "facility_type": "none", "zone_name": "Cauvery Delta Rice (TN)", "temperature": 26.2, "humidity": 83, "wind_speed": 23.7, "wind_direction": 218, "aqi": 15, "persistence": 0.0, "ai_classification": "Wildfire", "ai_confidence": 100.0, "spread_speed_kmh": 2.52, "risk_level": "Critical (Spreading)", "mitigation_strategy": "Establish Firebreak" }, "geometry": { "type": "Polygon", "coordinates": [ [ [ 80.595434611566375, 8.17843718724928 ], [ 80.595581587642798, 8.17811502869665 ], [ 80.595519723205598, 8.177543725913505 ], [ 80.59525089797441, 8.176740637645818 ], [ 80.594783280067844, 8.175730165324218 ], [ 80.59413107781937, 8.174543011638876 ], [ 80.593314108064263, 8.173215247653792 ], [ 80.592357194015136, 8.17178721680577 ], [ 80.591289411021165, 8.170302309089509 ], [ 80.590143203128264, 8.168805642674569 ], [ 80.588953397283277, 8.167342693012618 ], [ 80.587756145134719, 8.165957911088846 ], [ 80.586587824583276, 8.164693372801274 ], [ 80.585483934457741, 8.16358750050588 ], [ 80.584478015900942, 8.162673895572764 ], [ 80.583600633239243, 8.161980317425513 ], [ 80.582878445300807, 8.161527840085162 ], [ 80.582333395400738, 8.161330211846732 ], [ 80.581982044604402, 8.161393437544245 ], [ 80.58183506852798, 8.161715596096874 ], [ 80.581896932965179, 8.162286898880019 ], [ 80.582165758196368, 8.163089987147707 ], [ 80.582633376102933, 8.164100459469307 ], [ 80.583285578351408, 8.165287613154648 ], [ 80.584102548106515, 8.166615377139733 ], [ 80.585059462155641, 8.168043407987755 ], [ 80.586127245149612, 8.169528315704015 ], [ 80.587273453042513, 8.171024982118956 ], [ 80.588463258887501, 8.172487931780907 ], [ 80.589660511036058, 8.173872713704679 ], [ 80.590828831587501, 8.17513725199225 ], [ 80.591932721713036, 8.176243124287645 ], [ 80.592938640269836, 8.17715672922076 ], [ 80.593816022931534, 8.177850307368011 ], [ 80.59453821086997, 8.178302784708363 ], [ 80.595083260770039, 8.178500412946793 ], [ 80.595434611566375, 8.17843718724928 ] ] ] } },
{ "type": "Feature", "properties": { "latitude": 8.11853, "longitude": 80.619, "brightness": 336.09, "scan": 0.46, "track": 0.47, "acq_date": "2026-08-31T00:00:00", "acq_time": 828, "satellite": "N20", "instrument": "VIIRS", "confidence": "n", "version": "2.0NRT", "brightness_bg": 302.05, "frp": 4.81, "daynight": "D", "source_left": "VIIRS_NOAA20_NRT", "cross_source_count": 1, "state": "Tamil Nadu", "zone_type": "none", "source_right": "curated_research", "osm_id": "", "nearest_zone_dist_m": 251123.05709290283, "is_industrial": false, "facility_type": "none", "zone_name": "Cauvery Delta Rice (TN)", "temperature": 26.0, "humidity": 84, "wind_speed": 23.4, "wind_direction": 217, "aqi": 16, "persistence": 0.0, "ai_classification": "Wildfire", "ai_confidence": 100.0, "spread_speed_kmh": 2.68, "risk_level": "Critical (Spreading)", "mitigation_strategy": "Establish Firebreak" }, "geometry": { "type": "Polygon", "coordinates": [ [ [ 80.63020662143154, 8.133252514661654 ], [ 80.630359653669132, 8.132932073689206 ], [ 80.630307736312346, 8.132358230237061 ], [ 80.630052446843777, 8.131548420248132 ], [ 80.629601542104766, 8.130527249389147 ], [ 80.628968722607624, 8.129325745419923 ], [ 80.628173216252563, 8.127980415430571 ], [ 80.627239194097626, 8.126532136592049 ], [ 80.62619503593335, 8.125024914124001 ], [ 80.625072467977191, 8.123504544218427 ], [ 80.623905598888456, 8.122017222545564 ], [ 80.62272988339393, 8.120608140621821 ], [ 80.621581045013983, 8.11932011268842 ], [ 80.620493990621455, 8.118192274822345 ], [ 80.619501749813963, 8.117258895806444 ], [ 80.618634471326374, 8.116548335889799 ], [ 80.61791850697665, 8.116082185075921 ], [ 80.617375610979266, 8.115874607121404 ], [ 80.61702227895438, 8.115931909177354 ], [ 80.616869246716789, 8.116252350149802 ], [ 80.616921164073574, 8.116826193601947 ], [ 80.617176453542143, 8.117636003590876 ], [ 80.617627358281155, 8.118657174449861 ], [ 80.618260177778296, 8.119858678419085 ], [ 80.619055684133357, 8.121204008408437 ], [ 80.619989706288294, 8.122652287246959 ], [ 80.621033864452571, 8.124159509715007 ], [ 80.62215643240873, 8.125679879620581 ], [ 80.623323301497464, 8.127167201293444 ], [ 80.62449901699199, 8.128576283217187 ], [ 80.625647855371938, 8.129864311150587 ], [ 80.626734909764465, 8.130992149016663 ], [ 80.627727150571957, 8.131925528032564 ], [ 80.628594429059547, 8.132636087949209 ], [ 80.62931039340927, 8.133102238763087 ], [ 80.629853289406654, 8.133309816717604 ], [ 80.63020662143154, 8.133252514661654 ] ] ] } },
{ "type": "Feature", "properties": { "latitude": 29.24173, "longitude": 91.86179, "brightness": 330.56, "scan": 0.43, "track": 0.38, "acq_date": "2026-08-31T00:00:00", "acq_time": 652, "satellite": "N20", "instrument": "VIIRS", "confidence": "n", "version": "2.0NRT", "brightness_bg": 297.19, "frp": 3.12, "daynight": "D", "source_left": "VIIRS_NOAA20_NRT", "cross_source_count": 1, "state": "Arunachal Pradesh", "zone_type": "none", "source_right": "curated_research", "osm_id": "", "nearest_zone_dist_m": 209628.52978419411, "is_industrial": false, "facility_type": "none", "zone_name": "Arunachal Forest Belt", "temperature": 11.9, "humidity": 86, "wind_speed": 1.5, "wind_direction": 30, "aqi": 31, "persistence": 0.0, "ai_classification": "Routine Industrial Heat", "ai_confidence": 100.0, "spread_speed_kmh": 0.0, "risk_level": "Low (Routine Operation)", "mitigation_strategy": "Log & Monitor — No Action Required" }, "geometry": { "type": "Polygon", "coordinates": [ [ [ 91.86179, 29.243081351351353 ], [ 91.862092138075155, 29.243055385514058 ], [ 91.862382665153518, 29.242978485854746 ], [ 91.862650416442406, 29.242853607584195 ], [ 91.862885102409933, 29.242685549704305 ], [ 91.863077704205992, 29.242480770585161 ], [ 91.86322082025157, 29.242247139773468 ], [ 91.863308950677293, 29.241993635570292 ], [ 91.863338708680317, 29.24173 ], [ 91.863308950677293, 29.241466364429709 ], [ 91.86322082025157, 29.241212860226533 ], [ 91.863077704205992, 29.24097922941484 ], [ 91.862885102409933, 29.240774450295696 ], [ 91.862650416442406, 29.240606392415806 ], [ 91.862382665153518, 29.240481514145255 ], [ 91.862092138075155, 29.240404614485943 ], [ 91.86179, 29.240378648648647 ], [ 91.861487861924843, 29.240404614485943 ], [ 91.86119733484648, 29.240481514145255 ], [ 91.860929583557592, 29.240606392415806 ], [ 91.860694897590065, 29.240774450295696 ], [ 91.860502295794006, 29.24097922941484 ], [ 91.860359179748428, 29.241212860226533 ], [ 91.860271049322705, 29.241466364429709 ], [ 91.860241291319682, 29.24173 ], [ 91.860271049322705, 29.241993635570292 ], [ 91.860359179748428, 29.242247139773468 ], [ 91.860502295794006, 29.242480770585161 ], [ 91.860694897590065, 29.242685549704305 ], [ 91.860929583557592, 29.242853607584195 ], [ 91.86119733484648, 29.242978485854746 ], [ 91.861487861924843, 29.243055385514058 ], [ 91.86179, 29.243081351351353 ] ] ] } },
{ "type": "Feature", "properties": { "latitude": 29.61658, "longitude": 91.05703, "brightness": 338.16, "scan": 0.46, "track": 0.39, "acq_date": "2026-08-31T00:00:00", "acq_time": 652, "satellite": "N20", "instrument": "VIIRS", "confidence": "n", "version": "2.0NRT", "brightness_bg": 299.37, "frp": 6.07, "daynight": "D", "source_left": "VIIRS_NOAA20_NRT", "cross_source_count": 1, "state": "Assam", "zone_type": "none", "source_right": "curated_research", "osm_id": "", "nearest_zone_dist_m": 287536.84771896136, "is_industrial": false, "facility_type": "none", "zone_name": "Manas NP (Assam)", "temperature": 11.0, "humidity": 85, "wind_speed": 0.2, "wind_direction": 270, "aqi": 32, "persistence": 0.0, "ai_classification": "Routine Industrial Heat", "ai_confidence": 100.0, "spread_speed_kmh": 0.0, "risk_level": "Low (Routine Operation)", "mitigation_strategy": "Log & Monitor — No Action Required" }, "geometry": { "type": "Polygon", "coordinates": [ [ [ 91.05703, 29.617931351351352 ], [ 91.057333255278536, 29.617905385514057 ], [ 91.057624856626802, 29.617828485854744 ], [ 91.057893597968487, 29.617703607584193 ], [ 91.058129151724557, 29.617535549704304 ], [ 91.058322465696264, 29.617330770585159 ], [ 91.058466110936081, 29.617097139773467 ], [ 91.058554567238019, 29.616843635570291 ], [ 91.058584435275975, 29.61658 ], [ 91.058554567238019, 29.616316364429707 ], [ 91.058466110936081, 29.616062860226531 ], [ 91.058322465696264, 29.615829229414839 ], [ 91.058129151724557, 29.615624450295694 ], [ 91.057893597968487, 29.615456392415805 ], [ 91.057624856626802, 29.615331514145254 ], [ 91.057333255278536, 29.615254614485941 ], [ 91.05703, 29.615228648648646 ], [ 91.056726744721459, 29.615254614485941 ], [ 91.056435143373193, 29.615331514145254 ], [ 91.056166402031508, 29.615456392415805 ], [ 91.055930848275437, 29.615624450295694 ], [ 91.055737534303731, 29.615829229414839 ], [ 91.055593889063914, 29.616062860226531 ], [ 91.055505432761976, 29.616316364429707 ], [ 91.05547556472402, 29.61658 ], [ 91.055505432761976, 29.616843635570291 ], [ 91.055593889063914, 29.617097139773467 ], [ 91.055737534303731, 29.617330770585159 ], [ 91.055930848275437, 29.617535549704304 ], [ 91.056166402031508, 29.617703607584193 ], [ 91.056435143373193, 29.617828485854744 ], [ 91.056726744721459, 29.617905385514057 ], [ 91.05703, 29.617931351351352 ] ] ] } },
{ "type": "Feature", "properties": { "latitude": 8.00052, "longitude": 80.37166, "brightness": 346.44, "scan": 0.44, "track": 0.46, "acq_date": "2026-08-31T00:00:00", "acq_time": 828, "satellite": "N20", "instrument": "VIIRS", "confidence": "n", "version": "2.0NRT", "brightness_bg": 301.25, "frp": 4.87, "daynight": "D", "source_left": "VIIRS_NOAA20_NRT", "cross_source_count": 1, "state": "Tamil Nadu", "zone_type": "none", "source_right": "curated_research", "osm_id": "", "nearest_zone_dist_m": 248125.02404698328, "is_industrial": false, "facility_type": "none", "zone_name": "Gulf of Mannar NP (Tamil Nadu)", "temperature": 26.2, "humidity": 84, "wind_speed": 20.5, "wind_direction": 208, "aqi": 15, "persistence": 0.0, "ai_classification": "Wildfire", "ai_confidence": 100.0, "spread_speed_kmh": 2.39, "risk_level": "Moderate (Spreading)", "mitigation_strategy": "Establish Firebreak" }, "geometry": { "type": "Polygon", "coordinates": [ [ [ 80.379349880244305, 8.014841672454105 ], [ 80.37952737522869, 8.014584045426346 ], [ 80.379562033287058, 8.014078271694636 ], [ 80.379452801351846, 8.013339718937877 ], [ 80.379202998380109, 8.012390827707859 ], [ 80.37882021450875, 8.011260429584445 ], [ 80.378316080432, 8.009982871142602 ], [ 80.377705914008686, 8.008596970349114 ], [ 80.377008254836809, 8.00714483709829 ], [ 80.376244300937287, 8.00567059372414 ], [ 80.375437264662764, 8.004219034365587 ], [ 80.374611667402064, 8.002834263919214 ], [ 80.373792594510178, 8.001558357934305 ], [ 80.373004933102479, 8.000430084168576 ], [ 80.372272615872234, 7.999483724649463 ], [ 80.371617893907924, 7.998748034032071 ], [ 80.371060660605139, 7.998245365903536 ], [ 80.370617847215797, 7.997990993580578 ], [ 80.37030290840066, 7.997992646037511 ], [ 80.370125413416275, 7.99825027306527 ], [ 80.370090755357907, 7.998756046796982 ], [ 80.37019998729312, 7.999494599553739 ], [ 80.370449790264857, 8.000443490783757 ], [ 80.370832574136216, 8.001573888907172 ], [ 80.371336708212965, 8.002851447349014 ], [ 80.371946874636279, 8.004237348142503 ], [ 80.372644533808156, 8.005689481393327 ], [ 80.373408487707678, 8.007163724767477 ], [ 80.374215523982201, 8.00861528412603 ], [ 80.375041121242901, 8.010000054572403 ], [ 80.375860194134788, 8.011275960557311 ], [ 80.376647855542487, 8.012404234323041 ], [ 80.377380172772732, 8.013350593842155 ], [ 80.378034894737041, 8.014086284459545 ], [ 80.378592128039827, 8.014588952588081 ], [ 80.379034941429168, 8.014843324911039 ], [ 80.379349880244305, 8.014841672454105 ] ] ] } },
{ "type": "Feature", "properties": { "latitude": 8.00086, "longitude": 80.2176, "brightness": 350.56, "scan": 0.43, "track": 0.46, "acq_date": "2026-08-31T00:00:00", "acq_time": 828, "satellite": "N20", "instrument": "VIIRS", "confidence": "n", "version": "2.0NRT", "brightness_bg": 303.05, "frp": 18.92, "daynight": "D", "source_left": "VIIRS_NOAA20_NRT", "cross_source_count": 1, "state": "Tamil Nadu", "zone_type": "none", "source_right": "curated_research", "osm_id": "", "nearest_zone_dist_m": 232788.68693987778, "is_industrial": false, "facility_type": "none", "zone_name": "Tuticorin Port Industrial (TN)", "temperature": 26.7, "humidity": 83, "wind_speed": 17.7, "wind_direction": 204, "aqi": 15, "persistence": 0.0, "ai_classification": "Wildfire", "ai_confidence": 100.0, "spread_speed_kmh": 3.09, "risk_level": "Critical (Spreading)", "mitigation_strategy": "Establish Firebreak" }, "geometry": { "type": "Polygon", "coordinates": [ [ [ 80.224000293143149, 8.015095243907393 ], [ 80.224213766306704, 8.014848693511915 ], [ 80.22430635859601, 8.014355204612064 ], [ 80.224275256641235, 8.013629771618344 ], [ 80.224121405459513, 8.012694436445182 ], [ 80.223849479741162, 8.011577618778514 ], [ 80.223467741811518, 8.010313252558001 ], [ 80.222987790584426, 8.008939754911458 ], [ 80.222424209135042, 8.007498858869846 ], [ 80.22179412160051, 8.006034345330267 ], [ 80.221116672871744, 8.004590712795537 ], [ 80.220412446885561, 8.003211825309712 ], [ 80.219702841192174, 8.0019395796713 ], [ 80.219009416801526, 8.000812632420233 ], [ 80.218353243062822, 7.999865225278474 ], [ 80.21775425748308, 7.999126144732615 ], [ 80.217230659936035, 7.998617847371047 ], [ 80.216798359668203, 7.998355777551891 ], [ 80.21647049190446, 7.998347898133989 ], [ 80.216257018740905, 7.998594448529467 ], [ 80.216164426451599, 7.999087937429318 ], [ 80.216195528406374, 7.999813370423039 ], [ 80.216349379588095, 8.0007487055962 ], [ 80.216621305306447, 8.001865523262868 ], [ 80.21700304323609, 8.003129889483381 ], [ 80.217482994463182, 8.004503387129924 ], [ 80.218046575912567, 8.005944283171536 ], [ 80.218676663447098, 8.007408796711115 ], [ 80.219354112175864, 8.008852429245845 ], [ 80.220058338162048, 8.010231316731669 ], [ 80.220767943855435, 8.011503562370082 ], [ 80.221461368246082, 8.012630509621149 ], [ 80.222117541984787, 8.013577916762907 ], [ 80.222716527564529, 8.014316997308768 ], [ 80.223240125111573, 8.014825294670336 ], [ 80.223672425379405, 8.01508736448949 ], [ 80.224000293143149, 8.015095243907393 ] ] ] } },
{ "type": "Feature", "properties": { "latitude": 8.00447, "longitude": 80.52874, "brightness": 339.29, "scan": 0.46, "track": 0.47, "acq_date": "2026-08-31T00:00:00", "acq_time": 828, "satellite": "N20", "instrument": "VIIRS", "confidence": "n", "version": "2.0NRT", "brightness_bg": 299.19, "frp": 6.31, "daynight": "D", "source_left": "VIIRS_NOAA20_NRT", "cross_source_count": 1, "state": "Tamil Nadu", "zone_type": "none", "source_right": "curated_research", "osm_id": "", "nearest_zone_dist_m": 259371.97510903928, "is_industrial": false, "facility_type": "none", "zone_name": "Cauvery Delta Rice (TN)", "temperature": 26.2, "humidity": 83, "wind_speed": 23.0, "wind_direction": 216, "aqi": 15, "persistence": 0.0, "ai_classification": "Routine Industrial Heat", "ai_confidence": 100.0, "spread_speed_kmh": 0.0, "risk_level": "Low (Routine Operation)", "mitigation_strategy": "Log & Monitor — No Action Required" }, "geometry": { "type": "Polygon", "coordinates": [ [ [ 80.52874, 8.005821351351351 ], [ 80.529006229387846, 8.005795385514057 ], [ 80.529262227729632, 8.005718485854745 ], [ 80.529498157152631, 8.005593607584192 ], [ 80.529704951021429, 8.005425549704306 ], [ 80.529874662363625, 8.005220770585161 ], [ 80.530000769267517, 8.004987139773466 ], [ 80.530078425515498, 8.004733635570291 ], [ 80.530104646821528, 8.00447 ], [ 80.530078425515498, 8.004206364429708 ], [ 80.530000769267517, 8.003952860226534 ], [ 80.529874662363625, 8.003719229414838 ], [ 80.529704951021429, 8.003514450295693 ], [ 80.529498157152631, 8.003346392415807 ], [ 80.529262227729632, 8.003221514145254 ], [ 80.529006229387846, 8.003144614485942 ], [ 80.52874, 8.003118648648648 ], [ 80.528473770612152, 8.003144614485942 ], [ 80.528217772270366, 8.003221514145254 ], [ 80.527981842847367, 8.003346392415807 ], [ 80.527775048978569, 8.003514450295693 ], [ 80.527605337636373, 8.003719229414838 ], [ 80.527479230732482, 8.003952860226534 ], [ 80.5274015744845, 8.004206364429708 ], [ 80.527375353178471, 8.00447 ], [ 80.5274015744845, 8.004733635570291 ], [ 80.527479230732482, 8.004987139773466 ], [ 80.527605337636373, 8.005220770585161 ], [ 80.527775048978569, 8.005425549704306 ], [ 80.527981842847367, 8.005593607584192 ], [ 80.528217772270366, 8.005718485854745 ], [ 80.528473770612152, 8.005795385514057 ], [ 80.52874, 8.005821351351351 ] ] ] } },
{ "type": "Feature", "properties": { "latitude": 8.00677, "longitude": 80.52929, "brightness": 339.52, "scan": 0.45, "track": 0.47, "acq_date": "2026-08-31T00:00:00", "acq_time": 828, "satellite": "N20", "instrument": "VIIRS", "confidence": "n", "version": "2.0NRT", "brightness_bg": 297.5, "frp": 3.71, "daynight": "D", "source_left": "VIIRS_NOAA20_NRT", "cross_source_count": 1, "state": "Tamil Nadu", "zone_type": "none", "source_right": "curated_research", "osm_id": "", "nearest_zone_dist_m": 259152.20075624756, "is_industrial": false, "facility_type": "none", "zone_name": "Cauvery Delta Rice (TN)", "temperature": 26.2, "humidity": 83, "wind_speed": 23.0, "wind_direction": 216, "aqi": 15, "persistence": 0.0, "ai_classification": "Natural Anomaly", "ai_confidence": 100.0, "spread_speed_kmh": 1.41, "risk_level": "Moderate (Spreading)", "mitigation_strategy": "Monitor" }, "geometry": { "type": "Polygon", "coordinates": [ [ [ 80.539980526009074, 8.021340680317905 ], [ 80.540135490033521, 8.02103024444853 ], [ 80.540094670146289, 8.020468815869876 ], [ 80.53985930663903, 8.019673453305208 ], [ 80.539436550912782, 8.018668323443579 ], [ 80.538839248186378, 8.01748396664722 ], [ 80.538085547200907, 8.016156368998068 ], [ 80.537198348779427, 8.014725868878902 ], [ 80.536204609997014, 8.01323593131197 ], [ 80.535134525103743, 8.011731827296302 ], [ 80.534020608087573, 8.010259258271297 ], [ 80.532896704753398, 8.008862967501628 ], [ 80.5317969643353, 8.007585380575771 ], [ 80.530754801889373, 8.006465316325979 ], [ 80.529801882994192, 8.005536807337702 ], [ 80.528967161608179, 8.004828065886702 ], [ 80.528276000318257, 8.004360626723326 ], [ 80.527749399710487, 8.004148692750016 ], [ 80.527403360277859, 8.00419870347331 ], [ 80.527248396253412, 8.004509139342685 ], [ 80.527289216140645, 8.00507056792134 ], [ 80.527524579647903, 8.005865930486008 ], [ 80.527947335374151, 8.006871060347637 ], [ 80.528544638100556, 8.008055417143996 ], [ 80.529298339086026, 8.009383014793148 ], [ 80.530185537507506, 8.010813514912314 ], [ 80.531179276289919, 8.012303452479246 ], [ 80.53224936118319, 8.013807556494914 ], [ 80.53336327819936, 8.015280125519919 ], [ 80.534487181533535, 8.016676416289588 ], [ 80.535586921951634, 8.017954003215445 ], [ 80.536629084397561, 8.019074067465237 ], [ 80.537582003292741, 8.020002576453514 ], [ 80.538416724678754, 8.020711317904514 ], [ 80.539107885968676, 8.02117875706789 ], [ 80.539634486576446, 8.0213906910412 ], [ 80.539980526009074, 8.021340680317905 ] ] ] } },
{ "type": "Feature", "properties": { "latitude": 8.00891, "longitude": 79.94204, "brightness": 331.5, "scan": 0.42, "track": 0.45, "acq_date": "2026-08-31T00:00:00", "acq_time": 828, "satellite": "N20", "instrument": "VIIRS", "confidence": "n", "version": "2.0NRT", "brightness_bg": 300.57, "frp": 3.64, "daynight": "D", "source_left": "VIIRS_NOAA20_NRT", "cross_source_count": 1, "state": "Tamil Nadu", "zone_type": "none", "source_right": "curated_research", "osm_id": "", "nearest_zone_dist_m": 204183.22904256068, "is_industrial": false, "facility_type": "none", "zone_name": "Tuticorin Port Industrial (TN)", "temperature": 27.2, "humidity": 82, "wind_speed": 17.4, "wind_direction": 206, "aqi": 17, "persistence": 0.0, "ai_classification": "Wildfire", "ai_confidence": 100.0, "spread_speed_kmh": 1.99, "risk_level": "Moderate (Spreading)", "mitigation_strategy": "Establish Firebreak" }, "geometry": { "type": "Polygon", "coordinates": [ [ [ 79.948111328076649, 8.021236563580054 ], [ 79.948294739202936, 8.021011619182147 ], [ 79.948364062664098, 8.020573194078393 ], [ 79.948317192101868, 8.019934609593713 ], [ 79.948155551654565, 8.019115268794538 ], [ 79.947884052685367, 8.018140066936441 ], [ 79.947510944553073, 8.017038635034405 ], [ 79.947047563959487, 8.015844439539423 ], [ 79.946507990489465, 8.014593765477318 ], [ 79.945908618809852, 8.013324613946594 ], [ 79.945267660525829, 8.012075547474293 ], [ 79.944604590830536, 8.010884518313114 ], [ 79.943939556761109, 8.009787715281432 ], [ 79.943292765041249, 8.008818464184357 ], [ 79.942683868110052, 8.008006215226004 ], [ 79.942131366992655, 8.007375648179961 ], [ 79.941652049155948, 8.006945922506835 ], [ 79.941260478429854, 8.006730095203753 ], [ 79.94096855249272, 8.006734724074107 ], [ 79.940785141366433, 8.006959668472014 ], [ 79.940715817905271, 8.007398093575768 ], [ 79.940762688467501, 8.008036678060447 ], [ 79.940924328914804, 8.008856018859623 ], [ 79.941195827884002, 8.00983122071772 ], [ 79.941568936016296, 8.010932652619756 ], [ 79.942032316609883, 8.012126848114738 ], [ 79.942571890079904, 8.013377522176842 ], [ 79.943171261759517, 8.014646673707567 ], [ 79.94381222004354, 8.015895740179868 ], [ 79.944475289738833, 8.017086769341047 ], [ 79.945140323808261, 8.018183572372729 ], [ 79.94578711552812, 8.019152823469804 ], [ 79.946396012459317, 8.019965072428157 ], [ 79.946948513576714, 8.0205956394742 ], [ 79.947427831413421, 8.021025365147326 ], [ 79.947819402139515, 8.021241192450407 ], [ 79.948111328076649, 8.021236563580054 ] ] ] } },
{ "type": "Feature", "properties": { "latitude": 8.00937, "longitude": 80.60907, "brightness": 350.18, "scan": 0.46, "track": 0.47, "acq_date": "2026-08-31T00:00:00", "acq_time": 828, "satellite": "N20", "instrument": "VIIRS", "confidence": "n", "version": "2.0NRT", "brightness_bg": 302.56, "frp": 9.07, "daynight": "D", "source_left": "VIIRS_NOAA20_NRT", "cross_source_count": 1, "state": "Tamil Nadu", "zone_type": "none", "source_right": "curated_research", "osm_id": "", "nearest_zone_dist_m": 261925.23400111296, "is_industrial": false, "facility_type": "none", "zone_name": "Cauvery Delta Rice (TN)", "temperature": 26.1, "humidity": 81, "wind_speed": 24.3, "wind_direction": 220, "aqi": 16, "persistence": 0.0, "ai_classification": "Routine Industrial Heat", "ai_confidence": 100.0, "spread_speed_kmh": 0.0, "risk_level": "Low (Routine Operation)", "mitigation_strategy": "Log & Monitor — No Action Required" }, "geometry": { "type": "Polygon", "coordinates": [ [ [ 80.60907, 8.010721351351352 ], [ 80.60933623259055, 8.010695385514058 ], [ 80.609592234011942, 8.010618485854746 ], [ 80.609828166273118, 8.010493607584193 ], [ 80.610034962629612, 8.010325549704307 ], [ 80.61020467601341, 8.010120770585162 ], [ 80.610330784434339, 8.009887139773467 ], [ 80.610408441616528, 8.009633635570292 ], [ 80.610434663237982, 8.00937 ], [ 80.610408441616528, 8.009106364429709 ], [ 80.610330784434339, 8.008852860226535 ], [ 80.61020467601341, 8.008619229414839 ], [ 80.610034962629612, 8.008414450295694 ], [ 80.609828166273118, 8.008246392415808 ], [ 80.609592234011942, 8.008121514145255 ], [ 80.60933623259055, 8.008044614485943 ], [ 80.60907, 8.008018648648649 ], [ 80.608803767409455, 8.008044614485943 ], [ 80.608547765988064, 8.008121514145255 ], [ 80.608311833726887, 8.008246392415808 ], [ 80.608105037370393, 8.008414450295694 ], [ 80.607935323986595, 8.008619229414839 ], [ 80.607809215565666, 8.008852860226535 ], [ 80.607731558383477, 8.009106364429709 ], [ 80.607705336762024, 8.00937 ], [ 80.607731558383477, 8.009633635570292 ], [ 80.607809215565666, 8.009887139773467 ], [ 80.607935323986595, 8.010120770585162 ], [ 80.608105037370393, 8.010325549704307 ], [ 80.608311833726887, 8.010493607584193 ], [ 80.608547765988064, 8.010618485854746 ], [ 80.608803767409455, 8.010695385514058 ], [ 80.60907, 8.010721351351352 ] ] ] } },
{ "type": "Feature", "properties": { "latitude": 8.14395, "longitude": 80.59945, "brightness": 336.44, "scan": 0.46, "track": 0.47, "acq_date": "2026-08-31T00:00:00", "acq_time": 828, "satellite": "N20", "instrument": "VIIRS", "confidence": "n", "version": "2.0NRT", "brightness_bg": 302.46, "frp": 3.06, "daynight": "D", "source_left": "VIIRS_NOAA20_NRT", "cross_source_count": 1, "state": "Tamil Nadu", "zone_type": "none", "source_right": "curated_research", "osm_id": "", "nearest_zone_dist_m": 247706.02391747056, "is_industrial": false, "facility_type": "none", "zone_name": "Cauvery Delta Rice (TN)", "temperature": 26.0, "humidity": 84, "wind_speed": 23.4, "wind_direction": 217, "aqi": 15, "persistence": 0.0, "ai_classification": "Routine Industrial Heat", "ai_confidence": 100.0, "spread_speed_kmh": 0.0, "risk_level": "Low (Routine Operation)", "mitigation_strategy": "Log & Monitor — No Action Required" }, "geometry": { "type": "Polygon", "coordinates": [ [ [ 80.59945, 8.145301351351351 ], [ 80.599716321345156, 8.145275385514058 ], [ 80.599972408110361, 8.145198485854745 ], [ 80.600208419024852, 8.145073607584193 ], [ 80.600415284321542, 8.144905549704307 ], [ 80.600585054283101, 8.144700770585162 ], [ 80.60071120474511, 8.144467139773466 ], [ 80.600788887816051, 8.144213635570292 ], [ 80.600815118179071, 8.14395 ], [ 80.600788887816051, 8.143686364429708 ], [ 80.60071120474511, 8.143432860226534 ], [ 80.600585054283101, 8.143199229414838 ], [ 80.600415284321542, 8.142994450295694 ], [ 80.600208419024852, 8.142826392415808 ], [ 80.599972408110361, 8.142701514145255 ], [ 80.599716321345156, 8.142624614485943 ], [ 80.59945, 8.142598648648649 ], [ 80.599183678654853, 8.142624614485943 ], [ 80.598927591889648, 8.142701514145255 ], [ 80.598691580975157, 8.142826392415808 ], [ 80.598484715678467, 8.142994450295694 ], [ 80.598314945716908, 8.143199229414838 ], [ 80.598188795254899, 8.143432860226534 ], [ 80.598111112183958, 8.143686364429708 ], [ 80.598084881820938, 8.14395 ], [ 80.598111112183958, 8.144213635570292 ], [ 80.598188795254899, 8.144467139773466 ], [ 80.598314945716908, 8.144700770585162 ], [ 80.598484715678467, 8.144905549704307 ], [ 80.598691580975157, 8.145073607584193 ], [ 80.598927591889648, 8.145198485854745 ], [ 80.599183678654853, 8.145275385514058 ], [ 80.59945, 8.145301351351351 ] ] ] } },
{ "type": "Feature", "properties": { "latitude": 8.02744, "longitude": 80.40894, "brightness": 341.49, "scan": 0.45, "track": 0.47, "acq_date": "2026-08-31T00:00:00", "acq_time": 828, "satellite": "N20", "instrument": "VIIRS", "confidence": "n", "version": "2.0NRT", "brightness_bg": 299.2, "frp": 7.85, "daynight": "D", "source_left": "VIIRS_NOAA20_NRT", "cross_source_count": 1, "state": "Tamil Nadu", "zone_type": "none", "source_right": "curated_research", "osm_id": "", "nearest_zone_dist_m": 250513.13889093761, "is_industrial": false, "facility_type": "none", "zone_name": "Gulf of Mannar NP (Tamil Nadu)", "temperature": 26.5, "humidity": 83, "wind_speed": 21.1, "wind_direction": 211, "aqi": 15, "persistence": 0.0, "ai_classification": "Routine Industrial Heat", "ai_confidence": 100.0, "spread_speed_kmh": 0.0, "risk_level": "Low (Routine Operation)", "mitigation_strategy": "Log & Monitor — No Action Required" }, "geometry": { "type": "Polygon", "coordinates": [ [ [ 80.40894, 8.028791351351352 ], [ 80.409206244418783, 8.028765385514058 ], [ 80.40946225721386, 8.028688485854746 ], [ 80.409698199957091, 8.028563607584193 ], [ 80.409905005501173, 8.028395549704307 ], [ 80.410074726425037, 8.028190770585162 ], [ 80.410200840448738, 8.027957139773466 ], [ 80.410278501081081, 8.027703635570292 ], [ 80.410304723867526, 8.02744 ], [ 80.410278501081081, 8.027176364429708 ], [ 80.410200840448738, 8.026922860226534 ], [ 80.410074726425037, 8.026689229414838 ], [ 80.409905005501173, 8.026484450295694 ], [ 80.409698199957091, 8.026316392415808 ], [ 80.40946225721386, 8.026191514145255 ], [ 80.409206244418783, 8.026114614485943 ], [ 80.40894, 8.026088648648649 ], [ 80.408673755581219, 8.026114614485943 ], [ 80.408417742786142, 8.026191514145255 ], [ 80.408181800042911, 8.026316392415808 ], [ 80.407974994498829, 8.026484450295694 ], [ 80.407805273574965, 8.026689229414838 ], [ 80.407679159551265, 8.026922860226534 ], [ 80.407601498918922, 8.027176364429708 ], [ 80.407575276132476, 8.02744 ], [ 80.407601498918922, 8.027703635570292 ], [ 80.407679159551265, 8.027957139773466 ], [ 80.407805273574965, 8.028190770585162 ], [ 80.407974994498829, 8.028395549704307 ], [ 80.408181800042911, 8.028563607584193 ], [ 80.408417742786142, 8.028688485854746 ], [ 80.408673755581219, 8.028765385514058 ], [ 80.40894, 8.028791351351352 ] ] ] } },
{ "type": "Feature", "properties": { "latitude": 8.0432, "longitude": 80.3658, "brightness": 332.85, "scan": 0.44, "track": 0.46, "acq_date": "2026-08-31T00:00:00", "acq_time": 828, "satellite": "N20", "instrument": "VIIRS", "confidence": "n", "version": "2.0NRT", "brightness_bg": 301.34, "frp": 3.31, "daynight": "D", "source_left": "VIIRS_NOAA20_NRT", "cross_source_count": 1, "state": "Tamil Nadu", "zone_type": "none", "source_right": "curated_research", "osm_id": "", "nearest_zone_dist_m": 245474.74642261735, "is_industrial": false, "facility_type": "none", "zone_name": "Gulf of Mannar NP (Tamil Nadu)", "temperature": 26.5, "humidity": 83, "wind_speed": 21.1, "wind_direction": 211, "aqi": 15, "persistence": 0.0, "ai_classification": "Routine Industrial Heat", "ai_confidence": 100.0, "spread_speed_kmh": 0.0, "risk_level": "Low (Routine Operation)", "mitigation_strategy": "Log & Monitor — No Action Required" }, "geometry": { "type": "Polygon", "coordinates": [ [ [ 80.3658, 8.044551351351352 ], [ 80.366066254757413, 8.044525385514058 ], [ 80.366322277493822, 8.044448485854746 ], [ 80.366558229399047, 8.044323607584193 ], [ 80.366765042973668, 8.044155549704307 ], [ 80.366934770488029, 8.043950770585163 ], [ 80.367060889408918, 8.043717139773467 ], [ 80.367138553056932, 8.043463635570292 ], [ 80.367164776861642, 8.0432 ], [ 80.367138553056932, 8.042936364429709 ], [ 80.367060889408918, 8.042682860226535 ], [ 80.366934770488029, 8.042449229414839 ], [ 80.366765042973668, 8.042244450295694 ], [ 80.366558229399047, 8.042076392415808 ], [ 80.366322277493822, 8.041951514145255 ], [ 80.366066254757413, 8.041874614485943 ], [ 80.3658, 8.041848648648649 ], [ 80.365533745242573, 8.041874614485943 ], [ 80.365277722506164, 8.041951514145255 ], [ 80.365041770600939, 8.042076392415808 ], [ 80.364834957026318, 8.042244450295694 ], [ 80.364665229511957, 8.042449229414839 ], [ 80.364539110591068, 8.042682860226535 ], [ 80.364461446943054, 8.042936364429709 ], [ 80.364435223138344, 8.0432 ], [ 80.364461446943054, 8.043463635570292 ], [ 80.364539110591068, 8.043717139773467 ], [ 80.364665229511957, 8.043950770585163 ], [ 80.364834957026318, 8.044155549704307 ], [ 80.365041770600939, 8.044323607584193 ], [ 80.365277722506164, 8.044448485854746 ], [ 80.365533745242573, 8.044525385514058 ], [ 80.3658, 8.044551351351352 ] ] ] } },
{ "type": "Feature", "properties": { "latitude": 8.04964, "longitude": 80.00629, "brightness": 349.23, "scan": 0.42, "track": 0.45, "acq_date": "2026-08-31T00:00:00", "acq_time": 828, "satellite": "N20", "instrument": "VIIRS", "confidence": "n", "version": "2.0NRT", "brightness_bg": 300.61, "frp": 6.46, "daynight": "D", "source_left": "VIIRS_NOAA20_NRT", "cross_source_count": 1, "state": "Tamil Nadu", "zone_type": "none", "source_right": "curated_research", "osm_id": "", "nearest_zone_dist_m": 209085.37704822022, "is_industrial": false, "facility_type": "none", "zone_name": "Tuticorin Port Industrial (TN)", "temperature": 27.1, "humidity": 82, "wind_speed": 18.5, "wind_direction": 205, "aqi": 17, "persistence": 0.0, "ai_classification": "Natural Anomaly", "ai_confidence": 100.0, "spread_speed_kmh": 1.38, "risk_level": "Moderate (Spreading)", "mitigation_strategy": "Monitor" }, "geometry": { "type": "Polygon", "coordinates": [ [ [ 80.012632320638289, 8.063107031530954 ], [ 80.01282263001734, 8.062872645519841 ], [ 80.012893798536496, 8.062404681833531 ], [ 80.012843663776323, 8.061717359311826 ], [ 80.012673749056134, 8.060831561901752 ], [ 80.012389217148723, 8.059774204109376 ], [ 80.011998713412112, 8.05857741321617 ], [ 80.011514103104744, 8.057277553107818 ], [ 80.010950110865565, 8.055914119375954 ], [ 80.010323873313396, 8.05452853926459 ], [ 80.009654418359332, 8.053162912924268 ], [ 80.008962087053419, 8.051858734220303 ], [ 80.008267915532059, 8.050655629962668 ], [ 80.007592995845627, 8.049590155865429 ], [ 80.006957835087292, 8.048694685819877 ], [ 80.006381732295281, 8.047996428230213 ], [ 80.005882192061421, 8.047516599299968 ], [ 80.005474392662919, 8.04726977838838 ], [ 80.005170724878155, 8.047263465023949 ], [ 80.004980415499105, 8.047497851035063 ], [ 80.004909246979949, 8.047965814721373 ], [ 80.004959381740122, 8.048653137243077 ], [ 80.005129296460311, 8.049538934653151 ], [ 80.005413828367722, 8.050596292445528 ], [ 80.005804332104333, 8.051793083338733 ], [ 80.0062889424117, 8.053092943447085 ], [ 80.00685293465088, 8.054456377178949 ], [ 80.007479172203048, 8.055841957290314 ], [ 80.008148627157112, 8.057207583630635 ], [ 80.008840958463026, 8.0585117623346 ], [ 80.009535129984386, 8.059714866592236 ], [ 80.010210049670818, 8.060780340689474 ], [ 80.010845210429153, 8.061675810735027 ], [ 80.011421313221163, 8.06237406832469 ], [ 80.011920853455024, 8.062853897254936 ], [ 80.012328652853526, 8.063100718166524 ], [ 80.012632320638289, 8.063107031530954 ] ] ] } },
{ "type": "Feature", "properties": { "latitude": 8.0623, "longitude": 80.6608, "brightness": 333.65, "scan": 0.47, "track": 0.47, "acq_date": "2026-08-31T00:00:00", "acq_time": 828, "satellite": "N20", "instrument": "VIIRS", "confidence": "n", "version": "2.0NRT", "brightness_bg": 303.31, "frp": 3.46, "daynight": "D", "source_left": "VIIRS_NOAA20_NRT", "cross_source_count": 1, "state": "Tamil Nadu", "zone_type": "none", "source_right": "curated_research", "osm_id": "", "nearest_zone_dist_m": 258631.71894604652, "is_industrial": false, "facility_type": "none", "zone_name": "Cauvery Delta Rice (TN)", "temperature": 25.9, "humidity": 82, "wind_speed": 25.3, "wind_direction": 226, "aqi": 16, "persistence": 0.0, "ai_classification": "Wildfire", "ai_confidence": 100.0, "spread_speed_kmh": 2.77, "risk_level": "Critical (Spreading)", "mitigation_strategy": "Establish Firebreak" }, "geometry": { "type": "Polygon", "coordinates": [ [ [ 80.675145130007309, 8.07601589810286 ], [ 80.675252770594852, 8.075651523928814 ], [ 80.675100745269887, 8.075053073654207 ], [ 80.674693673244988, 8.074238730887803 ], [ 80.674043923197644, 8.073233239022484 ], [ 80.673171237454255, 8.07206714941977 ], [ 80.672102132129538, 8.070775893122173 ], [ 80.670869091447784, 8.069398704298887 ], [ 80.669509580726157, 8.067977428135416 ], [ 80.66806490801001, 8.066555249388788 ], [ 80.666578968948755, 8.065175380240561 ], [ 80.665096913048856, 8.063879747316557 ], [ 80.66366377182888, 8.06270771776755 ], [ 80.662323090559582, 8.06169490311831 ], [ 80.661115605162934, 8.060872077229446 ], [ 80.660078004471671, 8.060264241249222 ], [ 80.659241815457762, 8.059889863966315 ], [ 80.658632445301251, 8.059760320645024 ], [ 80.658268409405991, 8.059879547393614 ], [ 80.658160768818448, 8.060243921567659 ], [ 80.658312794143413, 8.060842371842266 ], [ 80.658719866168312, 8.06165671460867 ], [ 80.659369616215656, 8.062662206473989 ], [ 80.660242301959045, 8.063828296076704 ], [ 80.661311407283762, 8.0651195523743 ], [ 80.662544447965516, 8.066496741197586 ], [ 80.663903958687143, 8.067918017361057 ], [ 80.66534863140329, 8.069340196107685 ], [ 80.666834570464545, 8.070720065255912 ], [ 80.668316626364444, 8.072015698179916 ], [ 80.66974976758442, 8.073187727728923 ], [ 80.671090448853718, 8.074200542378163 ], [ 80.672297934250366, 8.075023368267027 ], [ 80.673335534941629, 8.075631204247252 ], [ 80.674171723955538, 8.076005581530158 ], [ 80.674781094112049, 8.076135124851449 ], [ 80.675145130007309, 8.07601589810286 ] ] ] } },
{ "type": "Feature", "properties": { "latitude": 8.07497, "longitude": 80.56109, "brightness": 344.08, "scan": 0.46, "track": 0.47, "acq_date": "2026-08-31T00:00:00", "acq_time": 828, "satellite": "N20", "instrument": "VIIRS", "confidence": "n", "version": "2.0NRT", "brightness_bg": 299.79, "frp": 6.7, "daynight": "D", "source_left": "VIIRS_NOAA20_NRT", "cross_source_count": 1, "state": "Tamil Nadu", "zone_type": "none", "source_right": "curated_research", "osm_id": "", "nearest_zone_dist_m": 253263.89084149661, "is_industrial": false, "facility_type": "none", "zone_name": "Cauvery Delta Rice (TN)", "temperature": 26.2, "humidity": 84, "wind_speed": 22.5, "wind_direction": 216, "aqi": 15, "persistence": 0.0, "ai_classification": "Wildfire", "ai_confidence": 100.0, "spread_speed_kmh": 2.72, "risk_level": "Critical (Spreading)", "mitigation_strategy": "Establish Firebreak" }, "geometry": { "type": "Polygon", "coordinates": [ [ [ 80.571745318446347, 8.089490251591926 ], [ 80.571899772126017, 8.089180890132601 ], [ 80.571859086671381, 8.088621404642899 ], [ 80.571624498289424, 8.087828794806308 ], [ 80.571203134829418, 8.086827143671636 ], [ 80.570607799206869, 8.085646885901747 ], [ 80.569856580393406, 8.084323883031743 ], [ 80.568972303792549, 8.082898333834356 ], [ 80.567981837701367, 8.081413552900583 ], [ 80.566915276930814, 8.079914654547766 ], [ 80.565805028390201, 8.078447182043874 ], [ 80.564684826419636, 8.077055723798361 ], [ 80.563588707789137, 8.075782558565905 ], [ 80.562549977508638, 8.074666370827842 ], [ 80.561600196872064, 8.073741075383772 ], [ 80.560768224483482, 8.073034786867545 ], [ 80.56007933940289, 8.072568965498327 ], [ 80.559554473054874, 8.072357765022701 ], [ 80.559209573237837, 8.072407602660249 ], [ 80.559055119558167, 8.072716964119573 ], [ 80.559095805012802, 8.073276449609276 ], [ 80.55933039339476, 8.074069059445867 ], [ 80.559751756854766, 8.075070710580539 ], [ 80.560347092477315, 8.076250968350427 ], [ 80.561098311290777, 8.077573971220431 ], [ 80.561982587891634, 8.078999520417819 ], [ 80.562973053982816, 8.080484301351591 ], [ 80.564039614753369, 8.081983199704409 ], [ 80.565149863293982, 8.083450672208301 ], [ 80.566270065264547, 8.084842130453813 ], [ 80.567366183895047, 8.08611529568627 ], [ 80.568404914175545, 8.087231483424333 ], [ 80.56935469481212, 8.088156778868402 ], [ 80.570186667200701, 8.088863067384629 ], [ 80.570875552281294, 8.089328888753847 ], [ 80.57140041862931, 8.089540089229473 ], [ 80.571745318446347, 8.089490251591926 ] ] ] } },
{ "type": "Feature", "properties": { "latitude": 8.3692, "longitude": 80.2898, "brightness": 336.36, "scan": 0.44, "track": 0.46, "acq_date": "2026-08-31T00:00:00", "acq_time": 828, "satellite": "N20", "instrument": "VIIRS", "confidence": "n", "version": "2.0NRT", "brightness_bg": 302.59, "frp": 2.11, "daynight": "D", "source_left": "VIIRS_NOAA20_NRT", "cross_source_count": 1, "state": "Tamil Nadu", "zone_type": "none", "source_right": "curated_research", "osm_id": "", "nearest_zone_dist_m": 212652.290628488, "is_industrial": false, "facility_type": "none", "zone_name": "Cauvery Delta Rice (TN)", "temperature": 27.0, "humidity": 79, "wind_speed": 23.8, "wind_direction": 209, "aqi": 17, "persistence": 0.0, "ai_classification": "Natural Anomaly", "ai_confidence": 100.0, "spread_speed_kmh": 1.34, "risk_level": "Moderate (Spreading)", "mitigation_strategy": "Monitor" }, "geometry": { "type": "Polygon", "coordinates": [ [ [ 80.298841810555189, 8.385337986430356 ], [ 80.299038707224099, 8.385041477448878 ], [ 80.299068013776008, 8.384465539771309 ], [ 80.298928839746168, 8.383627672972541 ], [ 80.298625413867043, 8.382553335211274 ], [ 80.298166955580427, 8.381275169696744 ], [ 80.297567394909379, 8.379832012841328 ], [ 80.2968449492015, 8.378267714235804 ], [ 80.296021569604036, 8.376629804301725 ], [ 80.295122274089408, 8.37496805010362 ], [ 80.294174387296763, 8.373332943201907 ], [ 80.293206710286654, 8.371774165492393 ], [ 80.29224864543535, 8.370339079647001 ], [ 80.291329303058561, 8.369071290022953 ], [ 80.290476616909189, 8.368009317766447 ], [ 80.2897164954244, 8.367185430367108 ], [ 80.289072034510895, 8.366624661226663 ], [ 80.288562815787387, 8.366344049031678 ], [ 80.288204311607132, 8.366352120041702 ], [ 80.288007414938221, 8.36664862902318 ], [ 80.287978108386312, 8.367224566700749 ], [ 80.288117282416152, 8.368062433499517 ], [ 80.288420708295277, 8.369136771260784 ], [ 80.288879166581893, 8.370414936775314 ], [ 80.289478727252941, 8.371858093630729 ], [ 80.29020117296082, 8.373422392236254 ], [ 80.291024552558284, 8.375060302170333 ], [ 80.291923848072912, 8.376722056368438 ], [ 80.292871734865557, 8.378357163270151 ], [ 80.293839411875666, 8.379915940979664 ], [ 80.29479747672697, 8.381351026825056 ], [ 80.29571681910376, 8.382618816449105 ], [ 80.296569505253132, 8.383680788705611 ], [ 80.29732962673792, 8.38450467610495 ], [ 80.297974087651426, 8.385065445245395 ], [ 80.298483306374933, 8.38534605744038 ], [ 80.298841810555189, 8.385337986430356 ] ] ] } },
{ "type": "Feature", "properties": { "latitude": 8.50704, "longitude": 80.82832, "brightness": 348.79, "scan": 0.48, "track": 0.48, "acq_date": "2026-08-31T00:00:00", "acq_time": 828, "satellite": "N20", "instrument": "VIIRS", "confidence": "n", "version": "2.0NRT", "brightness_bg": 301.89, "frp": 9.54, "daynight": "D", "source_left": "VIIRS_NOAA20_NRT", "cross_source_count": 1, "state": "Tamil Nadu", "zone_type": "none", "source_right": "curated_research", "osm_id": "", "nearest_zone_dist_m": 222623.79256638009, "is_industrial": false, "facility_type": "none", "zone_name": "Cauvery Delta Rice (TN)", "temperature": 26.7, "humidity": 79, "wind_speed": 19.9, "wind_direction": 224, "aqi": 16, "persistence": 0.0, "ai_classification": "Routine Industrial Heat", "ai_confidence": 100.0, "spread_speed_kmh": 0.0, "risk_level": "Low (Routine Operation)", "mitigation_strategy": "Log & Monitor — No Action Required" }, "geometry": { "type": "Polygon", "coordinates": [ [ [ 80.82832, 8.508391351351351 ], [ 80.828586568437714, 8.508365385514058 ], [ 80.828842892799855, 8.508288485854745 ], [ 80.829079122684945, 8.508163607584192 ], [ 80.82928617991098, 8.507995549704306 ], [ 80.829456107384857, 8.507790770585162 ], [ 80.829582374889085, 8.507557139773466 ], [ 80.82966013003427, 8.507303635570292 ], [ 80.82968638473379, 8.50704 ], [ 80.82966013003427, 8.506776364429708 ], [ 80.829582374889085, 8.506522860226534 ], [ 80.829456107384857, 8.506289229414838 ], [ 80.82928617991098, 8.506084450295694 ], [ 80.829079122684945, 8.505916392415807 ], [ 80.828842892799855, 8.505791514145255 ], [ 80.828586568437714, 8.505714614485942 ], [ 80.82832, 8.505688648648649 ], [ 80.828053431562296, 8.505714614485942 ], [ 80.827797107200155, 8.505791514145255 ], [ 80.827560877315065, 8.505916392415807 ], [ 80.82735382008903, 8.506084450295694 ], [ 80.827183892615153, 8.506289229414838 ], [ 80.827057625110925, 8.506522860226534 ], [ 80.82697986996574, 8.506776364429708 ], [ 80.82695361526622, 8.50704 ], [ 80.82697986996574, 8.507303635570292 ], [ 80.827057625110925, 8.507557139773466 ], [ 80.827183892615153, 8.507790770585162 ], [ 80.82735382008903, 8.507995549704306 ], [ 80.827560877315065, 8.508163607584192 ], [ 80.827797107200155, 8.508288485854745 ], [ 80.828053431562296, 8.508365385514058 ], [ 80.82832, 8.508391351351351 ] ] ] } },
{ "type": "Feature", "properties": { "latitude": 8.54867, "longitude": 80.86773, "brightness": 342.36, "scan": 0.49, "track": 0.48, "acq_date": "2026-08-31T00:00:00", "acq_time": 828, "satellite": "N20", "instrument": "VIIRS", "confidence": "n", "version": "2.0NRT", "brightness_bg": 301.5, "frp": 3.74, "daynight": "D", "source_left": "VIIRS_NOAA20_NRT", "cross_source_count": 1, "state": "Tamil Nadu", "zone_type": "none", "source_right": "curated_research", "osm_id": "", "nearest_zone_dist_m": 220862.09424292488, "is_industrial": false, "facility_type": "none", "zone_name": "Cauvery Delta Rice (TN)", "temperature": 26.9, "humidity": 78, "wind_speed": 19.2, "wind_direction": 222, "aqi": 16, "persistence": 0.0, "ai_classification": "Routine Industrial Heat", "ai_confidence": 100.0, "spread_speed_kmh": 0.0, "risk_level": "Low (Routine Operation)", "mitigation_strategy": "Log & Monitor — No Action Required" }, "geometry": { "type": "Polygon", "coordinates": [ [ [ 80.86773, 8.550021351351351 ], [ 80.867996597481749, 8.549995385514057 ], [ 80.868252949771787, 8.549918485854745 ], [ 80.868489205395363, 8.549793607584192 ], [ 80.868696285181372, 8.549625549704306 ], [ 80.868866231169761, 8.549420770585161 ], [ 80.86899251243149, 8.549187139773466 ], [ 80.869070276048504, 8.548933635570291 ], [ 80.869096533608626, 8.54867 ], [ 80.869070276048504, 8.548406364429708 ], [ 80.86899251243149, 8.548152860226534 ], [ 80.868866231169761, 8.547919229414838 ], [ 80.868696285181372, 8.547714450295693 ], [ 80.868489205395363, 8.547546392415807 ], [ 80.868252949771787, 8.547421514145254 ], [ 80.867996597481749, 8.547344614485942 ], [ 80.86773, 8.547318648648648 ], [ 80.86746340251824, 8.547344614485942 ], [ 80.867207050228203, 8.547421514145254 ], [ 80.866970794604626, 8.547546392415807 ], [ 80.866763714818617, 8.547714450295693 ], [ 80.866593768830228, 8.547919229414838 ], [ 80.866467487568499, 8.548152860226534 ], [ 80.866389723951485, 8.548406364429708 ], [ 80.866363466391363, 8.54867 ], [ 80.866389723951485, 8.548933635570291 ], [ 80.866467487568499, 8.549187139773466 ], [ 80.866593768830228, 8.549420770585161 ], [ 80.866763714818617, 8.549625549704306 ], [ 80.866970794604626, 8.549793607584192 ], [ 80.867207050228203, 8.549918485854745 ], [ 80.86746340251824, 8.549995385514057 ], [ 80.86773, 8.550021351351351 ] ] ] } },
{ "type": "Feature", "properties": { "latitude": 8.55046, "longitude": 80.75088, "brightness": 343.0, "scan": 0.48, "track": 0.48, "acq_date": "2026-08-31T00:00:00", "acq_time": 828, "satellite": "N20", "instrument": "VIIRS", "confidence": "n", "version": "2.0NRT", "brightness_bg": 302.16, "frp": 10.09, "daynight": "D", "source_left": "VIIRS_NOAA20_NRT", "cross_source_count": 1, "state": "Tamil Nadu", "zone_type": "none", "source_right": "curated_research", "osm_id": "", "nearest_zone_dist_m": 214235.58010463489, "is_industrial": false, "facility_type": "none", "zone_name": "Cauvery Delta Rice (TN)", "temperature": 26.7, "humidity": 79, "wind_speed": 21.3, "wind_direction": 218, "aqi": 16, "persistence": 0.0, "ai_classification": "Routine Industrial Heat", "ai_confidence": 100.0, "spread_speed_kmh": 0.0, "risk_level": "Low (Routine Operation)", "mitigation_strategy": "Log & Monitor — No Action Required" }, "geometry": { "type": "Polygon", "coordinates": [ [ [ 80.75088, 8.551811351351351 ], [ 80.751146598733882, 8.551785385514057 ], [ 80.75140295222792, 8.551708485854745 ], [ 80.751639208961123, 8.551583607584192 ], [ 80.751846289719722, 8.551415549704306 ], [ 80.752016236506293, 8.551210770585161 ], [ 80.75214251836114, 8.550977139773465 ], [ 80.752220282343387, 8.550723635570291 ], [ 80.752246540026817, 8.55046 ], [ 80.752220282343387, 8.550196364429707 ], [ 80.75214251836114, 8.549942860226533 ], [ 80.752016236506293, 8.549709229414837 ], [ 80.751846289719722, 8.549504450295693 ], [ 80.751639208961123, 8.549336392415807 ], [ 80.75140295222792, 8.549211514145254 ], [ 80.751146598733882, 8.549134614485942 ], [ 80.75088, 8.549108648648648 ], [ 80.750613401266108, 8.549134614485942 ], [ 80.75035704777207, 8.549211514145254 ], [ 80.750120791038867, 8.549336392415807 ], [ 80.749913710280268, 8.549504450295693 ], [ 80.749743763493697, 8.549709229414837 ], [ 80.74961748163885, 8.549942860226533 ], [ 80.749539717656603, 8.550196364429707 ], [ 80.749513459973173, 8.55046 ], [ 80.749539717656603, 8.550723635570291 ], [ 80.74961748163885, 8.550977139773465 ], [ 80.749743763493697, 8.551210770585161 ], [ 80.749913710280268, 8.551415549704306 ], [ 80.750120791038867, 8.551583607584192 ], [ 80.75035704777207, 8.551708485854745 ], [ 80.750613401266108, 8.551785385514057 ], [ 80.75088, 8.551811351351351 ] ] ] } },
{ "type": "Feature", "properties": { "latitude": 8.55486, "longitude": 80.62312, "brightness": 333.35, "scan": 0.47, "track": 0.48, "acq_date": "2026-08-31T00:00:00", "acq_time": 828, "satellite": "N20", "instrument": "VIIRS", "confidence": "n", "version": "2.0NRT", "brightness_bg": 301.02, "frp": 3.18, "daynight": "D", "source_left": "VIIRS_NOAA20_NRT", "cross_source_count": 1, "state": "Tamil Nadu", "zone_type": "none", "source_right": "curated_research", "osm_id": "", "nearest_zone_dist_m": 207344.32560583821, "is_industrial": false, "facility_type": "none", "zone_name": "Cauvery Delta Rice (TN)", "temperature": 26.6, "humidity": 80, "wind_speed": 20.6, "wind_direction": 216, "aqi": 16, "persistence": 0.0, "ai_classification": "Natural Anomaly", "ai_confidence": 100.0, "spread_speed_kmh": 1.25, "risk_level": "Moderate (Spreading)", "mitigation_strategy": "Monitor" }, "geometry": { "type": "Polygon", "coordinates": [ [ [ 80.632699225216015, 8.567897870074338 ], [ 80.632838080394976, 8.56762009151884 ], [ 80.632801503823302, 8.567117724250819 ], [ 80.632590606861626, 8.566406032445503 ], [ 80.632211797507424, 8.565506640498262 ], [ 80.631676585691196, 8.564446875978302 ], [ 80.631001233553178, 8.563258939294291 ], [ 80.630206261326336, 8.561978925301252 ], [ 80.629315823839505, 8.560645726576642 ], [ 80.628356976585138, 8.559299851689079 ], [ 80.627358853651842, 8.557982194365975 ], [ 80.62635178249991, 8.556732790958325 ], [ 80.625366362476655, 8.555589603956445 ], [ 80.624432535070852, 8.554587368518904 ], [ 80.623578674155681, 8.553756537062315 ], [ 80.622830723862975, 8.553122353980068 ], [ 80.62221141028391, 8.552704088604205 ], [ 80.621739550948178, 8.552514449716517 ], [ 80.62142948306294, 8.552559199398646 ], [ 80.62129062788398, 8.552836977954144 ], [ 80.621327204455653, 8.553339345222165 ], [ 80.621538101417329, 8.554051037027481 ], [ 80.621916910771532, 8.554950428974722 ], [ 80.62245212258776, 8.556010193494682 ], [ 80.623127474725777, 8.557198130178692 ], [ 80.623922446952619, 8.558478144171731 ], [ 80.62481288443945, 8.559811342896342 ], [ 80.625771731693817, 8.561157217783904 ], [ 80.626769854627113, 8.562474875107009 ], [ 80.627776925779045, 8.563724278514659 ], [ 80.628762345802301, 8.564867465516539 ], [ 80.629696173208103, 8.56586970095408 ], [ 80.630550034123274, 8.566700532410669 ], [ 80.63129798441598, 8.567334715492915 ], [ 80.631917297995045, 8.567752980868779 ], [ 80.632389157330778, 8.567942619756467 ], [ 80.632699225216015, 8.567897870074338 ] ] ] } },
{ "type": "Feature", "properties": { "latitude": 8.55563, "longitude": 80.62306, "brightness": 343.88, "scan": 0.47, "track": 0.48, "acq_date": "2026-08-31T00:00:00", "acq_time": 828, "satellite": "N20", "instrument": "VIIRS", "confidence": "n", "version": "2.0NRT", "brightness_bg": 302.43, "frp": 5.58, "daynight": "D", "source_left": "VIIRS_NOAA20_NRT", "cross_source_count": 1, "state": "Tamil Nadu", "zone_type": "none", "source_right": "curated_research", "osm_id": "", "nearest_zone_dist_m": 207264.74487850626, "is_industrial": false, "facility_type": "none", "zone_name": "Cauvery Delta Rice (TN)", "temperature": 26.6, "humidity": 80, "wind_speed": 20.6, "wind_direction": 216, "aqi": 16, "persistence": 0.0, "ai_classification": "Natural Anomaly", "ai_confidence": 100.0, "spread_speed_kmh": 1.42, "risk_level": "Moderate (Spreading)", "mitigation_strategy": "Monitor" }, "geometry": { "type": "Polygon", "coordinates": [ [ [ 80.632792184610139, 8.56887602796046 ], [ 80.632933257017484, 8.568593814493694 ], [ 80.632896096394049, 8.568083426612798 ], [ 80.632681831846568, 8.567360372195266 ], [ 80.632296973694892, 8.566446620883692 ], [ 80.631753215659216, 8.565369936549299 ], [ 80.631067079552309, 8.564163033700757 ], [ 80.630259413272555, 8.562862583470395 ], [ 80.62935475735118, 8.561508099380408 ], [ 80.62838059930057, 8.560140736744463 ], [ 80.627366538420162, 8.558802042184338 ], [ 80.626343386436645, 8.557532691256828 ], [ 80.625342231305311, 8.556371252547544 ], [ 80.624393492618211, 8.555353015783952 ], [ 80.623525997320272, 8.554508919574859 ], [ 80.622766103817142, 8.553864611356445 ], [ 80.62213690108841, 8.553439668107895 ], [ 80.621657507140569, 8.553247001514778 ], [ 80.621342488116142, 8.553292465654039 ], [ 80.621201415708796, 8.553574679120805 ], [ 80.621238576332232, 8.554085067001701 ], [ 80.621452840879712, 8.554808121419233 ], [ 80.621837699031389, 8.555721872730807 ], [ 80.622381457067064, 8.5567985570652 ], [ 80.623067593173971, 8.558005459913742 ], [ 80.623875259453726, 8.559305910144104 ], [ 80.6247799153751, 8.560660394234091 ], [ 80.625754073425711, 8.562027756870036 ], [ 80.626768134306118, 8.563366451430161 ], [ 80.627791286289636, 8.564635802357671 ], [ 80.62879244142097, 8.565797241066955 ], [ 80.62974118010807, 8.566815477830547 ], [ 80.630608675406009, 8.56765957403964 ], [ 80.631368568909139, 8.568303882258054 ], [ 80.63199777163787, 8.568728825506604 ], [ 80.632477165585712, 8.568921492099721 ], [ 80.632792184610139, 8.56887602796046 ] ] ] } },
{ "type": "Feature", "properties": { "latitude": 8.48861, "longitude": 80.62767, "brightness": 338.9, "scan": 0.47, "track": 0.48, "acq_date": "2026-08-31T00:00:00", "acq_time": 828, "satellite": "N20", "instrument": "VIIRS", "confidence": "n", "version": "2.0NRT", "brightness_bg": 296.42, "frp": 3.9, "daynight": "D", "source_left": "VIIRS_NOAA20_NRT", "cross_source_count": 1, "state": "Tamil Nadu", "zone_type": "none", "source_right": "curated_research", "osm_id": "", "nearest_zone_dist_m": 214179.69346614703, "is_industrial": false, "facility_type": "none", "zone_name": "Cauvery Delta Rice (TN)", "temperature": 26.7, "humidity": 80, "wind_speed": 21.3, "wind_direction": 219, "aqi": 16, "persistence": 0.0, "ai_classification": "Agricultural Burn", "ai_confidence": 100.0, "spread_speed_kmh": 1.74, "risk_level": "Low (Agricultural Hazard)", "mitigation_strategy": "Issue Local Admin Warning" }, "geometry": { "type": "Polygon", "coordinates": [ [ [ 80.638248034073825, 8.501529579020461 ], [ 80.638375888140231, 8.501236011981677 ], [ 80.638310792691925, 8.500720450198864 ], [ 80.638054725621146, 8.499998558755909 ], [ 80.637615467396287, 8.499092271959007 ], [ 80.63700636465623, 8.498029126873881 ], [ 80.636245924679514, 8.496841426625966 ], [ 80.635357253050017, 8.495565258886288 ], [ 80.634367351605519, 8.494239399365846 ], [ 80.633306298000491, 8.492904133635252 ], [ 80.632206331811815, 8.49160003306805 ], [ 80.631100874955521, 8.49036672210007 ], [ 80.630023516178795, 8.489241674260988 ], [ 80.629006990482893, 8.488259073560094 ], [ 80.628082184486701, 8.487448775822465 ], [ 80.627277197952452, 8.486835401534826 ], [ 80.626616489988635, 8.486437587764526 ], [ 80.626120135872398, 8.486267421881671 ], [ 80.625803217072388, 8.486330074290505 ], [ 80.625675363005982, 8.48662364132929 ], [ 80.625740458454288, 8.487139203112102 ], [ 80.625996525525068, 8.487861094555058 ], [ 80.626435783749926, 8.488767381351959 ], [ 80.627044886489983, 8.489830526437085 ], [ 80.627805326466699, 8.491018226685 ], [ 80.628693998096196, 8.492294394424679 ], [ 80.629683899540694, 8.493620253945121 ], [ 80.630744953145722, 8.494955519675715 ], [ 80.631844919334398, 8.496259620242917 ], [ 80.632950376190692, 8.497492931210896 ], [ 80.634027734967418, 8.498617979049978 ], [ 80.635044260663321, 8.499600579750872 ], [ 80.635969066659513, 8.500410877488502 ], [ 80.636774053193761, 8.501024251776141 ], [ 80.637434761157579, 8.501422065546441 ], [ 80.637931115273815, 8.501592231429296 ], [ 80.638248034073825, 8.501529579020461 ] ] ] } },
{ "type": "Feature", "properties": { "latitude": 8.58503, "longitude": 80.74178, "brightness": 338.14, "scan": 0.48, "track": 0.48, "acq_date": "2026-08-31T00:00:00", "acq_time": 828, "satellite": "N20", "instrument": "VIIRS", "confidence": "n", "version": "2.0NRT", "brightness_bg": 306.07, "frp": 54.47, "daynight": "D", "source_left": "VIIRS_NOAA20_NRT", "cross_source_count": 1, "state": "Tamil Nadu", "zone_type": "none", "source_right": "curated_research", "osm_id": "", "nearest_zone_dist_m": 210409.5456148684, "is_industrial": false, "facility_type": "none", "zone_name": "Cauvery Delta Rice (TN)", "temperature": 26.6, "humidity": 79, "wind_speed": 20.8, "wind_direction": 217, "aqi": 16, "persistence": 0.0, "ai_classification": "Routine Industrial Heat", "ai_confidence": 100.0, "spread_speed_kmh": 0.0, "risk_level": "Low (Routine Operation)", "mitigation_strategy": "Log & Monitor — No Action Required" }, "geometry": { "type": "Polygon", "coordinates": [ [ [ 80.74178, 8.586381351351351 ], [ 80.742046622969411, 8.586355385514057 ], [ 80.742302999767645, 8.586278485854745 ], [ 80.742539277978096, 8.586153607584192 ], [ 80.742746377561659, 8.585985549704306 ], [ 80.742916339797475, 8.585780770585162 ], [ 80.743042633132148, 8.585547139773466 ], [ 80.743120404183642, 8.585293635570292 ], [ 80.74314666425407, 8.58503 ], [ 80.743120404183642, 8.584766364429708 ], [ 80.743042633132148, 8.584512860226534 ], [ 80.742916339797475, 8.584279229414838 ], [ 80.742746377561659, 8.584074450295693 ], [ 80.742539277978096, 8.583906392415807 ], [ 80.742302999767645, 8.583781514145254 ], [ 80.742046622969411, 8.583704614485942 ], [ 80.74178, 8.583678648648648 ], [ 80.7415133770306, 8.583704614485942 ], [ 80.741257000232366, 8.583781514145254 ], [ 80.741020722021915, 8.583906392415807 ], [ 80.740813622438353, 8.584074450295693 ], [ 80.740643660202537, 8.584279229414838 ], [ 80.740517366867863, 8.584512860226534 ], [ 80.740439595816369, 8.584766364429708 ], [ 80.740413335745941, 8.58503 ], [ 80.740439595816369, 8.585293635570292 ], [ 80.740517366867863, 8.585547139773466 ], [ 80.740643660202537, 8.585780770585162 ], [ 80.740813622438353, 8.585985549704306 ], [ 80.741020722021915, 8.586153607584192 ], [ 80.741257000232366, 8.586278485854745 ], [ 80.7415133770306, 8.586355385514057 ], [ 80.74178, 8.586381351351351 ] ] ] } },
{ "type": "Feature", "properties": { "latitude": 8.59185, "longitude": 80.82607, "brightness": 355.1, "scan": 0.49, "track": 0.48, "acq_date": "2026-08-31T00:00:00", "acq_time": 828, "satellite": "N20", "instrument": "VIIRS", "confidence": "n", "version": "2.0NRT", "brightness_bg": 306.02, "frp": 19.95, "daynight": "D", "source_left": "VIIRS_NOAA20_NRT", "cross_source_count": 1, "state": "Tamil Nadu", "zone_type": "none", "source_right": "curated_research", "osm_id": "", "nearest_zone_dist_m": 214421.00230860859, "is_industrial": false, "facility_type": "none", "zone_name": "Cauvery Delta Rice (TN)", "temperature": 27.1, "humidity": 77, "wind_speed": 19.8, "wind_direction": 216, "aqi": 16, "persistence": 0.0, "ai_classification": "Routine Industrial Heat", "ai_confidence": 100.0, "spread_speed_kmh": 0.0, "risk_level": "Low (Routine Operation)", "mitigation_strategy": "Log & Monitor — No Action Required" }, "geometry": { "type": "Polygon", "coordinates": [ [ [ 80.82607, 8.593201351351352 ], [ 80.826336627762601, 8.593175385514058 ], [ 80.826593009169812, 8.593098485854746 ], [ 80.826829291627945, 8.592973607584193 ], [ 80.827036394934623, 8.592805549704307 ], [ 80.827206360225915, 8.592600770585163 ], [ 80.827332655831015, 8.592367139773467 ], [ 80.827410428280629, 8.592113635570293 ], [ 80.827436688823141, 8.59185 ], [ 80.827410428280629, 8.591586364429709 ], [ 80.827332655831015, 8.591332860226535 ], [ 80.827206360225915, 8.591099229414839 ], [ 80.827036394934623, 8.590894450295695 ], [ 80.826829291627945, 8.590726392415808 ], [ 80.826593009169812, 8.590601514145256 ], [ 80.826336627762601, 8.590524614485943 ], [ 80.82607, 8.59049864864865 ], [ 80.825803372237402, 8.590524614485943 ], [ 80.82554699083019, 8.590601514145256 ], [ 80.825310708372058, 8.590726392415808 ], [ 80.825103605065379, 8.590894450295695 ], [ 80.824933639774088, 8.591099229414839 ], [ 80.824807344168988, 8.591332860226535 ], [ 80.824729571719374, 8.591586364429709 ], [ 80.824703311176862, 8.59185 ], [ 80.824729571719374, 8.592113635570293 ], [ 80.824807344168988, 8.592367139773467 ], [ 80.824933639774088, 8.592600770585163 ], [ 80.825103605065379, 8.592805549704307 ], [ 80.825310708372058, 8.592973607584193 ], [ 80.82554699083019, 8.593098485854746 ], [ 80.825803372237402, 8.593175385514058 ], [ 80.82607, 8.593201351351352 ] ] ] } },
{ "type": "Feature", "properties": { "latitude": 8.61147, "longitude": 80.67232, "brightness": 335.18, "scan": 0.47, "track": 0.48, "acq_date": "2026-08-31T00:00:00", "acq_time": 828, "satellite": "N20", "instrument": "VIIRS", "confidence": "n", "version": "2.0NRT", "brightness_bg": 300.27, "frp": 3.92, "daynight": "D", "source_left": "VIIRS_NOAA20_NRT", "cross_source_count": 1, "state": "Tamil Nadu", "zone_type": "none", "source_right": "curated_research", "osm_id": "", "nearest_zone_dist_m": 204190.36460929079, "is_industrial": false, "facility_type": "none", "zone_name": "Cauvery Delta Rice (TN)", "temperature": 26.6, "humidity": 79, "wind_speed": 20.8, "wind_direction": 217, "aqi": 18, "persistence": 0.0, "ai_classification": "Natural Anomaly", "ai_confidence": 100.0, "spread_speed_kmh": 1.31, "risk_level": "Moderate (Spreading)", "mitigation_strategy": "Monitor" }, "geometry": { "type": "Polygon", "coordinates": [ [ [ 80.68227084427852, 8.624526237216545 ], [ 80.682406728177199, 8.624242063388477 ], [ 80.682360628525515, 8.623733166884819 ], [ 80.68213394603805, 8.623015010268318 ], [ 80.681733568347482, 8.622109414364363 ], [ 80.681171660727344, 8.621043895246242 ], [ 80.680465296456319, 8.619850828173179 ], [ 80.679635938055355, 8.618566463884468 ], [ 80.678708785159799, 8.617229827139104 ], [ 80.677712008841198, 8.615881530968222 ], [ 80.676675895643612, 8.614562542668704 ], [ 80.675631927342266, 8.613312939032591 ], [ 80.674611824385693, 8.612170688634036 ], [ 80.67364658208605, 8.611170498173392 ], [ 80.672765528842177, 8.610342757931685 ], [ 80.671995435011041, 8.609712618377305 ], [ 80.671359699504023, 8.609299225981742 ], [ 80.670877638822816, 8.60911514146375 ], [ 80.670563900137267, 8.609165958138258 ], [ 80.670428016238588, 8.609450131966325 ], [ 80.670474115890272, 8.609959028469984 ], [ 80.670700798377737, 8.610677185086484 ], [ 80.671101176068305, 8.611582780990439 ], [ 80.671663083688443, 8.61264830010856 ], [ 80.672369447959468, 8.613841367181623 ], [ 80.673198806360432, 8.615125731470334 ], [ 80.674125959255989, 8.616462368215698 ], [ 80.67512273557459, 8.61781066438658 ], [ 80.676158848772175, 8.619129652686098 ], [ 80.677202817073521, 8.620379256322211 ], [ 80.678222920030095, 8.621521506720766 ], [ 80.679188162329737, 8.62252169718141 ], [ 80.68006921557361, 8.623349437423117 ], [ 80.680839309404746, 8.623979576977497 ], [ 80.681475044911764, 8.62439296937306 ], [ 80.681957105592971, 8.624577053891052 ], [ 80.68227084427852, 8.624526237216545 ] ] ] } },
{ "type": "Feature", "properties": { "latitude": 8.62569, "longitude": 80.97631, "brightness": 342.52, "scan": 0.5, "track": 0.49, "acq_date": "2026-08-31T00:00:00", "acq_time": 828, "satellite": "N20", "instrument": "VIIRS", "confidence": "n", "version": "2.0NRT", "brightness_bg": 303.06, "frp": 9.27, "daynight": "D", "source_left": "VIIRS_NOAA20_NRT", "cross_source_count": 1, "state": "Tamil Nadu", "zone_type": "none", "source_right": "curated_research", "osm_id": "", "nearest_zone_dist_m": 219973.53837549608, "is_industrial": false, "facility_type": "none", "zone_name": "Cauvery Delta Rice (TN)", "temperature": 27.0, "humidity": 77, "wind_speed": 16.9, "wind_direction": 218, "aqi": 18, "persistence": 0.0, "ai_classification": "Natural Anomaly", "ai_confidence": 100.0, "spread_speed_kmh": 1.49, "risk_level": "Moderate (Spreading)", "mitigation_strategy": "Monitor" }, "geometry": { "type": "Polygon", "coordinates": [ [ [ 80.984987608797795, 8.636671128628999 ], [ 80.985127193736488, 8.636405271807478 ], [ 80.98510743977964, 8.635951224654082 ], [ 80.984928947141228, 8.63532278316181 ], [ 80.984597139229749, 8.634539042207397 ], [ 80.984122097860705, 8.633623815363148 ], [ 80.983518256925677, 8.632604911333601 ], [ 80.982803963825958, 8.631513289002104 ], [ 80.982000921995905, 8.630382116760812 ], [ 80.981133531455171, 8.629245764705873 ], [ 80.98022814742643, 8.628138760319457 ], [ 80.97931227954524, 8.627094739369673 ], [ 80.978413755993699, 8.626145423904781 ], [ 80.977559877955287, 8.625319658394803 ], [ 80.976776590082082, 8.624642533306904 ], [ 80.97608769217976, 8.624134622744238 ], [ 80.975514116062499, 8.623811359312237 ], [ 80.975073289550352, 8.623682565206702 ], [ 80.974778606933839, 8.623752153771354 ], [ 80.974639021995145, 8.624018010592875 ], [ 80.974658775951994, 8.624472057746271 ], [ 80.974837268590406, 8.625100499238544 ], [ 80.975169076501885, 8.625884240192956 ], [ 80.975644117870928, 8.626799467037205 ], [ 80.976247958805956, 8.627818371066752 ], [ 80.976962251905675, 8.628909993398249 ], [ 80.977765293735729, 8.630041165639541 ], [ 80.978632684276462, 8.63117751769448 ], [ 80.979538068305203, 8.632284522080896 ], [ 80.980453936186393, 8.633328543030681 ], [ 80.981352459737934, 8.634277858495572 ], [ 80.982206337776347, 8.63510362400555 ], [ 80.982989625649552, 8.635780749093449 ], [ 80.983678523551873, 8.636288659656115 ], [ 80.984252099669135, 8.636611923088116 ], [ 80.984692926181282, 8.636740717193652 ], [ 80.984987608797795, 8.636671128628999 ] ] ] } },
{ "type": "Feature", "properties": { "latitude": 8.58205, "longitude": 80.97684, "brightness": 336.89, "scan": 0.5, "track": 0.49, "acq_date": "2026-08-31T00:00:00", "acq_time": 828, "satellite": "N20", "instrument": "VIIRS", "confidence": "n", "version": "2.0NRT", "brightness_bg": 302.13, "frp": 6.9, "daynight": "D", "source_left": "VIIRS_NOAA20_NRT", "cross_source_count": 1, "state": "Tamil Nadu", "zone_type": "none", "source_right": "curated_research", "osm_id": "", "nearest_zone_dist_m": 224027.28563550126, "is_industrial": false, "facility_type": "none", "zone_name": "Cauvery Delta Rice (TN)", "temperature": 26.7, "humidity": 78, "wind_speed": 13.8, "wind_direction": 220, "aqi": 16, "persistence": 0.0, "ai_classification": "Routine Industrial Heat", "ai_confidence": 100.0, "spread_speed_kmh": 0.0, "risk_level": "Low (Routine Operation)", "mitigation_strategy": "Log & Monitor — No Action Required" }, "geometry": { "type": "Polygon", "coordinates": [ [ [ 80.97684, 8.583401351351352 ], [ 80.977106620876256, 8.583375385514058 ], [ 80.977362995661778, 8.583298485854746 ], [ 80.977599272017315, 8.583173607584193 ], [ 80.977806369975013, 8.583005549704307 ], [ 80.977976330876544, 8.582800770585163 ], [ 80.978102623219726, 8.582567139773467 ], [ 80.978180393660679, 8.582313635570292 ], [ 80.97820665352495, 8.58205 ], [ 80.978180393660679, 8.581786364429709 ], [ 80.978102623219726, 8.581532860226535 ], [ 80.977976330876544, 8.581299229414839 ], [ 80.977806369975013, 8.581094450295694 ], [ 80.977599272017315, 8.580926392415808 ], [ 80.977362995661778, 8.580801514145255 ], [ 80.977106620876256, 8.580724614485943 ], [ 80.97684, 8.580698648648649 ], [ 80.976573379123735, 8.580724614485943 ], [ 80.976317004338213, 8.580801514145255 ], [ 80.976080727982676, 8.580926392415808 ], [ 80.975873630024978, 8.581094450295694 ], [ 80.975703669123448, 8.581299229414839 ], [ 80.975577376780265, 8.581532860226535 ], [ 80.975499606339312, 8.581786364429709 ], [ 80.975473346475042, 8.58205 ], [ 80.975499606339312, 8.582313635570292 ], [ 80.975577376780265, 8.582567139773467 ], [ 80.975703669123448, 8.582800770585163 ], [ 80.975873630024978, 8.583005549704307 ], [ 80.976080727982676, 8.583173607584193 ], [ 80.976317004338213, 8.583298485854746 ], [ 80.976573379123735, 8.583375385514058 ], [ 80.97684, 8.583401351351352 ] ] ] } },
{ "type": "Feature", "properties": { "latitude": 8.3689, "longitude": 80.3186, "brightness": 333.67, "scan": 0.45, "track": 0.47, "acq_date": "2026-08-31T00:00:00", "acq_time": 828, "satellite": "N20", "instrument": "VIIRS", "confidence": "n", "version": "2.0NRT", "brightness_bg": 302.3, "frp": 3.76, "daynight": "D", "source_left": "VIIRS_NOAA20_NRT", "cross_source_count": 1, "state": "Tamil Nadu", "zone_type": "none", "source_right": "curated_research", "osm_id": "", "nearest_zone_dist_m": 213689.97055923918, "is_industrial": false, "facility_type": "none", "zone_name": "Cauvery Delta Rice (TN)", "temperature": 27.0, "humidity": 79, "wind_speed": 23.6, "wind_direction": 210, "aqi": 17, "persistence": 0.0, "ai_classification": "Agricultural Burn", "ai_confidence": 100.0, "spread_speed_kmh": 1.93, "risk_level": "Low (Agricultural Hazard)", "mitigation_strategy": "Issue Local Admin Warning" }, "geometry": { "type": "Polygon", "coordinates": [ [ [ 80.327886173147832, 8.384812694058484 ], [ 80.328077008955987, 8.384514082519734 ], [ 80.328096071239713, 8.383940132872805 ], [ 80.32794278080118, 8.383108284287285 ], [ 80.327621795292771, 8.382043812061513 ], [ 80.327142867696736, 8.380779059645414 ], [ 80.326520549985744, 8.379352455901161 ], [ 80.325773750968537, 8.377807347461625 ], [ 80.324925161755331, 8.376190681664877 ], [ 80.324000566299986, 8.374551580083082 ], [ 80.323028057967534, 8.372939845988375 ], [ 80.322037185931549, 8.371404451105647 ], [ 80.321058057337439, 8.369992047631465 ], [ 80.320120422512062, 8.368745550730678 ], [ 80.31925277101513, 8.367702834580859 ], [ 80.318481465998318, 8.366895581584583 ], [ 80.317829943174274, 8.36634831971565 ], [ 80.317317998734325, 8.36607767724902 ], [ 80.316961187851192, 8.366091877519091 ], [ 80.316770352043036, 8.36639048905784 ], [ 80.31675128975931, 8.36696443870477 ], [ 80.316904580197843, 8.36779628729029 ], [ 80.317225565706252, 8.368860759516062 ], [ 80.317704493302287, 8.37012551193216 ], [ 80.318326811013279, 8.371552115676414 ], [ 80.319073610030486, 8.37309722411595 ], [ 80.319922199243692, 8.374713889912698 ], [ 80.320846794699037, 8.376352991494493 ], [ 80.321819303031489, 8.3779647255892 ], [ 80.322810175067474, 8.379500120471928 ], [ 80.323789303661584, 8.38091252394611 ], [ 80.324726938486961, 8.382159020846897 ], [ 80.325594589983893, 8.383201736996716 ], [ 80.326365895000706, 8.384008989992992 ], [ 80.327017417824749, 8.384556251861925 ], [ 80.327529362264698, 8.384826894328555 ], [ 80.327886173147832, 8.384812694058484 ] ] ] } },
{ "type": "Feature", "properties": { "latitude": 8.47689, "longitude": 80.80559, "brightness": 341.17, "scan": 0.48, "track": 0.48, "acq_date": "2026-08-31T00:00:00", "acq_time": 828, "satellite": "N20", "instrument": "VIIRS", "confidence": "n", "version": "2.0NRT", "brightness_bg": 298.99, "frp": 5.55, "daynight": "D", "source_left": "VIIRS_NOAA20_NRT", "cross_source_count": 1, "state": "Tamil Nadu", "zone_type": "none", "source_right": "curated_research", "osm_id": "", "nearest_zone_dist_m": 224272.16567937841, "is_industrial": false, "facility_type": "none", "zone_name": "Cauvery Delta Rice (TN)", "temperature": 26.7, "humidity": 79, "wind_speed": 19.9, "wind_direction": 224, "aqi": 16, "persistence": 0.0, "ai_classification": "Routine Industrial Heat", "ai_confidence": 100.0, "spread_speed_kmh": 0.0, "risk_level": "Low (Routine Operation)", "mitigation_strategy": "Log & Monitor — No Action Required" }, "geometry": { "type": "Polygon", "coordinates": [ [ [ 80.80559, 8.47824135135135 ], [ 80.805856547494727, 8.478215385514057 ], [ 80.806112851718723, 8.478138485854744 ], [ 80.806349063044394, 8.478013607584192 ], [ 80.806556104002951, 8.477845549704305 ], [ 80.806726018126469, 8.477640770585161 ], [ 80.806852275710469, 8.477407139773465 ], [ 80.806930024746819, 8.477153635570291 ], [ 80.806956277383634, 8.47689 ], [ 80.806930024746819, 8.476626364429707 ], [ 80.806852275710469, 8.476372860226533 ], [ 80.806726018126469, 8.476139229414837 ], [ 80.806556104002951, 8.475934450295693 ], [ 80.806349063044394, 8.475766392415807 ], [ 80.806112851718723, 8.475641514145254 ], [ 80.805856547494727, 8.475564614485942 ], [ 80.80559, 8.475538648648648 ], [ 80.805323452505263, 8.475564614485942 ], [ 80.805067148281267, 8.475641514145254 ], [ 80.804830936955597, 8.475766392415807 ], [ 80.80462389599704, 8.475934450295693 ], [ 80.804453981873522, 8.476139229414837 ], [ 80.804327724289521, 8.476372860226533 ], [ 80.804249975253171, 8.476626364429707 ], [ 80.804223722616356, 8.47689 ], [ 80.804249975253171, 8.477153635570291 ], [ 80.804327724289521, 8.477407139773465 ], [ 80.804453981873522, 8.477640770585161 ], [ 80.80462389599704, 8.477845549704305 ], [ 80.804830936955597, 8.478013607584192 ], [ 80.805067148281267, 8.478138485854744 ], [ 80.805323452505263, 8.478215385514057 ], [ 80.80559, 8.47824135135135 ] ] ] } },
{ "type": "Feature", "properties": { "latitude": 8.38452, "longitude": 80.15371, "brightness": 343.49, "scan": 0.44, "track": 0.46, "acq_date": "2026-08-31T00:00:00", "acq_time": 828, "satellite": "N20", "instrument": "VIIRS", "confidence": "n", "version": "2.0NRT", "brightness_bg": 305.46, "frp": 4.95, "daynight": "D", "source_left": "VIIRS_NOAA20_NRT", "cross_source_count": 1, "state": "Tamil Nadu", "zone_type": "none", "source_right": "curated_research", "osm_id": "", "nearest_zone_dist_m": 206839.94684688072, "is_industrial": false, "facility_type": "none", "zone_name": "Cauvery Delta Rice (TN)", "temperature": 26.9, "humidity": 80, "wind_speed": 22.4, "wind_direction": 206, "aqi": 20, "persistence": 0.0, "ai_classification": "Routine Industrial Heat", "ai_confidence": 100.0, "spread_speed_kmh": 0.0, "risk_level": "Low (Routine Operation)", "mitigation_strategy": "Log & Monitor — No Action Required" }, "geometry": { "type": "Polygon", "coordinates": [ [ [ 80.15371, 8.385871351351351 ], [ 80.153976483811874, 8.385845385514058 ], [ 80.154232726800288, 8.385768485854745 ], [ 80.154468881690917, 8.385643607584193 ], [ 80.154675873183763, 8.385475549704307 ], [ 80.154845746711814, 8.385270770585162 ], [ 80.15497197413066, 8.385037139773466 ], [ 80.155049704591391, 8.384783635570292 ], [ 80.155075950956004, 8.38452 ], [ 80.155049704591391, 8.384256364429708 ], [ 80.15497197413066, 8.384002860226534 ], [ 80.154845746711814, 8.383769229414838 ], [ 80.154675873183763, 8.383564450295694 ], [ 80.154468881690917, 8.383396392415808 ], [ 80.154232726800288, 8.383271514145255 ], [ 80.153976483811874, 8.383194614485943 ], [ 80.15371, 8.383168648648649 ], [ 80.153443516188133, 8.383194614485943 ], [ 80.15318727319972, 8.383271514145255 ], [ 80.15295111830909, 8.383396392415808 ], [ 80.152744126816245, 8.383564450295694 ], [ 80.152574253288194, 8.383769229414838 ], [ 80.152448025869347, 8.384002860226534 ], [ 80.152370295408616, 8.384256364429708 ], [ 80.152344049044004, 8.38452 ], [ 80.152370295408616, 8.384783635570292 ], [ 80.152448025869347, 8.385037139773466 ], [ 80.152574253288194, 8.385270770585162 ], [ 80.152744126816245, 8.385475549704307 ], [ 80.15295111830909, 8.385643607584193 ], [ 80.15318727319972, 8.385768485854745 ], [ 80.153443516188133, 8.385845385514058 ], [ 80.15371, 8.385871351351351 ] ] ] } },
{ "type": "Feature", "properties": { "latitude": 8.38613, "longitude": 80.16559, "brightness": 343.26, "scan": 0.44, "track": 0.46, "acq_date": "2026-08-31T00:00:00", "acq_time": 828, "satellite": "N20", "instrument": "VIIRS", "confidence": "n", "version": "2.0NRT", "brightness_bg": 304.58, "frp": 7.23, "daynight": "D", "source_left": "VIIRS_NOAA20_NRT", "cross_source_count": 1, "state": "Tamil Nadu", "zone_type": "none", "source_right": "curated_research", "osm_id": "", "nearest_zone_dist_m": 206995.07549191531, "is_industrial": false, "facility_type": "none", "zone_name": "Cauvery Delta Rice (TN)", "temperature": 26.9, "humidity": 80, "wind_speed": 22.4, "wind_direction": 206, "aqi": 20, "persistence": 0.0, "ai_classification": "Routine Industrial Heat", "ai_confidence": 100.0, "spread_speed_kmh": 0.0, "risk_level": "Low (Routine Operation)", "mitigation_strategy": "Log & Monitor — No Action Required" }, "geometry": { "type": "Polygon", "coordinates": [ [ [ 80.16559, 8.387481351351351 ], [ 80.165856484915651, 8.387455385514057 ], [ 80.166112728965444, 8.387378485854745 ], [ 80.16634888483425, 8.387253607584192 ], [ 80.166555877184464, 8.387085549704306 ], [ 80.166725751416152, 8.386880770585162 ], [ 80.166851979357844, 8.386647139773466 ], [ 80.166929710140536, 8.386393635570291 ], [ 80.166955956613862, 8.38613 ], [ 80.166929710140536, 8.385866364429708 ], [ 80.166851979357844, 8.385612860226534 ], [ 80.166725751416152, 8.385379229414838 ], [ 80.166555877184464, 8.385174450295693 ], [ 80.16634888483425, 8.385006392415807 ], [ 80.166112728965444, 8.384881514145254 ], [ 80.165856484915651, 8.384804614485942 ], [ 80.16559, 8.384778648648648 ], [ 80.165323515084339, 8.384804614485942 ], [ 80.165067271034545, 8.384881514145254 ], [ 80.16483111516574, 8.385006392415807 ], [ 80.164624122815525, 8.385174450295693 ], [ 80.164454248583837, 8.385379229414838 ], [ 80.164328020642145, 8.385612860226534 ], [ 80.164250289859453, 8.385866364429708 ], [ 80.164224043386128, 8.38613 ], [ 80.164250289859453, 8.386393635570291 ], [ 80.164328020642145, 8.386647139773466 ], [ 80.164454248583837, 8.386880770585162 ], [ 80.164624122815525, 8.387085549704306 ], [ 80.16483111516574, 8.387253607584192 ], [ 80.165067271034545, 8.387378485854745 ], [ 80.165323515084339, 8.387455385514057 ], [ 80.16559, 8.387481351351351 ] ] ] } },
{ "type": "Feature", "properties": { "latitude": 8.38875, "longitude": 80.15311, "brightness": 332.2, "scan": 0.44, "track": 0.46, "acq_date": "2026-08-31T00:00:00", "acq_time": 828, "satellite": "N20", "instrument": "VIIRS", "confidence": "n", "version": "2.0NRT", "brightness_bg": 301.95, "frp": 4.51, "daynight": "D", "source_left": "VIIRS_NOAA20_NRT", "cross_source_count": 1, "state": "Tamil Nadu", "zone_type": "none", "source_right": "curated_research", "osm_id": "", "nearest_zone_dist_m": 206370.45056814782, "is_industrial": false, "facility_type": "none", "zone_name": "Cauvery Delta Rice (TN)", "temperature": 26.9, "humidity": 80, "wind_speed": 22.4, "wind_direction": 206, "aqi": 20, "persistence": 0.0, "ai_classification": "Routine Industrial Heat", "ai_confidence": 100.0, "spread_speed_kmh": 0.0, "risk_level": "Low (Routine Operation)", "mitigation_strategy": "Log & Monitor — No Action Required" }, "geometry": { "type": "Polygon", "coordinates": [ [ [ 80.15311, 8.390101351351351 ], [ 80.153376486712361, 8.390075385514058 ], [ 80.153632732489825, 8.389998485854745 ], [ 80.153868889950843, 8.389873607584192 ], [ 80.154075883696649, 8.389705549704306 ], [ 80.154245759073675, 8.389500770585162 ], [ 80.154371987866426, 8.389267139773466 ], [ 80.154449719173201, 8.389013635570292 ], [ 80.15447596582348, 8.38875 ], [ 80.154449719173201, 8.388486364429708 ], [ 80.154371987866426, 8.388232860226534 ], [ 80.154245759073675, 8.387999229414838 ], [ 80.154075883696649, 8.387794450295694 ], [ 80.153868889950843, 8.387626392415807 ], [ 80.153632732489825, 8.387501514145255 ], [ 80.153376486712361, 8.387424614485942 ], [ 80.15311, 8.387398648648649 ], [ 80.152843513287635, 8.387424614485942 ], [ 80.152587267510171, 8.387501514145255 ], [ 80.152351110049153, 8.387626392415807 ], [ 80.152144116303347, 8.387794450295694 ], [ 80.151974240926322, 8.387999229414838 ], [ 80.15184801213357, 8.388232860226534 ], [ 80.151770280826796, 8.388486364429708 ], [ 80.151744034176517, 8.38875 ], [ 80.151770280826796, 8.389013635570292 ], [ 80.15184801213357, 8.389267139773466 ], [ 80.151974240926322, 8.389500770585162 ], [ 80.152144116303347, 8.389705549704306 ], [ 80.152351110049153, 8.389873607584192 ], [ 80.152587267510171, 8.389998485854745 ], [ 80.152843513287635, 8.390075385514058 ], [ 80.15311, 8.390101351351351 ] ] ] } },
{ "type": "Feature", "properties": { "latitude": 8.47744, "longitude": 80.80485, "brightness": 341.04, "scan": 0.48, "track": 0.48, "acq_date": "2026-08-31T00:00:00", "acq_time": 828, "satellite": "N20", "instrument": "VIIRS", "confidence": "n", "version": "2.0NRT", "brightness_bg": 298.83, "frp": 4.89, "daynight": "D", "source_left": "VIIRS_NOAA20_NRT", "cross_source_count": 1, "state": "Tamil Nadu", "zone_type": "none", "source_right": "curated_research", "osm_id": "", "nearest_zone_dist_m": 224179.26589696601, "is_industrial": false, "facility_type": "none", "zone_name": "Cauvery Delta Rice (TN)", "temperature": 26.7, "humidity": 79, "wind_speed": 19.9, "wind_direction": 224, "aqi": 16, "persistence": 0.0, "ai_classification": "Routine Industrial Heat", "ai_confidence": 100.0, "spread_speed_kmh": 0.0, "risk_level": "Low (Routine Operation)", "mitigation_strategy": "Log & Monitor — No Action Required" }, "geometry": { "type": "Polygon", "coordinates": [ [ [ 80.80485, 8.478791351351351 ], [ 80.805116547876096, 8.478765385514057 ], [ 80.805372852466789, 8.478688485854745 ], [ 80.805609064130408, 8.478563607584192 ], [ 80.805816105385176, 8.478395549704306 ], [ 80.805986019751799, 8.478190770585162 ], [ 80.806112277516434, 8.477957139773466 ], [ 80.806190026664012, 8.477703635570291 ], [ 80.8062162793384, 8.47744 ], [ 80.806190026664012, 8.477176364429708 ], [ 80.806112277516434, 8.476922860226534 ], [ 80.805986019751799, 8.476689229414838 ], [ 80.805816105385176, 8.476484450295693 ], [ 80.805609064130408, 8.476316392415807 ], [ 80.805372852466789, 8.476191514145254 ], [ 80.805116547876096, 8.476114614485942 ], [ 80.80485, 8.476088648648648 ], [ 80.804583452123907, 8.476114614485942 ], [ 80.804327147533215, 8.476191514145254 ], [ 80.804090935869596, 8.476316392415807 ], [ 80.803883894614827, 8.476484450295693 ], [ 80.803713980248205, 8.476689229414838 ], [ 80.80358772248357, 8.476922860226534 ], [ 80.803509973335991, 8.477176364429708 ], [ 80.803483720661603, 8.47744 ], [ 80.803509973335991, 8.477703635570291 ], [ 80.80358772248357, 8.477957139773466 ], [ 80.803713980248205, 8.478190770585162 ], [ 80.803883894614827, 8.478395549704306 ], [ 80.804090935869596, 8.478563607584192 ], [ 80.804327147533215, 8.478688485854745 ], [ 80.804583452123907, 8.478765385514057 ], [ 80.80485, 8.478791351351351 ] ] ] } },
{ "type": "Feature", "properties": { "latitude": 8.39514, "longitude": 80.60126, "brightness": 331.06, "scan": 0.47, "track": 0.47, "acq_date": "2026-08-31T00:00:00", "acq_time": 828, "satellite": "N20", "instrument": "VIIRS", "confidence": "n", "version": "2.0NRT", "brightness_bg": 300.38, "frp": 2.53, "daynight": "D", "source_left": "VIIRS_NOAA20_NRT", "cross_source_count": 1, "state": "Tamil Nadu", "zone_type": "none", "source_right": "curated_research", "osm_id": "", "nearest_zone_dist_m": 222320.68383276425, "is_industrial": false, "facility_type": "none", "zone_name": "Cauvery Delta Rice (TN)", "temperature": 26.7, "humidity": 80, "wind_speed": 21.7, "wind_direction": 217, "aqi": 16, "persistence": 0.0, "ai_classification": "Wildfire", "ai_confidence": 100.0, "spread_speed_kmh": 2.35, "risk_level": "Moderate (Spreading)", "mitigation_strategy": "Establish Firebreak" }, "geometry": { "type": "Polygon", "coordinates": [ [ [ 80.611533836138406, 8.408627637095345 ], [ 80.611674130662664, 8.408334073689488 ], [ 80.611626534672524, 8.407808362395599 ], [ 80.611392494348081, 8.407066476685317 ], [ 80.610979120886171, 8.406130958380542 ], [ 80.61039897443024, 8.405030232731564 ], [ 80.609669682436802, 8.403797744730237 ], [ 80.608813404074027, 8.402470942900809 ], [ 80.607856156926658, 8.401090141445476 ], [ 80.606827026464913, 8.399697295317738 ], [ 80.605757282297063, 8.398334725442371 ], [ 80.604679428058361, 8.397043832815546 ], [ 80.603626213804432, 8.395863840556505 ], [ 80.602629640917399, 8.394830602132934 ], [ 80.601719989760184, 8.39397551197149 ], [ 80.600924899622854, 8.393324551554032 ], [ 80.600268528916928, 8.392897499983441 ], [ 80.599770821134157, 8.392707333005593 ], [ 80.599446898873666, 8.392759828747879 ], [ 80.599306604349408, 8.393053392153735 ], [ 80.599354200339548, 8.393579103447625 ], [ 80.599588240663991, 8.394320989157906 ], [ 80.600001614125901, 8.395256507462681 ], [ 80.600581760581832, 8.396357233111658 ], [ 80.601311052575269, 8.397589721112986 ], [ 80.602167330938045, 8.398916522942415 ], [ 80.603124578085414, 8.400297324397748 ], [ 80.604153708547159, 8.401690170525486 ], [ 80.605223452715009, 8.403052740400852 ], [ 80.606301306953711, 8.404343633027677 ], [ 80.60735452120764, 8.405523625286719 ], [ 80.608351094094672, 8.406556863710289 ], [ 80.609260745251888, 8.407411953871733 ], [ 80.610055835389218, 8.408062914289191 ], [ 80.610712206095144, 8.408489965859783 ], [ 80.611209913877914, 8.408680132837631 ], [ 80.611533836138406, 8.408627637095345 ] ] ] } },
{ "type": "Feature", "properties": { "latitude": 8.43796, "longitude": 80.62118, "brightness": 332.73, "scan": 0.47, "track": 0.48, "acq_date": "2026-08-31T00:00:00", "acq_time": 828, "satellite": "N20", "instrument": "VIIRS", "confidence": "n", "version": "2.0NRT", "brightness_bg": 300.05, "frp": 2.75, "daynight": "D", "source_left": "VIIRS_NOAA20_NRT", "cross_source_count": 1, "state": "Tamil Nadu", "zone_type": "none", "source_right": "curated_research", "osm_id": "", "nearest_zone_dist_m": 218954.63010691706, "is_industrial": false, "facility_type": "none", "zone_name": "Cauvery Delta Rice (TN)", "temperature": 26.7, "humidity": 80, "wind_speed": 21.3, "wind_direction": 219, "aqi": 16, "persistence": 0.0, "ai_classification": "Routine Industrial Heat", "ai_confidence": 100.0, "spread_speed_kmh": 0.0, "risk_level": "Low (Routine Operation)", "mitigation_strategy": "Log & Monitor — No Action Required" }, "geometry": { "type": "Polygon", "coordinates": [ [ [ 80.62118, 8.439311351351352 ], [ 80.621446520566963, 8.439285385514058 ], [ 80.621702798898013, 8.439208485854746 ], [ 80.621938986360604, 8.439083607584193 ], [ 80.622146006402986, 8.438915549704307 ], [ 80.622315903361056, 8.438710770585162 ], [ 80.62244214818999, 8.438477139773466 ], [ 80.622519889371787, 8.438223635570292 ], [ 80.622546139356459, 8.43796 ], [ 80.622519889371787, 8.437696364429708 ], [ 80.62244214818999, 8.437442860226534 ], [ 80.622315903361056, 8.437209229414838 ], [ 80.622146006402986, 8.437004450295694 ], [ 80.621938986360604, 8.436836392415808 ], [ 80.621702798898013, 8.436711514145255 ], [ 80.621446520566963, 8.436634614485943 ], [ 80.62118, 8.436608648648649 ], [ 80.620913479433028, 8.436634614485943 ], [ 80.620657201101977, 8.436711514145255 ], [ 80.620421013639387, 8.436836392415808 ], [ 80.620213993597005, 8.437004450295694 ], [ 80.620044096638935, 8.437209229414838 ], [ 80.619917851810001, 8.437442860226534 ], [ 80.619840110628203, 8.437696364429708 ], [ 80.619813860643532, 8.43796 ], [ 80.619840110628203, 8.438223635570292 ], [ 80.619917851810001, 8.438477139773466 ], [ 80.620044096638935, 8.438710770585162 ], [ 80.620213993597005, 8.438915549704307 ], [ 80.620421013639387, 8.439083607584193 ], [ 80.620657201101977, 8.439208485854746 ], [ 80.620913479433028, 8.439285385514058 ], [ 80.62118, 8.439311351351352 ] ] ] } },
{ "type": "Feature", "properties": { "latitude": 8.44329, "longitude": 81.08285, "brightness": 344.6, "scan": 0.5, "track": 0.49, "acq_date": "2026-08-31T00:00:00", "acq_time": 828, "satellite": "N20", "instrument": "VIIRS", "confidence": "n", "version": "2.0NRT", "brightness_bg": 303.43, "frp": 7.36, "daynight": "D", "source_left": "VIIRS_NOAA20_NRT", "cross_source_count": 1, "state": "Tamil Nadu", "zone_type": "none", "source_right": "curated_research", "osm_id": "", "nearest_zone_dist_m": 243255.82745470523, "is_industrial": false, "facility_type": "none", "zone_name": "Cauvery Delta Rice (TN)", "temperature": 27.1, "humidity": 76, "wind_speed": 12.4, "wind_direction": 223, "aqi": 16, "persistence": 0.0, "ai_classification": "Routine Industrial Heat", "ai_confidence": 100.0, "spread_speed_kmh": 0.0, "risk_level": "Low (Routine Operation)", "mitigation_strategy": "Log & Monitor — No Action Required" }, "geometry": { "type": "Polygon", "coordinates": [ [ [ 81.08285, 8.444641351351351 ], [ 81.083116524246122, 8.444615385514057 ], [ 81.083372806114937, 8.444538485854745 ], [ 81.083608996837938, 8.444413607584192 ], [ 81.083816019738123, 8.444245549704306 ], [ 81.08398591904151, 8.444040770585161 ], [ 81.084112165613163, 8.443807139773465 ], [ 81.084189907868137, 8.443553635570291 ], [ 81.08421615821517, 8.44329 ], [ 81.084189907868137, 8.443026364429707 ], [ 81.084112165613163, 8.442772860226533 ], [ 81.08398591904151, 8.442539229414837 ], [ 81.083816019738123, 8.442334450295693 ], [ 81.083608996837938, 8.442166392415807 ], [ 81.083372806114937, 8.442041514145254 ], [ 81.083116524246122, 8.441964614485942 ], [ 81.08285, 8.441938648648648 ], [ 81.082583475753864, 8.441964614485942 ], [ 81.08232719388505, 8.442041514145254 ], [ 81.082091003162049, 8.442166392415807 ], [ 81.081883980261864, 8.442334450295693 ], [ 81.081714080958477, 8.442539229414837 ], [ 81.081587834386823, 8.442772860226533 ], [ 81.08151009213185, 8.443026364429707 ], [ 81.081483841784816, 8.44329 ], [ 81.08151009213185, 8.443553635570291 ], [ 81.081587834386823, 8.443807139773465 ], [ 81.081714080958477, 8.444040770585161 ], [ 81.081883980261864, 8.444245549704306 ], [ 81.082091003162049, 8.444413607584192 ], [ 81.08232719388505, 8.444538485854745 ], [ 81.082583475753864, 8.444615385514057 ], [ 81.08285, 8.444641351351351 ] ] ] } },
{ "type": "Feature", "properties": { "latitude": 8.44717, "longitude": 77.58348, "brightness": 335.04, "scan": 0.46, "track": 0.39, "acq_date": "2026-08-31T00:00:00", "acq_time": 828, "satellite": "N20", "instrument": "VIIRS", "confidence": "n", "version": "2.0NRT", "brightness_bg": 302.12, "frp": 2.18, "daynight": "D", "source_left": "VIIRS_NOAA20_NRT", "cross_source_count": 1, "state": "Kerala", "zone_type": "none", "source_right": "curated_research", "osm_id": "", "nearest_zone_dist_m": 40280.174752109197, "is_industrial": false, "facility_type": "none", "zone_name": "Pepper Plantation (Kerala)", "temperature": 28.8, "humidity": 62, "wind_speed": 1.5, "wind_direction": 187, "aqi": 16, "persistence": 0.0, "ai_classification": "Routine Industrial Heat", "ai_confidence": 100.0, "spread_speed_kmh": 0.0, "risk_level": "Low (Routine Operation)", "mitigation_strategy": "Log & Monitor — No Action Required" }, "geometry": { "type": "Polygon", "coordinates": [ [ [ 77.58348, 8.448521351351351 ], [ 77.583746526925893, 8.448495385514057 ], [ 77.584002811371491, 8.448418485854745 ], [ 77.584239004469296, 8.448293607584192 ], [ 77.584446029450987, 8.448125549704306 ], [ 77.584615930462633, 8.447920770585162 ], [ 77.584742178303642, 8.447687139773466 ], [ 77.584819921340269, 8.447433635570292 ], [ 77.584846171951241, 8.44717 ], [ 77.584819921340269, 8.446906364429708 ], [ 77.584742178303642, 8.446652860226534 ], [ 77.584615930462633, 8.446419229414838 ], [ 77.584446029450987, 8.446214450295694 ], [ 77.584239004469296, 8.446046392415807 ], [ 77.584002811371491, 8.445921514145255 ], [ 77.583746526925893, 8.445844614485942 ], [ 77.58348, 8.445818648648649 ], [ 77.583213473074096, 8.445844614485942 ], [ 77.582957188628498, 8.445921514145255 ], [ 77.582720995530693, 8.446046392415807 ], [ 77.582513970549002, 8.446214450295694 ], [ 77.582344069537356, 8.446419229414838 ], [ 77.582217821696347, 8.446652860226534 ], [ 77.58214007865972, 8.446906364429708 ], [ 77.582113828048747, 8.44717 ], [ 77.58214007865972, 8.447433635570292 ], [ 77.582217821696347, 8.447687139773466 ], [ 77.582344069537356, 8.447920770585162 ], [ 77.582513970549002, 8.448125549704306 ], [ 77.582720995530693, 8.448293607584192 ], [ 77.582957188628498, 8.448418485854745 ], [ 77.583213473074096, 8.448495385514057 ], [ 77.58348, 8.448521351351351 ] ] ] } },
{ "type": "Feature", "properties": { "latitude": 8.45679, "longitude": 80.5248, "brightness": 340.68, "scan": 0.46, "track": 0.47, "acq_date": "2026-08-31T00:00:00", "acq_time": 828, "satellite": "N20", "instrument": "VIIRS", "confidence": "n", "version": "2.0NRT", "brightness_bg": 298.18, "frp": 2.27, "daynight": "D", "source_left": "VIIRS_NOAA20_NRT", "cross_source_count": 1, "state": "Tamil Nadu", "zone_type": "none", "source_right": "curated_research", "osm_id": "", "nearest_zone_dist_m": 212645.24138919494, "is_industrial": false, "facility_type": "none", "zone_name": "Cauvery Delta Rice (TN)", "temperature": 26.9, "humidity": 79, "wind_speed": 20.6, "wind_direction": 210, "aqi": 17, "persistence": 0.0, "ai_classification": "Wildfire", "ai_confidence": 100.0, "spread_speed_kmh": 2.22, "risk_level": "Moderate (Spreading)", "mitigation_strategy": "Establish Firebreak" }, "geometry": { "type": "Polygon", "coordinates": [ [ [ 80.532897177602422, 8.470662111948279 ], [ 80.53306357878111, 8.470401793193997 ], [ 80.533080200328769, 8.469901444621618 ], [ 80.53294653720809, 8.469176269069324 ], [ 80.532666650705366, 8.468248300629316 ], [ 80.532249045030341, 8.467145735153069 ], [ 80.53170640892013, 8.465902073534654 ], [ 80.531055230098374, 8.464555103803024 ], [ 80.530315294304032, 8.463145752951872 ], [ 80.529509084111808, 8.461716843393647 ], [ 80.528661095810421, 8.460311791822214 ], [ 80.527797095095323, 8.458973290018577 ], [ 80.526943334191017, 8.457742007682725 ], [ 80.526125754190559, 8.456655356705378 ], [ 80.525369196848558, 8.455746354426605 ], [ 80.524696649777013, 8.455042620420675 ], [ 80.52412854797835, 8.454565537289248 ], [ 80.523682152938278, 8.454329600961858 ], [ 80.523371028144169, 8.454341980244422 ], [ 80.52320462696548, 8.454602298998704 ], [ 80.523188005417822, 8.455102647571083 ], [ 80.5233216685385, 8.455827823123377 ], [ 80.523601555041225, 8.456755791563385 ], [ 80.52401916071625, 8.457858357039632 ], [ 80.524561796826461, 8.459102018658047 ], [ 80.525212975648216, 8.460448988389677 ], [ 80.525952911442559, 8.461858339240829 ], [ 80.526759121634782, 8.463287248799054 ], [ 80.52760710993617, 8.464692300370487 ], [ 80.528471110651267, 8.466030802174124 ], [ 80.529324871555573, 8.467262084509976 ], [ 80.530142451556031, 8.468348735487323 ], [ 80.530899008898032, 8.469257737766096 ], [ 80.531571555969578, 8.469961471772026 ], [ 80.532139657768241, 8.470438554903453 ], [ 80.532586052808313, 8.470674491230843 ], [ 80.532897177602422, 8.470662111948279 ] ] ] } },
{ "type": "Feature", "properties": { "latitude": 8.47278, "longitude": 80.77496, "brightness": 334.05, "scan": 0.48, "track": 0.48, "acq_date": "2026-08-31T00:00:00", "acq_time": 828, "satellite": "N20", "instrument": "VIIRS", "confidence": "n", "version": "2.0NRT", "brightness_bg": 301.25, "frp": 5.96, "daynight": "D", "source_left": "VIIRS_NOAA20_NRT", "cross_source_count": 1, "state": "Tamil Nadu", "zone_type": "none", "source_right": "curated_research", "osm_id": "", "nearest_zone_dist_m": 223039.5034444831, "is_industrial": false, "facility_type": "none", "zone_name": "Cauvery Delta Rice (TN)", "temperature": 26.7, "humidity": 79, "wind_speed": 19.9, "wind_direction": 224, "aqi": 16, "persistence": 0.0, "ai_classification": "Agricultural Burn", "ai_confidence": 100.0, "spread_speed_kmh": 1.65, "risk_level": "Low (Agricultural Hazard)", "mitigation_strategy": "Issue Local Admin Warning" }, "geometry": { "type": "Polygon", "coordinates": [ [ [ 80.785999168526018, 8.484086550579029 ], [ 80.786095942306119, 8.483798848515779 ], [ 80.785992469062819, 8.483317803535339 ], [ 80.785691892778246, 8.482658031946023 ], [ 80.785203346310709, 8.481839580573709 ], [ 80.784541673897408, 8.480887317649188 ], [ 80.783726980119795, 8.479830177199554 ], [ 80.782784019036058, 8.478700279902432 ], [ 80.78174144204155, 8.477531957115437 ], [ 80.780630927310696, 8.476360707735253 ], [ 80.779486217271639, 8.475222119581616 ], [ 80.778342093359669, 8.474150788079422 ], [ 80.777233319200874, 8.473179265094243 ], [ 80.776193584337037, 8.472337069860371 ], [ 80.775254480585829, 8.471649792053816 ], [ 80.774444542139548, 8.471138314262948 ], [ 80.773788378568028, 8.470818177481627 ], [ 80.773305927069359, 8.470699108903952 ], [ 80.773011846688178, 8.470784726368407 ], [ 80.772915072908077, 8.471072428431658 ], [ 80.773018546151377, 8.471553473412097 ], [ 80.77331912243595, 8.472213245001413 ], [ 80.773807668903487, 8.473031696373727 ], [ 80.774469341316788, 8.473983959298248 ], [ 80.775284035094401, 8.475041099747882 ], [ 80.776226996178139, 8.476170997045005 ], [ 80.777269573172646, 8.477339319832 ], [ 80.7783800879035, 8.478510569212183 ], [ 80.779524797942557, 8.47964915736582 ], [ 80.780668921854527, 8.480720488868014 ], [ 80.781777696013322, 8.481692011853193 ], [ 80.782817430877159, 8.482534207087065 ], [ 80.783756534628367, 8.483221484893621 ], [ 80.784566473074648, 8.483732962684488 ], [ 80.785222636646168, 8.484053099465809 ], [ 80.785705088144837, 8.484172168043484 ], [ 80.785999168526018, 8.484086550579029 ] ] ] } },
{ "type": "Feature", "properties": { "latitude": 8.3909, "longitude": 80.38186, "brightness": 349.29, "scan": 0.45, "track": 0.47, "acq_date": "2026-08-31T00:00:00", "acq_time": 828, "satellite": "N20", "instrument": "VIIRS", "confidence": "n", "version": "2.0NRT", "brightness_bg": 300.79, "frp": 40.32, "daynight": "D", "source_left": "VIIRS_NOAA20_NRT", "cross_source_count": 1, "state": "Tamil Nadu", "zone_type": "none", "source_right": "curated_research", "osm_id": "", "nearest_zone_dist_m": 213701.18928657129, "is_industrial": false, "facility_type": "none", "zone_name": "Cauvery Delta Rice (TN)", "temperature": 27.0, "humidity": 79, "wind_speed": 23.6, "wind_direction": 210, "aqi": 17, "persistence": 0.0, "ai_classification": "Wildfire", "ai_confidence": 100.0, "spread_speed_kmh": 5.18, "risk_level": "Critical (Spreading)", "mitigation_strategy": "Establish Firebreak" }, "geometry": { "type": "Polygon", "coordinates": [ [ [ 80.393178628829247, 8.410294350242618 ], [ 80.393411233043153, 8.409930403273757 ], [ 80.39343446750614, 8.409230874932845 ], [ 80.393247626250826, 8.408217020034542 ], [ 80.392856386354183, 8.406919644046898 ], [ 80.392272635442509, 8.405378167082795 ], [ 80.391514110491869, 8.403639426139758 ], [ 80.390603858899027, 8.401756251981501 ], [ 80.389569538198046, 8.399785863901888 ], [ 80.38844257570004, 8.397788131145653 ], [ 80.387257213590217, 8.395823753811694 ], [ 80.386049468496481, 8.393952418511279 ], [ 80.384856037142342, 8.392230984820571 ], [ 80.383713181335594, 8.390711757631175 ], [ 80.382655626171626, 8.389440897892474 ], [ 80.381715504928934, 8.388457020034542 ], [ 80.380921382715755, 8.387790018688227 ], [ 80.380297388533677, 8.387460160351916 ], [ 80.379862482130193, 8.387477467604244 ], [ 80.379629877916287, 8.387841414573105 ], [ 80.3796066434533, 8.388540942914016 ], [ 80.379793484708614, 8.38955479781232 ], [ 80.380184724605257, 8.390852173799964 ], [ 80.38076847551693, 8.392393650764067 ], [ 80.381527000467571, 8.394132391707103 ], [ 80.382437252060413, 8.39601556586536 ], [ 80.383471572761394, 8.397985953944973 ], [ 80.3845985352594, 8.399983686701209 ], [ 80.385783897369222, 8.401948064035167 ], [ 80.386991642462959, 8.403819399335582 ], [ 80.388185073817098, 8.40554083302629 ], [ 80.389327929623846, 8.407060060215686 ], [ 80.390385484787814, 8.408330919954388 ], [ 80.391325606030506, 8.409314797812319 ], [ 80.392119728243685, 8.409981799158635 ], [ 80.392743722425763, 8.410311657494946 ], [ 80.393178628829247, 8.410294350242618 ] ] ] } },
{ "type": "Feature", "properties": { "latitude": 9.26145, "longitude": 78.27647, "brightness": 325.0, "scan": 1.74, "track": 1.29, "acq_date": "2026-08-31T00:00:00", "acq_time": 353, "satellite": "Terra", "instrument": "MODIS", "confidence": "79", "version": "6.1NRT", "brightness_bg": 306.86, "frp": 16.75, "daynight": "D", "source_left": "MODIS_NRT", "cross_source_count": 1, "state": "Tamil Nadu", "zone_type": "parks", "source_right": "curated_research", "osm_id": "", "nearest_zone_dist_m": 0.0, "is_industrial": false, "facility_type": "protected_area", "zone_name": "Gulf of Mannar NP (Tamil Nadu)", "temperature": 29.6, "humidity": 59, "wind_speed": 12.6, "wind_direction": 280, "aqi": 19, "persistence": 0.0, "ai_classification": "Routine Industrial Heat", "ai_confidence": 100.0, "spread_speed_kmh": 0.0, "risk_level": "Low (Routine Operation)", "mitigation_strategy": "Log & Monitor — No Action Required" }, "geometry": { "type": "Polygon", "coordinates": [ [ [ 78.27647, 9.262801351351351 ], [ 78.276737117656225, 9.262775385514058 ], [ 78.276993970130704, 9.262698485854745 ], [ 78.277230686726924, 9.262573607584192 ], [ 78.277438170558824, 9.262405549704306 ], [ 78.277608448139091, 9.262200770585162 ], [ 78.277734975795838, 9.261967139773466 ], [ 78.277812891142148, 9.261713635570292 ], [ 78.277839199934974, 9.26145 ], [ 78.277812891142148, 9.261186364429708 ], [ 78.277734975795838, 9.260932860226534 ], [ 78.277608448139091, 9.260699229414838 ], [ 78.277438170558824, 9.260494450295694 ], [ 78.277230686726924, 9.260326392415807 ], [ 78.276993970130704, 9.260201514145255 ], [ 78.276737117656225, 9.260124614485942 ], [ 78.27647, 9.260098648648649 ], [ 78.276202882343782, 9.260124614485942 ], [ 78.275946029869303, 9.260201514145255 ], [ 78.275709313273083, 9.260326392415807 ], [ 78.275501829441183, 9.260494450295694 ], [ 78.275331551860916, 9.260699229414838 ], [ 78.275205024204169, 9.260932860226534 ], [ 78.275127108857859, 9.261186364429708 ], [ 78.275100800065033, 9.26145 ], [ 78.275127108857859, 9.261713635570292 ], [ 78.275205024204169, 9.261967139773466 ], [ 78.275331551860916, 9.262200770585162 ], [ 78.275501829441183, 9.262405549704306 ], [ 78.275709313273083, 9.262573607584192 ], [ 78.275946029869303, 9.262698485854745 ], [ 78.276202882343782, 9.262775385514058 ], [ 78.27647, 9.262801351351351 ] ] ] } },
{ "type": "Feature", "properties": { "latitude": 30.87475, "longitude": 82.85634, "brightness": 303.18, "scan": 1.47, "track": 1.2, "acq_date": "2026-08-31T00:00:00", "acq_time": 347, "satellite": "Terra", "instrument": "MODIS", "confidence": "39", "version": "6.1NRT", "brightness_bg": 286.21, "frp": 7.01, "daynight": "D", "source_left": "MODIS_NRT", "cross_source_count": 1, "state": "Uttarakhand", "zone_type": "none", "source_right": "curated_research", "osm_id": "", "nearest_zone_dist_m": 250829.91926818818, "is_industrial": false, "facility_type": "none", "zone_name": "Nanda Devi NP (Uttarakhand)", "temperature": 0.5, "humidity": 98, "wind_speed": 2.9, "wind_direction": 173, "aqi": 37, "persistence": 0.0, "ai_classification": "Natural Anomaly", "ai_confidence": 100.0, "spread_speed_kmh": 0.64, "risk_level": "Moderate (Spreading)", "mitigation_strategy": "Monitor" }, "geometry": { "type": "Polygon", "coordinates": [ [ [ 82.855796336763774, 30.878550289319346 ], [ 82.856063388451545, 30.878543958340835 ], [ 82.856332042993273, 30.878469896274179 ], [ 82.856594137456653, 30.878330353457795 ], [ 82.856841708234029, 30.87812956982955 ], [ 82.857067233012629, 30.877873646098386 ], [ 82.857263859336157, 30.877570358377369 ], [ 82.857425612813273, 30.877228921910433 ], [ 82.857547578646447, 30.876859711071848 ], [ 82.857626050965521, 30.876473944146117 ], [ 82.857658645428813, 30.876083342466067 ], [ 82.857644371670048, 30.875699774266099 ], [ 82.857583663390159, 30.875334894071869 ], [ 82.857478365179503, 30.874999788583445 ], [ 82.857331676470949, 30.874704639811515 ], [ 82.857148054326643, 30.874458415702165 ], [ 82.85693307801256, 30.874268597650364 ], [ 82.856693279475195, 30.874140953181559 ], [ 82.856435944871777, 30.874079360708347 ], [ 82.856168893184005, 30.874085691686858 ], [ 82.855900238642278, 30.874159753753514 ], [ 82.855638144178897, 30.874299296569898 ], [ 82.855390573401522, 30.874500080198143 ], [ 82.855165048622922, 30.874756003929306 ], [ 82.854968422299393, 30.875059291650324 ], [ 82.854806668822278, 30.87540072811726 ], [ 82.854684702989104, 30.875769938955845 ], [ 82.854606230670029, 30.876155705881576 ], [ 82.854573636206737, 30.876546307561625 ], [ 82.854587909965502, 30.876929875761594 ], [ 82.854648618245392, 30.877294755955823 ], [ 82.854753916456048, 30.877629861444248 ], [ 82.854900605164602, 30.877925010216178 ], [ 82.855084227308907, 30.878171234325528 ], [ 82.855299203622991, 30.878361052377329 ], [ 82.855539002160356, 30.878488696846134 ], [ 82.855796336763774, 30.878550289319346 ] ] ] } }
]
}
