{
"type": "FeatureCollection",
"name": "merged_hotspots",
"crs": { "type": "name", "properties": { "name": "urn:ogc:def:crs:OGC:1.3:CRS84" } },
"features": [
{ "type": "Feature", "properties": { "latitude": 8.03437, "longitude": 80.19405, "brightness": 338.36, "scan": 0.39, "track": 0.36, "acq_date": "2026-08-31T00:00:00", "acq_time": 807, "satellite": "N", "instrument": "VIIRS", "confidence": "n", "version": "2.0NRT", "brightness_bg": 306.27, "frp": 6.16, "daynight": "D", "source_left": "VIIRS_SNPP_NRT", "cross_source_count": 1, "state": "Tamil Nadu", "zone_type": "none", "source_right": "curated_research", "osm_id": "", "nearest_zone_dist_m": 228994.26286177794, "is_industrial": false, "facility_type": "none", "zone_name": "Gulf of Mannar NP (Tamil Nadu)", "temperature": 26.9, "humidity": 82, "wind_speed": 19.2, "wind_direction": 206, "aqi": 17, "persistence": 0.0 }, "geometry": { "type": "Point", "coordinates": [ 80.19405, 8.03437 ] } },
{ "type": "Feature", "properties": { "latitude": 8.6821, "longitude": 80.75552, "brightness": 349.96, "scan": 0.38, "track": 0.36, "acq_date": "2026-08-31T00:00:00", "acq_time": 807, "satellite": "N", "instrument": "VIIRS", "confidence": "n", "version": "2.0NRT", "brightness_bg": 308.89, "frp": 5.09, "daynight": "D", "source_left": "VIIRS_SNPP_NRT", "cross_source_count": 2, "state": "Tamil Nadu", "zone_type": "none", "source_right": "curated_research", "osm_id": "", "nearest_zone_dist_m": 201882.93982282773, "is_industrial": false, "facility_type": "none", "zone_name": "Cauvery Delta Rice (TN)", "temperature": 26.9, "humidity": 78, "wind_speed": 20.1, "wind_direction": 216, "aqi": 18, "persistence": 0.0 }, "geometry": { "type": "Point", "coordinates": [ 80.75552, 8.6821 ] } },
{ "type": "Feature", "properties": { "latitude": 8.74873, "longitude": 80.32748, "brightness": 338.49, "scan": 0.39, "track": 0.36, "acq_date": "2026-08-31T00:00:00", "acq_time": 807, "satellite": "N", "instrument": "VIIRS", "confidence": "n", "version": "2.0NRT", "brightness_bg": 305.13, "frp": 3.57, "daynight": "D", "source_left": "VIIRS_SNPP_NRT", "cross_source_count": 1, "state": "Tamil Nadu", "zone_type": "none", "source_right": "curated_research", "osm_id": "", "nearest_zone_dist_m": 174504.32220924599, "is_industrial": false, "facility_type": "none", "zone_name": "Cauvery Delta Rice (TN)", "temperature": 27.0, "humidity": 79, "wind_speed": 16.8, "wind_direction": 197, "aqi": 19, "persistence": 0.0 }, "geometry": { "type": "Point", "coordinates": [ 80.32748, 8.74873 ] } },
{ "type": "Feature", "properties": { "latitude": 8.78987, "longitude": 80.99559, "brightness": 343.59, "scan": 0.38, "track": 0.36, "acq_date": "2026-08-31T00:00:00", "acq_time": 807, "satellite": "N", "instrument": "VIIRS", "confidence": "n", "version": "2.0NRT", "brightness_bg": 307.86, "frp": 12.29, "daynight": "D", "source_left": "VIIRS_SNPP_NRT", "cross_source_count": 2, "state": "Tamil Nadu", "zone_type": "none", "source_right": "curated_research", "osm_id": "", "nearest_zone_dist_m": 206393.95007768084, "is_industrial": false, "facility_type": "none", "zone_name": "Cauvery Delta Rice (TN)", "temperature": 27.2, "humidity": 76, "wind_speed": 14.3, "wind_direction": 213, "aqi": 18, "persistence": 0.0 }, "geometry": { "type": "Point", "coordinates": [ 80.99559, 8.78987 ] } },
{ "type": "Feature", "properties": { "latitude": 8.80894, "longitude": 80.39244, "brightness": 341.51, "scan": 0.38, "track": 0.36, "acq_date": "2026-08-31T00:00:00", "acq_time": 807, "satellite": "N", "instrument": "VIIRS", "confidence": "n", "version": "2.0NRT", "brightness_bg": 306.81, "frp": 3.36, "daynight": "D", "source_left": "VIIRS_SNPP_NRT", "cross_source_count": 1, "state": "Tamil Nadu", "zone_type": "none", "source_right": "curated_research", "osm_id": "", "nearest_zone_dist_m": 171155.39718333649, "is_industrial": false, "facility_type": "none", "zone_name": "Cauvery Delta Rice (TN)", "temperature": 26.9, "humidity": 79, "wind_speed": 16.3, "wind_direction": 202, "aqi": 19, "persistence": 0.0 }, "geometry": { "type": "Point", "coordinates": [ 80.39244, 8.80894 ] } },
{ "type": "Feature", "properties": { "latitude": 8.85911, "longitude": 80.74155, "brightness": 349.7, "scan": 0.38, "track": 0.36, "acq_date": "2026-08-31T00:00:00", "acq_time": 807, "satellite": "N", "instrument": "VIIRS", "confidence": "n", "version": "2.0NRT", "brightness_bg": 311.49, "frp": 16.02, "daynight": "D", "source_left": "VIIRS_SNPP_NRT", "cross_source_count": 1, "state": "Tamil Nadu", "zone_type": "none", "source_right": "curated_research", "osm_id": "", "nearest_zone_dist_m": 184287.9832351814, "is_industrial": false, "facility_type": "none", "zone_name": "Cauvery Delta Rice (TN)", "temperature": 27.3, "humidity": 76, "wind_speed": 16.9, "wind_direction": 208, "aqi": 18, "persistence": 0.0 }, "geometry": { "type": "Point", "coordinates": [ 80.74155, 8.85911 ] } },
{ "type": "Feature", "properties": { "latitude": 8.90582, "longitude": 80.40517, "brightness": 338.33, "scan": 0.38, "track": 0.36, "acq_date": "2026-08-31T00:00:00", "acq_time": 807, "satellite": "N", "instrument": "VIIRS", "confidence": "n", "version": "2.0NRT", "brightness_bg": 305.91, "frp": 4.3, "daynight": "D", "source_left": "VIIRS_SNPP_NRT", "cross_source_count": 1, "state": "Tamil Nadu", "zone_type": "none", "source_right": "curated_research", "osm_id": "", "nearest_zone_dist_m": 162031.3930707986, "is_industrial": false, "facility_type": "none", "zone_name": "Cauvery Delta Rice (TN)", "temperature": 26.8, "humidity": 79, "wind_speed": 16.7, "wind_direction": 205, "aqi": 19, "persistence": 0.0 }, "geometry": { "type": "Point", "coordinates": [ 80.40517, 8.90582 ] } },
{ "type": "Feature", "properties": { "latitude": 8.97013, "longitude": 80.69147, "brightness": 345.28, "scan": 0.38, "track": 0.36, "acq_date": "2026-08-31T00:00:00", "acq_time": 807, "satellite": "N", "instrument": "VIIRS", "confidence": "n", "version": "2.0NRT", "brightness_bg": 311.26, "frp": 6.62, "daynight": "D", "source_left": "VIIRS_SNPP_NRT", "cross_source_count": 1, "state": "Tamil Nadu", "zone_type": "none", "source_right": "curated_research", "osm_id": "", "nearest_zone_dist_m": 170961.76998250885, "is_industrial": false, "facility_type": "none", "zone_name": "Cauvery Delta Rice (TN)", "temperature": 27.1, "humidity": 77, "wind_speed": 16.8, "wind_direction": 208, "aqi": 18, "persistence": 0.0 }, "geometry": { "type": "Point", "coordinates": [ 80.69147, 8.97013 ] } },
{ "type": "Feature", "properties": { "latitude": 9.02789, "longitude": 77.86799, "brightness": 345.65, "scan": 0.45, "track": 0.39, "acq_date": "2026-08-31T00:00:00", "acq_time": 807, "satellite": "N", "instrument": "VIIRS", "confidence": "n", "version": "2.0NRT", "brightness_bg": 311.04, "frp": 11.75, "daynight": "D", "source_left": "VIIRS_SNPP_NRT", "cross_source_count": 2, "state": "Tamil Nadu", "zone_type": "none", "source_right": "curated_research", "osm_id": "", "nearest_zone_dist_m": 6984.1225659171396, "is_industrial": false, "facility_type": "none", "zone_name": "Gulf of Mannar NP (Tamil Nadu)", "temperature": 26.5, "humidity": 75, "wind_speed": 17.1, "wind_direction": 262, "aqi": 18, "persistence": 0.0 }, "geometry": { "type": "Point", "coordinates": [ 77.86799, 9.02789 ] } },
{ "type": "Feature", "properties": { "latitude": 9.04133, "longitude": 80.45132, "brightness": 367.0, "scan": 0.38, "track": 0.36, "acq_date": "2026-08-31T00:00:00", "acq_time": 807, "satellite": "N", "instrument": "VIIRS", "confidence": "h", "version": "2.0NRT", "brightness_bg": 312.33, "frp": 19.68, "daynight": "D", "source_left": "VIIRS_SNPP_NRT", "cross_source_count": 2, "state": "Tamil Nadu", "zone_type": "none", "source_right": "curated_research", "osm_id": "", "nearest_zone_dist_m": 150817.72647196962, "is_industrial": false, "facility_type": "none", "zone_name": "Cauvery Delta Rice (TN)", "temperature": 26.9, "humidity": 78, "wind_speed": 16.1, "wind_direction": 198, "aqi": 21, "persistence": 0.0 }, "geometry": { "type": "Point", "coordinates": [ 80.45132, 9.04133 ] } },
{ "type": "Feature", "properties": { "latitude": 9.17741, "longitude": 78.13036, "brightness": 346.2, "scan": 0.43, "track": 0.38, "acq_date": "2026-08-31T00:00:00", "acq_time": 807, "satellite": "N", "instrument": "VIIRS", "confidence": "n", "version": "2.0NRT", "brightness_bg": 304.75, "frp": 6.86, "daynight": "D", "source_left": "VIIRS_SNPP_NRT", "cross_source_count": 1, "state": "Tamil Nadu", "zone_type": "parks", "source_right": "curated_research", "osm_id": "", "nearest_zone_dist_m": 0.0, "is_industrial": false, "facility_type": "protected_area", "zone_name": "Gulf of Mannar NP (Tamil Nadu)", "temperature": 29.3, "humidity": 60, "wind_speed": 14.5, "wind_direction": 264, "aqi": 18, "persistence": 0.0 }, "geometry": { "type": "Point", "coordinates": [ 78.13036, 9.17741 ] } },
{ "type": "Feature", "properties": { "latitude": 9.18498, "longitude": 80.30385, "brightness": 347.17, "scan": 0.39, "track": 0.36, "acq_date": "2026-08-31T00:00:00", "acq_time": 807, "satellite": "N", "instrument": "VIIRS", "confidence": "n", "version": "2.0NRT", "brightness_bg": 313.38, "frp": 6.16, "daynight": "D", "source_left": "VIIRS_SNPP_NRT", "cross_source_count": 1, "state": "Tamil Nadu", "zone_type": "none", "source_right": "curated_research", "osm_id": "", "nearest_zone_dist_m": 129352.6322786544, "is_industrial": false, "facility_type": "none", "zone_name": "Cauvery Delta Rice (TN)", "temperature": 26.9, "humidity": 79, "wind_speed": 15.0, "wind_direction": 194, "aqi": 21, "persistence": 0.0 }, "geometry": { "type": "Point", "coordinates": [ 80.30385, 9.18498 ] } },
{ "type": "Feature", "properties": { "latitude": 9.26766, "longitude": 80.71529, "brightness": 340.77, "scan": 0.38, "track": 0.36, "acq_date": "2026-08-31T00:00:00", "acq_time": 807, "satellite": "N", "instrument": "VIIRS", "confidence": "n", "version": "2.0NRT", "brightness_bg": 307.73, "frp": 6.53, "daynight": "D", "source_left": "VIIRS_SNPP_NRT", "cross_source_count": 1, "state": "Tamil Nadu", "zone_type": "none", "source_right": "curated_research", "osm_id": "", "nearest_zone_dist_m": 145602.54951912482, "is_industrial": false, "facility_type": "none", "zone_name": "Cauvery Delta Rice (TN)", "temperature": 27.3, "humidity": 76, "wind_speed": 17.3, "wind_direction": 197, "aqi": 21, "persistence": 0.0 }, "geometry": { "type": "Point", "coordinates": [ 80.71529, 9.26766 ] } },
{ "type": "Feature", "properties": { "latitude": 9.28584, "longitude": 80.72318, "brightness": 340.11, "scan": 0.38, "track": 0.36, "acq_date": "2026-08-31T00:00:00", "acq_time": 807, "satellite": "N", "instrument": "VIIRS", "confidence": "n", "version": "2.0NRT", "brightness_bg": 306.2, "frp": 3.86, "daynight": "D", "source_left": "VIIRS_SNPP_NRT", "cross_source_count": 1, "state": "Tamil Nadu", "zone_type": "none", "source_right": "curated_research", "osm_id": "", "nearest_zone_dist_m": 144545.27838923084, "is_industrial": false, "facility_type": "none", "zone_name": "Cauvery Delta Rice (TN)", "temperature": 27.4, "humidity": 76, "wind_speed": 18.7, "wind_direction": 197, "aqi": 21, "persistence": 0.0 }, "geometry": { "type": "Point", "coordinates": [ 80.72318, 9.28584 ] } },
{ "type": "Feature", "properties": { "latitude": 8.68129, "longitude": 81.15162, "brightness": 341.5, "scan": 0.39, "track": 0.36, "acq_date": "2026-08-31T00:00:00", "acq_time": 807, "satellite": "N", "instrument": "VIIRS", "confidence": "n", "version": "2.0NRT", "brightness_bg": 311.49, "frp": 6.41, "daynight": "D", "source_left": "VIIRS_SNPP_NRT", "cross_source_count": 1, "state": "Tamil Nadu", "zone_type": "none", "source_right": "curated_research", "osm_id": "", "nearest_zone_dist_m": 226237.32463760616, "is_industrial": false, "facility_type": "none", "zone_name": "Cauvery Delta Rice (TN)", "temperature": 27.4, "humidity": 75, "wind_speed": 14.3, "wind_direction": 214, "aqi": 17, "persistence": 0.0 }, "geometry": { "type": "Point", "coordinates": [ 81.15162, 8.68129 ] } },
{ "type": "Feature", "properties": { "latitude": 9.39429, "longitude": 80.28052, "brightness": 338.13, "scan": 0.38, "track": 0.36, "acq_date": "2026-08-31T00:00:00", "acq_time": 807, "satellite": "N", "instrument": "VIIRS", "confidence": "n", "version": "2.0NRT", "brightness_bg": 306.48, "frp": 3.06, "daynight": "D", "source_left": "VIIRS_SNPP_NRT", "cross_source_count": 1, "state": "Tamil Nadu", "zone_type": "none", "source_right": "curated_research", "osm_id": "", "nearest_zone_dist_m": 107571.22645163958, "is_industrial": false, "facility_type": "none", "zone_name": "Cauvery Delta Rice (TN)", "temperature": 27.5, "humidity": 76, "wind_speed": 17.2, "wind_direction": 190, "aqi": 21, "persistence": 0.0 }, "geometry": { "type": "Point", "coordinates": [ 80.28052, 9.39429 ] } },
{ "type": "Feature", "properties": { "latitude": 9.77185, "longitude": 78.36581, "brightness": 340.43, "scan": 0.42, "track": 0.38, "acq_date": "2026-08-31T00:00:00", "acq_time": 807, "satellite": "N", "instrument": "VIIRS", "confidence": "n", "version": "2.0NRT", "brightness_bg": 303.44, "frp": 3.64, "daynight": "D", "source_left": "VIIRS_SNPP_NRT", "cross_source_count": 2, "state": "Tamil Nadu", "zone_type": "none", "source_right": "curated_research", "osm_id": "", "nearest_zone_dist_m": 53113.463809618959, "is_industrial": false, "facility_type": "none", "zone_name": "Gulf of Mannar NP (Tamil Nadu)", "temperature": 28.6, "humidity": 70, "wind_speed": 6.4, "wind_direction": 16, "aqi": 24, "persistence": 0.0 }, "geometry": { "type": "Point", "coordinates": [ 78.36581, 9.77185 ] } },
{ "type": "Feature", "properties": { "latitude": 11.52934, "longitude": 77.24984, "brightness": 332.74, "scan": 0.45, "track": 0.39, "acq_date": "2026-08-31T00:00:00", "acq_time": 809, "satellite": "N", "instrument": "VIIRS", "confidence": "n", "version": "2.0NRT", "brightness_bg": 298.98, "frp": 4.63, "daynight": "D", "source_left": "VIIRS_SNPP_NRT", "cross_source_count": 1, "state": "Tamil Nadu", "zone_type": "none", "source_right": "curated_research", "osm_id": "", "nearest_zone_dist_m": 29138.572789077574, "is_industrial": false, "facility_type": "none", "zone_name": "Nilgiris Biosphere Reserve", "temperature": 28.3, "humidity": 58, "wind_speed": 3.6, "wind_direction": 279, "aqi": 23, "persistence": 0.0 }, "geometry": { "type": "Point", "coordinates": [ 77.24984, 11.52934 ] } },
{ "type": "Feature", "properties": { "latitude": 11.73493, "longitude": 77.98431, "brightness": 331.16, "scan": 0.42, "track": 0.37, "acq_date": "2026-08-31T00:00:00", "acq_time": 809, "satellite": "N", "instrument": "VIIRS", "confidence": "n", "version": "2.0NRT", "brightness_bg": 299.52, "frp": 3.07, "daynight": "D", "source_left": "VIIRS_SNPP_NRT", "cross_source_count": 1, "state": "Tamil Nadu", "zone_type": "none", "source_right": "curated_research", "osm_id": "", "nearest_zone_dist_m": 33341.093558981229, "is_industrial": false, "facility_type": "none", "zone_name": "Turmeric Belt (Erode, TN)", "temperature": 27.9, "humidity": 72, "wind_speed": 4.1, "wind_direction": 128, "aqi": 22, "persistence": 0.0 }, "geometry": { "type": "Point", "coordinates": [ 77.98431, 11.73493 ] } },
{ "type": "Feature", "properties": { "latitude": 11.99713, "longitude": 79.547, "brightness": 346.13, "scan": 0.39, "track": 0.36, "acq_date": "2026-08-31T00:00:00", "acq_time": 809, "satellite": "N", "instrument": "VIIRS", "confidence": "n", "version": "2.0NRT", "brightness_bg": 308.36, "frp": 8.02, "daynight": "D", "source_left": "VIIRS_SNPP_NRT", "cross_source_count": 1, "state": "Tamil Nadu", "zone_type": "none", "source_right": "curated_research", "osm_id": "", "nearest_zone_dist_m": 62836.377064214801, "is_industrial": false, "facility_type": "none", "zone_name": "Cauvery Delta Rice (TN)", "temperature": 26.1, "humidity": 87, "wind_speed": 10.5, "wind_direction": 173, "aqi": 38, "persistence": 0.0 }, "geometry": { "type": "Point", "coordinates": [ 79.547, 11.99713 ] } },
{ "type": "Feature", "properties": { "latitude": 12.58657, "longitude": 79.6415, "brightness": 349.15, "scan": 0.38, "track": 0.36, "acq_date": "2026-08-31T00:00:00", "acq_time": 809, "satellite": "N", "instrument": "VIIRS", "confidence": "n", "version": "2.0NRT", "brightness_bg": 307.62, "frp": 4.02, "daynight": "D", "source_left": "VIIRS_SNPP_NRT", "cross_source_count": 1, "state": "Tamil Nadu", "zone_type": "none", "source_right": "curated_research", "osm_id": "", "nearest_zone_dist_m": 69353.463167936934, "is_industrial": false, "facility_type": "none", "zone_name": "Chennai Industrial Corridor (TN)", "temperature": 27.2, "humidity": 75, "wind_speed": 10.5, "wind_direction": 197, "aqi": 33, "persistence": 0.0 }, "geometry": { "type": "Point", "coordinates": [ 79.6415, 12.58657 ] } },
{ "type": "Feature", "properties": { "latitude": 13.40939, "longitude": 80.26858, "brightness": 339.14, "scan": 0.39, "track": 0.36, "acq_date": "2026-08-31T00:00:00", "acq_time": 809, "satellite": "N", "instrument": "VIIRS", "confidence": "n", "version": "2.0NRT", "brightness_bg": 301.29, "frp": 2.09, "daynight": "D", "source_left": "VIIRS_SNPP_NRT", "cross_source_count": 1, "state": "Tamil Nadu", "zone_type": "none", "source_right": "curated_research", "osm_id": "", "nearest_zone_dist_m": 13856.885615210787, "is_industrial": false, "facility_type": "none", "zone_name": "Ennore Power + Petrochemical (TN)", "temperature": 28.7, "humidity": 87, "wind_speed": 10.2, "wind_direction": 159, "aqi": 37, "persistence": 0.0 }, "geometry": { "type": "Point", "coordinates": [ 80.26858, 13.40939 ] } },
{ "type": "Feature", "properties": { "latitude": 13.81923, "longitude": 79.34404, "brightness": 351.56, "scan": 0.38, "track": 0.36, "acq_date": "2026-08-31T00:00:00", "acq_time": 809, "satellite": "N", "instrument": "VIIRS", "confidence": "n", "version": "2.0NRT", "brightness_bg": 293.93, "frp": 13.51, "daynight": "D", "source_left": "VIIRS_SNPP_NRT", "cross_source_count": 1, "state": "Andhra Pradesh", "zone_type": "none", "source_right": "curated_research", "osm_id": "", "nearest_zone_dist_m": 58168.850591797731, "is_industrial": false, "facility_type": "none", "zone_name": "Mango Belt (AP)", "temperature": 25.6, "humidity": 64, "wind_speed": 6.5, "wind_direction": 242, "aqi": 26, "persistence": 0.0 }, "geometry": { "type": "Point", "coordinates": [ 79.34404, 13.81923 ] } },
{ "type": "Feature", "properties": { "latitude": 14.47656, "longitude": 78.25895, "brightness": 335.97, "scan": 0.39, "track": 0.36, "acq_date": "2026-08-31T00:00:00", "acq_time": 809, "satellite": "N", "instrument": "VIIRS", "confidence": "n", "version": "2.0NRT", "brightness_bg": 296.94, "frp": 5.87, "daynight": "D", "source_left": "VIIRS_SNPP_NRT", "cross_source_count": 1, "state": "Andhra Pradesh", "zone_type": "agricultural", "source_right": "curated_research", "osm_id": "", "nearest_zone_dist_m": 0.0, "is_industrial": false, "facility_type": "farmland", "zone_name": "Mango Belt (AP)", "temperature": 29.0, "humidity": 56, "wind_speed": 18.7, "wind_direction": 268, "aqi": 20, "persistence": 0.0 }, "geometry": { "type": "Point", "coordinates": [ 78.25895, 14.47656 ] } },
{ "type": "Feature", "properties": { "latitude": 27.71435, "longitude": 68.49007, "brightness": 350.78, "scan": 0.5, "track": 0.49, "acq_date": "2026-08-31T00:00:00", "acq_time": 813, "satellite": "N", "instrument": "VIIRS", "confidence": "n", "version": "2.0NRT", "brightness_bg": 304.87, "frp": 28.78, "daynight": "D", "source_left": "VIIRS_SNPP_NRT", "cross_source_count": 3, "state": "Rajasthan", "zone_type": "none", "source_right": "curated_research", "osm_id": "", "nearest_zone_dist_m": 485479.59490776039, "is_industrial": false, "facility_type": "none", "zone_name": "Rajasthan Kharif Crops", "temperature": 31.6, "humidity": 55, "wind_speed": 15.1, "wind_direction": 179, "aqi": 84, "persistence": 0.0 }, "geometry": { "type": "Point", "coordinates": [ 68.49007, 27.71435 ] } },
{ "type": "Feature", "properties": { "latitude": 28.12977, "longitude": 76.78864, "brightness": 335.41, "scan": 0.39, "track": 0.36, "acq_date": "2026-08-31T00:00:00", "acq_time": 813, "satellite": "N", "instrument": "VIIRS", "confidence": "n", "version": "2.0NRT", "brightness_bg": 296.53, "frp": 2.37, "daynight": "D", "source_left": "VIIRS_SNPP_NRT", "cross_source_count": 1, "state": "Uttar Pradesh", "zone_type": "none", "source_right": "curated_research", "osm_id": "", "nearest_zone_dist_m": 37126.934551250961, "is_industrial": false, "facility_type": "none", "zone_name": "Sugarcane Belt (UP Western)", "temperature": 27.6, "humidity": 74, "wind_speed": 6.1, "wind_direction": 247, "aqi": 99, "persistence": 0.0 }, "geometry": { "type": "Point", "coordinates": [ 76.78864, 28.12977 ] } },
{ "type": "Feature", "properties": { "latitude": 31.1293, "longitude": 74.65489, "brightness": 341.05, "scan": 0.39, "track": 0.36, "acq_date": "2026-08-31T00:00:00", "acq_time": 813, "satellite": "N", "instrument": "VIIRS", "confidence": "n", "version": "2.0NRT", "brightness_bg": 298.33, "frp": 4.79, "daynight": "D", "source_left": "VIIRS_SNPP_NRT", "cross_source_count": 1, "state": "Punjab", "zone_type": "agricultural", "source_right": "curated_research", "osm_id": "", "nearest_zone_dist_m": 0.0, "is_industrial": false, "facility_type": "farmland", "zone_name": "Punjab Wheat Belt", "temperature": 29.4, "humidity": 70, "wind_speed": 8.3, "wind_direction": 184, "aqi": 94, "persistence": 0.0 }, "geometry": { "type": "Point", "coordinates": [ 74.65489, 31.1293 ] } },
{ "type": "Feature", "properties": { "latitude": 31.3222, "longitude": 72.33394, "brightness": 341.28, "scan": 0.43, "track": 0.38, "acq_date": "2026-08-31T00:00:00", "acq_time": 813, "satellite": "N", "instrument": "VIIRS", "confidence": "n", "version": "2.0NRT", "brightness_bg": 301.15, "frp": 8.52, "daynight": "D", "source_left": "VIIRS_SNPP_NRT", "cross_source_count": 1, "state": "Punjab", "zone_type": "none", "source_right": "curated_research", "osm_id": "", "nearest_zone_dist_m": 191798.10273270818, "is_industrial": false, "facility_type": "none", "zone_name": "Punjab Wheat Belt", "temperature": 31.0, "humidity": 59, "wind_speed": 6.1, "wind_direction": 156, "aqi": 81, "persistence": 0.0 }, "geometry": { "type": "Point", "coordinates": [ 72.33394, 31.3222 ] } },
{ "type": "Feature", "properties": { "latitude": 31.37494, "longitude": 74.45004, "brightness": 346.78, "scan": 0.39, "track": 0.36, "acq_date": "2026-08-31T00:00:00", "acq_time": 813, "satellite": "N", "instrument": "VIIRS", "confidence": "n", "version": "2.0NRT", "brightness_bg": 300.46, "frp": 6.1, "daynight": "D", "source_left": "VIIRS_SNPP_NRT", "cross_source_count": 1, "state": "Punjab", "zone_type": "none", "source_right": "curated_research", "osm_id": "", "nearest_zone_dist_m": 30526.041313908394, "is_industrial": false, "facility_type": "none", "zone_name": "Punjab Wheat Belt", "temperature": 28.8, "humidity": 77, "wind_speed": 3.7, "wind_direction": 125, "aqi": 90, "persistence": 0.0 }, "geometry": { "type": "Point", "coordinates": [ 74.45004, 31.37494 ] } },
{ "type": "Feature", "properties": { "latitude": 9.41306, "longitude": 80.4028, "brightness": 353.54, "scan": 0.38, "track": 0.36, "acq_date": "2026-08-31T00:00:00", "acq_time": 807, "satellite": "N", "instrument": "VIIRS", "confidence": "n", "version": "2.0NRT", "brightness_bg": 307.32, "frp": 5.73, "daynight": "D", "source_left": "VIIRS_SNPP_NRT", "cross_source_count": 2, "state": "Tamil Nadu", "zone_type": "none", "source_right": "curated_research", "osm_id": "", "nearest_zone_dist_m": 112623.47868106919, "is_industrial": false, "facility_type": "none", "zone_name": "Cauvery Delta Rice (TN)", "temperature": 27.6, "humidity": 76, "wind_speed": 18.4, "wind_direction": 189, "aqi": 23, "persistence": 0.0 }, "geometry": { "type": "Point", "coordinates": [ 80.4028, 9.41306 ] } },
{ "type": "Feature", "properties": { "latitude": 8.67386, "longitude": 80.74609, "brightness": 338.19, "scan": 0.38, "track": 0.36, "acq_date": "2026-08-31T00:00:00", "acq_time": 807, "satellite": "N", "instrument": "VIIRS", "confidence": "n", "version": "2.0NRT", "brightness_bg": 307.61, "frp": 6.91, "daynight": "D", "source_left": "VIIRS_SNPP_NRT", "cross_source_count": 1, "state": "Tamil Nadu", "zone_type": "none", "source_right": "curated_research", "osm_id": "", "nearest_zone_dist_m": 202139.9680036756, "is_industrial": false, "facility_type": "none", "zone_name": "Cauvery Delta Rice (TN)", "temperature": 26.9, "humidity": 78, "wind_speed": 20.1, "wind_direction": 216, "aqi": 18, "persistence": 0.0 }, "geometry": { "type": "Point", "coordinates": [ 80.74609, 8.67386 ] } },
{ "type": "Feature", "properties": { "latitude": 11.99381, "longitude": 79.54753, "brightness": 350.08, "scan": 0.39, "track": 0.36, "acq_date": "2026-08-31T00:00:00", "acq_time": 809, "satellite": "N", "instrument": "VIIRS", "confidence": "n", "version": "2.0NRT", "brightness_bg": 310.35, "frp": 8.02, "daynight": "D", "source_left": "VIIRS_SNPP_NRT", "cross_source_count": 1, "state": "Tamil Nadu", "zone_type": "none", "source_right": "curated_research", "osm_id": "", "nearest_zone_dist_m": 62472.38836280613, "is_industrial": false, "facility_type": "none", "zone_name": "Cauvery Delta Rice (TN)", "temperature": 26.1, "humidity": 87, "wind_speed": 10.5, "wind_direction": 173, "aqi": 38, "persistence": 0.0 }, "geometry": { "type": "Point", "coordinates": [ 79.54753, 11.99381 ] } },
{ "type": "Feature", "properties": { "latitude": 8.6401, "longitude": 80.65864, "brightness": 339.77, "scan": 0.38, "track": 0.36, "acq_date": "2026-08-31T00:00:00", "acq_time": 807, "satellite": "N", "instrument": "VIIRS", "confidence": "n", "version": "2.0NRT", "brightness_bg": 303.83, "frp": 15.49, "daynight": "D", "source_left": "VIIRS_SNPP_NRT", "cross_source_count": 2, "state": "Tamil Nadu", "zone_type": "none", "source_right": "curated_research", "osm_id": "", "nearest_zone_dist_m": 200688.52171133133, "is_industrial": false, "facility_type": "none", "zone_name": "Cauvery Delta Rice (TN)", "temperature": 26.5, "humidity": 80, "wind_speed": 20.2, "wind_direction": 215, "aqi": 18, "persistence": 0.0 }, "geometry": { "type": "Point", "coordinates": [ 80.65864, 8.6401 ] } },
{ "type": "Feature", "properties": { "latitude": 8.66698, "longitude": 80.36886, "brightness": 337.97, "scan": 0.39, "track": 0.36, "acq_date": "2026-08-31T00:00:00", "acq_time": 807, "satellite": "N", "instrument": "VIIRS", "confidence": "n", "version": "2.0NRT", "brightness_bg": 307.33, "frp": 3.35, "daynight": "D", "source_left": "VIIRS_SNPP_NRT", "cross_source_count": 1, "state": "Tamil Nadu", "zone_type": "none", "source_right": "curated_research", "osm_id": "", "nearest_zone_dist_m": 184583.13401882921, "is_industrial": false, "facility_type": "none", "zone_name": "Cauvery Delta Rice (TN)", "temperature": 27.0, "humidity": 79, "wind_speed": 18.6, "wind_direction": 203, "aqi": 19, "persistence": 0.0 }, "geometry": { "type": "Point", "coordinates": [ 80.36886, 8.66698 ] } },
{ "type": "Feature", "properties": { "latitude": 8.08878, "longitude": 80.19277, "brightness": 344.37, "scan": 0.39, "track": 0.36, "acq_date": "2026-08-31T00:00:00", "acq_time": 807, "satellite": "N", "instrument": "VIIRS", "confidence": "n", "version": "2.0NRT", "brightness_bg": 305.52, "frp": 5.01, "daynight": "D", "source_left": "VIIRS_SNPP_NRT", "cross_source_count": 1, "state": "Tamil Nadu", "zone_type": "none", "source_right": "curated_research", "osm_id": "", "nearest_zone_dist_m": 226129.17422856501, "is_industrial": false, "facility_type": "none", "zone_name": "Gulf of Mannar NP (Tamil Nadu)", "temperature": 26.9, "humidity": 82, "wind_speed": 20.8, "wind_direction": 207, "aqi": 17, "persistence": 0.0 }, "geometry": { "type": "Point", "coordinates": [ 80.19277, 8.08878 ] } },
{ "type": "Feature", "properties": { "latitude": 8.14198, "longitude": 79.99303, "brightness": 337.81, "scan": 0.39, "track": 0.36, "acq_date": "2026-08-31T00:00:00", "acq_time": 807, "satellite": "N", "instrument": "VIIRS", "confidence": "n", "version": "2.0NRT", "brightness_bg": 303.02, "frp": 3.1, "daynight": "D", "source_left": "VIIRS_SNPP_NRT", "cross_source_count": 1, "state": "Tamil Nadu", "zone_type": "none", "source_right": "curated_research", "osm_id": "", "nearest_zone_dist_m": 203851.89865190315, "is_industrial": false, "facility_type": "none", "zone_name": "Gulf of Mannar NP (Tamil Nadu)", "temperature": 27.1, "humidity": 82, "wind_speed": 18.6, "wind_direction": 205, "aqi": 17, "persistence": 0.0 }, "geometry": { "type": "Point", "coordinates": [ 79.99303, 8.14198 ] } },
{ "type": "Feature", "properties": { "latitude": 8.28108, "longitude": 80.16919, "brightness": 341.22, "scan": 0.39, "track": 0.36, "acq_date": "2026-08-31T00:00:00", "acq_time": 807, "satellite": "N", "instrument": "VIIRS", "confidence": "n", "version": "2.0NRT", "brightness_bg": 309.37, "frp": 3.83, "daynight": "D", "source_left": "VIIRS_SNPP_NRT", "cross_source_count": 1, "state": "Tamil Nadu", "zone_type": "none", "source_right": "curated_research", "osm_id": "", "nearest_zone_dist_m": 214926.3011241128, "is_industrial": false, "facility_type": "none", "zone_name": "Gulf of Mannar NP (Tamil Nadu)", "temperature": 27.0, "humidity": 80, "wind_speed": 22.1, "wind_direction": 208, "aqi": 20, "persistence": 0.0 }, "geometry": { "type": "Point", "coordinates": [ 80.16919, 8.28108 ] } },
{ "type": "Feature", "properties": { "latitude": 8.29091, "longitude": 80.21081, "brightness": 346.43, "scan": 0.39, "track": 0.36, "acq_date": "2026-08-31T00:00:00", "acq_time": 807, "satellite": "N", "instrument": "VIIRS", "confidence": "n", "version": "2.0NRT", "brightness_bg": 308.56, "frp": 5.81, "daynight": "D", "source_left": "VIIRS_SNPP_NRT", "cross_source_count": 1, "state": "Tamil Nadu", "zone_type": "none", "source_right": "curated_research", "osm_id": "", "nearest_zone_dist_m": 218451.63639113677, "is_industrial": false, "facility_type": "none", "zone_name": "Cauvery Delta Rice (TN)", "temperature": 27.0, "humidity": 80, "wind_speed": 22.1, "wind_direction": 208, "aqi": 17, "persistence": 0.0 }, "geometry": { "type": "Point", "coordinates": [ 80.21081, 8.29091 ] } },
{ "type": "Feature", "properties": { "latitude": 8.30053, "longitude": 80.16256, "brightness": 339.1, "scan": 0.39, "track": 0.36, "acq_date": "2026-08-31T00:00:00", "acq_time": 807, "satellite": "N", "instrument": "VIIRS", "confidence": "n", "version": "2.0NRT", "brightness_bg": 308.91, "frp": 3.66, "daynight": "D", "source_left": "VIIRS_SNPP_NRT", "cross_source_count": 1, "state": "Tamil Nadu", "zone_type": "none", "source_right": "curated_research", "osm_id": "", "nearest_zone_dist_m": 213441.71222100063, "is_industrial": false, "facility_type": "none", "zone_name": "Gulf of Mannar NP (Tamil Nadu)", "temperature": 27.0, "humidity": 80, "wind_speed": 22.5, "wind_direction": 207, "aqi": 20, "persistence": 0.0 }, "geometry": { "type": "Point", "coordinates": [ 80.16256, 8.30053 ] } },
{ "type": "Feature", "properties": { "latitude": 8.38703, "longitude": 80.15557, "brightness": 346.01, "scan": 0.39, "track": 0.36, "acq_date": "2026-08-31T00:00:00", "acq_time": 807, "satellite": "N", "instrument": "VIIRS", "confidence": "n", "version": "2.0NRT", "brightness_bg": 310.23, "frp": 4.9, "daynight": "D", "source_left": "VIIRS_SNPP_NRT", "cross_source_count": 2, "state": "Tamil Nadu", "zone_type": "none", "source_right": "curated_research", "osm_id": "", "nearest_zone_dist_m": 206621.86431808112, "is_industrial": false, "facility_type": "none", "zone_name": "Cauvery Delta Rice (TN)", "temperature": 26.9, "humidity": 80, "wind_speed": 22.4, "wind_direction": 206, "aqi": 20, "persistence": 0.0 }, "geometry": { "type": "Point", "coordinates": [ 80.15557, 8.38703 ] } },
{ "type": "Feature", "properties": { "latitude": 8.42869, "longitude": 80.62504, "brightness": 341.14, "scan": 0.38, "track": 0.36, "acq_date": "2026-08-31T00:00:00", "acq_time": 807, "satellite": "N", "instrument": "VIIRS", "confidence": "n", "version": "2.0NRT", "brightness_bg": 308.86, "frp": 5.61, "daynight": "D", "source_left": "VIIRS_SNPP_NRT", "cross_source_count": 1, "state": "Tamil Nadu", "zone_type": "none", "source_right": "curated_research", "osm_id": "", "nearest_zone_dist_m": 220063.07189871595, "is_industrial": false, "facility_type": "none", "zone_name": "Cauvery Delta Rice (TN)", "temperature": 26.7, "humidity": 80, "wind_speed": 22.1, "wind_direction": 220, "aqi": 16, "persistence": 0.0 }, "geometry": { "type": "Point", "coordinates": [ 80.62504, 8.42869 ] } },
{ "type": "Feature", "properties": { "latitude": 8.4316, "longitude": 80.79919, "brightness": 341.2, "scan": 0.38, "track": 0.36, "acq_date": "2026-08-31T00:00:00", "acq_time": 807, "satellite": "N", "instrument": "VIIRS", "confidence": "n", "version": "2.0NRT", "brightness_bg": 309.0, "frp": 6.05, "daynight": "D", "source_left": "VIIRS_SNPP_NRT", "cross_source_count": 2, "state": "Tamil Nadu", "zone_type": "none", "source_right": "curated_research", "osm_id": "", "nearest_zone_dist_m": 228313.19095699512, "is_industrial": false, "facility_type": "none", "zone_name": "Cauvery Delta Rice (TN)", "temperature": 26.6, "humidity": 80, "wind_speed": 18.6, "wind_direction": 227, "aqi": 16, "persistence": 0.0 }, "geometry": { "type": "Point", "coordinates": [ 80.79919, 8.4316 ] } },
{ "type": "Feature", "properties": { "latitude": 8.44716, "longitude": 80.87873, "brightness": 338.83, "scan": 0.38, "track": 0.36, "acq_date": "2026-08-31T00:00:00", "acq_time": 807, "satellite": "N", "instrument": "VIIRS", "confidence": "n", "version": "2.0NRT", "brightness_bg": 306.9, "frp": 7.37, "daynight": "D", "source_left": "VIIRS_SNPP_NRT", "cross_source_count": 1, "state": "Tamil Nadu", "zone_type": "none", "source_right": "curated_research", "osm_id": "", "nearest_zone_dist_m": 231142.88673079549, "is_industrial": false, "facility_type": "none", "zone_name": "Cauvery Delta Rice (TN)", "temperature": 26.7, "humidity": 79, "wind_speed": 18.0, "wind_direction": 228, "aqi": 16, "persistence": 0.0 }, "geometry": { "type": "Point", "coordinates": [ 80.87873, 8.44716 ] } },
{ "type": "Feature", "properties": { "latitude": 8.46928, "longitude": 80.77913, "brightness": 346.94, "scan": 0.38, "track": 0.36, "acq_date": "2026-08-31T00:00:00", "acq_time": 807, "satellite": "N", "instrument": "VIIRS", "confidence": "n", "version": "2.0NRT", "brightness_bg": 307.83, "frp": 7.93, "daynight": "D", "source_left": "VIIRS_SNPP_NRT", "cross_source_count": 1, "state": "Tamil Nadu", "zone_type": "none", "source_right": "curated_research", "osm_id": "", "nearest_zone_dist_m": 223598.73234448812, "is_industrial": false, "facility_type": "none", "zone_name": "Cauvery Delta Rice (TN)", "temperature": 26.7, "humidity": 79, "wind_speed": 19.9, "wind_direction": 224, "aqi": 16, "persistence": 0.0 }, "geometry": { "type": "Point", "coordinates": [ 80.77913, 8.46928 ] } },
{ "type": "Feature", "properties": { "latitude": 8.47334, "longitude": 80.16677, "brightness": 342.12, "scan": 0.39, "track": 0.36, "acq_date": "2026-08-31T00:00:00", "acq_time": 807, "satellite": "N", "instrument": "VIIRS", "confidence": "n", "version": "2.0NRT", "brightness_bg": 309.88, "frp": 7.33, "daynight": "D", "source_left": "VIIRS_SNPP_NRT", "cross_source_count": 1, "state": "Tamil Nadu", "zone_type": "none", "source_right": "curated_research", "osm_id": "", "nearest_zone_dist_m": 197717.01621892065, "is_industrial": false, "facility_type": "none", "zone_name": "Cauvery Delta Rice (TN)", "temperature": 27.0, "humidity": 80, "wind_speed": 21.3, "wind_direction": 205, "aqi": 20, "persistence": 0.0 }, "geometry": { "type": "Point", "coordinates": [ 80.16677, 8.47334 ] } },
{ "type": "Feature", "properties": { "latitude": 8.49225, "longitude": 80.81834, "brightness": 353.12, "scan": 0.38, "track": 0.36, "acq_date": "2026-08-31T00:00:00", "acq_time": 807, "satellite": "N", "instrument": "VIIRS", "confidence": "n", "version": "2.0NRT", "brightness_bg": 310.05, "frp": 11.16, "daynight": "D", "source_left": "VIIRS_SNPP_NRT", "cross_source_count": 2, "state": "Tamil Nadu", "zone_type": "none", "source_right": "curated_research", "osm_id": "", "nearest_zone_dist_m": 223488.31486243597, "is_industrial": false, "facility_type": "none", "zone_name": "Cauvery Delta Rice (TN)", "temperature": 26.7, "humidity": 79, "wind_speed": 19.9, "wind_direction": 224, "aqi": 16, "persistence": 0.0 }, "geometry": { "type": "Point", "coordinates": [ 80.81834, 8.49225 ] } },
{ "type": "Feature", "properties": { "latitude": 8.49889, "longitude": 80.81732, "brightness": 341.45, "scan": 0.38, "track": 0.36, "acq_date": "2026-08-31T00:00:00", "acq_time": 807, "satellite": "N", "instrument": "VIIRS", "confidence": "n", "version": "2.0NRT", "brightness_bg": 307.32, "frp": 4.41, "daynight": "D", "source_left": "VIIRS_SNPP_NRT", "cross_source_count": 1, "state": "Tamil Nadu", "zone_type": "none", "source_right": "curated_research", "osm_id": "", "nearest_zone_dist_m": 222795.89838361452, "is_industrial": false, "facility_type": "none", "zone_name": "Cauvery Delta Rice (TN)", "temperature": 26.7, "humidity": 79, "wind_speed": 19.9, "wind_direction": 224, "aqi": 16, "persistence": 0.0 }, "geometry": { "type": "Point", "coordinates": [ 80.81732, 8.49889 ] } },
{ "type": "Feature", "properties": { "latitude": 8.3721, "longitude": 80.43393, "brightness": 336.87, "scan": 0.39, "track": 0.36, "acq_date": "2026-08-31T00:00:00", "acq_time": 807, "satellite": "N", "instrument": "VIIRS", "confidence": "n", "version": "2.0NRT", "brightness_bg": 304.21, "frp": 6.87, "daynight": "D", "source_left": "VIIRS_SNPP_NRT", "cross_source_count": 2, "state": "Tamil Nadu", "zone_type": "none", "source_right": "curated_research", "osm_id": "", "nearest_zone_dist_m": 217590.65120078274, "is_industrial": false, "facility_type": "none", "zone_name": "Cauvery Delta Rice (TN)", "temperature": 26.9, "humidity": 80, "wind_speed": 22.2, "wind_direction": 209, "aqi": 17, "persistence": 0.0 }, "geometry": { "type": "Point", "coordinates": [ 80.43393, 8.3721 ] } },
{ "type": "Feature", "properties": { "latitude": 8.5192, "longitude": 80.46411, "brightness": 331.95, "scan": 0.38, "track": 0.36, "acq_date": "2026-08-31T00:00:00", "acq_time": 807, "satellite": "N", "instrument": "VIIRS", "confidence": "n", "version": "2.0NRT", "brightness_bg": 300.33, "frp": 2.27, "daynight": "D", "source_left": "VIIRS_SNPP_NRT", "cross_source_count": 1, "state": "Tamil Nadu", "zone_type": "none", "source_right": "curated_research", "osm_id": "", "nearest_zone_dist_m": 203672.13978304315, "is_industrial": false, "facility_type": "none", "zone_name": "Cauvery Delta Rice (TN)", "temperature": 26.9, "humidity": 79, "wind_speed": 20.5, "wind_direction": 208, "aqi": 17, "persistence": 0.0 }, "geometry": { "type": "Point", "coordinates": [ 80.46411, 8.5192 ] } },
{ "type": "Feature", "properties": { "latitude": 8.63466, "longitude": 80.53464, "brightness": 338.93, "scan": 0.38, "track": 0.36, "acq_date": "2026-08-31T00:00:00", "acq_time": 807, "satellite": "N", "instrument": "VIIRS", "confidence": "n", "version": "2.0NRT", "brightness_bg": 306.44, "frp": 3.24, "daynight": "D", "source_left": "VIIRS_SNPP_NRT", "cross_source_count": 1, "state": "Tamil Nadu", "zone_type": "none", "source_right": "curated_research", "osm_id": "", "nearest_zone_dist_m": 195220.1868092886, "is_industrial": false, "facility_type": "none", "zone_name": "Cauvery Delta Rice (TN)", "temperature": 26.7, "humidity": 79, "wind_speed": 20.2, "wind_direction": 210, "aqi": 19, "persistence": 0.0 }, "geometry": { "type": "Point", "coordinates": [ 80.53464, 8.63466 ] } },
{ "type": "Feature", "properties": { "latitude": 8.51151, "longitude": 80.56882, "brightness": 332.96, "scan": 0.38, "track": 0.36, "acq_date": "2026-08-31T00:00:00", "acq_time": 807, "satellite": "N", "instrument": "VIIRS", "confidence": "n", "version": "2.0NRT", "brightness_bg": 300.44, "frp": 4.3, "daynight": "D", "source_left": "VIIRS_SNPP_NRT", "cross_source_count": 1, "state": "Tamil Nadu", "zone_type": "none", "source_right": "curated_research", "osm_id": "", "nearest_zone_dist_m": 209150.28697062194, "is_industrial": false, "facility_type": "none", "zone_name": "Cauvery Delta Rice (TN)", "temperature": 26.7, "humidity": 80, "wind_speed": 20.1, "wind_direction": 213, "aqi": 17, "persistence": 0.0 }, "geometry": { "type": "Point", "coordinates": [ 80.56882, 8.51151 ] } },
{ "type": "Feature", "properties": { "latitude": 8.63006, "longitude": 80.57103, "brightness": 332.78, "scan": 0.38, "track": 0.36, "acq_date": "2026-08-31T00:00:00", "acq_time": 807, "satellite": "N", "instrument": "VIIRS", "confidence": "n", "version": "2.0NRT", "brightness_bg": 301.35, "frp": 2.36, "daynight": "D", "source_left": "VIIRS_SNPP_NRT", "cross_source_count": 1, "state": "Tamil Nadu", "zone_type": "none", "source_right": "curated_research", "osm_id": "", "nearest_zone_dist_m": 197373.85869211413, "is_industrial": false, "facility_type": "none", "zone_name": "Cauvery Delta Rice (TN)", "temperature": 26.7, "humidity": 79, "wind_speed": 20.2, "wind_direction": 210, "aqi": 19, "persistence": 0.0 }, "geometry": { "type": "Point", "coordinates": [ 80.57103, 8.63006 ] } },
{ "type": "Feature", "properties": { "latitude": 8.6213, "longitude": 80.7978, "brightness": 348.51, "scan": 0.38, "track": 0.36, "acq_date": "2026-08-31T00:00:00", "acq_time": 807, "satellite": "N", "instrument": "VIIRS", "confidence": "n", "version": "2.0NRT", "brightness_bg": 306.04, "frp": 6.63, "daynight": "D", "source_left": "VIIRS_SNPP_NRT", "cross_source_count": 1, "state": "Tamil Nadu", "zone_type": "none", "source_right": "curated_research", "osm_id": "", "nearest_zone_dist_m": 210036.04924624242, "is_industrial": false, "facility_type": "none", "zone_name": "Cauvery Delta Rice (TN)", "temperature": 27.0, "humidity": 78, "wind_speed": 21.2, "wind_direction": 216, "aqi": 18, "persistence": 0.0 }, "geometry": { "type": "Point", "coordinates": [ 80.7978, 8.6213 ] } },
{ "type": "Feature", "properties": { "latitude": 8.61921, "longitude": 81.14049, "brightness": 350.21, "scan": 0.38, "track": 0.36, "acq_date": "2026-08-31T00:00:00", "acq_time": 807, "satellite": "N", "instrument": "VIIRS", "confidence": "n", "version": "2.0NRT", "brightness_bg": 312.03, "frp": 9.6, "daynight": "D", "source_left": "VIIRS_SNPP_NRT", "cross_source_count": 2, "state": "Tamil Nadu", "zone_type": "none", "source_right": "curated_research", "osm_id": "", "nearest_zone_dist_m": 231030.88249766544, "is_industrial": false, "facility_type": "none", "zone_name": "Cauvery Delta Rice (TN)", "temperature": 27.3, "humidity": 75, "wind_speed": 13.4, "wind_direction": 217, "aqi": 17, "persistence": 0.0 }, "geometry": { "type": "Point", "coordinates": [ 81.14049, 8.61921 ] } },
{ "type": "Feature", "properties": { "latitude": 8.62135, "longitude": 80.97601, "brightness": 335.68, "scan": 0.38, "track": 0.36, "acq_date": "2026-08-31T00:00:00", "acq_time": 807, "satellite": "N", "instrument": "VIIRS", "confidence": "n", "version": "2.0NRT", "brightness_bg": 304.01, "frp": 1.17, "daynight": "D", "source_left": "VIIRS_SNPP_NRT", "cross_source_count": 1, "state": "Tamil Nadu", "zone_type": "none", "source_right": "curated_research", "osm_id": "", "nearest_zone_dist_m": 220353.70288974396, "is_industrial": false, "facility_type": "none", "zone_name": "Cauvery Delta Rice (TN)", "temperature": 27.0, "humidity": 77, "wind_speed": 16.9, "wind_direction": 218, "aqi": 18, "persistence": 0.0 }, "geometry": { "type": "Point", "coordinates": [ 80.97601, 8.62135 ] } },
{ "type": "Feature", "properties": { "latitude": 8.59252, "longitude": 80.60977, "brightness": 336.11, "scan": 0.38, "track": 0.36, "acq_date": "2026-08-31T00:00:00", "acq_time": 807, "satellite": "N", "instrument": "VIIRS", "confidence": "n", "version": "2.0NRT", "brightness_bg": 302.77, "frp": 3.19, "daynight": "D", "source_left": "VIIRS_SNPP_NRT", "cross_source_count": 1, "state": "Tamil Nadu", "zone_type": "none", "source_right": "curated_research", "osm_id": "", "nearest_zone_dist_m": 202955.93624759142, "is_industrial": false, "facility_type": "none", "zone_name": "Cauvery Delta Rice (TN)", "temperature": 26.5, "humidity": 80, "wind_speed": 20.2, "wind_direction": 215, "aqi": 16, "persistence": 0.0 }, "geometry": { "type": "Point", "coordinates": [ 80.60977, 8.59252 ] } },
{ "type": "Feature", "properties": { "latitude": 8.5921, "longitude": 80.41267, "brightness": 348.81, "scan": 0.39, "track": 0.36, "acq_date": "2026-08-31T00:00:00", "acq_time": 807, "satellite": "N", "instrument": "VIIRS", "confidence": "n", "version": "2.0NRT", "brightness_bg": 308.67, "frp": 9.48, "daynight": "D", "source_left": "VIIRS_SNPP_NRT", "cross_source_count": 1, "state": "Tamil Nadu", "zone_type": "none", "source_right": "curated_research", "osm_id": "", "nearest_zone_dist_m": 194062.56936260909, "is_industrial": false, "facility_type": "none", "zone_name": "Cauvery Delta Rice (TN)", "temperature": 27.1, "humidity": 78, "wind_speed": 19.9, "wind_direction": 206, "aqi": 17, "persistence": 0.0 }, "geometry": { "type": "Point", "coordinates": [ 80.41267, 8.5921 ] } },
{ "type": "Feature", "properties": { "latitude": 8.57523, "longitude": 80.74078, "brightness": 334.55, "scan": 0.38, "track": 0.36, "acq_date": "2026-08-31T00:00:00", "acq_time": 807, "satellite": "N", "instrument": "VIIRS", "confidence": "n", "version": "2.0NRT", "brightness_bg": 302.39, "frp": 0.92, "daynight": "D", "source_left": "VIIRS_SNPP_NRT", "cross_source_count": 1, "state": "Tamil Nadu", "zone_type": "none", "source_right": "curated_research", "osm_id": "", "nearest_zone_dist_m": 211301.88884996608, "is_industrial": false, "facility_type": "none", "zone_name": "Cauvery Delta Rice (TN)", "temperature": 26.7, "humidity": 79, "wind_speed": 21.3, "wind_direction": 218, "aqi": 16, "persistence": 0.0 }, "geometry": { "type": "Point", "coordinates": [ 80.74078, 8.57523 ] } },
{ "type": "Feature", "properties": { "latitude": 8.56241, "longitude": 80.85677, "brightness": 347.43, "scan": 0.38, "track": 0.36, "acq_date": "2026-08-31T00:00:00", "acq_time": 807, "satellite": "N", "instrument": "VIIRS", "confidence": "n", "version": "2.0NRT", "brightness_bg": 309.81, "frp": 6.27, "daynight": "D", "source_left": "VIIRS_SNPP_NRT", "cross_source_count": 1, "state": "Tamil Nadu", "zone_type": "none", "source_right": "curated_research", "osm_id": "", "nearest_zone_dist_m": 218940.92583039458, "is_industrial": false, "facility_type": "none", "zone_name": "Cauvery Delta Rice (TN)", "temperature": 26.9, "humidity": 78, "wind_speed": 19.2, "wind_direction": 222, "aqi": 16, "persistence": 0.0 }, "geometry": { "type": "Point", "coordinates": [ 80.85677, 8.56241 ] } },
{ "type": "Feature", "properties": { "latitude": 8.55763, "longitude": 80.62587, "brightness": 339.42, "scan": 0.38, "track": 0.36, "acq_date": "2026-08-31T00:00:00", "acq_time": 807, "satellite": "N", "instrument": "VIIRS", "confidence": "n", "version": "2.0NRT", "brightness_bg": 308.82, "frp": 7.3, "daynight": "D", "source_left": "VIIRS_SNPP_NRT", "cross_source_count": 2, "state": "Tamil Nadu", "zone_type": "none", "source_right": "curated_research", "osm_id": "", "nearest_zone_dist_m": 207199.85334373091, "is_industrial": false, "facility_type": "none", "zone_name": "Cauvery Delta Rice (TN)", "temperature": 26.6, "humidity": 80, "wind_speed": 20.6, "wind_direction": 216, "aqi": 16, "persistence": 0.0 }, "geometry": { "type": "Point", "coordinates": [ 80.62587, 8.55763 ] } },
{ "type": "Feature", "properties": { "latitude": 8.59517, "longitude": 80.82677, "brightness": 344.09, "scan": 0.38, "track": 0.36, "acq_date": "2026-08-31T00:00:00", "acq_time": 807, "satellite": "N", "instrument": "VIIRS", "confidence": "n", "version": "2.0NRT", "brightness_bg": 307.19, "frp": 24.38, "daynight": "D", "source_left": "VIIRS_SNPP_NRT", "cross_source_count": 2, "state": "Tamil Nadu", "zone_type": "none", "source_right": "curated_research", "osm_id": "", "nearest_zone_dist_m": 214144.04567605729, "is_industrial": false, "facility_type": "none", "zone_name": "Cauvery Delta Rice (TN)", "temperature": 27.1, "humidity": 77, "wind_speed": 19.8, "wind_direction": 216, "aqi": 16, "persistence": 0.0 }, "geometry": { "type": "Point", "coordinates": [ 80.82677, 8.59517 ] } },
{ "type": "Feature", "properties": { "latitude": 9.00123, "longitude": 80.77132, "brightness": 336.29, "scan": 0.49, "track": 0.48, "acq_date": "2026-08-31T00:00:00", "acq_time": 828, "satellite": "N20", "instrument": "VIIRS", "confidence": "n", "version": "2.0NRT", "brightness_bg": 303.31, "frp": 2.96, "daynight": "D", "source_left": "VIIRS_NOAA20_NRT", "cross_source_count": 1, "state": "Tamil Nadu", "zone_type": "none", "source_right": "curated_research", "osm_id": "", "nearest_zone_dist_m": 172995.91344675468, "is_industrial": false, "facility_type": "none", "zone_name": "Cauvery Delta Rice (TN)", "temperature": 27.2, "humidity": 77, "wind_speed": 15.5, "wind_direction": 205, "aqi": 21, "persistence": 0.0 }, "geometry": { "type": "Point", "coordinates": [ 80.77132, 9.00123 ] } },
{ "type": "Feature", "properties": { "latitude": 9.14675, "longitude": 80.68382, "brightness": 341.12, "scan": 0.48, "track": 0.48, "acq_date": "2026-08-31T00:00:00", "acq_time": 828, "satellite": "N20", "instrument": "VIIRS", "confidence": "n", "version": "2.0NRT", "brightness_bg": 305.98, "frp": 7.74, "daynight": "D", "source_left": "VIIRS_NOAA20_NRT", "cross_source_count": 1, "state": "Tamil Nadu", "zone_type": "none", "source_right": "curated_research", "osm_id": "", "nearest_zone_dist_m": 154318.21873473076, "is_industrial": false, "facility_type": "none", "zone_name": "Cauvery Delta Rice (TN)", "temperature": 27.3, "humidity": 76, "wind_speed": 16.3, "wind_direction": 198, "aqi": 21, "persistence": 0.0 }, "geometry": { "type": "Point", "coordinates": [ 80.68382, 9.14675 ] } },
{ "type": "Feature", "properties": { "latitude": 8.97628, "longitude": 80.38439, "brightness": 341.82, "scan": 0.46, "track": 0.47, "acq_date": "2026-08-31T00:00:00", "acq_time": 828, "satellite": "N20", "instrument": "VIIRS", "confidence": "n", "version": "2.0NRT", "brightness_bg": 303.0, "frp": 6.5, "daynight": "D", "source_left": "VIIRS_NOAA20_NRT", "cross_source_count": 1, "state": "Tamil Nadu", "zone_type": "none", "source_right": "curated_research", "osm_id": "", "nearest_zone_dist_m": 154005.63622502616, "is_industrial": false, "facility_type": "none", "zone_name": "Cauvery Delta Rice (TN)", "temperature": 26.9, "humidity": 79, "wind_speed": 15.2, "wind_direction": 196, "aqi": 19, "persistence": 0.0 }, "geometry": { "type": "Point", "coordinates": [ 80.38439, 8.97628 ] } },
{ "type": "Feature", "properties": { "latitude": 9.09946, "longitude": 77.59773, "brightness": 340.97, "scan": 0.47, "track": 0.4, "acq_date": "2026-08-31T00:00:00", "acq_time": 828, "satellite": "N20", "instrument": "VIIRS", "confidence": "n", "version": "2.0NRT", "brightness_bg": 309.36, "frp": 6.5, "daynight": "D", "source_left": "VIIRS_NOAA20_NRT", "cross_source_count": 1, "state": "Tamil Nadu", "zone_type": "none", "source_right": "curated_research", "osm_id": "", "nearest_zone_dist_m": 35677.503618218521, "is_industrial": false, "facility_type": "none", "zone_name": "Gulf of Mannar NP (Tamil Nadu)", "temperature": 27.3, "humidity": 69, "wind_speed": 18.1, "wind_direction": 257, "aqi": 15, "persistence": 0.0 }, "geometry": { "type": "Point", "coordinates": [ 77.59773, 9.09946 ] } },
{ "type": "Feature", "properties": { "latitude": 9.10032, "longitude": 78.18219, "brightness": 340.05, "scan": 0.51, "track": 0.41, "acq_date": "2026-08-31T00:00:00", "acq_time": 828, "satellite": "N20", "instrument": "VIIRS", "confidence": "n", "version": "2.0NRT", "brightness_bg": 305.68, "frp": 12.25, "daynight": "D", "source_left": "VIIRS_NOAA20_NRT", "cross_source_count": 1, "state": "Tamil Nadu", "zone_type": "parks", "source_right": "curated_research", "osm_id": "", "nearest_zone_dist_m": 0.0, "is_industrial": false, "facility_type": "protected_area", "zone_name": "Gulf of Mannar NP (Tamil Nadu)", "temperature": 28.6, "humidity": 65, "wind_speed": 15.7, "wind_direction": 267, "aqi": 18, "persistence": 0.0 }, "geometry": { "type": "Point", "coordinates": [ 78.18219, 9.10032 ] } },
{ "type": "Feature", "properties": { "latitude": 9.17064, "longitude": 80.13245, "brightness": 337.12, "scan": 0.45, "track": 0.47, "acq_date": "2026-08-31T00:00:00", "acq_time": 828, "satellite": "N20", "instrument": "VIIRS", "confidence": "n", "version": "2.0NRT", "brightness_bg": 301.83, "frp": 7.29, "daynight": "D", "source_left": "VIIRS_NOAA20_NRT", "cross_source_count": 1, "state": "Tamil Nadu", "zone_type": "none", "source_right": "curated_research", "osm_id": "", "nearest_zone_dist_m": 123281.02911406377, "is_industrial": false, "facility_type": "none", "zone_name": "Cauvery Delta Rice (TN)", "temperature": 27.3, "humidity": 78, "wind_speed": 16.4, "wind_direction": 184, "aqi": 22, "persistence": 0.0 }, "geometry": { "type": "Point", "coordinates": [ 80.13245, 9.17064 ] } },
{ "type": "Feature", "properties": { "latitude": 9.38395, "longitude": 80.45099, "brightness": 341.9, "scan": 0.47, "track": 0.48, "acq_date": "2026-08-31T00:00:00", "acq_time": 828, "satellite": "N20", "instrument": "VIIRS", "confidence": "n", "version": "2.0NRT", "brightness_bg": 303.09, "frp": 6.92, "daynight": "D", "source_left": "VIIRS_NOAA20_NRT", "cross_source_count": 1, "state": "Tamil Nadu", "zone_type": "none", "source_right": "curated_research", "osm_id": "", "nearest_zone_dist_m": 118192.67816356948, "is_industrial": false, "facility_type": "none", "zone_name": "Cauvery Delta Rice (TN)", "temperature": 27.5, "humidity": 76, "wind_speed": 18.5, "wind_direction": 190, "aqi": 21, "persistence": 0.0 }, "geometry": { "type": "Point", "coordinates": [ 80.45099, 9.38395 ] } },
{ "type": "Feature", "properties": { "latitude": 9.33502, "longitude": 77.6755, "brightness": 340.82, "scan": 0.48, "track": 0.4, "acq_date": "2026-08-31T00:00:00", "acq_time": 828, "satellite": "N20", "instrument": "VIIRS", "confidence": "n", "version": "2.0NRT", "brightness_bg": 297.84, "frp": 8.25, "daynight": "D", "source_left": "VIIRS_NOAA20_NRT", "cross_source_count": 1, "state": "Kerala", "zone_type": "none", "source_right": "curated_research", "osm_id": "", "nearest_zone_dist_m": 30239.695076892673, "is_industrial": false, "facility_type": "none", "zone_name": "Kerala Western Ghats Forests", "temperature": 29.0, "humidity": 58, "wind_speed": 12.5, "wind_direction": 266, "aqi": 15, "persistence": 0.0 }, "geometry": { "type": "Point", "coordinates": [ 77.6755, 9.33502 ] } },
{ "type": "Feature", "properties": { "latitude": 9.33629, "longitude": 76.59998, "brightness": 331.62, "scan": 0.43, "track": 0.38, "acq_date": "2026-08-31T00:00:00", "acq_time": 828, "satellite": "N20", "instrument": "VIIRS", "confidence": "n", "version": "2.0NRT", "brightness_bg": 297.35, "frp": 2.3, "daynight": "D", "source_left": "VIIRS_NOAA20_NRT", "cross_source_count": 1, "state": "Kerala", "zone_type": "none", "source_right": "curated_research", "osm_id": "", "nearest_zone_dist_m": 4558.4254203201108, "is_industrial": false, "facility_type": "none", "zone_name": "Kerala Coconut Plantation", "temperature": 24.3, "humidity": 98, "wind_speed": 7.6, "wind_direction": 15, "aqi": 19, "persistence": 0.0 }, "geometry": { "type": "Point", "coordinates": [ 76.59998, 9.33629 ] } },
{ "type": "Feature", "properties": { "latitude": 9.36466, "longitude": 80.44054, "brightness": 343.81, "scan": 0.47, "track": 0.48, "acq_date": "2026-08-31T00:00:00", "acq_time": 828, "satellite": "N20", "instrument": "VIIRS", "confidence": "n", "version": "2.0NRT", "brightness_bg": 305.66, "frp": 5.75, "daynight": "D", "source_left": "VIIRS_NOAA20_NRT", "cross_source_count": 1, "state": "Tamil Nadu", "zone_type": "none", "source_right": "curated_research", "osm_id": "", "nearest_zone_dist_m": 119360.26871103137, "is_industrial": false, "facility_type": "none", "zone_name": "Cauvery Delta Rice (TN)", "temperature": 27.5, "humidity": 76, "wind_speed": 18.5, "wind_direction": 190, "aqi": 21, "persistence": 0.0 }, "geometry": { "type": "Point", "coordinates": [ 80.44054, 9.36466 ] } },
{ "type": "Feature", "properties": { "latitude": 9.41398, "longitude": 80.47003, "brightness": 331.51, "scan": 0.47, "track": 0.48, "acq_date": "2026-08-31T00:00:00", "acq_time": 828, "satellite": "N20", "instrument": "VIIRS", "confidence": "n", "version": "2.0NRT", "brightness_bg": 300.22, "frp": 2.38, "daynight": "D", "source_left": "VIIRS_NOAA20_NRT", "cross_source_count": 1, "state": "Tamil Nadu", "zone_type": "none", "source_right": "curated_research", "osm_id": "", "nearest_zone_dist_m": 116626.78207553021, "is_industrial": false, "facility_type": "none", "zone_name": "Cauvery Delta Rice (TN)", "temperature": 27.5, "humidity": 76, "wind_speed": 18.5, "wind_direction": 190, "aqi": 23, "persistence": 0.0 }, "geometry": { "type": "Point", "coordinates": [ 80.47003, 9.41398 ] } },
{ "type": "Feature", "properties": { "latitude": 9.30984, "longitude": 80.43034, "brightness": 335.04, "scan": 0.47, "track": 0.48, "acq_date": "2026-08-31T00:00:00", "acq_time": 828, "satellite": "N20", "instrument": "VIIRS", "confidence": "n", "version": "2.0NRT", "brightness_bg": 299.73, "frp": 3.09, "daynight": "D", "source_left": "VIIRS_NOAA20_NRT", "cross_source_count": 1, "state": "Tamil Nadu", "zone_type": "none", "source_right": "curated_research", "osm_id": "", "nearest_zone_dist_m": 123949.01085203541, "is_industrial": false, "facility_type": "none", "zone_name": "Cauvery Delta Rice (TN)", "temperature": 27.1, "humidity": 78, "wind_speed": 16.9, "wind_direction": 191, "aqi": 21, "persistence": 0.0 }, "geometry": { "type": "Point", "coordinates": [ 80.43034, 9.30984 ] } },
{ "type": "Feature", "properties": { "latitude": 8.91393, "longitude": 80.42594, "brightness": 347.9, "scan": 0.46, "track": 0.47, "acq_date": "2026-08-31T00:00:00", "acq_time": 828, "satellite": "N20", "instrument": "VIIRS", "confidence": "n", "version": "2.0NRT", "brightness_bg": 304.41, "frp": 18.93, "daynight": "D", "source_left": "VIIRS_NOAA20_NRT", "cross_source_count": 1, "state": "Tamil Nadu", "zone_type": "none", "source_right": "curated_research", "osm_id": "", "nearest_zone_dist_m": 162183.86652893669, "is_industrial": false, "facility_type": "none", "zone_name": "Cauvery Delta Rice (TN)", "temperature": 26.8, "humidity": 79, "wind_speed": 16.7, "wind_direction": 205, "aqi": 19, "persistence": 0.0 }, "geometry": { "type": "Point", "coordinates": [ 80.42594, 8.91393 ] } },
{ "type": "Feature", "properties": { "latitude": 8.90025, "longitude": 80.48766, "brightness": 349.11, "scan": 0.47, "track": 0.47, "acq_date": "2026-08-31T00:00:00", "acq_time": 828, "satellite": "N20", "instrument": "VIIRS", "confidence": "n", "version": "2.0NRT", "brightness_bg": 304.52, "frp": 5.05, "daynight": "D", "source_left": "VIIRS_NOAA20_NRT", "cross_source_count": 1, "state": "Tamil Nadu", "zone_type": "none", "source_right": "curated_research", "osm_id": "", "nearest_zone_dist_m": 166502.93746469237, "is_industrial": false, "facility_type": "none", "zone_name": "Cauvery Delta Rice (TN)", "temperature": 26.7, "humidity": 79, "wind_speed": 17.6, "wind_direction": 207, "aqi": 19, "persistence": 0.0 }, "geometry": { "type": "Point", "coordinates": [ 80.48766, 8.90025 ] } },
{ "type": "Feature", "properties": { "latitude": 9.43492, "longitude": 77.46063, "brightness": 336.91, "scan": 0.47, "track": 0.4, "acq_date": "2026-08-31T00:00:00", "acq_time": 828, "satellite": "N20", "instrument": "VIIRS", "confidence": "n", "version": "2.0NRT", "brightness_bg": 306.59, "frp": 2.32, "daynight": "D", "source_left": "VIIRS_NOAA20_NRT", "cross_source_count": 1, "state": "Kerala", "zone_type": "none", "source_right": "curated_research", "osm_id": "", "nearest_zone_dist_m": 4698.8665879639011, "is_industrial": false, "facility_type": "none", "zone_name": "Kerala Western Ghats Forests", "temperature": 27.8, "humidity": 63, "wind_speed": 10.3, "wind_direction": 289, "aqi": 15, "persistence": 0.0 }, "geometry": { "type": "Point", "coordinates": [ 77.46063, 9.43492 ] } },
{ "type": "Feature", "properties": { "latitude": 8.64901, "longitude": 80.814, "brightness": 332.32, "scan": 0.49, "track": 0.48, "acq_date": "2026-08-31T00:00:00", "acq_time": 828, "satellite": "N20", "instrument": "VIIRS", "confidence": "n", "version": "2.0NRT", "brightness_bg": 301.8, "frp": 1.84, "daynight": "D", "source_left": "VIIRS_NOAA20_NRT", "cross_source_count": 1, "state": "Tamil Nadu", "zone_type": "none", "source_right": "curated_research", "osm_id": "", "nearest_zone_dist_m": 208303.76345760431, "is_industrial": false, "facility_type": "none", "zone_name": "Cauvery Delta Rice (TN)", "temperature": 27.0, "humidity": 78, "wind_speed": 21.2, "wind_direction": 216, "aqi": 18, "persistence": 0.0 }, "geometry": { "type": "Point", "coordinates": [ 80.814, 8.64901 ] } },
{ "type": "Feature", "properties": { "latitude": 8.65062, "longitude": 80.9914, "brightness": 346.12, "scan": 0.5, "track": 0.49, "acq_date": "2026-08-31T00:00:00", "acq_time": 828, "satellite": "N20", "instrument": "VIIRS", "confidence": "n", "version": "2.0NRT", "brightness_bg": 303.27, "frp": 8.52, "daynight": "D", "source_left": "VIIRS_NOAA20_NRT", "cross_source_count": 1, "state": "Tamil Nadu", "zone_type": "none", "source_right": "curated_research", "osm_id": "", "nearest_zone_dist_m": 218629.97355784461, "is_industrial": false, "facility_type": "none", "zone_name": "Cauvery Delta Rice (TN)", "temperature": 26.9, "humidity": 77, "wind_speed": 14.2, "wind_direction": 216, "aqi": 18, "persistence": 0.0 }, "geometry": { "type": "Point", "coordinates": [ 80.9914, 8.65062 ] } },
{ "type": "Feature", "properties": { "latitude": 8.65821, "longitude": 80.88054, "brightness": 332.53, "scan": 0.49, "track": 0.49, "acq_date": "2026-08-31T00:00:00", "acq_time": 828, "satellite": "N20", "instrument": "VIIRS", "confidence": "n", "version": "2.0NRT", "brightness_bg": 299.8, "frp": 4.07, "daynight": "D", "source_left": "VIIRS_NOAA20_NRT", "cross_source_count": 1, "state": "Tamil Nadu", "zone_type": "none", "source_right": "curated_research", "osm_id": "", "nearest_zone_dist_m": 211222.47014632076, "is_industrial": false, "facility_type": "none", "zone_name": "Cauvery Delta Rice (TN)", "temperature": 27.1, "humidity": 77, "wind_speed": 19.2, "wind_direction": 214, "aqi": 18, "persistence": 0.0 }, "geometry": { "type": "Point", "coordinates": [ 80.88054, 8.65821 ] } },
{ "type": "Feature", "properties": { "latitude": 8.67534, "longitude": 80.90561, "brightness": 346.08, "scan": 0.49, "track": 0.49, "acq_date": "2026-08-31T00:00:00", "acq_time": 828, "satellite": "N20", "instrument": "VIIRS", "confidence": "n", "version": "2.0NRT", "brightness_bg": 302.55, "frp": 5.1, "daynight": "D", "source_left": "VIIRS_NOAA20_NRT", "cross_source_count": 1, "state": "Tamil Nadu", "zone_type": "none", "source_right": "curated_research", "osm_id": "", "nearest_zone_dist_m": 211107.79551084497, "is_industrial": false, "facility_type": "none", "zone_name": "Cauvery Delta Rice (TN)", "temperature": 27.1, "humidity": 77, "wind_speed": 17.0, "wind_direction": 214, "aqi": 18, "persistence": 0.0 }, "geometry": { "type": "Point", "coordinates": [ 80.90561, 8.67534 ] } },
{ "type": "Feature", "properties": { "latitude": 8.71115, "longitude": 80.42238, "brightness": 344.82, "scan": 0.46, "track": 0.47, "acq_date": "2026-08-31T00:00:00", "acq_time": 828, "satellite": "N20", "instrument": "VIIRS", "confidence": "n", "version": "2.0NRT", "brightness_bg": 302.92, "frp": 11.1, "daynight": "D", "source_left": "VIIRS_NOAA20_NRT", "cross_source_count": 1, "state": "Tamil Nadu", "zone_type": "none", "source_right": "curated_research", "osm_id": "", "nearest_zone_dist_m": 182366.87715539258, "is_industrial": false, "facility_type": "none", "zone_name": "Cauvery Delta Rice (TN)", "temperature": 27.0, "humidity": 79, "wind_speed": 18.6, "wind_direction": 203, "aqi": 19, "persistence": 0.0 }, "geometry": { "type": "Point", "coordinates": [ 80.42238, 8.71115 ] } },
{ "type": "Feature", "properties": { "latitude": 8.71157, "longitude": 80.17744, "brightness": 337.48, "scan": 0.44, "track": 0.46, "acq_date": "2026-08-31T00:00:00", "acq_time": 828, "satellite": "N20", "instrument": "VIIRS", "confidence": "n", "version": "2.0NRT", "brightness_bg": 303.0, "frp": 3.47, "daynight": "D", "source_left": "VIIRS_NOAA20_NRT", "cross_source_count": 1, "state": "Tamil Nadu", "zone_type": "none", "source_right": "curated_research", "osm_id": "", "nearest_zone_dist_m": 172829.68411418455, "is_industrial": false, "facility_type": "none", "zone_name": "Cauvery Delta Rice (TN)", "temperature": 27.0, "humidity": 79, "wind_speed": 16.4, "wind_direction": 201, "aqi": 21, "persistence": 0.0 }, "geometry": { "type": "Point", "coordinates": [ 80.17744, 8.71157 ] } },
{ "type": "Feature", "properties": { "latitude": 8.9064, "longitude": 80.43552, "brightness": 343.6, "scan": 0.46, "track": 0.47, "acq_date": "2026-08-31T00:00:00", "acq_time": 828, "satellite": "N20", "instrument": "VIIRS", "confidence": "n", "version": "2.0NRT", "brightness_bg": 305.69, "frp": 7.62, "daynight": "D", "source_left": "VIIRS_NOAA20_NRT", "cross_source_count": 1, "state": "Tamil Nadu", "zone_type": "none", "source_right": "curated_research", "osm_id": "", "nearest_zone_dist_m": 163383.76532238512, "is_industrial": false, "facility_type": "none", "zone_name": "Cauvery Delta Rice (TN)", "temperature": 26.8, "humidity": 79, "wind_speed": 16.7, "wind_direction": 205, "aqi": 19, "persistence": 0.0 }, "geometry": { "type": "Point", "coordinates": [ 80.43552, 8.9064 ] } },
{ "type": "Feature", "properties": { "latitude": 8.7154, "longitude": 80.17755, "brightness": 345.71, "scan": 0.44, "track": 0.46, "acq_date": "2026-08-31T00:00:00", "acq_time": 828, "satellite": "N20", "instrument": "VIIRS", "confidence": "n", "version": "2.0NRT", "brightness_bg": 302.75, "frp": 5.83, "daynight": "D", "source_left": "VIIRS_NOAA20_NRT", "cross_source_count": 1, "state": "Tamil Nadu", "zone_type": "none", "source_right": "curated_research", "osm_id": "", "nearest_zone_dist_m": 172431.05059303931, "is_industrial": false, "facility_type": "none", "zone_name": "Cauvery Delta Rice (TN)", "temperature": 27.0, "humidity": 79, "wind_speed": 16.4, "wind_direction": 201, "aqi": 21, "persistence": 0.0 }, "geometry": { "type": "Point", "coordinates": [ 80.17755, 8.7154 ] } },
{ "type": "Feature", "properties": { "latitude": 8.72286, "longitude": 77.91467, "brightness": 338.28, "scan": 0.49, "track": 0.4, "acq_date": "2026-08-31T00:00:00", "acq_time": 828, "satellite": "N20", "instrument": "VIIRS", "confidence": "n", "version": "2.0NRT", "brightness_bg": 306.32, "frp": 6.73, "daynight": "D", "source_left": "VIIRS_NOAA20_NRT", "cross_source_count": 1, "state": "Tamil Nadu", "zone_type": "none", "source_right": "curated_research", "osm_id": "", "nearest_zone_dist_m": 12043.900497173416, "is_industrial": false, "facility_type": "none", "zone_name": "Tuticorin Port Industrial (TN)", "temperature": 28.1, "humidity": 69, "wind_speed": 14.0, "wind_direction": 285, "aqi": 16, "persistence": 0.0 }, "geometry": { "type": "Point", "coordinates": [ 77.91467, 8.72286 ] } },
{ "type": "Feature", "properties": { "latitude": 8.74155, "longitude": 77.75618, "brightness": 337.88, "scan": 0.48, "track": 0.4, "acq_date": "2026-08-31T00:00:00", "acq_time": 828, "satellite": "N20", "instrument": "VIIRS", "confidence": "n", "version": "2.0NRT", "brightness_bg": 305.11, "frp": 6.5, "daynight": "D", "source_left": "VIIRS_NOAA20_NRT", "cross_source_count": 1, "state": "Tamil Nadu", "zone_type": "none", "source_right": "curated_research", "osm_id": "", "nearest_zone_dist_m": 29198.407181077706, "is_industrial": false, "facility_type": "none", "zone_name": "Tuticorin Port Industrial (TN)", "temperature": 27.8, "humidity": 69, "wind_speed": 15.8, "wind_direction": 281, "aqi": 16, "persistence": 0.0 }, "geometry": { "type": "Point", "coordinates": [ 77.75618, 8.74155 ] } },
{ "type": "Feature", "properties": { "latitude": 8.80527, "longitude": 80.54754, "brightness": 341.81, "scan": 0.47, "track": 0.48, "acq_date": "2026-08-31T00:00:00", "acq_time": 828, "satellite": "N20", "instrument": "VIIRS", "confidence": "n", "version": "2.0NRT", "brightness_bg": 301.71, "frp": 5.75, "daynight": "D", "source_left": "VIIRS_NOAA20_NRT", "cross_source_count": 1, "state": "Tamil Nadu", "zone_type": "none", "source_right": "curated_research", "osm_id": "", "nearest_zone_dist_m": 178847.92047071562, "is_industrial": false, "facility_type": "none", "zone_name": "Cauvery Delta Rice (TN)", "temperature": 26.8, "humidity": 79, "wind_speed": 19.2, "wind_direction": 207, "aqi": 19, "persistence": 0.0 }, "geometry": { "type": "Point", "coordinates": [ 80.54754, 8.80527 ] } },
{ "type": "Feature", "properties": { "latitude": 8.80585, "longitude": 80.97179, "brightness": 353.05, "scan": 0.5, "track": 0.49, "acq_date": "2026-08-31T00:00:00", "acq_time": 828, "satellite": "N20", "instrument": "VIIRS", "confidence": "n", "version": "2.0NRT", "brightness_bg": 306.76, "frp": 24.52, "daynight": "D", "source_left": "VIIRS_NOAA20_NRT", "cross_source_count": 1, "state": "Tamil Nadu", "zone_type": "none", "source_right": "curated_research", "osm_id": "", "nearest_zone_dist_m": 203423.54193333138, "is_industrial": false, "facility_type": "none", "zone_name": "Cauvery Delta Rice (TN)", "temperature": 27.2, "humidity": 76, "wind_speed": 14.3, "wind_direction": 213, "aqi": 18, "persistence": 0.0 }, "geometry": { "type": "Point", "coordinates": [ 80.97179, 8.80585 ] } },
{ "type": "Feature", "properties": { "latitude": 8.811, "longitude": 80.97575, "brightness": 342.4, "scan": 0.5, "track": 0.49, "acq_date": "2026-08-31T00:00:00", "acq_time": 828, "satellite": "N20", "instrument": "VIIRS", "confidence": "n", "version": "2.0NRT", "brightness_bg": 302.77, "frp": 12.43, "daynight": "D", "source_left": "VIIRS_NOAA20_NRT", "cross_source_count": 1, "state": "Tamil Nadu", "zone_type": "none", "source_right": "curated_research", "osm_id": "", "nearest_zone_dist_m": 203220.61182811586, "is_industrial": false, "facility_type": "none", "zone_name": "Cauvery Delta Rice (TN)", "temperature": 27.2, "humidity": 76, "wind_speed": 14.3, "wind_direction": 213, "aqi": 18, "persistence": 0.0 }, "geometry": { "type": "Point", "coordinates": [ 80.97575, 8.811 ] } },
{ "type": "Feature", "properties": { "latitude": 8.86022, "longitude": 80.88332, "brightness": 338.12, "scan": 0.49, "track": 0.49, "acq_date": "2026-08-31T00:00:00", "acq_time": 828, "satellite": "N20", "instrument": "VIIRS", "confidence": "n", "version": "2.0NRT", "brightness_bg": 305.74, "frp": 4.71, "daynight": "D", "source_left": "VIIRS_NOAA20_NRT", "cross_source_count": 1, "state": "Tamil Nadu", "zone_type": "none", "source_right": "curated_research", "osm_id": "", "nearest_zone_dist_m": 192838.16353353363, "is_industrial": false, "facility_type": "none", "zone_name": "Cauvery Delta Rice (TN)", "temperature": 27.3, "humidity": 76, "wind_speed": 14.9, "wind_direction": 208, "aqi": 18, "persistence": 0.0 }, "geometry": { "type": "Point", "coordinates": [ 80.88332, 8.86022 ] } },
{ "type": "Feature", "properties": { "latitude": 9.65592, "longitude": 77.65157, "brightness": 340.63, "scan": 0.48, "track": 0.4, "acq_date": "2026-08-31T00:00:00", "acq_time": 828, "satellite": "N20", "instrument": "VIIRS", "confidence": "n", "version": "2.0NRT", "brightness_bg": 304.25, "frp": 4.59, "daynight": "D", "source_left": "VIIRS_NOAA20_NRT", "cross_source_count": 1, "state": "Kerala", "zone_type": "none", "source_right": "curated_research", "osm_id": "", "nearest_zone_dist_m": 13127.603549239044, "is_industrial": false, "facility_type": "none", "zone_name": "Kerala Western Ghats Forests", "temperature": 28.5, "humidity": 55, "wind_speed": 5.1, "wind_direction": 276, "aqi": 15, "persistence": 0.0 }, "geometry": { "type": "Point", "coordinates": [ 77.65157, 9.65592 ] } },
{ "type": "Feature", "properties": { "latitude": 21.102, "longitude": 72.63538, "brightness": 337.48, "scan": 0.39, "track": 0.37, "acq_date": "2026-08-31T00:00:00", "acq_time": 833, "satellite": "N20", "instrument": "VIIRS", "confidence": "n", "version": "2.0NRT", "brightness_bg": 299.47, "frp": 9.17, "daynight": "D", "source_left": "VIIRS_NOAA20_NRT", "cross_source_count": 1, "state": "Gujarat", "zone_type": "none", "source_right": "curated_research", "osm_id": "", "nearest_zone_dist_m": 7502.6839815185285, "is_industrial": false, "facility_type": "none", "zone_name": "Surat Diamond & Textile Industrial", "temperature": 27.3, "humidity": 84, "wind_speed": 24.8, "wind_direction": 244, "aqi": 28, "persistence": 0.0 }, "geometry": { "type": "Point", "coordinates": [ 72.63538, 21.102 ] } },
{ "type": "Feature", "properties": { "latitude": 13.1221, "longitude": 79.9063, "brightness": 336.64, "scan": 0.49, "track": 0.48, "acq_date": "2026-08-31T00:00:00", "acq_time": 828, "satellite": "N20", "instrument": "VIIRS", "confidence": "n", "version": "2.0NRT", "brightness_bg": 294.46, "frp": 4.33, "daynight": "D", "source_left": "VIIRS_NOAA20_NRT", "cross_source_count": 1, "state": "Tamil Nadu", "zone_type": "none", "source_right": "curated_research", "osm_id": "", "nearest_zone_dist_m": 21658.637457351866, "is_industrial": false, "facility_type": "none", "zone_name": "Chennai Industrial Corridor (TN)", "temperature": 28.0, "humidity": 82, "wind_speed": 5.2, "wind_direction": 184, "aqi": 27, "persistence": 0.0 }, "geometry": { "type": "Point", "coordinates": [ 79.9063, 13.1221 ] } },
{ "type": "Feature", "properties": { "latitude": 13.58984, "longitude": 78.21954, "brightness": 331.87, "scan": 0.39, "track": 0.44, "acq_date": "2026-08-31T00:00:00", "acq_time": 828, "satellite": "N20", "instrument": "VIIRS", "confidence": "n", "version": "2.0NRT", "brightness_bg": 293.69, "frp": 1.78, "daynight": "D", "source_left": "VIIRS_NOAA20_NRT", "cross_source_count": 1, "state": "Andhra Pradesh", "zone_type": "none", "source_right": "curated_research", "osm_id": "", "nearest_zone_dist_m": 45345.105668999146, "is_industrial": false, "facility_type": "none", "zone_name": "Mango Belt (AP)", "temperature": 24.6, "humidity": 70, "wind_speed": 18.3, "wind_direction": 275, "aqi": 20, "persistence": 0.0 }, "geometry": { "type": "Point", "coordinates": [ 78.21954, 13.58984 ] } },
{ "type": "Feature", "properties": { "latitude": 14.35068, "longitude": 77.20792, "brightness": 334.78, "scan": 0.52, "track": 0.41, "acq_date": "2026-08-31T00:00:00", "acq_time": 828, "satellite": "N20", "instrument": "VIIRS", "confidence": "n", "version": "2.0NRT", "brightness_bg": 294.14, "frp": 5.55, "daynight": "D", "source_left": "VIIRS_NOAA20_NRT", "cross_source_count": 1, "state": "Karnataka", "zone_type": "none", "source_right": "curated_research", "osm_id": "", "nearest_zone_dist_m": 68543.976378393025, "is_industrial": false, "facility_type": "none", "zone_name": "Karnataka Maize & Ragi Belt", "temperature": 24.2, "humidity": 78, "wind_speed": 20.5, "wind_direction": 263, "aqi": 15, "persistence": 0.0 }, "geometry": { "type": "Point", "coordinates": [ 77.20792, 14.35068 ] } },
{ "type": "Feature", "properties": { "latitude": 14.47482, "longitude": 78.26068, "brightness": 337.14, "scan": 0.4, "track": 0.44, "acq_date": "2026-08-31T00:00:00", "acq_time": 828, "satellite": "N20", "instrument": "VIIRS", "confidence": "n", "version": "2.0NRT", "brightness_bg": 296.09, "frp": 2.53, "daynight": "D", "source_left": "VIIRS_NOAA20_NRT", "cross_source_count": 1, "state": "Andhra Pradesh", "zone_type": "agricultural", "source_right": "curated_research", "osm_id": "", "nearest_zone_dist_m": 0.0, "is_industrial": false, "facility_type": "farmland", "zone_name": "Mango Belt (AP)", "temperature": 29.0, "humidity": 56, "wind_speed": 18.7, "wind_direction": 268, "aqi": 20, "persistence": 0.0 }, "geometry": { "type": "Point", "coordinates": [ 78.26068, 14.47482 ] } },
{ "type": "Feature", "properties": { "latitude": 17.77075, "longitude": 75.83885, "brightness": 338.77, "scan": 0.48, "track": 0.4, "acq_date": "2026-08-31T00:00:00", "acq_time": 830, "satellite": "N20", "instrument": "VIIRS", "confidence": "n", "version": "2.0NRT", "brightness_bg": 299.26, "frp": 1.97, "daynight": "D", "source_left": "VIIRS_NOAA20_NRT", "cross_source_count": 1, "state": "Maharashtra", "zone_type": "none", "source_right": "curated_research", "osm_id": "", "nearest_zone_dist_m": 84286.099095066515, "is_industrial": false, "facility_type": "none", "zone_name": "Sugarcane Belt (Maharashtra)", "temperature": 24.7, "humidity": 76, "wind_speed": 14.8, "wind_direction": 283, "aqi": 15, "persistence": 0.0 }, "geometry": { "type": "Point", "coordinates": [ 75.83885, 17.77075 ] } },
{ "type": "Feature", "properties": { "latitude": 17.96539, "longitude": 75.48702, "brightness": 336.33, "scan": 0.46, "track": 0.39, "acq_date": "2026-08-31T00:00:00", "acq_time": 830, "satellite": "N20", "instrument": "VIIRS", "confidence": "n", "version": "2.0NRT", "brightness_bg": 299.52, "frp": 3.37, "daynight": "D", "source_left": "VIIRS_NOAA20_NRT", "cross_source_count": 1, "state": "Maharashtra", "zone_type": "none", "source_right": "curated_research", "osm_id": "", "nearest_zone_dist_m": 44664.414673738655, "is_industrial": false, "facility_type": "none", "zone_name": "Sugarcane Belt (Maharashtra)", "temperature": 23.9, "humidity": 81, "wind_speed": 14.4, "wind_direction": 272, "aqi": 15, "persistence": 0.0 }, "geometry": { "type": "Point", "coordinates": [ 75.48702, 17.96539 ] } },
{ "type": "Feature", "properties": { "latitude": 8.64128, "longitude": 80.72565, "brightness": 356.03, "scan": 0.48, "track": 0.48, "acq_date": "2026-08-31T00:00:00", "acq_time": 828, "satellite": "N20", "instrument": "VIIRS", "confidence": "n", "version": "2.0NRT", "brightness_bg": 303.5, "frp": 8.18, "daynight": "D", "source_left": "VIIRS_NOAA20_NRT", "cross_source_count": 1, "state": "Tamil Nadu", "zone_type": "none", "source_right": "curated_research", "osm_id": "", "nearest_zone_dist_m": 204122.25690304616, "is_industrial": false, "facility_type": "none", "zone_name": "Cauvery Delta Rice (TN)", "temperature": 26.6, "humidity": 79, "wind_speed": 20.8, "wind_direction": 217, "aqi": 18, "persistence": 0.0 }, "geometry": { "type": "Point", "coordinates": [ 80.72565, 8.64128 ] } },
{ "type": "Feature", "properties": { "latitude": 12.91149, "longitude": 79.43056, "brightness": 335.76, "scan": 0.45, "track": 0.47, "acq_date": "2026-08-31T00:00:00", "acq_time": 828, "satellite": "N20", "instrument": "VIIRS", "confidence": "n", "version": "2.0NRT", "brightness_bg": 299.59, "frp": 2.51, "daynight": "D", "source_left": "VIIRS_NOAA20_NRT", "cross_source_count": 1, "state": "Tamil Nadu", "zone_type": "none", "source_right": "curated_research", "osm_id": "", "nearest_zone_dist_m": 74929.956001699247, "is_industrial": false, "facility_type": "none", "zone_name": "Chennai Industrial Corridor (TN)", "temperature": 28.1, "humidity": 68, "wind_speed": 3.8, "wind_direction": 273, "aqi": 25, "persistence": 0.0 }, "geometry": { "type": "Point", "coordinates": [ 79.43056, 12.91149 ] } },
{ "type": "Feature", "properties": { "latitude": 25.59085, "longitude": 72.62873, "brightness": 332.94, "scan": 0.42, "track": 0.38, "acq_date": "2026-08-31T00:00:00", "acq_time": 833, "satellite": "N20", "instrument": "VIIRS", "confidence": "n", "version": "2.0NRT", "brightness_bg": 297.48, "frp": 2.74, "daynight": "D", "source_left": "VIIRS_NOAA20_NRT", "cross_source_count": 1, "state": "Rajasthan", "zone_type": "none", "source_right": "curated_research", "osm_id": "", "nearest_zone_dist_m": 44823.755086829187, "is_industrial": false, "facility_type": "none", "zone_name": "Rajasthan Kharif Crops", "temperature": 27.5, "humidity": 66, "wind_speed": 11.1, "wind_direction": 216, "aqi": 63, "persistence": 0.0 }, "geometry": { "type": "Point", "coordinates": [ 72.62873, 25.59085 ] } },
{ "type": "Feature", "properties": { "latitude": 29.76927, "longitude": 72.40252, "brightness": 334.09, "scan": 0.45, "track": 0.39, "acq_date": "2026-08-31T00:00:00", "acq_time": 835, "satellite": "N20", "instrument": "VIIRS", "confidence": "n", "version": "2.0NRT", "brightness_bg": 303.52, "frp": 3.68, "daynight": "D", "source_left": "VIIRS_NOAA20_NRT", "cross_source_count": 1, "state": "Punjab", "zone_type": "none", "source_right": "curated_research", "osm_id": "", "nearest_zone_dist_m": 183901.72583244758, "is_industrial": false, "facility_type": "none", "zone_name": "Punjab Wheat Belt", "temperature": 31.5, "humidity": 54, "wind_speed": 7.5, "wind_direction": 220, "aqi": 116, "persistence": 0.0 }, "geometry": { "type": "Point", "coordinates": [ 72.40252, 29.76927 ] } },
{ "type": "Feature", "properties": { "latitude": 31.37635, "longitude": 74.44994, "brightness": 338.11, "scan": 0.39, "track": 0.44, "acq_date": "2026-08-31T00:00:00", "acq_time": 835, "satellite": "N20", "instrument": "VIIRS", "confidence": "n", "version": "2.0NRT", "brightness_bg": 298.85, "frp": 4.08, "daynight": "D", "source_left": "VIIRS_NOAA20_NRT", "cross_source_count": 1, "state": "Punjab", "zone_type": "none", "source_right": "curated_research", "osm_id": "", "nearest_zone_dist_m": 30667.79207227358, "is_industrial": false, "facility_type": "none", "zone_name": "Punjab Wheat Belt", "temperature": 28.8, "humidity": 77, "wind_speed": 3.7, "wind_direction": 125, "aqi": 90, "persistence": 0.0 }, "geometry": { "type": "Point", "coordinates": [ 74.44994, 31.37635 ] } },
{ "type": "Feature", "properties": { "latitude": 31.41202, "longitude": 74.55347, "brightness": 330.68, "scan": 0.39, "track": 0.44, "acq_date": "2026-08-31T00:00:00", "acq_time": 835, "satellite": "N20", "instrument": "VIIRS", "confidence": "n", "version": "2.0NRT", "brightness_bg": 299.58, "frp": 1.49, "daynight": "D", "source_left": "VIIRS_NOAA20_NRT", "cross_source_count": 1, "state": "Punjab", "zone_type": "none", "source_right": "curated_research", "osm_id": "", "nearest_zone_dist_m": 28673.159425141494, "is_industrial": false, "facility_type": "none", "zone_name": "Amritsar Industrial Zone", "temperature": 28.8, "humidity": 77, "wind_speed": 4.3, "wind_direction": 107, "aqi": 89, "persistence": 0.0 }, "geometry": { "type": "Point", "coordinates": [ 74.55347, 31.41202 ] } },
{ "type": "Feature", "properties": { "latitude": 31.46411, "longitude": 72.13901, "brightness": 335.09, "scan": 0.45, "track": 0.39, "acq_date": "2026-08-31T00:00:00", "acq_time": 835, "satellite": "N20", "instrument": "VIIRS", "confidence": "n", "version": "2.0NRT", "brightness_bg": 299.7, "frp": 4.92, "daynight": "D", "source_left": "VIIRS_NOAA20_NRT", "cross_source_count": 1, "state": "Punjab", "zone_type": "none", "source_right": "curated_research", "osm_id": "", "nearest_zone_dist_m": 214684.237459255, "is_industrial": false, "facility_type": "none", "zone_name": "Punjab Wheat Belt", "temperature": 29.8, "humidity": 67, "wind_speed": 4.7, "wind_direction": 157, "aqi": 70, "persistence": 0.0 }, "geometry": { "type": "Point", "coordinates": [ 72.13901, 31.46411 ] } },
{ "type": "Feature", "properties": { "latitude": 31.46708, "longitude": 72.13364, "brightness": 347.0, "scan": 0.45, "track": 0.39, "acq_date": "2026-08-31T00:00:00", "acq_time": 835, "satellite": "N20", "instrument": "VIIRS", "confidence": "n", "version": "2.0NRT", "brightness_bg": 299.65, "frp": 11.41, "daynight": "D", "source_left": "VIIRS_NOAA20_NRT", "cross_source_count": 1, "state": "Punjab", "zone_type": "none", "source_right": "curated_research", "osm_id": "", "nearest_zone_dist_m": 215282.31313208884, "is_industrial": false, "facility_type": "none", "zone_name": "Punjab Wheat Belt", "temperature": 29.8, "humidity": 67, "wind_speed": 4.7, "wind_direction": 157, "aqi": 70, "persistence": 0.0 }, "geometry": { "type": "Point", "coordinates": [ 72.13364, 31.46708 ] } },
{ "type": "Feature", "properties": { "latitude": 31.47198, "longitude": 74.22855, "brightness": 332.0, "scan": 0.57, "track": 0.43, "acq_date": "2026-08-31T00:00:00", "acq_time": 835, "satellite": "N20", "instrument": "VIIRS", "confidence": "n", "version": "2.0NRT", "brightness_bg": 300.74, "frp": 3.85, "daynight": "D", "source_left": "VIIRS_NOAA20_NRT", "cross_source_count": 1, "state": "Punjab", "zone_type": "none", "source_right": "curated_research", "osm_id": "", "nearest_zone_dist_m": 50832.745064364652, "is_industrial": false, "facility_type": "none", "zone_name": "Punjab Wheat Belt", "temperature": 29.8, "humidity": 73, "wind_speed": 5.0, "wind_direction": 142, "aqi": 89, "persistence": 0.0 }, "geometry": { "type": "Point", "coordinates": [ 74.22855, 31.47198 ] } },
{ "type": "Feature", "properties": { "latitude": 31.80262, "longitude": 73.7253, "brightness": 330.04, "scan": 0.54, "track": 0.42, "acq_date": "2026-08-31T00:00:00", "acq_time": 835, "satellite": "N20", "instrument": "VIIRS", "confidence": "n", "version": "2.0NRT", "brightness_bg": 297.09, "frp": 3.75, "daynight": "D", "source_left": "VIIRS_NOAA20_NRT", "cross_source_count": 1, "state": "Punjab", "zone_type": "none", "source_right": "curated_research", "osm_id": "", "nearest_zone_dist_m": 100617.68992188229, "is_industrial": false, "facility_type": "none", "zone_name": "Amritsar Industrial Zone", "temperature": 28.5, "humidity": 80, "wind_speed": 6.5, "wind_direction": 93, "aqi": 84, "persistence": 0.0 }, "geometry": { "type": "Point", "coordinates": [ 73.7253, 31.80262 ] } },
{ "type": "Feature", "properties": { "latitude": 12.40623, "longitude": 79.97924, "brightness": 330.41, "scan": 0.48, "track": 0.48, "acq_date": "2026-08-31T00:00:00", "acq_time": 828, "satellite": "N20", "instrument": "VIIRS", "confidence": "n", "version": "2.0NRT", "brightness_bg": 300.37, "frp": 4.96, "daynight": "D", "source_left": "VIIRS_NOAA20_NRT", "cross_source_count": 1, "state": "Tamil Nadu", "zone_type": "none", "source_right": "curated_research", "osm_id": "", "nearest_zone_dist_m": 62975.060572537564, "is_industrial": false, "facility_type": "none", "zone_name": "Chennai Industrial Corridor (TN)", "temperature": 27.8, "humidity": 69, "wind_speed": 16.8, "wind_direction": 231, "aqi": 33, "persistence": 0.0 }, "geometry": { "type": "Point", "coordinates": [ 79.97924, 12.40623 ] } },
{ "type": "Feature", "properties": { "latitude": 12.34985, "longitude": 79.22876, "brightness": 351.38, "scan": 0.43, "track": 0.46, "acq_date": "2026-08-31T00:00:00", "acq_time": 828, "satellite": "N20", "instrument": "VIIRS", "confidence": "n", "version": "2.0NRT", "brightness_bg": 306.01, "frp": 26.13, "daynight": "D", "source_left": "VIIRS_NOAA20_NRT", "cross_source_count": 1, "state": "Tamil Nadu", "zone_type": "none", "source_right": "curated_research", "osm_id": "", "nearest_zone_dist_m": 104248.76122484216, "is_industrial": false, "facility_type": "none", "zone_name": "Cauvery Delta Rice (TN)", "temperature": 24.7, "humidity": 89, "wind_speed": 5.2, "wind_direction": 174, "aqi": 24, "persistence": 0.0 }, "geometry": { "type": "Point", "coordinates": [ 79.22876, 12.34985 ] } },
{ "type": "Feature", "properties": { "latitude": 9.78937, "longitude": 78.38755, "brightness": 333.79, "scan": 0.53, "track": 0.42, "acq_date": "2026-08-31T00:00:00", "acq_time": 828, "satellite": "N20", "instrument": "VIIRS", "confidence": "n", "version": "2.0NRT", "brightness_bg": 303.62, "frp": 3.64, "daynight": "D", "source_left": "VIIRS_NOAA20_NRT", "cross_source_count": 1, "state": "Tamil Nadu", "zone_type": "none", "source_right": "curated_research", "osm_id": "", "nearest_zone_dist_m": 55720.734969267731, "is_industrial": false, "facility_type": "none", "zone_name": "Gulf of Mannar NP (Tamil Nadu)", "temperature": 28.6, "humidity": 70, "wind_speed": 6.4, "wind_direction": 16, "aqi": 24, "persistence": 0.0 }, "geometry": { "type": "Point", "coordinates": [ 78.38755, 9.78937 ] } },
{ "type": "Feature", "properties": { "latitude": 9.94658, "longitude": 77.72368, "brightness": 338.91, "scan": 0.49, "track": 0.4, "acq_date": "2026-08-31T00:00:00", "acq_time": 828, "satellite": "N20", "instrument": "VIIRS", "confidence": "n", "version": "2.0NRT", "brightness_bg": 304.69, "frp": 6.94, "daynight": "D", "source_left": "VIIRS_NOAA20_NRT", "cross_source_count": 1, "state": "Kerala", "zone_type": "none", "source_right": "curated_research", "osm_id": "", "nearest_zone_dist_m": 20890.733497231176, "is_industrial": false, "facility_type": "none", "zone_name": "Kerala Western Ghats Forests", "temperature": 26.6, "humidity": 68, "wind_speed": 14.4, "wind_direction": 266, "aqi": 17, "persistence": 0.0 }, "geometry": { "type": "Point", "coordinates": [ 77.72368, 9.94658 ] } },
{ "type": "Feature", "properties": { "latitude": 10.04175, "longitude": 77.58042, "brightness": 339.12, "scan": 0.48, "track": 0.4, "acq_date": "2026-08-31T00:00:00", "acq_time": 828, "satellite": "N20", "instrument": "VIIRS", "confidence": "n", "version": "2.0NRT", "brightness_bg": 304.56, "frp": 29.4, "daynight": "D", "source_left": "VIIRS_NOAA20_NRT", "cross_source_count": 1, "state": "Kerala", "zone_type": "none", "source_right": "curated_research", "osm_id": "", "nearest_zone_dist_m": 8958.235242987701, "is_industrial": false, "facility_type": "none", "zone_name": "Kerala Western Ghats Forests", "temperature": 26.7, "humidity": 67, "wind_speed": 13.0, "wind_direction": 211, "aqi": 17, "persistence": 0.0 }, "geometry": { "type": "Point", "coordinates": [ 77.58042, 10.04175 ] } },
{ "type": "Feature", "properties": { "latitude": 10.27317, "longitude": 78.84991, "brightness": 337.68, "scan": 0.38, "track": 0.43, "acq_date": "2026-08-31T00:00:00", "acq_time": 828, "satellite": "N20", "instrument": "VIIRS", "confidence": "n", "version": "2.0NRT", "brightness_bg": 288.04, "frp": 3.9, "daynight": "D", "source_left": "VIIRS_NOAA20_NRT", "cross_source_count": 1, "state": "Tamil Nadu", "zone_type": "none", "source_right": "curated_research", "osm_id": "", "nearest_zone_dist_m": 21923.265314671586, "is_industrial": false, "facility_type": "none", "zone_name": "Cauvery Delta Rice (TN)", "temperature": 27.7, "humidity": 71, "wind_speed": 0.8, "wind_direction": 27, "aqi": 23, "persistence": 0.0 }, "geometry": { "type": "Point", "coordinates": [ 78.84991, 10.27317 ] } },
{ "type": "Feature", "properties": { "latitude": 10.28726, "longitude": 77.86376, "brightness": 336.28, "scan": 0.5, "track": 0.41, "acq_date": "2026-08-31T00:00:00", "acq_time": 828, "satellite": "N20", "instrument": "VIIRS", "confidence": "n", "version": "2.0NRT", "brightness_bg": 282.82, "frp": 4.79, "daynight": "D", "source_left": "VIIRS_NOAA20_NRT", "cross_source_count": 1, "state": "Kerala", "zone_type": "none", "source_right": "curated_research", "osm_id": "", "nearest_zone_dist_m": 48951.794924881047, "is_industrial": false, "facility_type": "none", "zone_name": "Kerala Western Ghats Forests", "temperature": 26.6, "humidity": 71, "wind_speed": 2.4, "wind_direction": 167, "aqi": 19, "persistence": 0.0 }, "geometry": { "type": "Point", "coordinates": [ 77.86376, 10.28726 ] } },
{ "type": "Feature", "properties": { "latitude": 10.66276, "longitude": 78.48209, "brightness": 335.26, "scan": 0.55, "track": 0.43, "acq_date": "2026-08-31T00:00:00", "acq_time": 828, "satellite": "N20", "instrument": "VIIRS", "confidence": "n", "version": "2.0NRT", "brightness_bg": 299.46, "frp": 2.22, "daynight": "D", "source_left": "VIIRS_NOAA20_NRT", "cross_source_count": 1, "state": "Tamil Nadu", "zone_type": "none", "source_right": "curated_research", "osm_id": "", "nearest_zone_dist_m": 42257.122041228664, "is_industrial": false, "facility_type": "none", "zone_name": "Cauvery Delta Rice (TN)", "temperature": 29.3, "humidity": 57, "wind_speed": 14.5, "wind_direction": 281, "aqi": 16, "persistence": 0.0 }, "geometry": { "type": "Point", "coordinates": [ 78.48209, 10.66276 ] } },
{ "type": "Feature", "properties": { "latitude": 10.73763, "longitude": 78.73309, "brightness": 335.81, "scan": 0.57, "track": 0.43, "acq_date": "2026-08-31T00:00:00", "acq_time": 828, "satellite": "N20", "instrument": "VIIRS", "confidence": "n", "version": "2.0NRT", "brightness_bg": 298.79, "frp": 3.35, "daynight": "D", "source_left": "VIIRS_NOAA20_NRT", "cross_source_count": 1, "state": "Tamil Nadu", "zone_type": "none", "source_right": "curated_research", "osm_id": "", "nearest_zone_dist_m": 13991.223467337153, "is_industrial": false, "facility_type": "none", "zone_name": "Cauvery Delta Rice (TN)", "temperature": 28.4, "humidity": 65, "wind_speed": 7.9, "wind_direction": 266, "aqi": 18, "persistence": 0.0 }, "geometry": { "type": "Point", "coordinates": [ 78.73309, 10.73763 ] } },
{ "type": "Feature", "properties": { "latitude": 10.76245, "longitude": 78.65031, "brightness": 334.91, "scan": 0.57, "track": 0.43, "acq_date": "2026-08-31T00:00:00", "acq_time": 828, "satellite": "N20", "instrument": "VIIRS", "confidence": "n", "version": "2.0NRT", "brightness_bg": 299.28, "frp": 3.55, "daynight": "D", "source_left": "VIIRS_NOAA20_NRT", "cross_source_count": 1, "state": "Tamil Nadu", "zone_type": "none", "source_right": "curated_research", "osm_id": "", "nearest_zone_dist_m": 22900.688147181299, "is_industrial": false, "facility_type": "none", "zone_name": "Cauvery Delta Rice (TN)", "temperature": 29.2, "humidity": 60, "wind_speed": 18.0, "wind_direction": 273, "aqi": 18, "persistence": 0.0 }, "geometry": { "type": "Point", "coordinates": [ 78.65031, 10.76245 ] } },
{ "type": "Feature", "properties": { "latitude": 10.76564, "longitude": 78.65233, "brightness": 338.36, "scan": 0.57, "track": 0.43, "acq_date": "2026-08-31T00:00:00", "acq_time": 828, "satellite": "N20", "instrument": "VIIRS", "confidence": "n", "version": "2.0NRT", "brightness_bg": 300.99, "frp": 5.89, "daynight": "D", "source_left": "VIIRS_NOAA20_NRT", "cross_source_count": 1, "state": "Tamil Nadu", "zone_type": "none", "source_right": "curated_research", "osm_id": "", "nearest_zone_dist_m": 22662.26507224729, "is_industrial": false, "facility_type": "none", "zone_name": "Cauvery Delta Rice (TN)", "temperature": 29.2, "humidity": 60, "wind_speed": 18.0, "wind_direction": 273, "aqi": 18, "persistence": 0.0 }, "geometry": { "type": "Point", "coordinates": [ 78.65233, 10.76564 ] } },
{ "type": "Feature", "properties": { "latitude": 11.19128, "longitude": 76.92039, "brightness": 332.0, "scan": 0.46, "track": 0.39, "acq_date": "2026-08-31T00:00:00", "acq_time": 828, "satellite": "N20", "instrument": "VIIRS", "confidence": "n", "version": "2.0NRT", "brightness_bg": 296.2, "frp": 2.29, "daynight": "D", "source_left": "VIIRS_NOAA20_NRT", "cross_source_count": 1, "state": "Tamil Nadu", "zone_type": "forest", "source_right": "curated_research", "osm_id": "", "nearest_zone_dist_m": 0.0, "is_industrial": false, "facility_type": "forest", "zone_name": "Nilgiris Biosphere Reserve", "temperature": 24.7, "humidity": 80, "wind_speed": 9.7, "wind_direction": 207, "aqi": 16, "persistence": 0.0 }, "geometry": { "type": "Point", "coordinates": [ 76.92039, 11.19128 ] } },
{ "type": "Feature", "properties": { "latitude": 11.45847, "longitude": 79.20508, "brightness": 331.29, "scan": 0.42, "track": 0.45, "acq_date": "2026-08-31T00:00:00", "acq_time": 828, "satellite": "N20", "instrument": "VIIRS", "confidence": "n", "version": "2.0NRT", "brightness_bg": 298.72, "frp": 4.75, "daynight": "D", "source_left": "VIIRS_NOAA20_NRT", "cross_source_count": 1, "state": "Tamil Nadu", "zone_type": "none", "source_right": "curated_research", "osm_id": "", "nearest_zone_dist_m": 9879.8427248303487, "is_industrial": false, "facility_type": "none", "zone_name": "Cauvery Delta Rice (TN)", "temperature": 26.8, "humidity": 83, "wind_speed": 3.1, "wind_direction": 140, "aqi": 45, "persistence": 0.0 }, "geometry": { "type": "Point", "coordinates": [ 79.20508, 11.45847 ] } },
{ "type": "Feature", "properties": { "latitude": 11.46265, "longitude": 79.2357, "brightness": 335.83, "scan": 0.42, "track": 0.45, "acq_date": "2026-08-31T00:00:00", "acq_time": 828, "satellite": "N20", "instrument": "VIIRS", "confidence": "n", "version": "2.0NRT", "brightness_bg": 300.33, "frp": 3.95, "daynight": "D", "source_left": "VIIRS_NOAA20_NRT", "cross_source_count": 1, "state": "Tamil Nadu", "zone_type": "none", "source_right": "curated_research", "osm_id": "", "nearest_zone_dist_m": 9020.7838323370779, "is_industrial": false, "facility_type": "none", "zone_name": "Cauvery Delta Rice (TN)", "temperature": 26.4, "humidity": 85, "wind_speed": 2.9, "wind_direction": 158, "aqi": 45, "persistence": 0.0 }, "geometry": { "type": "Point", "coordinates": [ 79.2357, 11.46265 ] } },
{ "type": "Feature", "properties": { "latitude": 11.47324, "longitude": 77.20173, "brightness": 333.62, "scan": 0.48, "track": 0.4, "acq_date": "2026-08-31T00:00:00", "acq_time": 828, "satellite": "N20", "instrument": "VIIRS", "confidence": "n", "version": "2.0NRT", "brightness_bg": 295.28, "frp": 3.2, "daynight": "D", "source_left": "VIIRS_NOAA20_NRT", "cross_source_count": 1, "state": "Tamil Nadu", "zone_type": "none", "source_right": "curated_research", "osm_id": "", "nearest_zone_dist_m": 22704.143309730654, "is_industrial": false, "facility_type": "none", "zone_name": "Nilgiris Biosphere Reserve", "temperature": 28.3, "humidity": 58, "wind_speed": 3.6, "wind_direction": 279, "aqi": 23, "persistence": 0.0 }, "geometry": { "type": "Point", "coordinates": [ 77.20173, 11.47324 ] } },
{ "type": "Feature", "properties": { "latitude": 11.62768, "longitude": 78.61454, "brightness": 338.59, "scan": 0.39, "track": 0.44, "acq_date": "2026-08-31T00:00:00", "acq_time": 828, "satellite": "N20", "instrument": "VIIRS", "confidence": "n", "version": "2.0NRT", "brightness_bg": 299.74, "frp": 2.1, "daynight": "D", "source_left": "VIIRS_NOAA20_NRT", "cross_source_count": 1, "state": "Tamil Nadu", "zone_type": "none", "source_right": "curated_research", "osm_id": "", "nearest_zone_dist_m": 63266.004637393897, "is_industrial": false, "facility_type": "none", "zone_name": "Cauvery Delta Rice (TN)", "temperature": 28.4, "humidity": 67, "wind_speed": 4.4, "wind_direction": 261, "aqi": 32, "persistence": 0.0 }, "geometry": { "type": "Point", "coordinates": [ 78.61454, 11.62768 ] } },
{ "type": "Feature", "properties": { "latitude": 11.70993, "longitude": 79.0149, "brightness": 333.03, "scan": 0.41, "track": 0.45, "acq_date": "2026-08-31T00:00:00", "acq_time": 828, "satellite": "N20", "instrument": "VIIRS", "confidence": "n", "version": "2.0NRT", "brightness_bg": 300.21, "frp": 1.34, "daynight": "D", "source_left": "VIIRS_NOAA20_NRT", "cross_source_count": 1, "state": "Tamil Nadu", "zone_type": "none", "source_right": "curated_research", "osm_id": "", "nearest_zone_dist_m": 43909.545540313404, "is_industrial": false, "facility_type": "none", "zone_name": "Cauvery Delta Rice (TN)", "temperature": 25.4, "humidity": 90, "wind_speed": 4.9, "wind_direction": 144, "aqi": 45, "persistence": 0.0 }, "geometry": { "type": "Point", "coordinates": [ 79.0149, 11.70993 ] } },
{ "type": "Feature", "properties": { "latitude": 11.88784, "longitude": 77.23312, "brightness": 339.3, "scan": 0.49, "track": 0.4, "acq_date": "2026-08-31T00:00:00", "acq_time": 828, "satellite": "N20", "instrument": "VIIRS", "confidence": "n", "version": "2.0NRT", "brightness_bg": 295.55, "frp": 4.91, "daynight": "D", "source_left": "VIIRS_NOAA20_NRT", "cross_source_count": 1, "state": "Tamil Nadu", "zone_type": "none", "source_right": "curated_research", "osm_id": "", "nearest_zone_dist_m": 44732.752414005721, "is_industrial": false, "facility_type": "none", "zone_name": "Nilgiris Biosphere Reserve", "temperature": 19.2, "humidity": 96, "wind_speed": 10.4, "wind_direction": 271, "aqi": 17, "persistence": 0.0 }, "geometry": { "type": "Point", "coordinates": [ 77.23312, 11.88784 ] } },
{ "type": "Feature", "properties": { "latitude": 12.24117, "longitude": 79.08451, "brightness": 341.4, "scan": 0.42, "track": 0.45, "acq_date": "2026-08-31T00:00:00", "acq_time": 828, "satellite": "N20", "instrument": "VIIRS", "confidence": "n", "version": "2.0NRT", "brightness_bg": 299.69, "frp": 3.57, "daynight": "D", "source_left": "VIIRS_NOAA20_NRT", "cross_source_count": 1, "state": "Tamil Nadu", "zone_type": "none", "source_right": "curated_research", "osm_id": "", "nearest_zone_dist_m": 95978.734812450813, "is_industrial": false, "facility_type": "none", "zone_name": "Cauvery Delta Rice (TN)", "temperature": 26.7, "humidity": 82, "wind_speed": 4.6, "wind_direction": 211, "aqi": 24, "persistence": 0.0 }, "geometry": { "type": "Point", "coordinates": [ 79.08451, 12.24117 ] } },
{ "type": "Feature", "properties": { "latitude": 10.84943, "longitude": 78.79076, "brightness": 335.91, "scan": 0.39, "track": 0.44, "acq_date": "2026-08-31T00:00:00", "acq_time": 828, "satellite": "N20", "instrument": "VIIRS", "confidence": "n", "version": "2.0NRT", "brightness_bg": 300.38, "frp": 3.38, "daynight": "D", "source_left": "VIIRS_NOAA20_NRT", "cross_source_count": 1, "state": "Tamil Nadu", "zone_type": "none", "source_right": "curated_research", "osm_id": "", "nearest_zone_dist_m": 7615.2984718256967, "is_industrial": false, "facility_type": "none", "zone_name": "Cauvery Delta Rice (TN)", "temperature": 29.0, "humidity": 62, "wind_speed": 12.8, "wind_direction": 254, "aqi": 18, "persistence": 0.0 }, "geometry": { "type": "Point", "coordinates": [ 78.79076, 10.84943 ] } },
{ "type": "Feature", "properties": { "latitude": 8.43576, "longitude": 80.79701, "brightness": 336.48, "scan": 0.48, "track": 0.48, "acq_date": "2026-08-31T00:00:00", "acq_time": 828, "satellite": "N20", "instrument": "VIIRS", "confidence": "n", "version": "2.0NRT", "brightness_bg": 299.69, "frp": 7.0, "daynight": "D", "source_left": "VIIRS_NOAA20_NRT", "cross_source_count": 1, "state": "Tamil Nadu", "zone_type": "none", "source_right": "curated_research", "osm_id": "", "nearest_zone_dist_m": 227794.51914606243, "is_industrial": false, "facility_type": "none", "zone_name": "Cauvery Delta Rice (TN)", "temperature": 26.7, "humidity": 79, "wind_speed": 19.9, "wind_direction": 224, "aqi": 16, "persistence": 0.0 }, "geometry": { "type": "Point", "coordinates": [ 80.79701, 8.43576 ] } },
{ "type": "Feature", "properties": { "latitude": 8.63244, "longitude": 80.7268, "brightness": 333.84, "scan": 0.48, "track": 0.48, "acq_date": "2026-08-31T00:00:00", "acq_time": 828, "satellite": "N20", "instrument": "VIIRS", "confidence": "n", "version": "2.0NRT", "brightness_bg": 301.88, "frp": 3.03, "daynight": "D", "source_left": "VIIRS_NOAA20_NRT", "cross_source_count": 1, "state": "Tamil Nadu", "zone_type": "none", "source_right": "curated_research", "osm_id": "", "nearest_zone_dist_m": 205034.33268356117, "is_industrial": false, "facility_type": "none", "zone_name": "Cauvery Delta Rice (TN)", "temperature": 26.6, "humidity": 79, "wind_speed": 20.8, "wind_direction": 217, "aqi": 18, "persistence": 0.0 }, "geometry": { "type": "Point", "coordinates": [ 80.7268, 8.63244 ] } },
{ "type": "Feature", "properties": { "latitude": 8.24863, "longitude": 80.5135, "brightness": 334.47, "scan": 0.46, "track": 0.47, "acq_date": "2026-08-31T00:00:00", "acq_time": 828, "satellite": "N20", "instrument": "VIIRS", "confidence": "n", "version": "2.0NRT", "brightness_bg": 302.25, "frp": 3.91, "daynight": "D", "source_left": "VIIRS_NOAA20_NRT", "cross_source_count": 1, "state": "Tamil Nadu", "zone_type": "none", "source_right": "curated_research", "osm_id": "", "nearest_zone_dist_m": 233456.74857580216, "is_industrial": false, "facility_type": "none", "zone_name": "Cauvery Delta Rice (TN)", "temperature": 26.6, "humidity": 81, "wind_speed": 23.6, "wind_direction": 216, "aqi": 17, "persistence": 0.0 }, "geometry": { "type": "Point", "coordinates": [ 80.5135, 8.24863 ] } },
{ "type": "Feature", "properties": { "latitude": 8.27287, "longitude": 80.18867, "brightness": 336.16, "scan": 0.44, "track": 0.46, "acq_date": "2026-08-31T00:00:00", "acq_time": 828, "satellite": "N20", "instrument": "VIIRS", "confidence": "n", "version": "2.0NRT", "brightness_bg": 303.69, "frp": 3.83, "daynight": "D", "source_left": "VIIRS_NOAA20_NRT", "cross_source_count": 1, "state": "Tamil Nadu", "zone_type": "none", "source_right": "curated_research", "osm_id": "", "nearest_zone_dist_m": 217255.71325306327, "is_industrial": false, "facility_type": "none", "zone_name": "Gulf of Mannar NP (Tamil Nadu)", "temperature": 27.0, "humidity": 80, "wind_speed": 22.1, "wind_direction": 208, "aqi": 20, "persistence": 0.0 }, "geometry": { "type": "Point", "coordinates": [ 80.18867, 8.27287 ] } },
{ "type": "Feature", "properties": { "latitude": 8.2757, "longitude": 80.33056, "brightness": 332.23, "scan": 0.45, "track": 0.47, "acq_date": "2026-08-31T00:00:00", "acq_time": 828, "satellite": "N20", "instrument": "VIIRS", "confidence": "n", "version": "2.0NRT", "brightness_bg": 302.15, "frp": 3.22, "daynight": "D", "source_left": "VIIRS_NOAA20_NRT", "cross_source_count": 1, "state": "Tamil Nadu", "zone_type": "none", "source_right": "curated_research", "osm_id": "", "nearest_zone_dist_m": 223875.0890340452, "is_industrial": false, "facility_type": "none", "zone_name": "Cauvery Delta Rice (TN)", "temperature": 26.7, "humidity": 81, "wind_speed": 24.2, "wind_direction": 211, "aqi": 17, "persistence": 0.0 }, "geometry": { "type": "Point", "coordinates": [ 80.33056, 8.2757 ] } },
{ "type": "Feature", "properties": { "latitude": 8.28996, "longitude": 80.58859, "brightness": 333.05, "scan": 0.46, "track": 0.47, "acq_date": "2026-08-31T00:00:00", "acq_time": 828, "satellite": "N20", "instrument": "VIIRS", "confidence": "n", "version": "2.0NRT", "brightness_bg": 302.72, "frp": 7.2, "daynight": "D", "source_left": "VIIRS_NOAA20_NRT", "cross_source_count": 1, "state": "Tamil Nadu", "zone_type": "none", "source_right": "curated_research", "osm_id": "", "nearest_zone_dist_m": 232359.76841319978, "is_industrial": false, "facility_type": "none", "zone_name": "Cauvery Delta Rice (TN)", "temperature": 26.5, "humidity": 82, "wind_speed": 24.1, "wind_direction": 219, "aqi": 17, "persistence": 0.0 }, "geometry": { "type": "Point", "coordinates": [ 80.58859, 8.28996 ] } },
{ "type": "Feature", "properties": { "latitude": 8.29123, "longitude": 80.22637, "brightness": 338.13, "scan": 0.44, "track": 0.46, "acq_date": "2026-08-31T00:00:00", "acq_time": 828, "satellite": "N20", "instrument": "VIIRS", "confidence": "n", "version": "2.0NRT", "brightness_bg": 303.32, "frp": 4.07, "daynight": "D", "source_left": "VIIRS_NOAA20_NRT", "cross_source_count": 1, "state": "Tamil Nadu", "zone_type": "none", "source_right": "curated_research", "osm_id": "", "nearest_zone_dist_m": 218874.08160688091, "is_industrial": false, "facility_type": "none", "zone_name": "Cauvery Delta Rice (TN)", "temperature": 27.0, "humidity": 80, "wind_speed": 22.1, "wind_direction": 208, "aqi": 17, "persistence": 0.0 }, "geometry": { "type": "Point", "coordinates": [ 80.22637, 8.29123 ] } },
{ "type": "Feature", "properties": { "latitude": 8.29536, "longitude": 80.22634, "brightness": 346.13, "scan": 0.44, "track": 0.46, "acq_date": "2026-08-31T00:00:00", "acq_time": 828, "satellite": "N20", "instrument": "VIIRS", "confidence": "n", "version": "2.0NRT", "brightness_bg": 304.54, "frp": 8.41, "daynight": "D", "source_left": "VIIRS_NOAA20_NRT", "cross_source_count": 1, "state": "Tamil Nadu", "zone_type": "none", "source_right": "curated_research", "osm_id": "", "nearest_zone_dist_m": 218433.56371317079, "is_industrial": false, "facility_type": "none", "zone_name": "Cauvery Delta Rice (TN)", "temperature": 27.0, "humidity": 80, "wind_speed": 22.1, "wind_direction": 208, "aqi": 17, "persistence": 0.0 }, "geometry": { "type": "Point", "coordinates": [ 80.22634, 8.29536 ] } },
{ "type": "Feature", "properties": { "latitude": 8.33133, "longitude": 80.39417, "brightness": 332.61, "scan": 0.45, "track": 0.47, "acq_date": "2026-08-31T00:00:00", "acq_time": 828, "satellite": "N20", "instrument": "VIIRS", "confidence": "n", "version": "2.0NRT", "brightness_bg": 302.07, "frp": 2.1, "daynight": "D", "source_left": "VIIRS_NOAA20_NRT", "cross_source_count": 1, "state": "Tamil Nadu", "zone_type": "none", "source_right": "curated_research", "osm_id": "", "nearest_zone_dist_m": 220363.56694219893, "is_industrial": false, "facility_type": "none", "zone_name": "Cauvery Delta Rice (TN)", "temperature": 26.7, "humidity": 81, "wind_speed": 23.1, "wind_direction": 211, "aqi": 17, "persistence": 0.0 }, "geometry": { "type": "Point", "coordinates": [ 80.39417, 8.33133 ] } },
{ "type": "Feature", "properties": { "latitude": 8.16829, "longitude": 80.5834, "brightness": 335.75, "scan": 0.46, "track": 0.47, "acq_date": "2026-08-31T00:00:00", "acq_time": 828, "satellite": "N20", "instrument": "VIIRS", "confidence": "n", "version": "2.0NRT", "brightness_bg": 300.42, "frp": 3.59, "daynight": "D", "source_left": "VIIRS_NOAA20_NRT", "cross_source_count": 1, "state": "Tamil Nadu", "zone_type": "none", "source_right": "curated_research", "osm_id": "", "nearest_zone_dist_m": 244547.60441141136, "is_industrial": false, "facility_type": "none", "zone_name": "Cauvery Delta Rice (TN)", "temperature": 26.2, "humidity": 83, "wind_speed": 23.7, "wind_direction": 218, "aqi": 15, "persistence": 0.0 }, "geometry": { "type": "Point", "coordinates": [ 80.5834, 8.16829 ] } },
{ "type": "Feature", "properties": { "latitude": 8.33387, "longitude": 81.00347, "brightness": 346.86, "scan": 0.49, "track": 0.49, "acq_date": "2026-08-31T00:00:00", "acq_time": 828, "satellite": "N20", "instrument": "VIIRS", "confidence": "n", "version": "2.0NRT", "brightness_bg": 303.47, "frp": 11.23, "daynight": "D", "source_left": "VIIRS_NOAA20_NRT", "cross_source_count": 1, "state": "Tamil Nadu", "zone_type": "none", "source_right": "curated_research", "osm_id": "", "nearest_zone_dist_m": 248907.23911926366, "is_industrial": false, "facility_type": "none", "zone_name": "Cauvery Delta Rice (TN)", "temperature": 26.7, "humidity": 79, "wind_speed": 17.2, "wind_direction": 229, "aqi": 16, "persistence": 0.0 }, "geometry": { "type": "Point", "coordinates": [ 81.00347, 8.33387 ] } },
{ "type": "Feature", "properties": { "latitude": 8.34278, "longitude": 80.16339, "brightness": 341.1, "scan": 0.44, "track": 0.46, "acq_date": "2026-08-31T00:00:00", "acq_time": 828, "satellite": "N20", "instrument": "VIIRS", "confidence": "n", "version": "2.0NRT", "brightness_bg": 303.38, "frp": 5.79, "daynight": "D", "source_left": "VIIRS_NOAA20_NRT", "cross_source_count": 1, "state": "Tamil Nadu", "zone_type": "none", "source_right": "curated_research", "osm_id": "", "nearest_zone_dist_m": 211575.21605632821, "is_industrial": false, "facility_type": "none", "zone_name": "Cauvery Delta Rice (TN)", "temperature": 27.0, "humidity": 80, "wind_speed": 22.5, "wind_direction": 207, "aqi": 20, "persistence": 0.0 }, "geometry": { "type": "Point", "coordinates": [ 80.16339, 8.34278 ] } },
{ "type": "Feature", "properties": { "latitude": 8.34466, "longitude": 80.20757, "brightness": 340.2, "scan": 0.44, "track": 0.46, "acq_date": "2026-08-31T00:00:00", "acq_time": 828, "satellite": "N20", "instrument": "VIIRS", "confidence": "n", "version": "2.0NRT", "brightness_bg": 305.84, "frp": 6.19, "daynight": "D", "source_left": "VIIRS_NOAA20_NRT", "cross_source_count": 1, "state": "Tamil Nadu", "zone_type": "none", "source_right": "curated_research", "osm_id": "", "nearest_zone_dist_m": 212627.4297367266, "is_industrial": false, "facility_type": "none", "zone_name": "Cauvery Delta Rice (TN)", "temperature": 27.0, "humidity": 80, "wind_speed": 22.5, "wind_direction": 207, "aqi": 17, "persistence": 0.0 }, "geometry": { "type": "Point", "coordinates": [ 80.20757, 8.34466 ] } },
{ "type": "Feature", "properties": { "latitude": 8.34645, "longitude": 80.15887, "brightness": 337.48, "scan": 0.44, "track": 0.46, "acq_date": "2026-08-31T00:00:00", "acq_time": 828, "satellite": "N20", "instrument": "VIIRS", "confidence": "n", "version": "2.0NRT", "brightness_bg": 303.68, "frp": 5.79, "daynight": "D", "source_left": "VIIRS_NOAA20_NRT", "cross_source_count": 1, "state": "Tamil Nadu", "zone_type": "none", "source_right": "curated_research", "osm_id": "", "nearest_zone_dist_m": 211059.51269873074, "is_industrial": false, "facility_type": "none", "zone_name": "Cauvery Delta Rice (TN)", "temperature": 27.0, "humidity": 80, "wind_speed": 22.5, "wind_direction": 207, "aqi": 20, "persistence": 0.0 }, "geometry": { "type": "Point", "coordinates": [ 80.15887, 8.34645 ] } },
{ "type": "Feature", "properties": { "latitude": 8.34843, "longitude": 80.29674, "brightness": 343.2, "scan": 0.44, "track": 0.46, "acq_date": "2026-08-31T00:00:00", "acq_time": 828, "satellite": "N20", "instrument": "VIIRS", "confidence": "n", "version": "2.0NRT", "brightness_bg": 303.86, "frp": 9.99, "daynight": "D", "source_left": "VIIRS_NOAA20_NRT", "cross_source_count": 1, "state": "Tamil Nadu", "zone_type": "none", "source_right": "curated_research", "osm_id": "", "nearest_zone_dist_m": 215072.43038458691, "is_industrial": false, "facility_type": "none", "zone_name": "Cauvery Delta Rice (TN)", "temperature": 26.9, "humidity": 80, "wind_speed": 23.9, "wind_direction": 210, "aqi": 17, "persistence": 0.0 }, "geometry": { "type": "Point", "coordinates": [ 80.29674, 8.34843 ] } },
{ "type": "Feature", "properties": { "latitude": 8.34946, "longitude": 80.21097, "brightness": 334.65, "scan": 0.44, "track": 0.46, "acq_date": "2026-08-31T00:00:00", "acq_time": 828, "satellite": "N20", "instrument": "VIIRS", "confidence": "n", "version": "2.0NRT", "brightness_bg": 302.27, "frp": 4.4, "daynight": "D", "source_left": "VIIRS_NOAA20_NRT", "cross_source_count": 1, "state": "Tamil Nadu", "zone_type": "none", "source_right": "curated_research", "osm_id": "", "nearest_zone_dist_m": 212217.23333183693, "is_industrial": false, "facility_type": "none", "zone_name": "Cauvery Delta Rice (TN)", "temperature": 27.0, "humidity": 80, "wind_speed": 22.5, "wind_direction": 207, "aqi": 17, "persistence": 0.0 }, "geometry": { "type": "Point", "coordinates": [ 80.21097, 8.34946 ] } },
{ "type": "Feature", "properties": { "latitude": 8.35112, "longitude": 80.22285, "brightness": 333.21, "scan": 0.44, "track": 0.46, "acq_date": "2026-08-31T00:00:00", "acq_time": 828, "satellite": "N20", "instrument": "VIIRS", "confidence": "n", "version": "2.0NRT", "brightness_bg": 302.22, "frp": 2.05, "daynight": "D", "source_left": "VIIRS_NOAA20_NRT", "cross_source_count": 1, "state": "Tamil Nadu", "zone_type": "none", "source_right": "curated_research", "osm_id": "", "nearest_zone_dist_m": 212398.5334767451, "is_industrial": false, "facility_type": "none", "zone_name": "Cauvery Delta Rice (TN)", "temperature": 27.0, "humidity": 80, "wind_speed": 22.5, "wind_direction": 207, "aqi": 17, "persistence": 0.0 }, "geometry": { "type": "Point", "coordinates": [ 80.22285, 8.35112 ] } },
{ "type": "Feature", "properties": { "latitude": 8.3625, "longitude": 80.18092, "brightness": 342.32, "scan": 0.44, "track": 0.46, "acq_date": "2026-08-31T00:00:00", "acq_time": 828, "satellite": "N20", "instrument": "VIIRS", "confidence": "n", "version": "2.0NRT", "brightness_bg": 304.29, "frp": 3.56, "daynight": "D", "source_left": "VIIRS_NOAA20_NRT", "cross_source_count": 1, "state": "Tamil Nadu", "zone_type": "none", "source_right": "curated_research", "osm_id": "", "nearest_zone_dist_m": 209952.40294984574, "is_industrial": false, "facility_type": "none", "zone_name": "Cauvery Delta Rice (TN)", "temperature": 27.0, "humidity": 80, "wind_speed": 22.5, "wind_direction": 207, "aqi": 20, "persistence": 0.0 }, "geometry": { "type": "Point", "coordinates": [ 80.18092, 8.3625 ] } },
{ "type": "Feature", "properties": { "latitude": 8.34184, "longitude": 77.54288, "brightness": 343.41, "scan": 0.46, "track": 0.39, "acq_date": "2026-08-31T00:00:00", "acq_time": 828, "satellite": "N20", "instrument": "VIIRS", "confidence": "n", "version": "2.0NRT", "brightness_bg": 302.56, "frp": 8.3, "daynight": "D", "source_left": "VIIRS_NOAA20_NRT", "cross_source_count": 1, "state": "Kerala", "zone_type": "none", "source_right": "curated_research", "osm_id": "", "nearest_zone_dist_m": 41126.800418818129, "is_industrial": false, "facility_type": "none", "zone_name": "Pepper Plantation (Kerala)", "temperature": 26.4, "humidity": 75, "wind_speed": 10.5, "wind_direction": 282, "aqi": 16, "persistence": 0.0 }, "geometry": { "type": "Point", "coordinates": [ 77.54288, 8.34184 ] } },
{ "type": "Feature", "properties": { "latitude": 8.36317, "longitude": 81.05014, "brightness": 337.35, "scan": 0.5, "track": 0.49, "acq_date": "2026-08-31T00:00:00", "acq_time": 828, "satellite": "N20", "instrument": "VIIRS", "confidence": "n", "version": "2.0NRT", "brightness_bg": 303.77, "frp": 3.85, "daynight": "D", "source_left": "VIIRS_NOAA20_NRT", "cross_source_count": 1, "state": "Tamil Nadu", "zone_type": "none", "source_right": "curated_research", "osm_id": "", "nearest_zone_dist_m": 248778.67022451264, "is_industrial": false, "facility_type": "none", "zone_name": "Cauvery Delta Rice (TN)", "temperature": 27.2, "humidity": 76, "wind_speed": 16.7, "wind_direction": 230, "aqi": 16, "persistence": 0.0 }, "geometry": { "type": "Point", "coordinates": [ 81.05014, 8.36317 ] } },
{ "type": "Feature", "properties": { "latitude": 8.16395, "longitude": 80.584, "brightness": 335.73, "scan": 0.46, "track": 0.47, "acq_date": "2026-08-31T00:00:00", "acq_time": 828, "satellite": "N20", "instrument": "VIIRS", "confidence": "n", "version": "2.0NRT", "brightness_bg": 299.59, "frp": 2.2, "daynight": "D", "source_left": "VIIRS_NOAA20_NRT", "cross_source_count": 1, "state": "Tamil Nadu", "zone_type": "none", "source_right": "curated_research", "osm_id": "", "nearest_zone_dist_m": 245017.20191435848, "is_industrial": false, "facility_type": "none", "zone_name": "Cauvery Delta Rice (TN)", "temperature": 26.2, "humidity": 83, "wind_speed": 23.7, "wind_direction": 218, "aqi": 15, "persistence": 0.0 }, "geometry": { "type": "Point", "coordinates": [ 80.584, 8.16395 ] } },
{ "type": "Feature", "properties": { "latitude": 8.11853, "longitude": 80.619, "brightness": 336.09, "scan": 0.46, "track": 0.47, "acq_date": "2026-08-31T00:00:00", "acq_time": 828, "satellite": "N20", "instrument": "VIIRS", "confidence": "n", "version": "2.0NRT", "brightness_bg": 302.05, "frp": 4.81, "daynight": "D", "source_left": "VIIRS_NOAA20_NRT", "cross_source_count": 1, "state": "Tamil Nadu", "zone_type": "none", "source_right": "curated_research", "osm_id": "", "nearest_zone_dist_m": 251123.05709290283, "is_industrial": false, "facility_type": "none", "zone_name": "Cauvery Delta Rice (TN)", "temperature": 26.0, "humidity": 84, "wind_speed": 23.4, "wind_direction": 217, "aqi": 16, "persistence": 0.0 }, "geometry": { "type": "Point", "coordinates": [ 80.619, 8.11853 ] } },
{ "type": "Feature", "properties": { "latitude": 29.24173, "longitude": 91.86179, "brightness": 330.56, "scan": 0.43, "track": 0.38, "acq_date": "2026-08-31T00:00:00", "acq_time": 652, "satellite": "N20", "instrument": "VIIRS", "confidence": "n", "version": "2.0NRT", "brightness_bg": 297.19, "frp": 3.12, "daynight": "D", "source_left": "VIIRS_NOAA20_NRT", "cross_source_count": 1, "state": "Arunachal Pradesh", "zone_type": "none", "source_right": "curated_research", "osm_id": "", "nearest_zone_dist_m": 209628.52978419411, "is_industrial": false, "facility_type": "none", "zone_name": "Arunachal Forest Belt", "temperature": 11.9, "humidity": 86, "wind_speed": 1.5, "wind_direction": 30, "aqi": 31, "persistence": 0.0 }, "geometry": { "type": "Point", "coordinates": [ 91.86179, 29.24173 ] } },
{ "type": "Feature", "properties": { "latitude": 29.61658, "longitude": 91.05703, "brightness": 338.16, "scan": 0.46, "track": 0.39, "acq_date": "2026-08-31T00:00:00", "acq_time": 652, "satellite": "N20", "instrument": "VIIRS", "confidence": "n", "version": "2.0NRT", "brightness_bg": 299.37, "frp": 6.07, "daynight": "D", "source_left": "VIIRS_NOAA20_NRT", "cross_source_count": 1, "state": "Assam", "zone_type": "none", "source_right": "curated_research", "osm_id": "", "nearest_zone_dist_m": 287536.84771896136, "is_industrial": false, "facility_type": "none", "zone_name": "Manas NP (Assam)", "temperature": 11.0, "humidity": 85, "wind_speed": 0.2, "wind_direction": 270, "aqi": 32, "persistence": 0.0 }, "geometry": { "type": "Point", "coordinates": [ 91.05703, 29.61658 ] } },
{ "type": "Feature", "properties": { "latitude": 8.00052, "longitude": 80.37166, "brightness": 346.44, "scan": 0.44, "track": 0.46, "acq_date": "2026-08-31T00:00:00", "acq_time": 828, "satellite": "N20", "instrument": "VIIRS", "confidence": "n", "version": "2.0NRT", "brightness_bg": 301.25, "frp": 4.87, "daynight": "D", "source_left": "VIIRS_NOAA20_NRT", "cross_source_count": 1, "state": "Tamil Nadu", "zone_type": "none", "source_right": "curated_research", "osm_id": "", "nearest_zone_dist_m": 248125.02404698328, "is_industrial": false, "facility_type": "none", "zone_name": "Gulf of Mannar NP (Tamil Nadu)", "temperature": 26.2, "humidity": 84, "wind_speed": 20.5, "wind_direction": 208, "aqi": 15, "persistence": 0.0 }, "geometry": { "type": "Point", "coordinates": [ 80.37166, 8.00052 ] } },
{ "type": "Feature", "properties": { "latitude": 8.00086, "longitude": 80.2176, "brightness": 350.56, "scan": 0.43, "track": 0.46, "acq_date": "2026-08-31T00:00:00", "acq_time": 828, "satellite": "N20", "instrument": "VIIRS", "confidence": "n", "version": "2.0NRT", "brightness_bg": 303.05, "frp": 18.92, "daynight": "D", "source_left": "VIIRS_NOAA20_NRT", "cross_source_count": 1, "state": "Tamil Nadu", "zone_type": "none", "source_right": "curated_research", "osm_id": "", "nearest_zone_dist_m": 232788.68693987778, "is_industrial": false, "facility_type": "none", "zone_name": "Tuticorin Port Industrial (TN)", "temperature": 26.7, "humidity": 83, "wind_speed": 17.7, "wind_direction": 204, "aqi": 15, "persistence": 0.0 }, "geometry": { "type": "Point", "coordinates": [ 80.2176, 8.00086 ] } },
{ "type": "Feature", "properties": { "latitude": 8.00447, "longitude": 80.52874, "brightness": 339.29, "scan": 0.46, "track": 0.47, "acq_date": "2026-08-31T00:00:00", "acq_time": 828, "satellite": "N20", "instrument": "VIIRS", "confidence": "n", "version": "2.0NRT", "brightness_bg": 299.19, "frp": 6.31, "daynight": "D", "source_left": "VIIRS_NOAA20_NRT", "cross_source_count": 1, "state": "Tamil Nadu", "zone_type": "none", "source_right": "curated_research", "osm_id": "", "nearest_zone_dist_m": 259371.97510903928, "is_industrial": false, "facility_type": "none", "zone_name": "Cauvery Delta Rice (TN)", "temperature": 26.2, "humidity": 83, "wind_speed": 23.0, "wind_direction": 216, "aqi": 15, "persistence": 0.0 }, "geometry": { "type": "Point", "coordinates": [ 80.52874, 8.00447 ] } },
{ "type": "Feature", "properties": { "latitude": 8.00677, "longitude": 80.52929, "brightness": 339.52, "scan": 0.45, "track": 0.47, "acq_date": "2026-08-31T00:00:00", "acq_time": 828, "satellite": "N20", "instrument": "VIIRS", "confidence": "n", "version": "2.0NRT", "brightness_bg": 297.5, "frp": 3.71, "daynight": "D", "source_left": "VIIRS_NOAA20_NRT", "cross_source_count": 1, "state": "Tamil Nadu", "zone_type": "none", "source_right": "curated_research", "osm_id": "", "nearest_zone_dist_m": 259152.20075624756, "is_industrial": false, "facility_type": "none", "zone_name": "Cauvery Delta Rice (TN)", "temperature": 26.2, "humidity": 83, "wind_speed": 23.0, "wind_direction": 216, "aqi": 15, "persistence": 0.0 }, "geometry": { "type": "Point", "coordinates": [ 80.52929, 8.00677 ] } },
{ "type": "Feature", "properties": { "latitude": 8.00891, "longitude": 79.94204, "brightness": 331.5, "scan": 0.42, "track": 0.45, "acq_date": "2026-08-31T00:00:00", "acq_time": 828, "satellite": "N20", "instrument": "VIIRS", "confidence": "n", "version": "2.0NRT", "brightness_bg": 300.57, "frp": 3.64, "daynight": "D", "source_left": "VIIRS_NOAA20_NRT", "cross_source_count": 1, "state": "Tamil Nadu", "zone_type": "none", "source_right": "curated_research", "osm_id": "", "nearest_zone_dist_m": 204183.22904256068, "is_industrial": false, "facility_type": "none", "zone_name": "Tuticorin Port Industrial (TN)", "temperature": 27.2, "humidity": 82, "wind_speed": 17.4, "wind_direction": 206, "aqi": 17, "persistence": 0.0 }, "geometry": { "type": "Point", "coordinates": [ 79.94204, 8.00891 ] } },
{ "type": "Feature", "properties": { "latitude": 8.00937, "longitude": 80.60907, "brightness": 350.18, "scan": 0.46, "track": 0.47, "acq_date": "2026-08-31T00:00:00", "acq_time": 828, "satellite": "N20", "instrument": "VIIRS", "confidence": "n", "version": "2.0NRT", "brightness_bg": 302.56, "frp": 9.07, "daynight": "D", "source_left": "VIIRS_NOAA20_NRT", "cross_source_count": 1, "state": "Tamil Nadu", "zone_type": "none", "source_right": "curated_research", "osm_id": "", "nearest_zone_dist_m": 261925.23400111296, "is_industrial": false, "facility_type": "none", "zone_name": "Cauvery Delta Rice (TN)", "temperature": 26.1, "humidity": 81, "wind_speed": 24.3, "wind_direction": 220, "aqi": 16, "persistence": 0.0 }, "geometry": { "type": "Point", "coordinates": [ 80.60907, 8.00937 ] } },
{ "type": "Feature", "properties": { "latitude": 8.14395, "longitude": 80.59945, "brightness": 336.44, "scan": 0.46, "track": 0.47, "acq_date": "2026-08-31T00:00:00", "acq_time": 828, "satellite": "N20", "instrument": "VIIRS", "confidence": "n", "version": "2.0NRT", "brightness_bg": 302.46, "frp": 3.06, "daynight": "D", "source_left": "VIIRS_NOAA20_NRT", "cross_source_count": 1, "state": "Tamil Nadu", "zone_type": "none", "source_right": "curated_research", "osm_id": "", "nearest_zone_dist_m": 247706.02391747056, "is_industrial": false, "facility_type": "none", "zone_name": "Cauvery Delta Rice (TN)", "temperature": 26.0, "humidity": 84, "wind_speed": 23.4, "wind_direction": 217, "aqi": 15, "persistence": 0.0 }, "geometry": { "type": "Point", "coordinates": [ 80.59945, 8.14395 ] } },
{ "type": "Feature", "properties": { "latitude": 8.02744, "longitude": 80.40894, "brightness": 341.49, "scan": 0.45, "track": 0.47, "acq_date": "2026-08-31T00:00:00", "acq_time": 828, "satellite": "N20", "instrument": "VIIRS", "confidence": "n", "version": "2.0NRT", "brightness_bg": 299.2, "frp": 7.85, "daynight": "D", "source_left": "VIIRS_NOAA20_NRT", "cross_source_count": 1, "state": "Tamil Nadu", "zone_type": "none", "source_right": "curated_research", "osm_id": "", "nearest_zone_dist_m": 250513.13889093761, "is_industrial": false, "facility_type": "none", "zone_name": "Gulf of Mannar NP (Tamil Nadu)", "temperature": 26.5, "humidity": 83, "wind_speed": 21.1, "wind_direction": 211, "aqi": 15, "persistence": 0.0 }, "geometry": { "type": "Point", "coordinates": [ 80.40894, 8.02744 ] } },
{ "type": "Feature", "properties": { "latitude": 8.0432, "longitude": 80.3658, "brightness": 332.85, "scan": 0.44, "track": 0.46, "acq_date": "2026-08-31T00:00:00", "acq_time": 828, "satellite": "N20", "instrument": "VIIRS", "confidence": "n", "version": "2.0NRT", "brightness_bg": 301.34, "frp": 3.31, "daynight": "D", "source_left": "VIIRS_NOAA20_NRT", "cross_source_count": 1, "state": "Tamil Nadu", "zone_type": "none", "source_right": "curated_research", "osm_id": "", "nearest_zone_dist_m": 245474.74642261735, "is_industrial": false, "facility_type": "none", "zone_name": "Gulf of Mannar NP (Tamil Nadu)", "temperature": 26.5, "humidity": 83, "wind_speed": 21.1, "wind_direction": 211, "aqi": 15, "persistence": 0.0 }, "geometry": { "type": "Point", "coordinates": [ 80.3658, 8.0432 ] } },
{ "type": "Feature", "properties": { "latitude": 8.04964, "longitude": 80.00629, "brightness": 349.23, "scan": 0.42, "track": 0.45, "acq_date": "2026-08-31T00:00:00", "acq_time": 828, "satellite": "N20", "instrument": "VIIRS", "confidence": "n", "version": "2.0NRT", "brightness_bg": 300.61, "frp": 6.46, "daynight": "D", "source_left": "VIIRS_NOAA20_NRT", "cross_source_count": 1, "state": "Tamil Nadu", "zone_type": "none", "source_right": "curated_research", "osm_id": "", "nearest_zone_dist_m": 209085.37704822022, "is_industrial": false, "facility_type": "none", "zone_name": "Tuticorin Port Industrial (TN)", "temperature": 27.1, "humidity": 82, "wind_speed": 18.5, "wind_direction": 205, "aqi": 17, "persistence": 0.0 }, "geometry": { "type": "Point", "coordinates": [ 80.00629, 8.04964 ] } },
{ "type": "Feature", "properties": { "latitude": 8.0623, "longitude": 80.6608, "brightness": 333.65, "scan": 0.47, "track": 0.47, "acq_date": "2026-08-31T00:00:00", "acq_time": 828, "satellite": "N20", "instrument": "VIIRS", "confidence": "n", "version": "2.0NRT", "brightness_bg": 303.31, "frp": 3.46, "daynight": "D", "source_left": "VIIRS_NOAA20_NRT", "cross_source_count": 1, "state": "Tamil Nadu", "zone_type": "none", "source_right": "curated_research", "osm_id": "", "nearest_zone_dist_m": 258631.71894604652, "is_industrial": false, "facility_type": "none", "zone_name": "Cauvery Delta Rice (TN)", "temperature": 25.9, "humidity": 82, "wind_speed": 25.3, "wind_direction": 226, "aqi": 16, "persistence": 0.0 }, "geometry": { "type": "Point", "coordinates": [ 80.6608, 8.0623 ] } },
{ "type": "Feature", "properties": { "latitude": 8.07497, "longitude": 80.56109, "brightness": 344.08, "scan": 0.46, "track": 0.47, "acq_date": "2026-08-31T00:00:00", "acq_time": 828, "satellite": "N20", "instrument": "VIIRS", "confidence": "n", "version": "2.0NRT", "brightness_bg": 299.79, "frp": 6.7, "daynight": "D", "source_left": "VIIRS_NOAA20_NRT", "cross_source_count": 1, "state": "Tamil Nadu", "zone_type": "none", "source_right": "curated_research", "osm_id": "", "nearest_zone_dist_m": 253263.89084149661, "is_industrial": false, "facility_type": "none", "zone_name": "Cauvery Delta Rice (TN)", "temperature": 26.2, "humidity": 84, "wind_speed": 22.5, "wind_direction": 216, "aqi": 15, "persistence": 0.0 }, "geometry": { "type": "Point", "coordinates": [ 80.56109, 8.07497 ] } },
{ "type": "Feature", "properties": { "latitude": 8.3692, "longitude": 80.2898, "brightness": 336.36, "scan": 0.44, "track": 0.46, "acq_date": "2026-08-31T00:00:00", "acq_time": 828, "satellite": "N20", "instrument": "VIIRS", "confidence": "n", "version": "2.0NRT", "brightness_bg": 302.59, "frp": 2.11, "daynight": "D", "source_left": "VIIRS_NOAA20_NRT", "cross_source_count": 1, "state": "Tamil Nadu", "zone_type": "none", "source_right": "curated_research", "osm_id": "", "nearest_zone_dist_m": 212652.290628488, "is_industrial": false, "facility_type": "none", "zone_name": "Cauvery Delta Rice (TN)", "temperature": 27.0, "humidity": 79, "wind_speed": 23.8, "wind_direction": 209, "aqi": 17, "persistence": 0.0 }, "geometry": { "type": "Point", "coordinates": [ 80.2898, 8.3692 ] } },
{ "type": "Feature", "properties": { "latitude": 8.50704, "longitude": 80.82832, "brightness": 348.79, "scan": 0.48, "track": 0.48, "acq_date": "2026-08-31T00:00:00", "acq_time": 828, "satellite": "N20", "instrument": "VIIRS", "confidence": "n", "version": "2.0NRT", "brightness_bg": 301.89, "frp": 9.54, "daynight": "D", "source_left": "VIIRS_NOAA20_NRT", "cross_source_count": 1, "state": "Tamil Nadu", "zone_type": "none", "source_right": "curated_research", "osm_id": "", "nearest_zone_dist_m": 222623.79256638009, "is_industrial": false, "facility_type": "none", "zone_name": "Cauvery Delta Rice (TN)", "temperature": 26.7, "humidity": 79, "wind_speed": 19.9, "wind_direction": 224, "aqi": 16, "persistence": 0.0 }, "geometry": { "type": "Point", "coordinates": [ 80.82832, 8.50704 ] } },
{ "type": "Feature", "properties": { "latitude": 8.54867, "longitude": 80.86773, "brightness": 342.36, "scan": 0.49, "track": 0.48, "acq_date": "2026-08-31T00:00:00", "acq_time": 828, "satellite": "N20", "instrument": "VIIRS", "confidence": "n", "version": "2.0NRT", "brightness_bg": 301.5, "frp": 3.74, "daynight": "D", "source_left": "VIIRS_NOAA20_NRT", "cross_source_count": 1, "state": "Tamil Nadu", "zone_type": "none", "source_right": "curated_research", "osm_id": "", "nearest_zone_dist_m": 220862.09424292488, "is_industrial": false, "facility_type": "none", "zone_name": "Cauvery Delta Rice (TN)", "temperature": 26.9, "humidity": 78, "wind_speed": 19.2, "wind_direction": 222, "aqi": 16, "persistence": 0.0 }, "geometry": { "type": "Point", "coordinates": [ 80.86773, 8.54867 ] } },
{ "type": "Feature", "properties": { "latitude": 8.55046, "longitude": 80.75088, "brightness": 343.0, "scan": 0.48, "track": 0.48, "acq_date": "2026-08-31T00:00:00", "acq_time": 828, "satellite": "N20", "instrument": "VIIRS", "confidence": "n", "version": "2.0NRT", "brightness_bg": 302.16, "frp": 10.09, "daynight": "D", "source_left": "VIIRS_NOAA20_NRT", "cross_source_count": 1, "state": "Tamil Nadu", "zone_type": "none", "source_right": "curated_research", "osm_id": "", "nearest_zone_dist_m": 214235.58010463489, "is_industrial": false, "facility_type": "none", "zone_name": "Cauvery Delta Rice (TN)", "temperature": 26.7, "humidity": 79, "wind_speed": 21.3, "wind_direction": 218, "aqi": 16, "persistence": 0.0 }, "geometry": { "type": "Point", "coordinates": [ 80.75088, 8.55046 ] } },
{ "type": "Feature", "properties": { "latitude": 8.55486, "longitude": 80.62312, "brightness": 333.35, "scan": 0.47, "track": 0.48, "acq_date": "2026-08-31T00:00:00", "acq_time": 828, "satellite": "N20", "instrument": "VIIRS", "confidence": "n", "version": "2.0NRT", "brightness_bg": 301.02, "frp": 3.18, "daynight": "D", "source_left": "VIIRS_NOAA20_NRT", "cross_source_count": 1, "state": "Tamil Nadu", "zone_type": "none", "source_right": "curated_research", "osm_id": "", "nearest_zone_dist_m": 207344.32560583821, "is_industrial": false, "facility_type": "none", "zone_name": "Cauvery Delta Rice (TN)", "temperature": 26.6, "humidity": 80, "wind_speed": 20.6, "wind_direction": 216, "aqi": 16, "persistence": 0.0 }, "geometry": { "type": "Point", "coordinates": [ 80.62312, 8.55486 ] } },
{ "type": "Feature", "properties": { "latitude": 8.55563, "longitude": 80.62306, "brightness": 343.88, "scan": 0.47, "track": 0.48, "acq_date": "2026-08-31T00:00:00", "acq_time": 828, "satellite": "N20", "instrument": "VIIRS", "confidence": "n", "version": "2.0NRT", "brightness_bg": 302.43, "frp": 5.58, "daynight": "D", "source_left": "VIIRS_NOAA20_NRT", "cross_source_count": 1, "state": "Tamil Nadu", "zone_type": "none", "source_right": "curated_research", "osm_id": "", "nearest_zone_dist_m": 207264.74487850626, "is_industrial": false, "facility_type": "none", "zone_name": "Cauvery Delta Rice (TN)", "temperature": 26.6, "humidity": 80, "wind_speed": 20.6, "wind_direction": 216, "aqi": 16, "persistence": 0.0 }, "geometry": { "type": "Point", "coordinates": [ 80.62306, 8.55563 ] } },
{ "type": "Feature", "properties": { "latitude": 8.48861, "longitude": 80.62767, "brightness": 338.9, "scan": 0.47, "track": 0.48, "acq_date": "2026-08-31T00:00:00", "acq_time": 828, "satellite": "N20", "instrument": "VIIRS", "confidence": "n", "version": "2.0NRT", "brightness_bg": 296.42, "frp": 3.9, "daynight": "D", "source_left": "VIIRS_NOAA20_NRT", "cross_source_count": 1, "state": "Tamil Nadu", "zone_type": "none", "source_right": "curated_research", "osm_id": "", "nearest_zone_dist_m": 214179.69346614703, "is_industrial": false, "facility_type": "none", "zone_name": "Cauvery Delta Rice (TN)", "temperature": 26.7, "humidity": 80, "wind_speed": 21.3, "wind_direction": 219, "aqi": 16, "persistence": 0.0 }, "geometry": { "type": "Point", "coordinates": [ 80.62767, 8.48861 ] } },
{ "type": "Feature", "properties": { "latitude": 8.58503, "longitude": 80.74178, "brightness": 338.14, "scan": 0.48, "track": 0.48, "acq_date": "2026-08-31T00:00:00", "acq_time": 828, "satellite": "N20", "instrument": "VIIRS", "confidence": "n", "version": "2.0NRT", "brightness_bg": 306.07, "frp": 54.47, "daynight": "D", "source_left": "VIIRS_NOAA20_NRT", "cross_source_count": 1, "state": "Tamil Nadu", "zone_type": "none", "source_right": "curated_research", "osm_id": "", "nearest_zone_dist_m": 210409.5456148684, "is_industrial": false, "facility_type": "none", "zone_name": "Cauvery Delta Rice (TN)", "temperature": 26.6, "humidity": 79, "wind_speed": 20.8, "wind_direction": 217, "aqi": 16, "persistence": 0.0 }, "geometry": { "type": "Point", "coordinates": [ 80.74178, 8.58503 ] } },
{ "type": "Feature", "properties": { "latitude": 8.59185, "longitude": 80.82607, "brightness": 355.1, "scan": 0.49, "track": 0.48, "acq_date": "2026-08-31T00:00:00", "acq_time": 828, "satellite": "N20", "instrument": "VIIRS", "confidence": "n", "version": "2.0NRT", "brightness_bg": 306.02, "frp": 19.95, "daynight": "D", "source_left": "VIIRS_NOAA20_NRT", "cross_source_count": 1, "state": "Tamil Nadu", "zone_type": "none", "source_right": "curated_research", "osm_id": "", "nearest_zone_dist_m": 214421.00230860859, "is_industrial": false, "facility_type": "none", "zone_name": "Cauvery Delta Rice (TN)", "temperature": 27.1, "humidity": 77, "wind_speed": 19.8, "wind_direction": 216, "aqi": 16, "persistence": 0.0 }, "geometry": { "type": "Point", "coordinates": [ 80.82607, 8.59185 ] } },
{ "type": "Feature", "properties": { "latitude": 8.61147, "longitude": 80.67232, "brightness": 335.18, "scan": 0.47, "track": 0.48, "acq_date": "2026-08-31T00:00:00", "acq_time": 828, "satellite": "N20", "instrument": "VIIRS", "confidence": "n", "version": "2.0NRT", "brightness_bg": 300.27, "frp": 3.92, "daynight": "D", "source_left": "VIIRS_NOAA20_NRT", "cross_source_count": 1, "state": "Tamil Nadu", "zone_type": "none", "source_right": "curated_research", "osm_id": "", "nearest_zone_dist_m": 204190.36460929079, "is_industrial": false, "facility_type": "none", "zone_name": "Cauvery Delta Rice (TN)", "temperature": 26.6, "humidity": 79, "wind_speed": 20.8, "wind_direction": 217, "aqi": 18, "persistence": 0.0 }, "geometry": { "type": "Point", "coordinates": [ 80.67232, 8.61147 ] } },
{ "type": "Feature", "properties": { "latitude": 8.62569, "longitude": 80.97631, "brightness": 342.52, "scan": 0.5, "track": 0.49, "acq_date": "2026-08-31T00:00:00", "acq_time": 828, "satellite": "N20", "instrument": "VIIRS", "confidence": "n", "version": "2.0NRT", "brightness_bg": 303.06, "frp": 9.27, "daynight": "D", "source_left": "VIIRS_NOAA20_NRT", "cross_source_count": 1, "state": "Tamil Nadu", "zone_type": "none", "source_right": "curated_research", "osm_id": "", "nearest_zone_dist_m": 219973.53837549608, "is_industrial": false, "facility_type": "none", "zone_name": "Cauvery Delta Rice (TN)", "temperature": 27.0, "humidity": 77, "wind_speed": 16.9, "wind_direction": 218, "aqi": 18, "persistence": 0.0 }, "geometry": { "type": "Point", "coordinates": [ 80.97631, 8.62569 ] } },
{ "type": "Feature", "properties": { "latitude": 8.58205, "longitude": 80.97684, "brightness": 336.89, "scan": 0.5, "track": 0.49, "acq_date": "2026-08-31T00:00:00", "acq_time": 828, "satellite": "N20", "instrument": "VIIRS", "confidence": "n", "version": "2.0NRT", "brightness_bg": 302.13, "frp": 6.9, "daynight": "D", "source_left": "VIIRS_NOAA20_NRT", "cross_source_count": 1, "state": "Tamil Nadu", "zone_type": "none", "source_right": "curated_research", "osm_id": "", "nearest_zone_dist_m": 224027.28563550126, "is_industrial": false, "facility_type": "none", "zone_name": "Cauvery Delta Rice (TN)", "temperature": 26.7, "humidity": 78, "wind_speed": 13.8, "wind_direction": 220, "aqi": 16, "persistence": 0.0 }, "geometry": { "type": "Point", "coordinates": [ 80.97684, 8.58205 ] } },
{ "type": "Feature", "properties": { "latitude": 8.3689, "longitude": 80.3186, "brightness": 333.67, "scan": 0.45, "track": 0.47, "acq_date": "2026-08-31T00:00:00", "acq_time": 828, "satellite": "N20", "instrument": "VIIRS", "confidence": "n", "version": "2.0NRT", "brightness_bg": 302.3, "frp": 3.76, "daynight": "D", "source_left": "VIIRS_NOAA20_NRT", "cross_source_count": 1, "state": "Tamil Nadu", "zone_type": "none", "source_right": "curated_research", "osm_id": "", "nearest_zone_dist_m": 213689.97055923918, "is_industrial": false, "facility_type": "none", "zone_name": "Cauvery Delta Rice (TN)", "temperature": 27.0, "humidity": 79, "wind_speed": 23.6, "wind_direction": 210, "aqi": 17, "persistence": 0.0 }, "geometry": { "type": "Point", "coordinates": [ 80.3186, 8.3689 ] } },
{ "type": "Feature", "properties": { "latitude": 8.47689, "longitude": 80.80559, "brightness": 341.17, "scan": 0.48, "track": 0.48, "acq_date": "2026-08-31T00:00:00", "acq_time": 828, "satellite": "N20", "instrument": "VIIRS", "confidence": "n", "version": "2.0NRT", "brightness_bg": 298.99, "frp": 5.55, "daynight": "D", "source_left": "VIIRS_NOAA20_NRT", "cross_source_count": 1, "state": "Tamil Nadu", "zone_type": "none", "source_right": "curated_research", "osm_id": "", "nearest_zone_dist_m": 224272.16567937841, "is_industrial": false, "facility_type": "none", "zone_name": "Cauvery Delta Rice (TN)", "temperature": 26.7, "humidity": 79, "wind_speed": 19.9, "wind_direction": 224, "aqi": 16, "persistence": 0.0 }, "geometry": { "type": "Point", "coordinates": [ 80.80559, 8.47689 ] } },
{ "type": "Feature", "properties": { "latitude": 8.38452, "longitude": 80.15371, "brightness": 343.49, "scan": 0.44, "track": 0.46, "acq_date": "2026-08-31T00:00:00", "acq_time": 828, "satellite": "N20", "instrument": "VIIRS", "confidence": "n", "version": "2.0NRT", "brightness_bg": 305.46, "frp": 4.95, "daynight": "D", "source_left": "VIIRS_NOAA20_NRT", "cross_source_count": 1, "state": "Tamil Nadu", "zone_type": "none", "source_right": "curated_research", "osm_id": "", "nearest_zone_dist_m": 206839.94684688072, "is_industrial": false, "facility_type": "none", "zone_name": "Cauvery Delta Rice (TN)", "temperature": 26.9, "humidity": 80, "wind_speed": 22.4, "wind_direction": 206, "aqi": 20, "persistence": 0.0 }, "geometry": { "type": "Point", "coordinates": [ 80.15371, 8.38452 ] } },
{ "type": "Feature", "properties": { "latitude": 8.38613, "longitude": 80.16559, "brightness": 343.26, "scan": 0.44, "track": 0.46, "acq_date": "2026-08-31T00:00:00", "acq_time": 828, "satellite": "N20", "instrument": "VIIRS", "confidence": "n", "version": "2.0NRT", "brightness_bg": 304.58, "frp": 7.23, "daynight": "D", "source_left": "VIIRS_NOAA20_NRT", "cross_source_count": 1, "state": "Tamil Nadu", "zone_type": "none", "source_right": "curated_research", "osm_id": "", "nearest_zone_dist_m": 206995.07549191531, "is_industrial": false, "facility_type": "none", "zone_name": "Cauvery Delta Rice (TN)", "temperature": 26.9, "humidity": 80, "wind_speed": 22.4, "wind_direction": 206, "aqi": 20, "persistence": 0.0 }, "geometry": { "type": "Point", "coordinates": [ 80.16559, 8.38613 ] } },
{ "type": "Feature", "properties": { "latitude": 8.38875, "longitude": 80.15311, "brightness": 332.2, "scan": 0.44, "track": 0.46, "acq_date": "2026-08-31T00:00:00", "acq_time": 828, "satellite": "N20", "instrument": "VIIRS", "confidence": "n", "version": "2.0NRT", "brightness_bg": 301.95, "frp": 4.51, "daynight": "D", "source_left": "VIIRS_NOAA20_NRT", "cross_source_count": 1, "state": "Tamil Nadu", "zone_type": "none", "source_right": "curated_research", "osm_id": "", "nearest_zone_dist_m": 206370.45056814782, "is_industrial": false, "facility_type": "none", "zone_name": "Cauvery Delta Rice (TN)", "temperature": 26.9, "humidity": 80, "wind_speed": 22.4, "wind_direction": 206, "aqi": 20, "persistence": 0.0 }, "geometry": { "type": "Point", "coordinates": [ 80.15311, 8.38875 ] } },
{ "type": "Feature", "properties": { "latitude": 8.47744, "longitude": 80.80485, "brightness": 341.04, "scan": 0.48, "track": 0.48, "acq_date": "2026-08-31T00:00:00", "acq_time": 828, "satellite": "N20", "instrument": "VIIRS", "confidence": "n", "version": "2.0NRT", "brightness_bg": 298.83, "frp": 4.89, "daynight": "D", "source_left": "VIIRS_NOAA20_NRT", "cross_source_count": 1, "state": "Tamil Nadu", "zone_type": "none", "source_right": "curated_research", "osm_id": "", "nearest_zone_dist_m": 224179.26589696601, "is_industrial": false, "facility_type": "none", "zone_name": "Cauvery Delta Rice (TN)", "temperature": 26.7, "humidity": 79, "wind_speed": 19.9, "wind_direction": 224, "aqi": 16, "persistence": 0.0 }, "geometry": { "type": "Point", "coordinates": [ 80.80485, 8.47744 ] } },
{ "type": "Feature", "properties": { "latitude": 8.39514, "longitude": 80.60126, "brightness": 331.06, "scan": 0.47, "track": 0.47, "acq_date": "2026-08-31T00:00:00", "acq_time": 828, "satellite": "N20", "instrument": "VIIRS", "confidence": "n", "version": "2.0NRT", "brightness_bg": 300.38, "frp": 2.53, "daynight": "D", "source_left": "VIIRS_NOAA20_NRT", "cross_source_count": 1, "state": "Tamil Nadu", "zone_type": "none", "source_right": "curated_research", "osm_id": "", "nearest_zone_dist_m": 222320.68383276425, "is_industrial": false, "facility_type": "none", "zone_name": "Cauvery Delta Rice (TN)", "temperature": 26.7, "humidity": 80, "wind_speed": 21.7, "wind_direction": 217, "aqi": 16, "persistence": 0.0 }, "geometry": { "type": "Point", "coordinates": [ 80.60126, 8.39514 ] } },
{ "type": "Feature", "properties": { "latitude": 8.43796, "longitude": 80.62118, "brightness": 332.73, "scan": 0.47, "track": 0.48, "acq_date": "2026-08-31T00:00:00", "acq_time": 828, "satellite": "N20", "instrument": "VIIRS", "confidence": "n", "version": "2.0NRT", "brightness_bg": 300.05, "frp": 2.75, "daynight": "D", "source_left": "VIIRS_NOAA20_NRT", "cross_source_count": 1, "state": "Tamil Nadu", "zone_type": "none", "source_right": "curated_research", "osm_id": "", "nearest_zone_dist_m": 218954.63010691706, "is_industrial": false, "facility_type": "none", "zone_name": "Cauvery Delta Rice (TN)", "temperature": 26.7, "humidity": 80, "wind_speed": 21.3, "wind_direction": 219, "aqi": 16, "persistence": 0.0 }, "geometry": { "type": "Point", "coordinates": [ 80.62118, 8.43796 ] } },
{ "type": "Feature", "properties": { "latitude": 8.44329, "longitude": 81.08285, "brightness": 344.6, "scan": 0.5, "track": 0.49, "acq_date": "2026-08-31T00:00:00", "acq_time": 828, "satellite": "N20", "instrument": "VIIRS", "confidence": "n", "version": "2.0NRT", "brightness_bg": 303.43, "frp": 7.36, "daynight": "D", "source_left": "VIIRS_NOAA20_NRT", "cross_source_count": 1, "state": "Tamil Nadu", "zone_type": "none", "source_right": "curated_research", "osm_id": "", "nearest_zone_dist_m": 243255.82745470523, "is_industrial": false, "facility_type": "none", "zone_name": "Cauvery Delta Rice (TN)", "temperature": 27.1, "humidity": 76, "wind_speed": 12.4, "wind_direction": 223, "aqi": 16, "persistence": 0.0 }, "geometry": { "type": "Point", "coordinates": [ 81.08285, 8.44329 ] } },
{ "type": "Feature", "properties": { "latitude": 8.44717, "longitude": 77.58348, "brightness": 335.04, "scan": 0.46, "track": 0.39, "acq_date": "2026-08-31T00:00:00", "acq_time": 828, "satellite": "N20", "instrument": "VIIRS", "confidence": "n", "version": "2.0NRT", "brightness_bg": 302.12, "frp": 2.18, "daynight": "D", "source_left": "VIIRS_NOAA20_NRT", "cross_source_count": 1, "state": "Kerala", "zone_type": "none", "source_right": "curated_research", "osm_id": "", "nearest_zone_dist_m": 40280.174752109197, "is_industrial": false, "facility_type": "none", "zone_name": "Pepper Plantation (Kerala)", "temperature": 28.8, "humidity": 62, "wind_speed": 1.5, "wind_direction": 187, "aqi": 16, "persistence": 0.0 }, "geometry": { "type": "Point", "coordinates": [ 77.58348, 8.44717 ] } },
{ "type": "Feature", "properties": { "latitude": 8.45679, "longitude": 80.5248, "brightness": 340.68, "scan": 0.46, "track": 0.47, "acq_date": "2026-08-31T00:00:00", "acq_time": 828, "satellite": "N20", "instrument": "VIIRS", "confidence": "n", "version": "2.0NRT", "brightness_bg": 298.18, "frp": 2.27, "daynight": "D", "source_left": "VIIRS_NOAA20_NRT", "cross_source_count": 1, "state": "Tamil Nadu", "zone_type": "none", "source_right": "curated_research", "osm_id": "", "nearest_zone_dist_m": 212645.24138919494, "is_industrial": false, "facility_type": "none", "zone_name": "Cauvery Delta Rice (TN)", "temperature": 26.9, "humidity": 79, "wind_speed": 20.6, "wind_direction": 210, "aqi": 17, "persistence": 0.0 }, "geometry": { "type": "Point", "coordinates": [ 80.5248, 8.45679 ] } },
{ "type": "Feature", "properties": { "latitude": 8.47278, "longitude": 80.77496, "brightness": 334.05, "scan": 0.48, "track": 0.48, "acq_date": "2026-08-31T00:00:00", "acq_time": 828, "satellite": "N20", "instrument": "VIIRS", "confidence": "n", "version": "2.0NRT", "brightness_bg": 301.25, "frp": 5.96, "daynight": "D", "source_left": "VIIRS_NOAA20_NRT", "cross_source_count": 1, "state": "Tamil Nadu", "zone_type": "none", "source_right": "curated_research", "osm_id": "", "nearest_zone_dist_m": 223039.5034444831, "is_industrial": false, "facility_type": "none", "zone_name": "Cauvery Delta Rice (TN)", "temperature": 26.7, "humidity": 79, "wind_speed": 19.9, "wind_direction": 224, "aqi": 16, "persistence": 0.0 }, "geometry": { "type": "Point", "coordinates": [ 80.77496, 8.47278 ] } },
{ "type": "Feature", "properties": { "latitude": 8.3909, "longitude": 80.38186, "brightness": 349.29, "scan": 0.45, "track": 0.47, "acq_date": "2026-08-31T00:00:00", "acq_time": 828, "satellite": "N20", "instrument": "VIIRS", "confidence": "n", "version": "2.0NRT", "brightness_bg": 300.79, "frp": 40.32, "daynight": "D", "source_left": "VIIRS_NOAA20_NRT", "cross_source_count": 1, "state": "Tamil Nadu", "zone_type": "none", "source_right": "curated_research", "osm_id": "", "nearest_zone_dist_m": 213701.18928657129, "is_industrial": false, "facility_type": "none", "zone_name": "Cauvery Delta Rice (TN)", "temperature": 27.0, "humidity": 79, "wind_speed": 23.6, "wind_direction": 210, "aqi": 17, "persistence": 0.0 }, "geometry": { "type": "Point", "coordinates": [ 80.38186, 8.3909 ] } },
{ "type": "Feature", "properties": { "latitude": 9.26145, "longitude": 78.27647, "brightness": 325.0, "scan": 1.74, "track": 1.29, "acq_date": "2026-08-31T00:00:00", "acq_time": 353, "satellite": "Terra", "instrument": "MODIS", "confidence": "79", "version": "6.1NRT", "brightness_bg": 306.86, "frp": 16.75, "daynight": "D", "source_left": "MODIS_NRT", "cross_source_count": 1, "state": "Tamil Nadu", "zone_type": "parks", "source_right": "curated_research", "osm_id": "", "nearest_zone_dist_m": 0.0, "is_industrial": false, "facility_type": "protected_area", "zone_name": "Gulf of Mannar NP (Tamil Nadu)", "temperature": 29.6, "humidity": 59, "wind_speed": 12.6, "wind_direction": 280, "aqi": 19, "persistence": 0.0 }, "geometry": { "type": "Point", "coordinates": [ 78.27647, 9.26145 ] } },
{ "type": "Feature", "properties": { "latitude": 30.87475, "longitude": 82.85634, "brightness": 303.18, "scan": 1.47, "track": 1.2, "acq_date": "2026-08-31T00:00:00", "acq_time": 347, "satellite": "Terra", "instrument": "MODIS", "confidence": "39", "version": "6.1NRT", "brightness_bg": 286.21, "frp": 7.01, "daynight": "D", "source_left": "MODIS_NRT", "cross_source_count": 1, "state": "Uttarakhand", "zone_type": "none", "source_right": "curated_research", "osm_id": "", "nearest_zone_dist_m": 250829.91926818818, "is_industrial": false, "facility_type": "none", "zone_name": "Nanda Devi NP (Uttarakhand)", "temperature": 0.5, "humidity": 98, "wind_speed": 2.9, "wind_direction": 173, "aqi": 37, "persistence": 0.0 }, "geometry": { "type": "Point", "coordinates": [ 82.85634, 30.87475 ] } }
]
}
