{
"type": "FeatureCollection",
"name": "predictive_spread",
"crs": { "type": "name", "properties": { "name": "urn:ogc:def:crs:OGC:1.3:CRS84" } },
"features": [
{ "type": "Feature", "properties": { "latitude": 8.03437, "longitude": 80.19405, "brightness": 338.36, "scan": 0.39, "track": 0.36, "acq_date": "2026-08-31T00:00:00", "acq_time": 807, "satellite": "N", "instrument": "VIIRS", "confidence": "n", "version": "2.0NRT", "brightness_bg": 306.27, "frp": 6.16, "daynight": "D", "source_left": "VIIRS_SNPP_NRT", "cross_source_count": 1, "state": "Tamil Nadu", "zone_type": "none", "source_right": "curated_research", "osm_id": "", "nearest_zone_dist_m": 228994.26286177794, "is_industrial": false, "facility_type": "none", "zone_name": "Gulf of Mannar NP (Tamil Nadu)", "temperature": 26.9, "humidity": 82, "wind_speed": 19.2, "wind_direction": 206, "aqi": 17, "persistence": 0.0, "ai_classification": "Natural Anomaly", "ai_confidence": 100.0, "spread_speed_kmh": 1.39, "risk_level": "Moderate (Spreading)", "mitigation_strategy": "Monitor" }, "geometry": { "type": "Polygon", "coordinates": [ [ [ 80.202021051131098, 8.050552503400088 ], [ 80.202237642460474, 8.050268884664105 ], [ 80.202305183364345, 8.049704649906328 ], [ 80.202221621646515, 8.048876943114353 ], [ 80.201989496287496, 8.047810913740214 ], [ 80.201615860298872, 8.04653895254701 ], [ 80.201112066421075, 8.045099707431952 ], [ 80.200493422176152, 8.043536909129566 ], [ 80.199778724756442, 8.041898042475458 ], [ 80.198989689881387, 8.040232903603606 ], [ 80.198150291976376, 8.038592086916029 ], [ 80.19728603572203, 8.037025447797488 ], [ 80.196423181107292, 8.035580587784841 ], [ 80.195587945532992, 8.034301408218438 ], [ 80.194805707209412, 8.033226776322106 ], [ 80.194100234052172, 8.03238934424223 ], [ 80.193492961506195, 8.031814556928792 ], [ 80.193002341240472, 8.031519879003454 ], [ 80.192643280503532, 8.031514264105866 ], [ 80.192426689174155, 8.031797882841849 ], [ 80.192359148270285, 8.032362117599625 ], [ 80.192442709988114, 8.0331898243916 ], [ 80.192674835347134, 8.034255853765739 ], [ 80.193048471335757, 8.035527814958943 ], [ 80.193552265213555, 8.036967060074002 ], [ 80.194170909458478, 8.038529858376387 ], [ 80.194885606878188, 8.040168725030496 ], [ 80.195674641753243, 8.041833863902347 ], [ 80.196514039658254, 8.043474680589924 ], [ 80.1973782959126, 8.045041319708465 ], [ 80.198241150527338, 8.046486179721112 ], [ 80.199076386101638, 8.047765359287515 ], [ 80.199858624425218, 8.048839991183847 ], [ 80.200564097582458, 8.049677423263724 ], [ 80.201171370128435, 8.050252210577161 ], [ 80.201661990394157, 8.050546888502499 ], [ 80.202021051131098, 8.050552503400088 ] ] ] } },
{ "type": "Feature", "properties": { "latitude": 8.6821, "longitude": 80.75552, "brightness": 349.96, "scan": 0.38, "track": 0.36, "acq_date": "2026-08-31T00:00:00", "acq_time": 807, "satellite": "N", "instrument": "VIIRS", "confidence": "n", "version": "2.0NRT", "brightness_bg": 308.89, "frp": 5.09, "daynight": "D", "source_left": "VIIRS_SNPP_NRT", "cross_source_count": 2, "state": "Tamil Nadu", "zone_type": "none", "source_right": "curated_research", "osm_id": "", "nearest_zone_dist_m": 201882.93982282773, "is_industrial": false, "facility_type": "none", "zone_name": "Cauvery Delta Rice (TN)", "temperature": 26.9, "humidity": 78, "wind_speed": 20.1, "wind_direction": 216, "aqi": 18, "persistence": 0.0, "ai_classification": "Natural Anomaly", "ai_confidence": 100.0, "spread_speed_kmh": 1.36, "risk_level": "Moderate (Spreading)", "mitigation_strategy": "Monitor" }, "geometry": { "type": "Polygon", "coordinates": [ [ [ 80.766294417975217, 8.696759643033523 ], [ 80.76645059813913, 8.696447311767546 ], [ 80.766409457902213, 8.695882455331722 ], [ 80.766172247289774, 8.695082236603023 ], [ 80.765746173826216, 8.694070969822592 ], [ 80.765144183538126, 8.692879381819825 ], [ 80.764384567595798, 8.691543678393213 ], [ 80.763490406545245, 8.690104444215477 ], [ 80.762488869017517, 8.688605409688819 ], [ 80.761410386223602, 8.687092122218781 ], [ 80.760287727317461, 8.685610562279384 ], [ 80.759155003721844, 8.684205746319678 ], [ 80.75804663267003, 8.682920358961729 ], [ 80.756996291455565, 8.68179345604997 ], [ 80.756035894164754, 8.680859277959135 ], [ 80.755194621983279, 8.680146209217797 ], [ 80.754498036540696, 8.679675916058832 ], [ 80.753967303233168, 8.679462688101893 ], [ 80.753618548123683, 8.679513004170555 ], [ 80.75346236795977, 8.679825335436533 ], [ 80.753503508196687, 8.680390191872357 ], [ 80.753740718809127, 8.681190410601056 ], [ 80.754166792272684, 8.682201677381487 ], [ 80.754768782560774, 8.683393265384254 ], [ 80.755528398503102, 8.684728968810866 ], [ 80.756422559553656, 8.686168202988602 ], [ 80.757424097081383, 8.68766723751526 ], [ 80.758502579875298, 8.689180524985298 ], [ 80.759625238781439, 8.690662084924694 ], [ 80.760757962377056, 8.6920669008844 ], [ 80.76186633342887, 8.69335228824235 ], [ 80.762916674643336, 8.694479191154109 ], [ 80.763877071934147, 8.695413369244944 ], [ 80.764718344115622, 8.696126437986281 ], [ 80.765414929558204, 8.696596731145247 ], [ 80.765945662865732, 8.696809959102186 ], [ 80.766294417975217, 8.696759643033523 ] ] ] } },
{ "type": "Feature", "properties": { "latitude": 8.78987, "longitude": 80.99559, "brightness": 343.59, "scan": 0.38, "track": 0.36, "acq_date": "2026-08-31T00:00:00", "acq_time": 807, "satellite": "N", "instrument": "VIIRS", "confidence": "n", "version": "2.0NRT", "brightness_bg": 307.86, "frp": 12.29, "daynight": "D", "source_left": "VIIRS_SNPP_NRT", "cross_source_count": 2, "state": "Tamil Nadu", "zone_type": "none", "source_right": "curated_research", "osm_id": "", "nearest_zone_dist_m": 206393.95007768084, "is_industrial": false, "facility_type": "none", "zone_name": "Cauvery Delta Rice (TN)", "temperature": 27.2, "humidity": 76, "wind_speed": 14.3, "wind_direction": 213, "aqi": 18, "persistence": 0.0, "ai_classification": "Natural Anomaly", "ai_confidence": 100.0, "spread_speed_kmh": 1.58, "risk_level": "Moderate (Spreading)", "mitigation_strategy": "Monitor" }, "geometry": { "type": "Polygon", "coordinates": [ [ [ 81.005255672132947, 8.804578883977484 ], [ 81.005501606535148, 8.804234167546388 ], [ 81.005567310383796, 8.8036370298575 ], [ 81.005450787300703, 8.802805614637325 ], [ 81.005155577780798, 8.801765184016617 ], [ 81.004690651615945, 8.800547350953298 ], [ 81.004070135352393, 8.799189118688748 ], [ 81.003312883062847, 8.797731756423026 ], [ 81.002441903474903, 8.796219545371113 ], [ 81.001483660862604, 8.794698433300606 ], [ 81.000467270942849, 8.793214638432048 ], [ 80.999423616209029, 8.791813245121684 ], [ 80.998384407582108, 8.790536833996113 ], [ 80.997381220890361, 8.789424188161483 ], [ 80.996444537453769, 8.78850911479846 ], [ 80.995602817924564, 8.787819417948128 ], [ 80.994881637524728, 8.78737605370028 ], [ 80.99430290895576, 8.787192493453233 ], [ 80.993884216592377, 8.78727431459221 ], [ 80.993638282190176, 8.787619031023306 ], [ 80.993572578341528, 8.788216168712195 ], [ 80.993689101424621, 8.789047583932369 ], [ 80.993984310944526, 8.790088014553078 ], [ 80.994449237109379, 8.791305847616396 ], [ 80.995069753372931, 8.792664079880947 ], [ 80.995827005662477, 8.794121442146668 ], [ 80.996697985250421, 8.795633653198582 ], [ 80.99765622786272, 8.797154765269088 ], [ 80.998672617782475, 8.798638560137647 ], [ 80.999716272516295, 8.80003995344801 ], [ 81.000755481143216, 8.801316364573582 ], [ 81.001758667834963, 8.802429010408211 ], [ 81.002695351271555, 8.803344083771234 ], [ 81.00353707080076, 8.804033780621566 ], [ 81.004258251200596, 8.804477144869415 ], [ 81.004836979769564, 8.804660705116461 ], [ 81.005255672132947, 8.804578883977484 ] ] ] } },
{ "type": "Feature", "properties": { "latitude": 8.80894, "longitude": 80.39244, "brightness": 341.51, "scan": 0.38, "track": 0.36, "acq_date": "2026-08-31T00:00:00", "acq_time": 807, "satellite": "N", "instrument": "VIIRS", "confidence": "n", "version": "2.0NRT", "brightness_bg": 306.81, "frp": 3.36, "daynight": "D", "source_left": "VIIRS_SNPP_NRT", "cross_source_count": 1, "state": "Tamil Nadu", "zone_type": "none", "source_right": "curated_research", "osm_id": "", "nearest_zone_dist_m": 171155.39718333649, "is_industrial": false, "facility_type": "none", "zone_name": "Cauvery Delta Rice (TN)", "temperature": 26.9, "humidity": 79, "wind_speed": 16.3, "wind_direction": 202, "aqi": 19, "persistence": 0.0, "ai_classification": "Wildfire", "ai_confidence": 100.0, "spread_speed_kmh": 1.87, "risk_level": "Moderate (Spreading)", "mitigation_strategy": "Establish Firebreak" }, "geometry": { "type": "Polygon", "coordinates": [ [ [ 80.397854442091273, 8.822183025465831 ], [ 80.398075786750027, 8.821956985983778 ], [ 80.398193631797128, 8.821501118933778 ], [ 80.398204396570478, 8.820829275605467 ], [ 80.398107753987873, 8.819961869618407 ], [ 80.397906640485274, 8.818925256664585 ], [ 80.397607166794714, 8.817750933704051 ], [ 80.397218432272709, 8.816474581945725 ], [ 80.396752248421024, 8.815134982691921 ], [ 80.396222780000087, 8.813772838988093 ], [ 80.395646114639945, 8.812429538881405 ], [ 80.395039774025747, 8.811145897865856 ], [ 80.394422181510251, 8.809960918724149 ], [ 80.393812102329505, 8.808910606447879 ], [ 80.393228073430706, 8.808026874244073 ], [ 80.39268784023642, 8.807336573868557 ], [ 80.392207817458882, 8.806860679748929 ], [ 80.391802590347282, 8.806613651687202 ], [ 80.391484471522347, 8.806602995506031 ], [ 80.391263126863592, 8.806829034988084 ], [ 80.391145281816492, 8.807284902038084 ], [ 80.391134517043142, 8.807956745366395 ], [ 80.391231159625747, 8.808824151353456 ], [ 80.391432273128345, 8.809860764307277 ], [ 80.391731746818905, 8.811035087267811 ], [ 80.39212048134091, 8.812311439026137 ], [ 80.392586665192596, 8.813651038279941 ], [ 80.393116133613532, 8.815013181983769 ], [ 80.393692798973674, 8.816356482090457 ], [ 80.394299139587872, 8.817640123106006 ], [ 80.394916732103368, 8.818825102247713 ], [ 80.395526811284114, 8.819875414523983 ], [ 80.396110840182914, 8.82075914672779 ], [ 80.3966510733772, 8.821449447103305 ], [ 80.397131096154737, 8.821925341222933 ], [ 80.397536323266337, 8.82217236928466 ], [ 80.397854442091273, 8.822183025465831 ] ] ] } },
{ "type": "Feature", "properties": { "latitude": 8.85911, "longitude": 80.74155, "brightness": 349.7, "scan": 0.38, "track": 0.36, "acq_date": "2026-08-31T00:00:00", "acq_time": 807, "satellite": "N", "instrument": "VIIRS", "confidence": "n", "version": "2.0NRT", "brightness_bg": 311.49, "frp": 16.02, "daynight": "D", "source_left": "VIIRS_SNPP_NRT", "cross_source_count": 1, "state": "Tamil Nadu", "zone_type": "none", "source_right": "curated_research", "osm_id": "", "nearest_zone_dist_m": 184287.9832351814, "is_industrial": false, "facility_type": "none", "zone_name": "Cauvery Delta Rice (TN)", "temperature": 27.3, "humidity": 76, "wind_speed": 16.9, "wind_direction": 208, "aqi": 18, "persistence": 0.0, "ai_classification": "Natural Anomaly", "ai_confidence": 100.0, "spread_speed_kmh": 1.97, "risk_level": "Moderate (Spreading)", "mitigation_strategy": "Monitor" }, "geometry": { "type": "Polygon", "coordinates": [ [ [ 80.751779292468356, 8.878118748046656 ], [ 80.75206398222997, 8.87775128510842 ], [ 80.752157189718616, 8.877055239586495 ], [ 80.752056082871931, 8.876051760471848 ], [ 80.751763733770275, 8.874771337969594 ], [ 80.751289025293175, 8.873252877069538 ], [ 80.750646381217479, 8.871542515437751 ], [ 80.749855327958258, 8.869692221546931 ], [ 80.748939901268471, 8.867758215640652 ], [ 80.74792791592489, 8.865799261509729 ], [ 80.746850120590068, 8.863874880984145 ], [ 80.74573926352987, 8.862043545392389 ], [ 80.744629097573949, 8.860360898939717 ], [ 80.7435533545531, 8.858878067987133 ], [ 80.742544720374667, 8.857640107602782 ], [ 80.741633841877771, 8.856684632586502 ], [ 80.740848395644605, 8.856040674563173 ], [ 80.740212247061507, 8.855727799871474 ], [ 80.739744725181268, 8.855755515050589 ], [ 80.739460035419654, 8.856122977988825 ], [ 80.739366827931008, 8.85681902351075 ], [ 80.739467934777693, 8.857822502625398 ], [ 80.739760283879349, 8.859102925127651 ], [ 80.740234992356449, 8.860621386027708 ], [ 80.740877636432145, 8.862331747659494 ], [ 80.741668689691366, 8.864182041550315 ], [ 80.742584116381153, 8.866116047456593 ], [ 80.743596101724734, 8.868075001587517 ], [ 80.744673897059556, 8.8699993821131 ], [ 80.745784754119754, 8.871830717704857 ], [ 80.746894920075675, 8.873513364157528 ], [ 80.747970663096524, 8.874996195110112 ], [ 80.748979297274957, 8.876234155494464 ], [ 80.749890175771853, 8.877189630510744 ], [ 80.750675622005019, 8.877833588534072 ], [ 80.751311770588117, 8.878146463225772 ], [ 80.751779292468356, 8.878118748046656 ] ] ] } },
{ "type": "Feature", "properties": { "latitude": 9.04133, "longitude": 80.45132, "brightness": 367.0, "scan": 0.38, "track": 0.36, "acq_date": "2026-08-31T00:00:00", "acq_time": 807, "satellite": "N", "instrument": "VIIRS", "confidence": "h", "version": "2.0NRT", "brightness_bg": 312.33, "frp": 19.68, "daynight": "D", "source_left": "VIIRS_SNPP_NRT", "cross_source_count": 2, "state": "Tamil Nadu", "zone_type": "none", "source_right": "curated_research", "osm_id": "", "nearest_zone_dist_m": 150817.72647196962, "is_industrial": false, "facility_type": "none", "zone_name": "Cauvery Delta Rice (TN)", "temperature": 26.9, "humidity": 78, "wind_speed": 16.1, "wind_direction": 198, "aqi": 21, "persistence": 0.0, "ai_classification": "Wildfire", "ai_confidence": 100.0, "spread_speed_kmh": 2.99, "risk_level": "Critical (Spreading)", "mitigation_strategy": "Establish Firebreak" }, "geometry": { "type": "Polygon", "coordinates": [ [ [ 80.458478745586703, 9.063088288115955 ], [ 80.458862638539472, 9.062750132978922 ], [ 80.459106915868659, 9.062033361588627 ], [ 80.459204155331193, 9.060959752681059 ], [ 80.459151402355232, 9.059561927319603 ], [ 80.45895025981325, 9.05788235772053 ], [ 80.4586068393196, 9.055972076756209 ], [ 80.458131575532207, 9.053889127347089 ], [ 80.457538909100762, 9.051696798856945 ], [ 80.456846847894866, 9.049461704077576 ], [ 80.456076419844052, 9.047251755232841 ], [ 80.455251034014822, 9.045134100500102 ], [ 80.454395769337907, 9.043173083746824 ], [ 80.45353661259773, 9.041428289474736 ], [ 80.452699668837099, 9.039952732374887 ], [ 80.451910368168669, 9.038791246503086 ], [ 80.451192693093816, 9.037979123019809 ], [ 80.450568449806568, 9.03754103788614 ], [ 80.450056605623288, 9.037490302097185 ], [ 80.44967271267052, 9.037828457234218 ], [ 80.449428435341332, 9.038545228624512 ], [ 80.449331195878798, 9.03961883753208 ], [ 80.449383948854759, 9.041016662893536 ], [ 80.449585091396742, 9.042696232492609 ], [ 80.449928511890391, 9.04460651345693 ], [ 80.450403775677785, 9.04668946286605 ], [ 80.450996442109229, 9.048881791356195 ], [ 80.451688503315125, 9.051116886135564 ], [ 80.452458931365939, 9.053326834980298 ], [ 80.45328431719517, 9.055444489713038 ], [ 80.454139581872084, 9.057405506466315 ], [ 80.454998738612261, 9.059150300738404 ], [ 80.455835682372893, 9.060625857838252 ], [ 80.456624983041323, 9.061787343710053 ], [ 80.457342658116175, 9.06259946719333 ], [ 80.457966901403424, 9.063037552327 ], [ 80.458478745586703, 9.063088288115955 ] ] ] } },
{ "type": "Feature", "properties": { "latitude": 9.17741, "longitude": 78.13036, "brightness": 346.2, "scan": 0.43, "track": 0.38, "acq_date": "2026-08-31T00:00:00", "acq_time": 807, "satellite": "N", "instrument": "VIIRS", "confidence": "n", "version": "2.0NRT", "brightness_bg": 304.75, "frp": 6.86, "daynight": "D", "source_left": "VIIRS_SNPP_NRT", "cross_source_count": 1, "state": "Tamil Nadu", "zone_type": "parks", "source_right": "curated_research", "osm_id": "", "nearest_zone_dist_m": 0.0, "is_industrial": false, "facility_type": "protected_area", "zone_name": "Gulf of Mannar NP (Tamil Nadu)", "temperature": 29.3, "humidity": 60, "wind_speed": 14.5, "wind_direction": 264, "aqi": 18, "persistence": 0.0, "ai_classification": "Natural Anomaly", "ai_confidence": 100.0, "spread_speed_kmh": 1.21, "risk_level": "Moderate (Spreading)", "mitigation_strategy": "Monitor" }, "geometry": { "type": "Polygon", "coordinates": [ [ [ 78.145250464991548, 9.178955015439904 ], [ 78.145151959671281, 9.178616553168395 ], [ 78.144790306457082, 9.17826076048272 ], [ 78.144176493998842, 9.177898447963596 ], [ 78.143329172677497, 9.177540624293574 ], [ 78.14227408792263, 9.177198161763801 ], [ 78.141043297950631, 9.17688146592495 ], [ 78.139674199691981, 9.176600159419831 ], [ 78.138208392504481, 9.17636278960425 ], [ 78.136690414197773, 9.176176568839942 ], [ 78.135166387774589, 9.176047155350595 ], [ 78.133682620006596, 9.1759784812996 ], [ 78.132284194426589, 9.175972633313243 ], [ 78.131013601488206, 9.176029789079632 ], [ 78.129909447514905, 9.176148211949725 ], [ 78.129005281666451, 9.176324303704542 ], [ 78.128328576564599, 9.176552713885217 ], [ 78.127899893551472, 9.176826502363994 ], [ 78.127732257943464, 9.177137350216487 ], [ 78.127830763263731, 9.177475812487996 ], [ 78.12819241647793, 9.177831605173671 ], [ 78.12880622893617, 9.178193917692795 ], [ 78.129653550257515, 9.178551741362817 ], [ 78.130708635012383, 9.17889420389259 ], [ 78.131939424984381, 9.179210899731441 ], [ 78.133308523243031, 9.17949220623656 ], [ 78.134774330430531, 9.179729576052141 ], [ 78.136292308737239, 9.179915796816449 ], [ 78.137816335160423, 9.180045210305796 ], [ 78.139300102928416, 9.180113884356791 ], [ 78.140698528508423, 9.180119732343147 ], [ 78.141969121446806, 9.180062576576759 ], [ 78.143073275420107, 9.179944153706666 ], [ 78.143977441268561, 9.179768061951849 ], [ 78.144654146370414, 9.179539651771174 ], [ 78.14508282938354, 9.179265863292397 ], [ 78.145250464991548, 9.178955015439904 ] ] ] } },
{ "type": "Feature", "properties": { "latitude": 9.18498, "longitude": 80.30385, "brightness": 347.17, "scan": 0.39, "track": 0.36, "acq_date": "2026-08-31T00:00:00", "acq_time": 807, "satellite": "N", "instrument": "VIIRS", "confidence": "n", "version": "2.0NRT", "brightness_bg": 313.38, "frp": 6.16, "daynight": "D", "source_left": "VIIRS_SNPP_NRT", "cross_source_count": 1, "state": "Tamil Nadu", "zone_type": "none", "source_right": "curated_research", "osm_id": "", "nearest_zone_dist_m": 129352.6322786544, "is_industrial": false, "facility_type": "none", "zone_name": "Cauvery Delta Rice (TN)", "temperature": 26.9, "humidity": 79, "wind_speed": 15.0, "wind_direction": 194, "aqi": 21, "persistence": 0.0, "ai_classification": "Natural Anomaly", "ai_confidence": 100.0, "spread_speed_kmh": 1.18, "risk_level": "Moderate (Spreading)", "mitigation_strategy": "Monitor" }, "geometry": { "type": "Polygon", "coordinates": [ [ [ 80.307474157859218, 9.19932918775312 ], [ 80.307754353919591, 9.199124019198962 ], [ 80.307961260506261, 9.198668618229359 ], [ 80.308088590867257, 9.197976821972333 ], [ 80.308132476134034, 9.197069650307082 ], [ 80.308091582874937, 9.19597466718561 ], [ 80.307967153610974, 9.194725143115971 ], [ 80.307762969062338, 9.193359044254731 ], [ 80.307485233273241, 9.19191787882451 ], [ 80.307142385105081, 9.190445435907643 ], [ 80.306744841825974, 9.188986454937064 ], [ 80.306304682587268, 9.187585266311284 ], [ 80.305835281404711, 9.186284444437662 ], [ 80.305350900795702, 9.185123514130582 ], [ 80.304866258419935, 9.184137749669965 ], [ 80.304396079890779, 9.183357103010124 ], [ 80.303954651344895, 9.182805293704794 ], [ 80.303555385365286, 9.182499088200489 ], [ 80.303210413446692, 9.182447790396507 ], [ 80.302930217386319, 9.182652958950666 ], [ 80.302723310799649, 9.183108359920269 ], [ 80.302595980438653, 9.183800156177295 ], [ 80.302552095171876, 9.184707327842546 ], [ 80.302592988430973, 9.185802310964018 ], [ 80.302717417694936, 9.187051835033657 ], [ 80.302921602243572, 9.188417933894897 ], [ 80.30319933803267, 9.189859099325117 ], [ 80.303542186200829, 9.191331542241985 ], [ 80.303939729479936, 9.192790523212564 ], [ 80.304379888718643, 9.194191711838343 ], [ 80.304849289901199, 9.195492533711965 ], [ 80.305333670510208, 9.196653464019045 ], [ 80.305818312885975, 9.197639228479662 ], [ 80.306288491415131, 9.198419875139503 ], [ 80.306729919961015, 9.198971684444833 ], [ 80.307129185940624, 9.199277889949139 ], [ 80.307474157859218, 9.19932918775312 ] ] ] } },
{ "type": "Feature", "properties": { "latitude": 9.26766, "longitude": 80.71529, "brightness": 340.77, "scan": 0.38, "track": 0.36, "acq_date": "2026-08-31T00:00:00", "acq_time": 807, "satellite": "N", "instrument": "VIIRS", "confidence": "n", "version": "2.0NRT", "brightness_bg": 307.73, "frp": 6.53, "daynight": "D", "source_left": "VIIRS_SNPP_NRT", "cross_source_count": 1, "state": "Tamil Nadu", "zone_type": "none", "source_right": "curated_research", "osm_id": "", "nearest_zone_dist_m": 145602.54951912482, "is_industrial": false, "facility_type": "none", "zone_name": "Cauvery Delta Rice (TN)", "temperature": 27.3, "humidity": 76, "wind_speed": 17.3, "wind_direction": 197, "aqi": 21, "persistence": 0.0, "ai_classification": "Wildfire", "ai_confidence": 100.0, "spread_speed_kmh": 2.19, "risk_level": "Moderate (Spreading)", "mitigation_strategy": "Establish Firebreak" }, "geometry": { "type": "Polygon", "coordinates": [ [ [ 80.720251477147215, 9.283676252360376 ], [ 80.720518436488348, 9.283439191848869 ], [ 80.720688606088046, 9.282923072110835 ], [ 80.720756815429127, 9.282143575183348 ], [ 80.720720992005283, 9.281124385686104 ], [ 80.720582224293125, 9.27989647117624 ], [ 80.720344728679365, 9.278497141214787 ], [ 80.720015721348034, 9.276968913734528 ], [ 80.719605199020435, 9.275358223154129 ], [ 80.71912563520975, 9.273714009491826 ], [ 80.718591601219671, 9.272086231347737 ], [ 80.718019323402785, 9.270524347937075 ], [ 80.717426190130951, 9.269075816296919 ], [ 80.716830223458516, 9.267784649328167 ], [ 80.716249531531219, 9.266690078485802 ], [ 80.715701758379439, 9.265825361750986 ], [ 80.715203547813203, 9.265216773104141 ], [ 80.714770037708476, 9.26488280420334 ], [ 80.714414400050416, 9.264833602524639 ], [ 80.714147440709283, 9.265070663036147 ], [ 80.713977271109584, 9.26558678277418 ], [ 80.713909061768504, 9.266366279701668 ], [ 80.713944885192348, 9.267385469198912 ], [ 80.714083652904506, 9.268613383708775 ], [ 80.714321148518266, 9.270012713670228 ], [ 80.714650155849597, 9.271540941150487 ], [ 80.715060678177196, 9.273151631730887 ], [ 80.715540241987881, 9.274795845393189 ], [ 80.716074275977959, 9.276423623537278 ], [ 80.716646553794845, 9.277985506947941 ], [ 80.71723968706668, 9.279434038588096 ], [ 80.717835653739115, 9.280725205556848 ], [ 80.718416345666412, 9.281819776399214 ], [ 80.718964118818192, 9.282684493134029 ], [ 80.719462329384427, 9.283293081780874 ], [ 80.719895839489155, 9.283627050681675 ], [ 80.720251477147215, 9.283676252360376 ] ] ] } },
{ "type": "Feature", "properties": { "latitude": 9.28584, "longitude": 80.72318, "brightness": 340.11, "scan": 0.38, "track": 0.36, "acq_date": "2026-08-31T00:00:00", "acq_time": 807, "satellite": "N", "instrument": "VIIRS", "confidence": "n", "version": "2.0NRT", "brightness_bg": 306.2, "frp": 3.86, "daynight": "D", "source_left": "VIIRS_SNPP_NRT", "cross_source_count": 1, "state": "Tamil Nadu", "zone_type": "none", "source_right": "curated_research", "osm_id": "", "nearest_zone_dist_m": 144545.27838923084, "is_industrial": false, "facility_type": "none", "zone_name": "Cauvery Delta Rice (TN)", "temperature": 27.4, "humidity": 76, "wind_speed": 18.7, "wind_direction": 197, "aqi": 21, "persistence": 0.0, "ai_classification": "Natural Anomaly", "ai_confidence": 100.0, "spread_speed_kmh": 1.21, "risk_level": "Moderate (Spreading)", "mitigation_strategy": "Monitor" }, "geometry": { "type": "Polygon", "coordinates": [ [ [ 80.728035334210873, 9.301512801107256 ], [ 80.728277794049944, 9.301286492881612 ], [ 80.728426105697622, 9.300786937310519 ], [ 80.728475762779553, 9.300029313137218 ], [ 80.728425256490411, 9.299036640388838 ], [ 80.728276121438242, 9.297839080924524 ], [ 80.728032889016134, 9.296473021982601 ], [ 80.727702949718164, 9.294979970572765 ], [ 80.727296328582938, 9.293405292306579 ], [ 80.726825380587897, 9.291796832986337 ], [ 80.72630441524953, 9.290203464834565 ], [ 80.725749261836057, 9.288673601536273 ], [ 80.725176788403019, 9.28725372721363 ], [ 80.724604389265963, 9.285986984029435 ], [ 80.724049456483058, 9.284911861334344 ], [ 80.723528851406087, 9.284061026187402 ], [ 80.723058392356876, 9.28346033078401 ], [ 80.722652373995572, 9.283128026950031 ], [ 80.722323132984613, 9.283074211569309 ], [ 80.722080673145541, 9.283300519794953 ], [ 80.721932361497863, 9.283800075366045 ], [ 80.721882704415933, 9.284557699539347 ], [ 80.721933210705075, 9.285550372287727 ], [ 80.722082345757244, 9.286747931752041 ], [ 80.722325578179351, 9.288113990693963 ], [ 80.722655517477321, 9.2896070421038 ], [ 80.723062138612548, 9.291181720369986 ], [ 80.723533086607588, 9.292790179690227 ], [ 80.724054051945956, 9.294383547841999 ], [ 80.724609205359428, 9.295913411140292 ], [ 80.725181678792467, 9.297333285462935 ], [ 80.725754077929523, 9.29860002864713 ], [ 80.726309010712427, 9.299675151342221 ], [ 80.726829615789399, 9.300525986489163 ], [ 80.72730007483861, 9.301126681892555 ], [ 80.727706093199913, 9.301458985726534 ], [ 80.728035334210873, 9.301512801107256 ] ] ] } },
{ "type": "Feature", "properties": { "latitude": 9.39429, "longitude": 80.28052, "brightness": 338.13, "scan": 0.38, "track": 0.36, "acq_date": "2026-08-31T00:00:00", "acq_time": 807, "satellite": "N", "instrument": "VIIRS", "confidence": "n", "version": "2.0NRT", "brightness_bg": 306.48, "frp": 3.06, "daynight": "D", "source_left": "VIIRS_SNPP_NRT", "cross_source_count": 1, "state": "Tamil Nadu", "zone_type": "none", "source_right": "curated_research", "osm_id": "", "nearest_zone_dist_m": 107571.22645163958, "is_industrial": false, "facility_type": "none", "zone_name": "Cauvery Delta Rice (TN)", "temperature": 27.5, "humidity": 76, "wind_speed": 17.2, "wind_direction": 190, "aqi": 21, "persistence": 0.0, "ai_classification": "Agricultural Burn", "ai_confidence": 100.0, "spread_speed_kmh": 1.41, "risk_level": "Low (Agricultural Hazard)", "mitigation_strategy": "Issue Local Admin Warning" }, "geometry": { "type": "Polygon", "coordinates": [ [ [ 80.283126969609242, 9.408876422364816 ], [ 80.283388620039347, 9.408696499787304 ], [ 80.28359572504867, 9.408261337558926 ], [ 80.283741991856317, 9.407584157863795 ], [ 80.283822976219355, 9.406685536464273 ], [ 80.283836217468874, 9.405592777516866 ], [ 80.283781313276236, 9.404339083949221 ], [ 80.283659931877537, 9.402962548605997 ], [ 80.283475761385162, 9.401504996817035 ], [ 80.283234397726304, 9.400010715555887 ], [ 80.282943174613635, 9.398525107802529 ], [ 80.282610940714036, 9.397093312996793 ], [ 80.282247790786457, 9.395758835499329 ], [ 80.281864758957667, 9.394562222733619 ], [ 80.281473483455954, 9.393539833173033 ], [ 80.281085852989463, 9.392722731607016 ], [ 80.280713645513742, 9.392135745253178 ], [ 80.280368170364625, 9.391796709394852 ], [ 80.280059924629683, 9.391715925465032 ], [ 80.279798274199578, 9.391895848042545 ], [ 80.279591169190255, 9.392331010270922 ], [ 80.279444902382608, 9.393008189966054 ], [ 80.27936391801957, 9.393906811365575 ], [ 80.279350676770051, 9.394999570312983 ], [ 80.279405580962688, 9.396253263880627 ], [ 80.279526962361388, 9.397629799223852 ], [ 80.279711132853762, 9.399087351012813 ], [ 80.279952496512621, 9.400581632273962 ], [ 80.28024371962529, 9.40206724002732 ], [ 80.280575953524888, 9.403499034833056 ], [ 80.280939103452468, 9.404833512330519 ], [ 80.281322135281258, 9.40603012509623 ], [ 80.28171341078297, 9.407052514656815 ], [ 80.282101041249462, 9.407869616222833 ], [ 80.282473248725182, 9.40845660257667 ], [ 80.2828187238743, 9.408795638434997 ], [ 80.283126969609242, 9.408876422364816 ] ] ] } },
{ "type": "Feature", "properties": { "latitude": 11.73493, "longitude": 77.98431, "brightness": 331.16, "scan": 0.42, "track": 0.37, "acq_date": "2026-08-31T00:00:00", "acq_time": 809, "satellite": "N", "instrument": "VIIRS", "confidence": "n", "version": "2.0NRT", "brightness_bg": 299.52, "frp": 3.07, "daynight": "D", "source_left": "VIIRS_SNPP_NRT", "cross_source_count": 1, "state": "Tamil Nadu", "zone_type": "none", "source_right": "curated_research", "osm_id": "", "nearest_zone_dist_m": 33341.093558981229, "is_industrial": false, "facility_type": "none", "zone_name": "Turmeric Belt (Erode, TN)", "temperature": 27.9, "humidity": 72, "wind_speed": 4.1, "wind_direction": 128, "aqi": 22, "persistence": 0.0, "ai_classification": "Natural Anomaly", "ai_confidence": 100.0, "spread_speed_kmh": 0.42, "risk_level": "Moderate (Spreading)", "mitigation_strategy": "Monitor" }, "geometry": { "type": "Polygon", "coordinates": [ [ [ 77.980458648721566, 11.737876106554427 ], [ 77.980644848748085, 11.738039989011231 ], [ 77.980894227399631, 11.738146235537306 ], [ 77.981199207432084, 11.738191617885718 ], [ 77.981550522181479, 11.738174757136777 ], [ 77.981937497126921, 11.738096165595808 ], [ 77.982348374230526, 11.737958231227013 ], [ 77.982770669199411, 11.737765145096391 ], [ 77.983191550814624, 11.737522774028312 ], [ 77.983598230801277, 11.737238482345036 ], [ 77.983978352393763, 11.736920908105501 ], [ 77.984320365789841, 11.736579700642276 ], [ 77.984613879085558, 11.736225227371468 ], [ 77.98484997402791, 11.735868258784041 ], [ 77.985021476991577, 11.735519641189889 ], [ 77.985123176945777, 11.735189967158201 ], [ 77.985151983788867, 11.734889253667607 ], [ 77.985107022239504, 11.73462663774535 ], [ 77.984989658431601, 11.734410098843338 ], [ 77.984803458405082, 11.734246216386534 ], [ 77.984554079753536, 11.734139969860459 ], [ 77.984249099721083, 11.734094587512047 ], [ 77.983897784971688, 11.734111448260988 ], [ 77.983510810026246, 11.734190039801957 ], [ 77.983099932922642, 11.734327974170752 ], [ 77.982677637953756, 11.734521060301374 ], [ 77.982256756338543, 11.734763431369453 ], [ 77.98185007635189, 11.735047723052729 ], [ 77.981469954759405, 11.735365297292264 ], [ 77.981127941363326, 11.735706504755489 ], [ 77.98083442806761, 11.736060978026297 ], [ 77.980598333125258, 11.736417946613724 ], [ 77.980426830161591, 11.736766564207876 ], [ 77.98032513020739, 11.737096238239564 ], [ 77.9802963233643, 11.737396951730158 ], [ 77.980341284913663, 11.737659567652415 ], [ 77.980458648721566, 11.737876106554427 ] ] ] } },
{ "type": "Feature", "properties": { "latitude": 11.99713, "longitude": 79.547, "brightness": 346.13, "scan": 0.39, "track": 0.36, "acq_date": "2026-08-31T00:00:00", "acq_time": 809, "satellite": "N", "instrument": "VIIRS", "confidence": "n", "version": "2.0NRT", "brightness_bg": 308.36, "frp": 8.02, "daynight": "D", "source_left": "VIIRS_SNPP_NRT", "cross_source_count": 1, "state": "Tamil Nadu", "zone_type": "none", "source_right": "curated_research", "osm_id": "", "nearest_zone_dist_m": 62836.377064214801, "is_industrial": false, "facility_type": "none", "zone_name": "Cauvery Delta Rice (TN)", "temperature": 26.1, "humidity": 87, "wind_speed": 10.5, "wind_direction": 173, "aqi": 38, "persistence": 0.0, "ai_classification": "Agricultural Burn", "ai_confidence": 100.0, "spread_speed_kmh": 0.92, "risk_level": "Low (Agricultural Hazard)", "mitigation_strategy": "Issue Local Admin Warning" }, "geometry": { "type": "Polygon", "coordinates": [ [ [ 79.545462590573734, 12.009377572418392 ], [ 79.545829157412101, 12.009310495311091 ], [ 79.546212064989206, 12.009026552607539 ], [ 79.546599678852104, 12.008534371763103 ], [ 79.546980221549717, 12.007848907443684 ], [ 79.547342130484736, 12.006990987135767 ], [ 79.547674409237288, 12.005986678313779 ], [ 79.547966961685646, 12.00486649639307 ], [ 79.548210898771686, 12.003664477534464 ], [ 79.548398808590491, 12.002417144472728 ], [ 79.548524981597311, 12.001162396791761 ], [ 79.548585584089167, 11.999938359364917 ], [ 79.548578774690029, 11.998782223950018 ], [ 79.54850476030002, 11.997729119136611 ], [ 79.548365789808955, 11.996811042981557 ], [ 79.548166085764862, 11.996055890764257 ], [ 79.547911716074069, 11.995486607402709 ], [ 79.54761040963092, 11.995120490283783 ], [ 79.547271321479215, 11.994968663690871 ], [ 79.546904754640849, 11.995035740798173 ], [ 79.546521847063744, 11.995319683501725 ], [ 79.546134233200846, 11.995811864346161 ], [ 79.545753690503233, 11.99649732866558 ], [ 79.545391781568213, 11.997355248973497 ], [ 79.545059502815661, 11.998359557795485 ], [ 79.544766950367304, 11.999479739716193 ], [ 79.544523013281264, 12.0006817585748 ], [ 79.544335103462458, 12.001929091636535 ], [ 79.544208930455639, 12.003183839317503 ], [ 79.544148327963782, 12.004407876744347 ], [ 79.544155137362921, 12.005564012159246 ], [ 79.54422915175293, 12.006617116972652 ], [ 79.544368122243995, 12.007535193127707 ], [ 79.544567826288088, 12.008290345345007 ], [ 79.544822195978881, 12.008859628706555 ], [ 79.54512350242203, 12.00922574582548 ], [ 79.545462590573734, 12.009377572418392 ] ] ] } },
{ "type": "Feature", "properties": { "latitude": 14.47656, "longitude": 78.25895, "brightness": 335.97, "scan": 0.39, "track": 0.36, "acq_date": "2026-08-31T00:00:00", "acq_time": 809, "satellite": "N", "instrument": "VIIRS", "confidence": "n", "version": "2.0NRT", "brightness_bg": 296.94, "frp": 5.87, "daynight": "D", "source_left": "VIIRS_SNPP_NRT", "cross_source_count": 1, "state": "Andhra Pradesh", "zone_type": "agricultural", "source_right": "curated_research", "osm_id": "", "nearest_zone_dist_m": 0.0, "is_industrial": false, "facility_type": "farmland", "zone_name": "Mango Belt (AP)", "temperature": 29.0, "humidity": 56, "wind_speed": 18.7, "wind_direction": 268, "aqi": 20, "persistence": 0.0, "ai_classification": "Agricultural Burn", "ai_confidence": 100.0, "spread_speed_kmh": 1.55, "risk_level": "Low (Agricultural Hazard)", "mitigation_strategy": "Issue Local Admin Warning" }, "geometry": { "type": "Polygon", "coordinates": [ [ [ 78.276978115771556, 14.477169566871391 ], [ 78.276828336913155, 14.476849928946608 ], [ 78.276360888168298, 14.476529108128464 ], [ 78.275589972730572, 14.476216852395178 ], [ 78.274539014475437, 14.475922649479195 ], [ 78.273239946237652, 14.475655438587243 ], [ 78.2717322395483, 14.47542333878706 ], [ 78.270061705312173, 14.475233402313625 ], [ 78.268279101866696, 14.475091400290571 ], [ 78.266438592715545, 14.475001647377514 ], [ 78.264596100797931, 14.474966870671297 ], [ 78.262807609298406, 14.474988126844542 ], [ 78.26112746062617, 14.475064770039182 ], [ 78.259606705248444, 14.47519447149053 ], [ 78.258291550547824, 14.475373290285621 ], [ 78.257221956834414, 14.475595793105848 ], [ 78.256430423171921, 14.475855219315616 ], [ 78.255940999910166, 14.476143686380812 ], [ 78.255768557927297, 14.476452429375636 ], [ 78.255918336785697, 14.476772067300418 ], [ 78.256385785530554, 14.477092888118563 ], [ 78.257156700968281, 14.477405143851849 ], [ 78.258207659223416, 14.477699346767832 ], [ 78.259506727461201, 14.477966557659784 ], [ 78.261014434150553, 14.478198657459966 ], [ 78.262684968386679, 14.478388593933401 ], [ 78.264467571832157, 14.478530595956455 ], [ 78.266308080983308, 14.478620348869512 ], [ 78.268150572900922, 14.478655125575729 ], [ 78.269939064400447, 14.478633869402485 ], [ 78.271619213072682, 14.478557226207844 ], [ 78.273139968450408, 14.478427524756496 ], [ 78.274455123151029, 14.478248705961406 ], [ 78.275524716864439, 14.478026203141178 ], [ 78.276316250526932, 14.477766776931411 ], [ 78.276805673788687, 14.477478309866214 ], [ 78.276978115771556, 14.477169566871391 ] ] ] } },
{ "type": "Feature", "properties": { "latitude": 27.71435, "longitude": 68.49007, "brightness": 350.78, "scan": 0.5, "track": 0.49, "acq_date": "2026-08-31T00:00:00", "acq_time": 813, "satellite": "N", "instrument": "VIIRS", "confidence": "n", "version": "2.0NRT", "brightness_bg": 304.87, "frp": 28.78, "daynight": "D", "source_left": "VIIRS_SNPP_NRT", "cross_source_count": 3, "state": "Rajasthan", "zone_type": "none", "source_right": "curated_research", "osm_id": "", "nearest_zone_dist_m": 485479.59490776039, "is_industrial": false, "facility_type": "none", "zone_name": "Rajasthan Kharif Crops", "temperature": 31.6, "humidity": 55, "wind_speed": 15.1, "wind_direction": 179, "aqi": 84, "persistence": 0.0, "ai_classification": "Natural Anomaly", "ai_confidence": 100.0, "spread_speed_kmh": 2.77, "risk_level": "Moderate (Spreading)", "mitigation_strategy": "Monitor" }, "geometry": { "type": "Polygon", "coordinates": [ [ [ 68.489537882099327, 27.741336069445008 ], [ 68.490194795226842, 27.741104981792756 ], [ 68.490841259447009, 27.740398587348654 ], [ 68.491457632271661, 27.739238349550444 ], [ 68.492025185524383, 27.737659521636509 ], [ 68.492526674386824, 27.735710075494094 ], [ 68.492946861373639, 27.733449244057763 ], [ 68.493272979315861, 27.730945721546675 ], [ 68.493495119284844, 27.728275576225489 ], [ 68.493606531670054, 27.725519939108626 ], [ 68.493603831262519, 27.722762538835465 ], [ 68.493487100112759, 27.720087157617993 ], [ 68.493259885037702, 27.717575085560696 ], [ 68.492929089852424, 27.715302650701865 ], [ 68.49250476560124, 27.713338899824777 ], [ 68.491999805161797, 27.711743500506127 ], [ 68.49142955150154, 27.710564928146901 ], [ 68.490811331489354, 27.709838993071848 ], [ 68.490163929427482, 27.709587752450883 ], [ 68.489507016299967, 27.709818840103136 ], [ 68.4888605520798, 27.710525234547237 ], [ 68.488244179255148, 27.711685472345447 ], [ 68.487676626002425, 27.713264300259382 ], [ 68.487175137139985, 27.715213746401798 ], [ 68.48675495015317, 27.717474577838129 ], [ 68.486428832210947, 27.719978100349216 ], [ 68.486206692241964, 27.722648245670403 ], [ 68.486095279856755, 27.725403882787266 ], [ 68.48609798026429, 27.728161283060427 ], [ 68.48621471141405, 27.730836664277899 ], [ 68.486441926489107, 27.733348736335195 ], [ 68.486772721674384, 27.735621171194026 ], [ 68.487197045925569, 27.737584922071115 ], [ 68.487702006365012, 27.739180321389764 ], [ 68.488272260025269, 27.74035889374899 ], [ 68.488890480037455, 27.741084828824043 ], [ 68.489537882099327, 27.741336069445008 ] ] ] } },
{ "type": "Feature", "properties": { "latitude": 31.37494, "longitude": 74.45004, "brightness": 346.78, "scan": 0.39, "track": 0.36, "acq_date": "2026-08-31T00:00:00", "acq_time": 813, "satellite": "N", "instrument": "VIIRS", "confidence": "n", "version": "2.0NRT", "brightness_bg": 300.46, "frp": 6.1, "daynight": "D", "source_left": "VIIRS_SNPP_NRT", "cross_source_count": 1, "state": "Punjab", "zone_type": "none", "source_right": "curated_research", "osm_id": "", "nearest_zone_dist_m": 30526.041313908394, "is_industrial": false, "facility_type": "none", "zone_name": "Punjab Wheat Belt", "temperature": 28.8, "humidity": 77, "wind_speed": 3.7, "wind_direction": 125, "aqi": 90, "persistence": 0.0, "ai_classification": "Agricultural Burn", "ai_confidence": 100.0, "spread_speed_kmh": 0.36, "risk_level": "Low (Agricultural Hazard)", "mitigation_strategy": "Issue Local Admin Warning" }, "geometry": { "type": "Polygon", "coordinates": [ [ [ 74.444184318525288, 31.378440624836092 ], [ 74.444454218097121, 31.378674624061389 ], [ 74.444820577520247, 31.37883894585967 ], [ 74.445272265148986, 31.378928597396239 ], [ 74.445795556683294, 31.378940854654534 ], [ 74.446374552174703, 31.378875345203951 ], [ 74.446991659138206, 31.37873405951601 ], [ 74.447628127090965, 31.378521290484834 ], [ 74.448264617276322, 31.378243502989775 ], [ 74.44888179026205, 31.377909137463298 ], [ 74.449460893559319, 31.377528353432734 ], [ 74.44998433140745, 31.377112720828165 ], [ 74.450436199412323, 31.376674868435956 ], [ 74.450802767793249, 31.376228100179482 ], [ 74.451072898555466, 31.375785990886143 ], [ 74.451238383912468, 31.375361973823097 ], [ 74.45129419567543, 31.374968932534241 ], [ 74.451238638032152, 31.374618809380248 ], [ 74.451073399073522, 31.374322242675984 ], [ 74.450803499501689, 31.374088243450686 ], [ 74.450437140078563, 31.373923921652406 ], [ 74.449985452449823, 31.373834270115836 ], [ 74.449462160915516, 31.373822012857541 ], [ 74.448883165424107, 31.373887522308124 ], [ 74.448266058460604, 31.374028807996066 ], [ 74.447629590507844, 31.374241577027242 ], [ 74.446993100322487, 31.3745193645223 ], [ 74.44637592733676, 31.374853730048777 ], [ 74.445796824039491, 31.375234514079342 ], [ 74.44527338619136, 31.37565014668391 ], [ 74.444821518186487, 31.37608799907612 ], [ 74.444454949805561, 31.376534767332593 ], [ 74.444184819043343, 31.376976876625932 ], [ 74.444019333686342, 31.377400893688979 ], [ 74.443963521923379, 31.377793934977834 ], [ 74.444019079566658, 31.378144058131827 ], [ 74.444184318525288, 31.378440624836092 ] ] ] } },
{ "type": "Feature", "properties": { "latitude": 11.99381, "longitude": 79.54753, "brightness": 350.08, "scan": 0.39, "track": 0.36, "acq_date": "2026-08-31T00:00:00", "acq_time": 809, "satellite": "N", "instrument": "VIIRS", "confidence": "n", "version": "2.0NRT", "brightness_bg": 310.35, "frp": 8.02, "daynight": "D", "source_left": "VIIRS_SNPP_NRT", "cross_source_count": 1, "state": "Tamil Nadu", "zone_type": "none", "source_right": "curated_research", "osm_id": "", "nearest_zone_dist_m": 62472.38836280613, "is_industrial": false, "facility_type": "none", "zone_name": "Cauvery Delta Rice (TN)", "temperature": 26.1, "humidity": 87, "wind_speed": 10.5, "wind_direction": 173, "aqi": 38, "persistence": 0.0, "ai_classification": "Natural Anomaly", "ai_confidence": 100.0, "spread_speed_kmh": 1.09, "risk_level": "Moderate (Spreading)", "mitigation_strategy": "Monitor" }, "geometry": { "type": "Polygon", "coordinates": [ [ [ 79.545992609506683, 12.006057572418392 ], [ 79.546359171830019, 12.005990495311091 ], [ 79.546742074690854, 12.005706552607538 ], [ 79.547129683779488, 12.005214371763103 ], [ 79.547510221789949, 12.004528907443683 ], [ 79.547872126267308, 12.003670987135767 ], [ 79.548204400927176, 12.002666678313778 ], [ 79.548496949772144, 12.00154649639307 ], [ 79.548740883853611, 12.000344477534464 ], [ 79.548928791357923, 11.999097144472728 ], [ 79.549054962810658, 11.997842396791761 ], [ 79.549115564556075, 11.996618359364916 ], [ 79.549108755240809, 11.995462223950017 ], [ 79.549034741762441, 11.994409119136611 ], [ 79.548895772983073, 11.993491042981557 ], [ 79.548696071398737, 11.992735890764257 ], [ 79.548441704841039, 11.992166607402709 ], [ 79.548140402109084, 11.991800490283783 ], [ 79.547801318133949, 11.991648663690871 ], [ 79.547434755810613, 11.991715740798172 ], [ 79.547051852949778, 11.991999683501724 ], [ 79.546664243861144, 11.99249186434616 ], [ 79.546283705850684, 11.993177328665579 ], [ 79.545921801373325, 11.994035248973496 ], [ 79.545589526713457, 11.995039557795485 ], [ 79.545296977868489, 11.996159739716193 ], [ 79.545053043787021, 11.997361758574799 ], [ 79.544865136282709, 11.998609091636535 ], [ 79.544738964829975, 11.999863839317502 ], [ 79.544678363084557, 12.001087876744347 ], [ 79.544685172399824, 12.002244012159245 ], [ 79.544759185878192, 12.003297116972652 ], [ 79.54489815465756, 12.004215193127706 ], [ 79.545097856241895, 12.004970345345006 ], [ 79.545352222799593, 12.005539628706554 ], [ 79.545653525531549, 12.00590574582548 ], [ 79.545992609506683, 12.006057572418392 ] ] ] } },
{ "type": "Feature", "properties": { "latitude": 8.6401, "longitude": 80.65864, "brightness": 339.77, "scan": 0.38, "track": 0.36, "acq_date": "2026-08-31T00:00:00", "acq_time": 807, "satellite": "N", "instrument": "VIIRS", "confidence": "n", "version": "2.0NRT", "brightness_bg": 303.83, "frp": 15.49, "daynight": "D", "source_left": "VIIRS_SNPP_NRT", "cross_source_count": 2, "state": "Tamil Nadu", "zone_type": "none", "source_right": "curated_research", "osm_id": "", "nearest_zone_dist_m": 200688.52171133133, "is_industrial": false, "facility_type": "none", "zone_name": "Cauvery Delta Rice (TN)", "temperature": 26.5, "humidity": 80, "wind_speed": 20.2, "wind_direction": 215, "aqi": 18, "persistence": 0.0, "ai_classification": "Natural Anomaly", "ai_confidence": 100.0, "spread_speed_kmh": 2.09, "risk_level": "Moderate (Spreading)", "mitigation_strategy": "Monitor" }, "geometry": { "type": "Polygon", "coordinates": [ [ [ 80.672431552157988, 8.659572609346156 ], [ 80.672643621868474, 8.659166465610914 ], [ 80.672602746180843, 8.658424623887921 ], [ 80.672310167082188, 8.65736962466254 ], [ 80.671774774440351, 8.656033523552379 ], [ 80.67101283588984, 8.654456917313571 ], [ 80.670047502547945, 8.652687710328879 ], [ 80.668908105579803, 8.650779659057273 ], [ 80.667629264985692, 8.648790738671119 ], [ 80.666249837689975, 8.646781381509909 ], [ 80.664811736892986, 8.6448126408742 ], [ 80.66335865855973, 8.642944335951981 ], [ 80.66193475374007, 8.641233234242904 ], [ 80.660583287061442, 8.63973132670654 ], [ 80.659345322154962, 8.63848424804338 ], [ 80.6582584739579, 8.637529890107549 ], [ 80.657355765802748, 8.636897250582004 ], [ 80.656664626020003, 8.636605551898594 ], [ 80.656206054542238, 8.636663657174207 ], [ 80.655993984831753, 8.637069800909449 ], [ 80.656034860519384, 8.637811642632442 ], [ 80.656327439618039, 8.638866641857824 ], [ 80.656862832259876, 8.640202742967984 ], [ 80.657624770810386, 8.641779349206793 ], [ 80.658590104152282, 8.643548556191485 ], [ 80.659729501120424, 8.645456607463091 ], [ 80.661008341714535, 8.647445527849245 ], [ 80.662387769010252, 8.649454885010455 ], [ 80.663825869807241, 8.651423625646164 ], [ 80.665278948140497, 8.653291930568383 ], [ 80.666702852960157, 8.65500303227746 ], [ 80.668054319638784, 8.656504939813823 ], [ 80.669292284545264, 8.657752018476984 ], [ 80.670379132742326, 8.658706376412814 ], [ 80.671281840897478, 8.659339015938359 ], [ 80.671972980680223, 8.65963071462177 ], [ 80.672431552157988, 8.659572609346156 ] ] ] } },
{ "type": "Feature", "properties": { "latitude": 8.66698, "longitude": 80.36886, "brightness": 337.97, "scan": 0.39, "track": 0.36, "acq_date": "2026-08-31T00:00:00", "acq_time": 807, "satellite": "N", "instrument": "VIIRS", "confidence": "n", "version": "2.0NRT", "brightness_bg": 307.33, "frp": 3.35, "daynight": "D", "source_left": "VIIRS_SNPP_NRT", "cross_source_count": 1, "state": "Tamil Nadu", "zone_type": "none", "source_right": "curated_research", "osm_id": "", "nearest_zone_dist_m": 184583.13401882921, "is_industrial": false, "facility_type": "none", "zone_name": "Cauvery Delta Rice (TN)", "temperature": 27.0, "humidity": 79, "wind_speed": 18.6, "wind_direction": 203, "aqi": 19, "persistence": 0.0, "ai_classification": "Wildfire", "ai_confidence": 100.0, "spread_speed_kmh": 2.09, "risk_level": "Moderate (Spreading)", "mitigation_strategy": "Establish Firebreak" }, "geometry": { "type": "Polygon", "coordinates": [ [ [ 80.375199372086371, 8.681743944173178 ], [ 80.375412723095053, 8.681498705186401 ], [ 80.375506285720007, 8.680997038266383 ], [ 80.375477217108212, 8.680254186308636 ], [ 80.375326400494743, 8.679292720493992 ], [ 80.375058418366052, 8.678141854474704 ], [ 80.374681413223541, 8.676836556732404 ], [ 80.374206840177692, 8.675416488078477 ], [ 80.373649118890327, 8.673924796580383 ], [ 80.373025195440576, 8.672406806529462 ], [ 80.372354027426724, 8.670908641285267 ], [ 80.371656007949255, 8.669475821840638 ], [ 80.370952345976761, 8.668151883689358 ], [ 80.370264421922215, 8.666977054022208 ], [ 80.369613138009896, 8.665987029444132 ], [ 80.36901828317194, 8.665211891350957 ], [ 80.368497931771572, 8.664675191921408 ], [ 80.368067894422765, 8.664393238496066 ], [ 80.367741237592782, 8.664374598087086 ], [ 80.367527886584099, 8.664619837073863 ], [ 80.367434323959145, 8.66512150399388 ], [ 80.36746339257094, 8.665864355951628 ], [ 80.36761420918441, 8.666825821766272 ], [ 80.3678821913131, 8.66797668778556 ], [ 80.368259196455611, 8.66928198552786 ], [ 80.368733769501461, 8.670702054181787 ], [ 80.369291490788825, 8.672193745679881 ], [ 80.369915414238577, 8.673711735730802 ], [ 80.370586582252429, 8.675209900974997 ], [ 80.371284601729897, 8.676642720419625 ], [ 80.371988263702391, 8.677966658570906 ], [ 80.372676187756937, 8.679141488238056 ], [ 80.373327471669256, 8.680131512816132 ], [ 80.373922326507213, 8.680906650909307 ], [ 80.374442677907581, 8.681443350338856 ], [ 80.374872715256387, 8.681725303764198 ], [ 80.375199372086371, 8.681743944173178 ] ] ] } },
{ "type": "Feature", "properties": { "latitude": 8.14198, "longitude": 79.99303, "brightness": 337.81, "scan": 0.39, "track": 0.36, "acq_date": "2026-08-31T00:00:00", "acq_time": 807, "satellite": "N", "instrument": "VIIRS", "confidence": "n", "version": "2.0NRT", "brightness_bg": 303.02, "frp": 3.1, "daynight": "D", "source_left": "VIIRS_SNPP_NRT", "cross_source_count": 1, "state": "Tamil Nadu", "zone_type": "none", "source_right": "curated_research", "osm_id": "", "nearest_zone_dist_m": 203851.89865190315, "is_industrial": false, "facility_type": "none", "zone_name": "Gulf of Mannar NP (Tamil Nadu)", "temperature": 27.1, "humidity": 82, "wind_speed": 18.6, "wind_direction": 205, "aqi": 17, "persistence": 0.0, "ai_classification": "Natural Anomaly", "ai_confidence": 100.0, "spread_speed_kmh": 1.15, "risk_level": "Moderate (Spreading)", "mitigation_strategy": "Monitor" }, "geometry": { "type": "Polygon", "coordinates": [ [ [ 79.999820227479347, 8.156394784528143 ], [ 80.00002280691578, 8.156144443512192 ], [ 80.000097867028245, 8.155644070196828 ], [ 80.000043127153191, 8.15490886817204 ], [ 79.999860250534056, 8.153961176179319 ], [ 79.999554793784341, 8.152829789360307 ], [ 79.999136038052839, 8.151549084330995 ], [ 79.998616707020531, 8.150157974665627 ], [ 79.998012580298052, 8.148698728527451 ], [ 79.997342013970169, 8.147215684371961 ], [ 79.996625382855413, 8.145753903745364 ], [ 79.995884461427579, 8.144357802112305 ], [ 79.995141762209343, 8.143069799314441 ], [ 79.994419851740616, 8.141929030665024 ], [ 79.993740664905673, 8.140970157842212 ], [ 79.993124838452829, 8.14022231571151 ], [ 79.992591083957223, 8.139708227077636 ], [ 79.992155619279103, 8.139443512263586 ], [ 79.991831675792383, 8.139436214495035 ], [ 79.99162909635595, 8.139686555510986 ], [ 79.991554036243485, 8.140186928826349 ], [ 79.991608776118539, 8.140922130851138 ], [ 79.991791652737675, 8.141869822843859 ], [ 79.992097109487389, 8.14300120966287 ], [ 79.992515865218891, 8.144281914692183 ], [ 79.993035196251199, 8.145673024357551 ], [ 79.993639322973678, 8.147132270495726 ], [ 79.994309889301562, 8.148615314651217 ], [ 79.995026520416317, 8.150077095277814 ], [ 79.995767441844151, 8.151473196910873 ], [ 79.996510141062387, 8.152761199708737 ], [ 79.997232051531114, 8.153901968358154 ], [ 79.997911238366058, 8.154860841180966 ], [ 79.998527064818902, 8.155608683311668 ], [ 79.999060819314508, 8.156122771945542 ], [ 79.999496283992627, 8.156387486759591 ], [ 79.999820227479347, 8.156394784528143 ] ] ] } },
{ "type": "Feature", "properties": { "latitude": 8.28108, "longitude": 80.16919, "brightness": 341.22, "scan": 0.39, "track": 0.36, "acq_date": "2026-08-31T00:00:00", "acq_time": 807, "satellite": "N", "instrument": "VIIRS", "confidence": "n", "version": "2.0NRT", "brightness_bg": 309.37, "frp": 3.83, "daynight": "D", "source_left": "VIIRS_SNPP_NRT", "cross_source_count": 1, "state": "Tamil Nadu", "zone_type": "none", "source_right": "curated_research", "osm_id": "", "nearest_zone_dist_m": 214926.3011241128, "is_industrial": false, "facility_type": "none", "zone_name": "Gulf of Mannar NP (Tamil Nadu)", "temperature": 27.0, "humidity": 80, "wind_speed": 22.1, "wind_direction": 208, "aqi": 20, "persistence": 0.0, "ai_classification": "Natural Anomaly", "ai_confidence": 100.0, "spread_speed_kmh": 1.37, "risk_level": "Moderate (Spreading)", "mitigation_strategy": "Monitor" }, "geometry": { "type": "Polygon", "coordinates": [ [ [ 80.17819286069637, 8.297835203291747 ], [ 80.178400661674104, 8.297533800418767 ], [ 80.178441237346931, 8.296942085888109 ], [ 80.178313354843567, 8.29607803864636 ], [ 80.178020899809169, 8.294967912331739 ], [ 80.177572758341967, 8.293645437570559 ], [ 80.176982546993685, 8.292150797089237 ], [ 80.176268199037452, 8.290529404782472 ], [ 80.175451419574458, 8.288830525835042 ], [ 80.174557026035373, 8.287105779824088 ], [ 80.173612194115293, 8.285407572284393 ], [ 80.172645632054014, 8.283787502392713 ], [ 80.171686708350649, 8.282294795152914 ], [ 80.170764559416696, 8.280974805719129 ], [ 80.169907204280875, 8.279867641302358 ], [ 80.169140693245154, 8.279006942533153 ], [ 80.168488316359472, 8.278418861308079 ], [ 80.167969895765395, 8.278121266177578 ], [ 80.167601183410326, 8.278123199419102 ], [ 80.167393382432593, 8.278424602292082 ], [ 80.167352806759766, 8.279016316822741 ], [ 80.16748068926313, 8.279880364064489 ], [ 80.167773144297527, 8.280990490379111 ], [ 80.16822128576473, 8.28231296514029 ], [ 80.168811497113012, 8.283807605621613 ], [ 80.169525845069245, 8.285428997928378 ], [ 80.170342624532239, 8.287127876875807 ], [ 80.171237018071324, 8.288852622886761 ], [ 80.172181849991404, 8.290550830426456 ], [ 80.173148412052683, 8.292170900318137 ], [ 80.174107335756048, 8.293663607557935 ], [ 80.17502948469, 8.29498359699172 ], [ 80.175886839825822, 8.296090761408491 ], [ 80.176653350861542, 8.296951460177697 ], [ 80.177305727747225, 8.29753954140277 ], [ 80.177824148341301, 8.297837136533271 ], [ 80.17819286069637, 8.297835203291747 ] ] ] } },
{ "type": "Feature", "properties": { "latitude": 8.29091, "longitude": 80.21081, "brightness": 346.43, "scan": 0.39, "track": 0.36, "acq_date": "2026-08-31T00:00:00", "acq_time": 807, "satellite": "N", "instrument": "VIIRS", "confidence": "n", "version": "2.0NRT", "brightness_bg": 308.56, "frp": 5.81, "daynight": "D", "source_left": "VIIRS_SNPP_NRT", "cross_source_count": 1, "state": "Tamil Nadu", "zone_type": "none", "source_right": "curated_research", "osm_id": "", "nearest_zone_dist_m": 218451.63639113677, "is_industrial": false, "facility_type": "none", "zone_name": "Cauvery Delta Rice (TN)", "temperature": 27.0, "humidity": 80, "wind_speed": 22.1, "wind_direction": 208, "aqi": 17, "persistence": 0.0, "ai_classification": "Agricultural Burn", "ai_confidence": 100.0, "spread_speed_kmh": 1.83, "risk_level": "Low (Agricultural Hazard)", "mitigation_strategy": "Issue Local Admin Warning" }, "geometry": { "type": "Polygon", "coordinates": [ [ [ 80.220316633351757, 8.308602320912602 ], [ 80.220536062329742, 8.308284060593113 ], [ 80.2205789085113, 8.30765925150051 ], [ 80.220443870036874, 8.306746878142906 ], [ 80.220135049982204, 8.305574662523087 ], [ 80.219661831688356, 8.304178221819493 ], [ 80.219038593653735, 8.302599986176268 ], [ 80.218284272650649, 8.300887909484807 ], [ 80.217421788341071, 8.299094012329025 ], [ 80.216477346874328, 8.297272801366248 ], [ 80.215479644626441, 8.295479613169999 ], [ 80.214458996275383, 8.293768932856228 ], [ 80.213446413704816, 8.292192738580619 ], [ 80.212472663723744, 8.290798922208648 ], [ 80.211567333232622, 8.289629834145469 ], [ 80.210757930240277, 8.288720996540295 ], [ 80.210069048047089, 8.288100023963866 ], [ 80.209521617989864, 8.287785784353689 ], [ 80.209132273453918, 8.287787825721306 ], [ 80.208912844475933, 8.288106086040795 ], [ 80.208869998294375, 8.288730895133398 ], [ 80.209005036768801, 8.289643268491002 ], [ 80.209313856823471, 8.290815484110821 ], [ 80.209787075117319, 8.292211924814415 ], [ 80.210410313151939, 8.29379016045764 ], [ 80.211164634155026, 8.295502237149101 ], [ 80.212027118464604, 8.297296134304883 ], [ 80.212971559931347, 8.299117345267661 ], [ 80.213969262179234, 8.30091053346391 ], [ 80.214989910530292, 8.30262121377768 ], [ 80.216002493100859, 8.304197408053289 ], [ 80.21697624308193, 8.30559122442526 ], [ 80.217881573573052, 8.306760312488439 ], [ 80.218690976565398, 8.307669150093613 ], [ 80.219379858758586, 8.308290122670043 ], [ 80.219927288815811, 8.308604362280219 ], [ 80.220316633351757, 8.308602320912602 ] ] ] } },
{ "type": "Feature", "properties": { "latitude": 8.44716, "longitude": 80.87873, "brightness": 338.83, "scan": 0.38, "track": 0.36, "acq_date": "2026-08-31T00:00:00", "acq_time": 807, "satellite": "N", "instrument": "VIIRS", "confidence": "n", "version": "2.0NRT", "brightness_bg": 306.9, "frp": 7.37, "daynight": "D", "source_left": "VIIRS_SNPP_NRT", "cross_source_count": 1, "state": "Tamil Nadu", "zone_type": "none", "source_right": "curated_research", "osm_id": "", "nearest_zone_dist_m": 231142.88673079549, "is_industrial": false, "facility_type": "none", "zone_name": "Cauvery Delta Rice (TN)", "temperature": 26.7, "humidity": 79, "wind_speed": 18.0, "wind_direction": 228, "aqi": 16, "persistence": 0.0, "ai_classification": "Wildfire", "ai_confidence": 100.0, "spread_speed_kmh": 2.32, "risk_level": "Moderate (Spreading)", "mitigation_strategy": "Establish Firebreak" }, "geometry": { "type": "Polygon", "coordinates": [ [ [ 80.89205384332999, 8.459026609329518 ], [ 80.892157579130071, 8.458675797839577 ], [ 80.892020021588465, 8.4581235509206 ], [ 80.891645350321454, 8.457386648315774 ], [ 80.891044949525892, 8.45648748043785 ], [ 80.890237062076139, 8.455453368047802 ], [ 80.889246235223553, 8.454315732127316 ], [ 80.888102574740657, 8.453109139168161 ], [ 80.886840830172517, 8.451870250886838 ], [ 80.885499338989334, 8.450636710276866 ], [ 80.884118861721916, 8.449445997845476 ], [ 80.882741343473455, 8.44833429278737 ], [ 80.881408639438888, 8.447335373698188 ], [ 80.880161243155911, 8.446479592228973 ], [ 80.879037056129377, 8.445792950866625 ], [ 80.878070236213219, 8.445296312861482 ], [ 80.877290159741349, 8.445004768308015 ], [ 80.876720528942641, 8.444927175639958 ], [ 80.87637865176066, 8.445065892471261 ], [ 80.876274915960579, 8.445416703961202 ], [ 80.876412473502185, 8.445968950880179 ], [ 80.876787144769196, 8.446705853485005 ], [ 80.877387545564758, 8.447605021362929 ], [ 80.878195433014511, 8.448639133752977 ], [ 80.879186259867097, 8.449776769673463 ], [ 80.880329920349993, 8.450983362632618 ], [ 80.881591664918133, 8.452222250913941 ], [ 80.882933156101316, 8.453455791523913 ], [ 80.884313633368734, 8.454646503955303 ], [ 80.885691151617195, 8.455758209013409 ], [ 80.887023855651762, 8.456757128102591 ], [ 80.888271251934739, 8.457612909571806 ], [ 80.889395438961273, 8.458299550934154 ], [ 80.890362258877431, 8.458796188939298 ], [ 80.891142335349301, 8.459087733492764 ], [ 80.891711966148009, 8.459165326160822 ], [ 80.89205384332999, 8.459026609329518 ] ] ] } },
{ "type": "Feature", "properties": { "latitude": 8.46928, "longitude": 80.77913, "brightness": 346.94, "scan": 0.38, "track": 0.36, "acq_date": "2026-08-31T00:00:00", "acq_time": 807, "satellite": "N", "instrument": "VIIRS", "confidence": "n", "version": "2.0NRT", "brightness_bg": 307.83, "frp": 7.93, "daynight": "D", "source_left": "VIIRS_SNPP_NRT", "cross_source_count": 1, "state": "Tamil Nadu", "zone_type": "none", "source_right": "curated_research", "osm_id": "", "nearest_zone_dist_m": 223598.73234448812, "is_industrial": false, "facility_type": "none", "zone_name": "Cauvery Delta Rice (TN)", "temperature": 26.7, "humidity": 79, "wind_speed": 19.9, "wind_direction": 224, "aqi": 16, "persistence": 0.0, "ai_classification": "Natural Anomaly", "ai_confidence": 100.0, "spread_speed_kmh": 1.55, "risk_level": "Moderate (Spreading)", "mitigation_strategy": "Monitor" }, "geometry": { "type": "Polygon", "coordinates": [ [ [ 80.792817934274268, 8.483299576278968 ], [ 80.792937928340876, 8.482942839625013 ], [ 80.792809627315179, 8.482346367097891 ], [ 80.792436929558917, 8.481528282213517 ], [ 80.791831159304849, 8.480513442067126 ], [ 80.791010722575592, 8.479332682063035 ], [ 80.790000547925999, 8.478021878996474 ], [ 80.788831329001624, 8.476620860955324 ], [ 80.787538591927841, 8.475172197163811 ], [ 80.786161615866476, 8.473719904538187 ], [ 80.784742239538375, 8.472308110254982 ], [ 80.783323589975012, 8.47097971096909 ], [ 80.781948772125517, 8.46977506942061 ], [ 80.780659559134548, 8.468730788033415 ], [ 80.779495123086463, 8.467878596769024 ], [ 80.778490844781359, 8.467244389027774 ], [ 80.777677238707327, 8.46684743489096 ], [ 80.777079025873235, 8.466699795609159 ], [ 80.776714382673333, 8.46680595712724 ], [ 80.776594388606725, 8.467162693781196 ], [ 80.776722689632422, 8.467759166308317 ], [ 80.777095387388684, 8.468577251192691 ], [ 80.777701157642753, 8.469592091339083 ], [ 80.778521594372009, 8.470772851343174 ], [ 80.779531769021602, 8.472083654409735 ], [ 80.780700987945977, 8.473484672450885 ], [ 80.78199372501976, 8.474933336242398 ], [ 80.783370701081125, 8.476385628868021 ], [ 80.784790077409227, 8.477797423151227 ], [ 80.786208726972589, 8.479125822437119 ], [ 80.787583544822084, 8.480330463985599 ], [ 80.788872757813053, 8.481374745372793 ], [ 80.790037193861139, 8.482226936637185 ], [ 80.791041472166242, 8.482861144378434 ], [ 80.791855078240275, 8.483258098515249 ], [ 80.792453291074366, 8.48340573779705 ], [ 80.792817934274268, 8.483299576278968 ] ] ] } },
{ "type": "Feature", "properties": { "latitude": 8.47334, "longitude": 80.16677, "brightness": 342.12, "scan": 0.39, "track": 0.36, "acq_date": "2026-08-31T00:00:00", "acq_time": 807, "satellite": "N", "instrument": "VIIRS", "confidence": "n", "version": "2.0NRT", "brightness_bg": 309.88, "frp": 7.33, "daynight": "D", "source_left": "VIIRS_SNPP_NRT", "cross_source_count": 1, "state": "Tamil Nadu", "zone_type": "none", "source_right": "curated_research", "osm_id": "", "nearest_zone_dist_m": 197717.01621892065, "is_industrial": false, "facility_type": "none", "zone_name": "Cauvery Delta Rice (TN)", "temperature": 27.0, "humidity": 80, "wind_speed": 21.3, "wind_direction": 205, "aqi": 20, "persistence": 0.0, "ai_classification": "Wildfire", "ai_confidence": 100.0, "spread_speed_kmh": 2.64, "risk_level": "Critical (Spreading)", "mitigation_strategy": "Establish Firebreak" }, "geometry": { "type": "Polygon", "coordinates": [ [ [ 80.175418273389397, 8.491683628784946 ], [ 80.17565672706985, 8.491374076529747 ], [ 80.175733361610796, 8.490746069934763 ], [ 80.175645848510484, 8.489818690662601 ], [ 80.175396846810202, 8.488620116663165 ], [ 80.174993922300587, 8.487186766000923 ], [ 80.174449317639002, 8.485562190310434 ], [ 80.173779580362478, 8.483795751501981 ], [ 80.173005060099285, 8.481941121924896 ], [ 80.172149290255675, 8.480054653560392 ], [ 80.171238272965311, 8.478193665795127 ], [ 80.170299689027573, 8.476414703800639 ], [ 80.169362056840441, 8.474771820436935 ], [ 80.168453865883478, 8.473314933883684 ], [ 80.16760271107934, 8.472088310901581 ], [ 80.16683445433604, 8.471129221809241 ], [ 80.16617243874596, 8.47046680804341 ], [ 80.165636779317836, 8.470121196711165 ], [ 80.165243751792303, 8.470102889037951 ], [ 80.165005298111851, 8.470412441293151 ], [ 80.164928663570905, 8.471040447888134 ], [ 80.165016176671216, 8.471967827160297 ], [ 80.165265178371499, 8.473166401159732 ], [ 80.165668102881114, 8.474599751821975 ], [ 80.166212707542698, 8.476224327512464 ], [ 80.166882444819223, 8.477990766320916 ], [ 80.167656965082415, 8.479845395898002 ], [ 80.168512734926026, 8.481731864262505 ], [ 80.169423752216389, 8.483592852027771 ], [ 80.170362336154128, 8.485371814022258 ], [ 80.171299968341259, 8.487014697385963 ], [ 80.172208159298222, 8.488471583939214 ], [ 80.17305931410236, 8.489698206921316 ], [ 80.17382757084566, 8.490657296013657 ], [ 80.17448958643574, 8.491319709779487 ], [ 80.175025245863864, 8.491665321111732 ], [ 80.175418273389397, 8.491683628784946 ] ] ] } },
{ "type": "Feature", "properties": { "latitude": 8.49225, "longitude": 80.81834, "brightness": 353.12, "scan": 0.38, "track": 0.36, "acq_date": "2026-08-31T00:00:00", "acq_time": 807, "satellite": "N", "instrument": "VIIRS", "confidence": "n", "version": "2.0NRT", "brightness_bg": 310.05, "frp": 11.16, "daynight": "D", "source_left": "VIIRS_SNPP_NRT", "cross_source_count": 2, "state": "Tamil Nadu", "zone_type": "none", "source_right": "curated_research", "osm_id": "", "nearest_zone_dist_m": 223488.31486243597, "is_industrial": false, "facility_type": "none", "zone_name": "Cauvery Delta Rice (TN)", "temperature": 26.7, "humidity": 79, "wind_speed": 19.9, "wind_direction": 224, "aqi": 16, "persistence": 0.0, "ai_classification": "Natural Anomaly", "ai_confidence": 100.0, "spread_speed_kmh": 1.78, "risk_level": "Moderate (Spreading)", "mitigation_strategy": "Monitor" }, "geometry": { "type": "Polygon", "coordinates": [ [ [ 80.833244837444241, 8.507515038617061 ], [ 80.833375499459152, 8.507126610415636 ], [ 80.833235791963546, 8.506477148835677 ], [ 80.832829959898959, 8.505586387438647 ], [ 80.832170334267346, 8.504481391558848 ], [ 80.831276957459707, 8.503195735936933 ], [ 80.830176974278302, 8.5017684845684 ], [ 80.828903807155456, 8.500243003763858 ], [ 80.827496140629947, 8.498665644485623 ], [ 80.825996745936834, 8.497084333997181 ], [ 80.824451181425147, 8.495547119617543 ], [ 80.822906408290493, 8.494100708827766 ], [ 80.821409363682847, 8.492789050087776 ], [ 80.820005534545089, 8.491651997484659 ], [ 80.818737575515186, 8.490724099786382 ], [ 80.81764401288666, 8.490033550694971 ], [ 80.8167580740066, 8.489601332195132 ], [ 80.816106677679556, 8.489440577027271 ], [ 80.815709616253329, 8.489556169655813 ], [ 80.815578954238418, 8.489944597857239 ], [ 80.815718661734024, 8.490594059437198 ], [ 80.816124493798611, 8.491484820834227 ], [ 80.816784119430224, 8.492589816714027 ], [ 80.817677496237863, 8.493875472335942 ], [ 80.818777479419268, 8.495302723704475 ], [ 80.820050646542114, 8.496828204509017 ], [ 80.821458313067623, 8.498405563787252 ], [ 80.822957707760736, 8.499986874275693 ], [ 80.824503272272423, 8.501524088655332 ], [ 80.826048045407077, 8.502970499445109 ], [ 80.827545090014723, 8.504282158185099 ], [ 80.828948919152481, 8.505419210788215 ], [ 80.830216878182384, 8.506347108486493 ], [ 80.83131044081091, 8.507037657577904 ], [ 80.83219637969097, 8.507469876077742 ], [ 80.832847776018014, 8.507630631245604 ], [ 80.833244837444241, 8.507515038617061 ] ] ] } },
{ "type": "Feature", "properties": { "latitude": 8.5192, "longitude": 80.46411, "brightness": 331.95, "scan": 0.38, "track": 0.36, "acq_date": "2026-08-31T00:00:00", "acq_time": 807, "satellite": "N", "instrument": "VIIRS", "confidence": "n", "version": "2.0NRT", "brightness_bg": 300.33, "frp": 2.27, "daynight": "D", "source_left": "VIIRS_SNPP_NRT", "cross_source_count": 1, "state": "Tamil Nadu", "zone_type": "none", "source_right": "curated_research", "osm_id": "", "nearest_zone_dist_m": 203672.13978304315, "is_industrial": false, "facility_type": "none", "zone_name": "Cauvery Delta Rice (TN)", "temperature": 26.9, "humidity": 79, "wind_speed": 20.5, "wind_direction": 208, "aqi": 17, "persistence": 0.0, "ai_classification": "Wildfire", "ai_confidence": 100.0, "spread_speed_kmh": 2.21, "risk_level": "Moderate (Spreading)", "mitigation_strategy": "Establish Firebreak" }, "geometry": { "type": "Polygon", "coordinates": [ [ [ 80.472139785044504, 8.534135058533208 ], [ 80.472325125709389, 8.533866397540461 ], [ 80.472361315732456, 8.53333896191366 ], [ 80.472247255498203, 8.532568777517431 ], [ 80.471986410669103, 8.531579246014923 ], [ 80.471586706883315, 8.530400433820107 ], [ 80.471060288938105, 8.529068158545021 ], [ 80.470423151776345, 8.527622900699731 ], [ 80.469694654488293, 8.526108573712531 ], [ 80.468896932095433, 8.524571189642641 ], [ 80.468054222988968, 8.523057461127072 ], [ 80.467192132458692, 8.521613382040783 ], [ 80.466336854689118, 8.520282829996075 ], [ 80.465514376862487, 8.519106233143532 ], [ 80.464749689551368, 8.518119341783132 ], [ 80.464066027392761, 8.517352142109472 ], [ 80.463484163115396, 8.516827945096411 ], [ 80.463021776370908, 8.516562678204938 ], [ 80.462692916546558, 8.516564401435316 ], [ 80.462507575881673, 8.516833062428063 ], [ 80.462471385858606, 8.517360498054863 ], [ 80.462585446092859, 8.518130682451092 ], [ 80.462846290921959, 8.519120213953601 ], [ 80.463245994707748, 8.520299026148416 ], [ 80.463772412652958, 8.521631301423502 ], [ 80.464409549814718, 8.523076559268793 ], [ 80.465138047102769, 8.524590886255993 ], [ 80.46593576949563, 8.526128270325882 ], [ 80.466778478602095, 8.527641998841451 ], [ 80.467640569132371, 8.52908607792774 ], [ 80.468495846901945, 8.530416629972448 ], [ 80.469318324728576, 8.531593226824992 ], [ 80.470083012039694, 8.532580118185392 ], [ 80.470766674198302, 8.533347317859052 ], [ 80.471348538475667, 8.533871514872112 ], [ 80.471810925220154, 8.534136781763586 ], [ 80.472139785044504, 8.534135058533208 ] ] ] } },
{ "type": "Feature", "properties": { "latitude": 8.62135, "longitude": 80.97601, "brightness": 335.68, "scan": 0.38, "track": 0.36, "acq_date": "2026-08-31T00:00:00", "acq_time": 807, "satellite": "N", "instrument": "VIIRS", "confidence": "n", "version": "2.0NRT", "brightness_bg": 304.01, "frp": 1.17, "daynight": "D", "source_left": "VIIRS_SNPP_NRT", "cross_source_count": 1, "state": "Tamil Nadu", "zone_type": "none", "source_right": "curated_research", "osm_id": "", "nearest_zone_dist_m": 220353.70288974396, "is_industrial": false, "facility_type": "none", "zone_name": "Cauvery Delta Rice (TN)", "temperature": 27.0, "humidity": 77, "wind_speed": 16.9, "wind_direction": 218, "aqi": 18, "persistence": 0.0, "ai_classification": "Natural Anomaly", "ai_confidence": 100.0, "spread_speed_kmh": 0.93, "risk_level": "Moderate (Spreading)", "mitigation_strategy": "Monitor" }, "geometry": { "type": "Polygon", "coordinates": [ [ [ 80.984459194680355, 8.632042205551066 ], [ 80.984595105412566, 8.631783343654545 ], [ 80.984575871426685, 8.631341242878023 ], [ 80.984402077137645, 8.630729336229878 ], [ 80.984079003196982, 8.629966216183981 ], [ 80.983616466042889, 8.629075069756762 ], [ 80.98302851963274, 8.628082973981474 ], [ 80.982333028420683, 8.627020073186223 ], [ 80.981551124555281, 8.62591866307382 ], [ 80.980706565789802, 8.624812209433191 ], [ 80.979825013614985, 8.623734331298312 ], [ 80.978933253547567, 8.622717779450879 ], [ 80.978058381265939, 8.621793441304376 ], [ 80.977226979321685, 8.620989402405648 ], [ 80.97646430944215, 8.620330093069768 ], [ 80.975793544965711, 8.619835546077281 ], [ 80.975235066731557, 8.6195207879883 ], [ 80.974805843818231, 8.619395382568085 ], [ 80.974518917946753, 8.619463140196871 ], [ 80.974383007214541, 8.619722002093392 ], [ 80.974402241200423, 8.620164102869914 ], [ 80.974576035489463, 8.620776009518059 ], [ 80.974899109430126, 8.621539129563956 ], [ 80.975361646584219, 8.622430275991174 ], [ 80.975949592994368, 8.623422371766463 ], [ 80.976645084206424, 8.624485272561714 ], [ 80.977426988071826, 8.625586682674117 ], [ 80.978271546837306, 8.626693136314746 ], [ 80.979153099012123, 8.627771014449625 ], [ 80.980044859079541, 8.628787566297058 ], [ 80.980919731361169, 8.62971190444356 ], [ 80.981751133305423, 8.630515943342289 ], [ 80.982513803184958, 8.631175252678169 ], [ 80.983184567661397, 8.631669799670656 ], [ 80.983743045895551, 8.631984557759637 ], [ 80.984172268808877, 8.632109963179852 ], [ 80.984459194680355, 8.632042205551066 ] ] ] } },
{ "type": "Feature", "properties": { "latitude": 8.59252, "longitude": 80.60977, "brightness": 336.11, "scan": 0.38, "track": 0.36, "acq_date": "2026-08-31T00:00:00", "acq_time": 807, "satellite": "N", "instrument": "VIIRS", "confidence": "n", "version": "2.0NRT", "brightness_bg": 302.77, "frp": 3.19, "daynight": "D", "source_left": "VIIRS_SNPP_NRT", "cross_source_count": 1, "state": "Tamil Nadu", "zone_type": "none", "source_right": "curated_research", "osm_id": "", "nearest_zone_dist_m": 202955.93624759142, "is_industrial": false, "facility_type": "none", "zone_name": "Cauvery Delta Rice (TN)", "temperature": 26.5, "humidity": 80, "wind_speed": 20.2, "wind_direction": 215, "aqi": 16, "persistence": 0.0, "ai_classification": "Wildfire", "ai_confidence": 100.0, "spread_speed_kmh": 2.24, "risk_level": "Moderate (Spreading)", "mitigation_strategy": "Establish Firebreak" }, "geometry": { "type": "Polygon", "coordinates": [ [ [ 80.619735076557163, 8.60659174066496 ], [ 80.619888307003251, 8.606298243824684 ], [ 80.619858772376006, 8.605762157255349 ], [ 80.619647370070126, 8.604999769676088 ], [ 80.619260523437717, 8.604034245847712 ], [ 80.618709986617915, 8.60289492272317 ], [ 80.618012487393443, 8.601616418059072 ], [ 80.617189218925262, 8.600237578572683 ], [ 80.616265195809191, 8.598800299604074 ], [ 80.615268494020043, 8.597348252147402 ], [ 80.614229397837306, 8.59592555592987 ], [ 80.613179479672709, 8.594575438856129 ], [ 80.612150640758372, 8.593338923550272 ], [ 80.611174141844103, 8.59225358090416 ], [ 80.610279653355278, 8.591352388504886 ], [ 80.609494353872009, 8.590662728627475 ], [ 80.608842104321695, 8.590205556238319 ], [ 80.608342722976872, 8.589994762289122 ], [ 80.608011383287021, 8.590036751647361 ], [ 80.607858152840933, 8.590330248487637 ], [ 80.607887687468178, 8.590866335056973 ], [ 80.608099089774058, 8.591628722636234 ], [ 80.608485936406467, 8.592594246464609 ], [ 80.609036473226269, 8.593733569589151 ], [ 80.609733972450741, 8.595012074253249 ], [ 80.610557240918922, 8.596390913739638 ], [ 80.611481264034992, 8.597828192708247 ], [ 80.612477965824141, 8.599280240164919 ], [ 80.613517062006878, 8.600702936382451 ], [ 80.614566980171475, 8.602053053456192 ], [ 80.615595819085812, 8.603289568762049 ], [ 80.616572318000081, 8.604374911408161 ], [ 80.617466806488906, 8.605276103807435 ], [ 80.618252105972175, 8.605965763684846 ], [ 80.618904355522488, 8.606422936074003 ], [ 80.619403736867312, 8.6066337300232 ], [ 80.619735076557163, 8.60659174066496 ] ] ] } },
{ "type": "Feature", "properties": { "latitude": 8.5921, "longitude": 80.41267, "brightness": 348.81, "scan": 0.39, "track": 0.36, "acq_date": "2026-08-31T00:00:00", "acq_time": 807, "satellite": "N", "instrument": "VIIRS", "confidence": "n", "version": "2.0NRT", "brightness_bg": 308.67, "frp": 9.48, "daynight": "D", "source_left": "VIIRS_SNPP_NRT", "cross_source_count": 1, "state": "Tamil Nadu", "zone_type": "none", "source_right": "curated_research", "osm_id": "", "nearest_zone_dist_m": 194062.56936260909, "is_industrial": false, "facility_type": "none", "zone_name": "Cauvery Delta Rice (TN)", "temperature": 27.1, "humidity": 78, "wind_speed": 19.9, "wind_direction": 206, "aqi": 17, "persistence": 0.0, "ai_classification": "Natural Anomaly", "ai_confidence": 100.0, "spread_speed_kmh": 1.66, "risk_level": "Moderate (Spreading)", "mitigation_strategy": "Monitor" }, "geometry": { "type": "Polygon", "coordinates": [ [ [ 80.421679072553573, 8.610363818910546 ], [ 80.421914341737875, 8.610048317303345 ], [ 80.421981439829949, 8.609415968584793 ], [ 80.421878328088241, 8.60848598635072 ], [ 80.421608139510823, 8.607286627640713 ], [ 80.421179083640908, 8.60585433436227 ], [ 80.420604197123978, 8.604232626021885 ], [ 80.419900947595963, 8.602470777406854 ], [ 80.419090702937908, 8.600622321395804 ], [ 80.418198082023736, 8.598743422389271 ], [ 80.417250206688223, 8.596891169782799 ], [ 80.416275877643827, 8.595121843334548 ], [ 80.415304699385487, 8.593489203133329 ], [ 80.41436618067317, 8.592042856125497 ], [ 80.41348883792304, 8.590826748833001 ], [ 80.412699328750577, 8.589877832060543 ], [ 80.412021641992496, 8.589224938164076 ], [ 80.411476368818001, 8.588887904994268 ], [ 80.411080077076591, 8.588876973133434 ], [ 80.410844807892289, 8.589192474740635 ], [ 80.410777709800215, 8.589824823459187 ], [ 80.410880821541923, 8.59075480569326 ], [ 80.41115101011934, 8.591954164403267 ], [ 80.411580065989256, 8.59338645768171 ], [ 80.412154952506185, 8.595008166022096 ], [ 80.412858202034201, 8.596770014637126 ], [ 80.413668446692256, 8.598618470648177 ], [ 80.414561067606428, 8.600497369654709 ], [ 80.415508942941941, 8.602349622261181 ], [ 80.416483271986337, 8.604118948709433 ], [ 80.417454450244676, 8.605751588910652 ], [ 80.418392968956994, 8.607197935918483 ], [ 80.419270311707123, 8.608414043210979 ], [ 80.420059820879587, 8.609362959983438 ], [ 80.420737507637668, 8.610015853879904 ], [ 80.421282780812163, 8.610352887049713 ], [ 80.421679072553573, 8.610363818910546 ] ] ] } },
{ "type": "Feature", "properties": { "latitude": 8.57523, "longitude": 80.74078, "brightness": 334.55, "scan": 0.38, "track": 0.36, "acq_date": "2026-08-31T00:00:00", "acq_time": 807, "satellite": "N", "instrument": "VIIRS", "confidence": "n", "version": "2.0NRT", "brightness_bg": 302.39, "frp": 0.92, "daynight": "D", "source_left": "VIIRS_SNPP_NRT", "cross_source_count": 1, "state": "Tamil Nadu", "zone_type": "none", "source_right": "curated_research", "osm_id": "", "nearest_zone_dist_m": 211301.88884996608, "is_industrial": false, "facility_type": "none", "zone_name": "Cauvery Delta Rice (TN)", "temperature": 26.7, "humidity": 79, "wind_speed": 21.3, "wind_direction": 218, "aqi": 16, "persistence": 0.0, "ai_classification": "Wildfire", "ai_confidence": 100.0, "spread_speed_kmh": 2.19, "risk_level": "Moderate (Spreading)", "mitigation_strategy": "Establish Firebreak" }, "geometry": { "type": "Polygon", "coordinates": [ [ [ 80.75124260271393, 8.588471704306823 ], [ 80.751377084931832, 8.588177242157585 ], [ 80.751320479347271, 8.587655055041902 ], [ 80.751074505892277, 8.586921009351043 ], [ 80.750646638345827, 8.585997408691879 ], [ 80.750049877246795, 8.584912316203077 ], [ 80.749302354879191, 8.583698701870826 ], [ 80.748426784331912, 8.58239344075249 ], [ 80.747449769372977, 8.581036192546659 ], [ 80.746400996107496, 8.579668196553262 ], [ 80.745312330980468, 8.578331018638323 ], [ 80.744216852530855, 8.577065288276142 ], [ 80.743147846317029, 8.575909464043283 ], [ 80.742137793551848, 8.574898665074185 ], [ 80.741217384177475, 8.574063603984037 ], [ 80.740414584366988, 8.573429653681499 ], [ 80.739753786786409, 8.573016076425723 ], [ 80.739255069435828, 8.572835438552344 ], [ 80.738933585589606, 8.572893228651736 ], [ 80.738799103371704, 8.573187690800975 ], [ 80.738855708956265, 8.573709877916658 ], [ 80.73910168241126, 8.574443923607516 ], [ 80.739529549957709, 8.57536752426668 ], [ 80.740126311056741, 8.576452616755482 ], [ 80.740873833424345, 8.577666231087733 ], [ 80.741749403971625, 8.578971492206069 ], [ 80.742726418930559, 8.5803287404119 ], [ 80.74377519219604, 8.581696736405297 ], [ 80.744863857323068, 8.583033914320236 ], [ 80.745959335772682, 8.584299644682417 ], [ 80.747028341986507, 8.585455468915276 ], [ 80.748038394751688, 8.586466267884374 ], [ 80.748958804126062, 8.587301328974522 ], [ 80.749761603936548, 8.58793527927706 ], [ 80.750422401517127, 8.588348856532836 ], [ 80.750921118867709, 8.588529494406215 ], [ 80.75124260271393, 8.588471704306823 ] ] ] } },
{ "type": "Feature", "properties": { "latitude": 8.55763, "longitude": 80.62587, "brightness": 339.42, "scan": 0.38, "track": 0.36, "acq_date": "2026-08-31T00:00:00", "acq_time": 807, "satellite": "N", "instrument": "VIIRS", "confidence": "n", "version": "2.0NRT", "brightness_bg": 308.82, "frp": 7.3, "daynight": "D", "source_left": "VIIRS_SNPP_NRT", "cross_source_count": 2, "state": "Tamil Nadu", "zone_type": "none", "source_right": "curated_research", "osm_id": "", "nearest_zone_dist_m": 207199.85334373091, "is_industrial": false, "facility_type": "none", "zone_name": "Cauvery Delta Rice (TN)", "temperature": 26.6, "humidity": 80, "wind_speed": 20.6, "wind_direction": 216, "aqi": 16, "persistence": 0.0, "ai_classification": "Natural Anomaly", "ai_confidence": 100.0, "spread_speed_kmh": 1.54, "risk_level": "Moderate (Spreading)", "mitigation_strategy": "Monitor" }, "geometry": { "type": "Polygon", "coordinates": [ [ [ 80.637572626987932, 8.57355779539331 ], [ 80.637742262049613, 8.573218445486354 ], [ 80.637697577587446, 8.572604725376266 ], [ 80.637439931316194, 8.571735282638031 ], [ 80.636977151687447, 8.570636534849294 ], [ 80.636323300026035, 8.569341866905621 ], [ 80.63549824328382, 8.567890616637346 ], [ 80.634527050392421, 8.566326879549504 ], [ 80.633439230556405, 8.564698169002218 ], [ 80.632267836631016, 8.563053972541303 ], [ 80.631048460827927, 8.56144424824422 ], [ 80.629818153263884, 8.559917906769172 ], [ 80.628614296211637, 8.558521325229517 ], [ 80.627473468258557, 8.55729693804863 ], [ 80.626430332884709, 8.556281947611435 ], [ 80.625516585230571, 8.555507193888753 ], [ 80.62475998905623, 8.554996217380406 ], [ 80.624183533153598, 8.554764543849032 ], [ 80.623804732843567, 8.554819212577652 ], [ 80.623635097781886, 8.555158562484607 ], [ 80.623679782244054, 8.555772282594695 ], [ 80.623937428515305, 8.556641725332931 ], [ 80.624400208144053, 8.557740473121667 ], [ 80.625054059805464, 8.55903514106534 ], [ 80.625879116547679, 8.560486391333615 ], [ 80.626850309439078, 8.562050128421458 ], [ 80.627938129275094, 8.563678838968743 ], [ 80.629109523200484, 8.565323035429659 ], [ 80.630328899003572, 8.566932759726742 ], [ 80.631559206567616, 8.568459101201789 ], [ 80.632763063619862, 8.569855682741444 ], [ 80.633903891572942, 8.571080069922331 ], [ 80.63494702694679, 8.572095060359526 ], [ 80.635860774600928, 8.572869814082209 ], [ 80.636617370775269, 8.573380790590555 ], [ 80.637193826677901, 8.573612464121929 ], [ 80.637572626987932, 8.57355779539331 ] ] ] } },
{ "type": "Feature", "properties": { "latitude": 9.00123, "longitude": 80.77132, "brightness": 336.29, "scan": 0.49, "track": 0.48, "acq_date": "2026-08-31T00:00:00", "acq_time": 828, "satellite": "N20", "instrument": "VIIRS", "confidence": "n", "version": "2.0NRT", "brightness_bg": 303.31, "frp": 2.96, "daynight": "D", "source_left": "VIIRS_NOAA20_NRT", "cross_source_count": 1, "state": "Tamil Nadu", "zone_type": "none", "source_right": "curated_research", "osm_id": "", "nearest_zone_dist_m": 172995.91344675468, "is_industrial": false, "facility_type": "none", "zone_name": "Cauvery Delta Rice (TN)", "temperature": 27.2, "humidity": 77, "wind_speed": 15.5, "wind_direction": 205, "aqi": 21, "persistence": 0.0, "ai_classification": "Natural Anomaly", "ai_confidence": 100.0, "spread_speed_kmh": 0.98, "risk_level": "Moderate (Spreading)", "mitigation_strategy": "Monitor" }, "geometry": { "type": "Polygon", "coordinates": [ [ [ 80.777077719432597, 9.013425310242106 ], [ 80.777284982895722, 9.013197170488782 ], [ 80.777383039121176, 9.012757993040195 ], [ 80.777368908720149, 9.012121122080885 ], [ 80.777243021037748, 9.011305908612679 ], [ 80.777009201107475, 9.010337122484287 ], [ 80.776674553429615, 9.009244199771997 ], [ 80.776249246104513, 9.00806034837937 ], [ 80.775746201880025, 9.006821539031916 ], [ 80.775180705500347, 9.005565412324792 ], [ 80.774569939286849, 9.004330135032358 ], [ 80.773932461061833, 9.00315324043007 ], [ 80.77328764027861, 9.002070487864875 ], [ 80.772655069490369, 9.001114776225572 ], [ 80.772053969040428, 9.000315144326706 ], [ 80.771502603061776, 8.99969588857889 ], [ 80.77101772453068, 8.999275824754665 ], [ 80.770614066235936, 8.999067716280765 ], [ 80.77030389313056, 8.999077886427862 ], [ 80.770096629667435, 8.999306026181186 ], [ 80.769998573441981, 8.999745203629773 ], [ 80.770012703843008, 9.000382074589083 ], [ 80.770138591525409, 9.001197288057289 ], [ 80.770372411455682, 9.002166074185681 ], [ 80.770707059133542, 9.003258996897971 ], [ 80.771132366458644, 9.004442848290598 ], [ 80.771635410683132, 9.005681657638052 ], [ 80.77220090706281, 9.006937784345176 ], [ 80.772811673276308, 9.00817306163761 ], [ 80.773449151501325, 9.009349956239898 ], [ 80.774093972284547, 9.010432708805093 ], [ 80.774726543072788, 9.011388420444396 ], [ 80.775327643522729, 9.012188052343262 ], [ 80.775879009501381, 9.012807308091078 ], [ 80.776363888032478, 9.013227371915303 ], [ 80.776767546327221, 9.013435480389203 ], [ 80.777077719432597, 9.013425310242106 ] ] ] } },
{ "type": "Feature", "properties": { "latitude": 9.14675, "longitude": 80.68382, "brightness": 341.12, "scan": 0.48, "track": 0.48, "acq_date": "2026-08-31T00:00:00", "acq_time": 828, "satellite": "N20", "instrument": "VIIRS", "confidence": "n", "version": "2.0NRT", "brightness_bg": 305.98, "frp": 7.74, "daynight": "D", "source_left": "VIIRS_NOAA20_NRT", "cross_source_count": 1, "state": "Tamil Nadu", "zone_type": "none", "source_right": "curated_research", "osm_id": "", "nearest_zone_dist_m": 154318.21873473076, "is_industrial": false, "facility_type": "none", "zone_name": "Cauvery Delta Rice (TN)", "temperature": 27.3, "humidity": 76, "wind_speed": 16.3, "wind_direction": 198, "aqi": 21, "persistence": 0.0, "ai_classification": "Agricultural Burn", "ai_confidence": 100.0, "spread_speed_kmh": 1.38, "risk_level": "Low (Agricultural Hazard)", "mitigation_strategy": "Issue Local Admin Warning" }, "geometry": { "type": "Polygon", "coordinates": [ [ [ 80.689025476964645, 9.162566926673662 ], [ 80.689301415169751, 9.162322138092748 ], [ 80.68947592973457, 9.161802087692978 ], [ 80.689543718122337, 9.161022576942594 ], [ 80.689502720617199, 9.160007290881293 ], [ 80.689354182907607, 9.158787078462289 ], [ 80.689102618236689, 9.157399015222474 ], [ 80.688755670269686, 9.155885276761 ], [ 80.688323880845005, 9.154291857255025 ], [ 80.687820369665829, 9.152667171949933 ], [ 80.687260435664541, 9.151060586086587 ], [ 80.68666109215242, 9.149520914963473 ], [ 80.686040549878811, 9.148094940708557 ], [ 80.685417663706701, 9.146825990827995 ], [ 80.684811359717202, 9.14575262172179 ], [ 80.684240060150259, 9.144907447167082 ], [ 80.683721123654095, 9.144316147365037 ], [ 80.68327031785158, 9.143996688660927 ], [ 80.68290134024889, 9.143958777645825 ], [ 80.682625402043783, 9.144203566226739 ], [ 80.682450887478964, 9.144723616626509 ], [ 80.682383099091197, 9.145503127376893 ], [ 80.682424096596336, 9.146518413438194 ], [ 80.682572634305927, 9.147738625857198 ], [ 80.682824198976846, 9.149126689097013 ], [ 80.683171146943849, 9.150640427558487 ], [ 80.68360293636853, 9.152233847064462 ], [ 80.684106447547705, 9.153858532369554 ], [ 80.684666381548993, 9.1554651182329 ], [ 80.685265725061114, 9.157004789356014 ], [ 80.685886267334723, 9.15843076361093 ], [ 80.686509153506833, 9.159699713491491 ], [ 80.687115457496333, 9.160773082597697 ], [ 80.687686757063275, 9.161618257152405 ], [ 80.688205693559439, 9.162209556954449 ], [ 80.688656499361954, 9.16252901565856 ], [ 80.689025476964645, 9.162566926673662 ] ] ] } },
{ "type": "Feature", "properties": { "latitude": 8.97628, "longitude": 80.38439, "brightness": 341.82, "scan": 0.46, "track": 0.47, "acq_date": "2026-08-31T00:00:00", "acq_time": 828, "satellite": "N20", "instrument": "VIIRS", "confidence": "n", "version": "2.0NRT", "brightness_bg": 303.0, "frp": 6.5, "daynight": "D", "source_left": "VIIRS_NOAA20_NRT", "cross_source_count": 1, "state": "Tamil Nadu", "zone_type": "none", "source_right": "curated_research", "osm_id": "", "nearest_zone_dist_m": 154005.63622502616, "is_industrial": false, "facility_type": "none", "zone_name": "Cauvery Delta Rice (TN)", "temperature": 26.9, "humidity": 79, "wind_speed": 15.2, "wind_direction": 196, "aqi": 19, "persistence": 0.0, "ai_classification": "Natural Anomaly", "ai_confidence": 100.0, "spread_speed_kmh": 1.22, "risk_level": "Moderate (Spreading)", "mitigation_strategy": "Monitor" }, "geometry": { "type": "Polygon", "coordinates": [ [ [ 80.388610432648321, 8.990818000649156 ], [ 80.388885931732801, 8.990599368362231 ], [ 80.389077626633409, 8.990127538051922 ], [ 80.389179692797597, 8.989416846043451 ], [ 80.389189028996611, 8.988488886353865 ], [ 80.389105351554775, 8.987371854568764 ], [ 80.38893120296882, 8.986099691133694 ], [ 80.388671874655387, 8.984711050090882 ], [ 80.38833524617408, 8.983248124595727 ], [ 80.387931545810943, 8.981755364899124 ], [ 80.387473039797229, 8.980278127749083 ], [ 80.386973659606156, 8.978861298248889 ], [ 80.386448578652121, 8.977547926045954 ], [ 80.385913751254222, 8.976377917290066 ], [ 80.385385427872308, 8.975386822105222 ], [ 80.384879661344982, 8.974604754417092 ], [ 80.384411819132254, 8.974055476956636 ], [ 80.383996116383017, 8.973755679241542 ], [ 80.383645184014952, 8.973714470473677 ], [ 80.383369684930472, 8.973933102760602 ], [ 80.383177990029864, 8.974404933070911 ], [ 80.383075923865675, 8.975115625079383 ], [ 80.383066587666661, 8.976043584768968 ], [ 80.383150265108497, 8.97716061655407 ], [ 80.383324413694453, 8.97843277998914 ], [ 80.383583742007886, 8.979821421031952 ], [ 80.383920370489193, 8.981284346527106 ], [ 80.38432407085233, 8.982777106223709 ], [ 80.384782576866044, 8.984254343373751 ], [ 80.385281957057117, 8.985671172873944 ], [ 80.385807038011151, 8.986984545076879 ], [ 80.386341865409051, 8.988154553832768 ], [ 80.386870188790965, 8.989145649017612 ], [ 80.387375955318291, 8.989927716705742 ], [ 80.387843797531019, 8.990476994166197 ], [ 80.388259500280256, 8.990776791881292 ], [ 80.388610432648321, 8.990818000649156 ] ] ] } },
{ "type": "Feature", "properties": { "latitude": 9.09946, "longitude": 77.59773, "brightness": 340.97, "scan": 0.47, "track": 0.4, "acq_date": "2026-08-31T00:00:00", "acq_time": 828, "satellite": "N20", "instrument": "VIIRS", "confidence": "n", "version": "2.0NRT", "brightness_bg": 309.36, "frp": 6.5, "daynight": "D", "source_left": "VIIRS_NOAA20_NRT", "cross_source_count": 1, "state": "Tamil Nadu", "zone_type": "none", "source_right": "curated_research", "osm_id": "", "nearest_zone_dist_m": 35677.503618218521, "is_industrial": false, "facility_type": "none", "zone_name": "Gulf of Mannar NP (Tamil Nadu)", "temperature": 27.3, "humidity": 69, "wind_speed": 18.1, "wind_direction": 257, "aqi": 15, "persistence": 0.0, "ai_classification": "Natural Anomaly", "ai_confidence": 100.0, "spread_speed_kmh": 1.36, "risk_level": "Moderate (Spreading)", "mitigation_strategy": "Monitor" }, "geometry": { "type": "Polygon", "coordinates": [ [ [ 77.614845491784507, 9.103361684841222 ], [ 77.614765590810265, 9.103014369440587 ], [ 77.614382207869767, 9.102607871325267 ], [ 77.613706991859644, 9.102154541734798 ], [ 77.612760458876679, 9.101668154859389 ], [ 77.611571368846626, 9.101163489318127 ], [ 77.610175851668302, 9.10065587911811 ], [ 77.608616309425031, 9.100160747738402 ], [ 77.606940128018692, 9.099693139495425 ], [ 77.605198237373131, 9.099267262429024 ], [ 77.603443563954187, 9.098896056598356 ], [ 77.601729422625766, 9.098590800904747 ], [ 77.600107896704756, 9.098360770387979 ], [ 77.598628255435727, 9.098212954408904 ], [ 77.597335456969887, 9.098151844281249 ], [ 77.596268782334462, 9.098179296805318 ], [ 77.59546064189847, 9.098294477850057 ], [ 77.594935590600116, 9.09849388769771 ], [ 77.594709581857416, 9.09877146738096 ], [ 77.594789482831658, 9.099118782781595 ], [ 77.595172865772156, 9.099525280896914 ], [ 77.595848081782279, 9.099978610487383 ], [ 77.596794614765244, 9.100464997362792 ], [ 77.597983704795297, 9.100969662904054 ], [ 77.599379221973621, 9.101477273104072 ], [ 77.600938764216892, 9.10197240448378 ], [ 77.60261494562323, 9.102440012726756 ], [ 77.604356836268792, 9.102865889793158 ], [ 77.606111509687736, 9.103237095623825 ], [ 77.607825651016157, 9.103542351317435 ], [ 77.609447176937167, 9.103772381834203 ], [ 77.610926818206195, 9.103920197813277 ], [ 77.612219616672036, 9.103981307940932 ], [ 77.61328629130746, 9.103953855416863 ], [ 77.614094431743453, 9.103838674372124 ], [ 77.614619483041807, 9.103639264524471 ], [ 77.614845491784507, 9.103361684841222 ] ] ] } },
{ "type": "Feature", "properties": { "latitude": 9.10032, "longitude": 78.18219, "brightness": 340.05, "scan": 0.51, "track": 0.41, "acq_date": "2026-08-31T00:00:00", "acq_time": 828, "satellite": "N20", "instrument": "VIIRS", "confidence": "n", "version": "2.0NRT", "brightness_bg": 305.68, "frp": 12.25, "daynight": "D", "source_left": "VIIRS_NOAA20_NRT", "cross_source_count": 1, "state": "Tamil Nadu", "zone_type": "parks", "source_right": "curated_research", "osm_id": "", "nearest_zone_dist_m": 0.0, "is_industrial": false, "facility_type": "protected_area", "zone_name": "Gulf of Mannar NP (Tamil Nadu)", "temperature": 28.6, "humidity": 65, "wind_speed": 15.7, "wind_direction": 267, "aqi": 18, "persistence": 0.0, "ai_classification": "Wildfire", "ai_confidence": 100.0, "spread_speed_kmh": 2.43, "risk_level": "Moderate (Spreading)", "mitigation_strategy": "Establish Firebreak" }, "geometry": { "type": "Polygon", "coordinates": [ [ [ 78.200990139459662, 9.10129287120462 ], [ 78.200842564637924, 9.100899164673891 ], [ 78.200363454398016, 9.100500032364369 ], [ 78.19956736626213, 9.100107601709309 ], [ 78.198478488965435, 9.099733796515586 ], [ 78.19712990749359, 9.099389974664856 ], [ 78.195562597812213, 9.099086583010072 ], [ 78.193824181832852, 9.098832839953138 ], [ 78.191967480445385, 9.098636455348442 ], [ 78.190048908581915, 9.098503396242823 ], [ 78.188126761077683, 9.09843770556987 ], [ 78.186259441411934, 9.098441379307443 ], [ 78.184503687147824, 9.098514305830884 ], [ 78.182912845990202, 9.09865426930468 ], [ 78.181535254842643, 9.098857017009506 ], [ 78.180412771115058, 9.099116388558944 ], [ 78.179579500907522, 9.099424503079716 ], [ 78.179060762713618, 9.099771998668018 ], [ 78.178872318130885, 9.100148316846244 ], [ 78.179019892952624, 9.100542023376974 ], [ 78.179499003192532, 9.100941155686495 ], [ 78.180295091328418, 9.101333586341555 ], [ 78.181383968625113, 9.101707391535278 ], [ 78.182732550096958, 9.102051213386009 ], [ 78.184299859778335, 9.102354605040793 ], [ 78.186038275757696, 9.102608348097727 ], [ 78.187894977145163, 9.102804732702422 ], [ 78.189813549008633, 9.102937791808042 ], [ 78.191735696512865, 9.103003482480995 ], [ 78.193603016178614, 9.102999808743421 ], [ 78.195358770442724, 9.102926882219981 ], [ 78.196949611600346, 9.102786918746185 ], [ 78.198327202747905, 9.102584171041359 ], [ 78.199449686475489, 9.102324799491921 ], [ 78.200282956683026, 9.102016684971149 ], [ 78.20080169487693, 9.101669189382847 ], [ 78.200990139459662, 9.10129287120462 ] ] ] } },
{ "type": "Feature", "properties": { "latitude": 9.30984, "longitude": 80.43034, "brightness": 335.04, "scan": 0.47, "track": 0.48, "acq_date": "2026-08-31T00:00:00", "acq_time": 828, "satellite": "N20", "instrument": "VIIRS", "confidence": "n", "version": "2.0NRT", "brightness_bg": 299.73, "frp": 3.09, "daynight": "D", "source_left": "VIIRS_NOAA20_NRT", "cross_source_count": 1, "state": "Tamil Nadu", "zone_type": "none", "source_right": "curated_research", "osm_id": "", "nearest_zone_dist_m": 123949.01085203541, "is_industrial": false, "facility_type": "none", "zone_name": "Cauvery Delta Rice (TN)", "temperature": 27.1, "humidity": 78, "wind_speed": 16.9, "wind_direction": 191, "aqi": 21, "persistence": 0.0, "ai_classification": "Wildfire", "ai_confidence": 100.0, "spread_speed_kmh": 1.91, "risk_level": "Moderate (Spreading)", "mitigation_strategy": "Establish Firebreak" }, "geometry": { "type": "Polygon", "coordinates": [ [ [ 80.433162597245172, 9.324169590223741 ], [ 80.433421252525335, 9.323987079275291 ], [ 80.433621599410188, 9.323553997742698 ], [ 80.43375755046101, 9.32288350458918 ], [ 80.433824974873943, 9.321995972409921 ], [ 80.43382182399229, 9.320918368421076 ], [ 80.433748193553996, 9.319683435074548 ], [ 80.433606320782687, 9.31832869519517 ], [ 80.433400516410714, 9.316895311868644 ], [ 80.433137033699779, 9.315426837722018 ], [ 80.432823878438739, 9.313967891599154 ], [ 80.43247056569173, 9.312562802839732 ], [ 80.432087830687763, 9.311254264354702 ], [ 80.431687302636291, 9.310082035423774 ], [ 80.431281151379466, 9.309081733629839 ], [ 80.430881717617709, 9.308283752636731 ], [ 80.430501137943736, 9.307712338693126 ], [ 80.43015097607838, 9.307384853922551 ], [ 80.429841871512707, 9.307311248784044 ], [ 80.429583216232544, 9.307493759732495 ], [ 80.429382869347691, 9.307926841265088 ], [ 80.429246918296869, 9.308597334418605 ], [ 80.429179493883936, 9.309484866597865 ], [ 80.429182644765589, 9.31056247058671 ], [ 80.429256275203883, 9.311797403933237 ], [ 80.429398147975192, 9.313152143812616 ], [ 80.429603952347165, 9.314585527139142 ], [ 80.4298674350581, 9.316054001285767 ], [ 80.430180590319139, 9.317512947408632 ], [ 80.430533903066149, 9.318918036168053 ], [ 80.430916638070116, 9.320226574653084 ], [ 80.431317166121588, 9.321398803584012 ], [ 80.431723317378413, 9.322399105377947 ], [ 80.43212275114017, 9.323197086371055 ], [ 80.432503330814143, 9.32376850031466 ], [ 80.432853492679499, 9.324095985085235 ], [ 80.433162597245172, 9.324169590223741 ] ] ] } },
{ "type": "Feature", "properties": { "latitude": 8.90025, "longitude": 80.48766, "brightness": 349.11, "scan": 0.47, "track": 0.47, "acq_date": "2026-08-31T00:00:00", "acq_time": 828, "satellite": "N20", "instrument": "VIIRS", "confidence": "n", "version": "2.0NRT", "brightness_bg": 304.52, "frp": 5.05, "daynight": "D", "source_left": "VIIRS_NOAA20_NRT", "cross_source_count": 1, "state": "Tamil Nadu", "zone_type": "none", "source_right": "curated_research", "osm_id": "", "nearest_zone_dist_m": 166502.93746469237, "is_industrial": false, "facility_type": "none", "zone_name": "Cauvery Delta Rice (TN)", "temperature": 26.7, "humidity": 79, "wind_speed": 17.6, "wind_direction": 207, "aqi": 19, "persistence": 0.0, "ai_classification": "Natural Anomaly", "ai_confidence": 100.0, "spread_speed_kmh": 1.23, "risk_level": "Moderate (Spreading)", "mitigation_strategy": "Monitor" }, "geometry": { "type": "Polygon", "coordinates": [ [ [ 80.495097211046826, 8.914670458968839 ], [ 80.495306852362049, 8.914402602400141 ], [ 80.495377195946773, 8.913885144312644 ], [ 80.495306104446783, 8.91313380740849 ], [ 80.495095737941313, 8.912171420679318 ], [ 80.494752488310198, 8.911027225758902 ], [ 80.494286785019767, 8.90973598843091 ], [ 80.493712778228868, 8.908336942288152 ], [ 80.493047908843366, 8.906872596639728 ], [ 80.492312378583094, 8.905387444887168 ], [ 80.491528536162832, 8.903926612614951 ], [ 80.490720198237867, 8.902534486472453 ], [ 80.489911925746995, 8.901253365508062 ], [ 80.489128277640873, 8.900122175934003 ], [ 80.488393064670646, 8.899175288373076 ], [ 80.487728625910378, 8.89844147352467 ], [ 80.487155149995573, 8.897943027981626 ], [ 80.486690061701722, 8.897695096759543 ], [ 80.486347492501281, 8.897705213123146 ], [ 80.486137851186058, 8.897973069691844 ], [ 80.486067507601334, 8.898490527779341 ], [ 80.486138599101324, 8.899241864683495 ], [ 80.486348965606794, 8.900204251412667 ], [ 80.486692215237909, 8.901348446333083 ], [ 80.487157918528339, 8.902639683661075 ], [ 80.487731925319238, 8.904038729803833 ], [ 80.488396794704741, 8.905503075452257 ], [ 80.489132324965013, 8.906988227204817 ], [ 80.489916167385275, 8.908449059477034 ], [ 80.49072450531024, 8.909841185619532 ], [ 80.491532777801112, 8.911122306583923 ], [ 80.492316425907234, 8.912253496157982 ], [ 80.493051638877461, 8.913200383718909 ], [ 80.493716077637728, 8.913934198567315 ], [ 80.494289553552534, 8.914432644110359 ], [ 80.494754641846384, 8.914680575332442 ], [ 80.495097211046826, 8.914670458968839 ] ] ] } },
{ "type": "Feature", "properties": { "latitude": 9.43492, "longitude": 77.46063, "brightness": 336.91, "scan": 0.47, "track": 0.4, "acq_date": "2026-08-31T00:00:00", "acq_time": 828, "satellite": "N20", "instrument": "VIIRS", "confidence": "n", "version": "2.0NRT", "brightness_bg": 306.59, "frp": 2.32, "daynight": "D", "source_left": "VIIRS_NOAA20_NRT", "cross_source_count": 1, "state": "Kerala", "zone_type": "none", "source_right": "curated_research", "osm_id": "", "nearest_zone_dist_m": 4698.8665879639011, "is_industrial": false, "facility_type": "none", "zone_name": "Kerala Western Ghats Forests", "temperature": 27.8, "humidity": 63, "wind_speed": 10.3, "wind_direction": 289, "aqi": 15, "persistence": 0.0, "ai_classification": "Agricultural Burn", "ai_confidence": 100.0, "spread_speed_kmh": 0.85, "risk_level": "Low (Agricultural Hazard)", "mitigation_strategy": "Issue Local Admin Warning" }, "geometry": { "type": "Polygon", "coordinates": [ [ [ 77.469381895389603, 9.431947240114699 ], [ 77.469217580114304, 9.431727126924111 ], [ 77.4689018330496, 9.431566834587803 ], [ 77.468444248010272, 9.431471233507306 ], [ 77.467858728486192, 9.43144322847307 ], [ 77.467163065191812, 9.431483670403891 ], [ 77.466378395504321, 9.431591330492166 ], [ 77.465528561215081, 9.43176293754059 ], [ 77.464639384108963, 9.431993277355836 ], [ 77.463737881382386, 9.432275351179173 ], [ 77.462851444739499, 9.432600588340216 ], [ 77.462007008109154, 9.432959106672406 ], [ 77.461230229271052, 9.433340012777638 ], [ 77.460544710257125, 9.43373173301665 ], [ 77.459971280215711, 9.434122365168202 ], [ 77.459527362528462, 9.434500040072038 ], [ 77.459226445409655, 9.434853282267317 ], [ 77.45907767207369, 9.435171358668686 ], [ 77.459085562923093, 9.435444604685642 ], [ 77.459249878198392, 9.435664717876231 ], [ 77.459565625263096, 9.435825010212538 ], [ 77.460023210302424, 9.435920611293035 ], [ 77.460608729826504, 9.435948616327272 ], [ 77.461304393120884, 9.435908174396451 ], [ 77.462089062808374, 9.435800514308175 ], [ 77.462938897097615, 9.435628907259751 ], [ 77.463828074203732, 9.435398567444505 ], [ 77.46472957693031, 9.435116493621168 ], [ 77.465616013573197, 9.434791256460125 ], [ 77.466460450203542, 9.434432738127935 ], [ 77.467237229041643, 9.434051832022703 ], [ 77.467922748055571, 9.433660111783691 ], [ 77.468496178096984, 9.433269479632139 ], [ 77.468940095784234, 9.432891804728303 ], [ 77.469241012903041, 9.432538562533024 ], [ 77.469389786239006, 9.432220486131655 ], [ 77.469381895389603, 9.431947240114699 ] ] ] } },
{ "type": "Feature", "properties": { "latitude": 8.64901, "longitude": 80.814, "brightness": 332.32, "scan": 0.49, "track": 0.48, "acq_date": "2026-08-31T00:00:00", "acq_time": 828, "satellite": "N20", "instrument": "VIIRS", "confidence": "n", "version": "2.0NRT", "brightness_bg": 301.8, "frp": 1.84, "daynight": "D", "source_left": "VIIRS_NOAA20_NRT", "cross_source_count": 1, "state": "Tamil Nadu", "zone_type": "none", "source_right": "curated_research", "osm_id": "", "nearest_zone_dist_m": 208303.76345760431, "is_industrial": false, "facility_type": "none", "zone_name": "Cauvery Delta Rice (TN)", "temperature": 27.0, "humidity": 78, "wind_speed": 21.2, "wind_direction": 216, "aqi": 18, "persistence": 0.0, "ai_classification": "Agricultural Burn", "ai_confidence": 100.0, "spread_speed_kmh": 1.71, "risk_level": "Low (Agricultural Hazard)", "mitigation_strategy": "Issue Local Admin Warning" }, "geometry": { "type": "Polygon", "coordinates": [ [ [ 80.824238501601741, 8.662941709949621 ], [ 80.824386913357884, 8.662644887673945 ], [ 80.824347819438046, 8.66210807951231 ], [ 80.82412240769122, 8.661347596109065 ], [ 80.823717527139252, 8.660386544367597 ], [ 80.823145479872835, 8.659254125358755 ], [ 80.822423647258702, 8.657984747061091 ], [ 80.82157396181556, 8.656616978891842 ], [ 80.820622240805648, 8.655192379794707 ], [ 80.819597401790233, 8.65375423549237 ], [ 80.818530583984227, 8.652346243271724 ], [ 80.817454202106831, 8.651011184263911 ], [ 80.816400961476688, 8.649789623561315 ], [ 80.815402864277416, 8.648718677667741 ], [ 80.814490237187314, 8.647830886732242 ], [ 80.813690809918739, 8.647153225833151 ], [ 80.813028872664702, 8.646706285353972 ], [ 80.812524538053708, 8.646503645355001 ], [ 80.812193130037713, 8.646551462950068 ], [ 80.81204471828157, 8.646848285225744 ], [ 80.812083812201408, 8.647385093387379 ], [ 80.812309223948233, 8.648145576790624 ], [ 80.812714104500202, 8.649106628532092 ], [ 80.813286151766619, 8.650239047540934 ], [ 80.814007984380751, 8.651508425838598 ], [ 80.814857669823894, 8.652876194007847 ], [ 80.815809390833806, 8.654300793104982 ], [ 80.816834229849221, 8.655738937407319 ], [ 80.817901047655226, 8.657146929627965 ], [ 80.818977429532623, 8.658481988635778 ], [ 80.820030670162765, 8.659703549338374 ], [ 80.821028767362037, 8.660774495231948 ], [ 80.821941394452139, 8.661662286167447 ], [ 80.822740821720714, 8.662339947066538 ], [ 80.823402758974751, 8.662786887545717 ], [ 80.823907093585746, 8.662989527544688 ], [ 80.824238501601741, 8.662941709949621 ] ] ] } },
{ "type": "Feature", "properties": { "latitude": 8.65821, "longitude": 80.88054, "brightness": 332.53, "scan": 0.49, "track": 0.49, "acq_date": "2026-08-31T00:00:00", "acq_time": 828, "satellite": "N20", "instrument": "VIIRS", "confidence": "n", "version": "2.0NRT", "brightness_bg": 299.8, "frp": 4.07, "daynight": "D", "source_left": "VIIRS_NOAA20_NRT", "cross_source_count": 1, "state": "Tamil Nadu", "zone_type": "none", "source_right": "curated_research", "osm_id": "", "nearest_zone_dist_m": 211222.47014632076, "is_industrial": false, "facility_type": "none", "zone_name": "Cauvery Delta Rice (TN)", "temperature": 27.1, "humidity": 77, "wind_speed": 19.2, "wind_direction": 214, "aqi": 18, "persistence": 0.0, "ai_classification": "Wildfire", "ai_confidence": 100.0, "spread_speed_kmh": 2.2, "risk_level": "Moderate (Spreading)", "mitigation_strategy": "Establish Firebreak" }, "geometry": { "type": "Polygon", "coordinates": [ [ [ 80.89009054310948, 8.672207776596105 ], [ 80.890254558718752, 8.671916403922081 ], [ 80.890242890649318, 8.671383698954225 ], [ 80.89005589342959, 8.67062584766342 ], [ 80.889699248875459, 8.66966587697765 ], [ 80.88918379345121, 8.668532955120432 ], [ 80.888525189009101, 8.66726150534911 ], [ 80.887743446911813, 8.665890160021604 ], [ 80.886862319997419, 8.664460586771753 ], [ 80.885908580861312, 8.663016222459357 ], [ 80.884911208384537, 8.661600953363163 ], [ 80.883900507225121, 8.660257781718498 ], [ 80.882907187026333, 8.659027519116108 ], [ 80.881961429319787, 8.657947546462625 ], [ 80.881091970474799, 8.65705067818063 ], [ 80.880325228558434, 8.656364165159037 ], [ 80.879684500635804, 8.655908866748613 ], [ 80.879189254900623, 8.655698616961168 ], [ 80.878854539143944, 8.655739804130098 ], [ 80.878690523534672, 8.656031176804122 ], [ 80.878702191604106, 8.656563881771978 ], [ 80.878889188823834, 8.657321733062783 ], [ 80.879245833377965, 8.658281703748553 ], [ 80.879761288802214, 8.659414625605772 ], [ 80.880419893244323, 8.660686075377093 ], [ 80.881201635341611, 8.662057420704599 ], [ 80.882082762256005, 8.66348699395445 ], [ 80.883036501392112, 8.664931358266847 ], [ 80.884033873868887, 8.666346627363041 ], [ 80.885044575028303, 8.667689799007706 ], [ 80.886037895227091, 8.668920061610095 ], [ 80.886983652933637, 8.670000034263579 ], [ 80.887853111778625, 8.670896902545573 ], [ 80.888619853694991, 8.671583415567166 ], [ 80.88926058161762, 8.672038713977591 ], [ 80.889755827352801, 8.672248963765036 ], [ 80.89009054310948, 8.672207776596105 ] ] ] } },
{ "type": "Feature", "properties": { "latitude": 8.67534, "longitude": 80.90561, "brightness": 346.08, "scan": 0.49, "track": 0.49, "acq_date": "2026-08-31T00:00:00", "acq_time": 828, "satellite": "N20", "instrument": "VIIRS", "confidence": "n", "version": "2.0NRT", "brightness_bg": 302.55, "frp": 5.1, "daynight": "D", "source_left": "VIIRS_NOAA20_NRT", "cross_source_count": 1, "state": "Tamil Nadu", "zone_type": "none", "source_right": "curated_research", "osm_id": "", "nearest_zone_dist_m": 211107.79551084497, "is_industrial": false, "facility_type": "none", "zone_name": "Cauvery Delta Rice (TN)", "temperature": 27.1, "humidity": 77, "wind_speed": 17.0, "wind_direction": 214, "aqi": 18, "persistence": 0.0, "ai_classification": "Agricultural Burn", "ai_confidence": 100.0, "spread_speed_kmh": 1.41, "risk_level": "Low (Agricultural Hazard)", "mitigation_strategy": "Issue Local Admin Warning" }, "geometry": { "type": "Polygon", "coordinates": [ [ [ 80.914520313815771, 8.688398835529135 ], [ 80.91469770719371, 8.688110756195952 ], [ 80.914710453520513, 8.687598026413729 ], [ 80.914558165505497, 8.68687622521745 ], [ 80.914245470342905, 8.685967284171209 ], [ 80.913781869117059, 8.684898820988753 ], [ 80.913181448116589, 8.683703300383213 ], [ 80.912462450829779, 8.682417047643224 ], [ 80.911646723625353, 8.681079144907415 ], [ 80.910759051961634, 8.679730243673404 ], [ 80.909826407292954, 8.678411329622609 ], [ 80.908877127555613, 8.677162477291057 ], [ 80.90794005613408, 8.676021632424899 ], [ 80.907043665469331, 8.675023459018092 ], [ 80.906215191938088, 8.674198286064506 ], [ 80.9054798082894, 8.673571186026775 ], [ 80.904859858783297, 8.673161213022219 ], [ 80.904374180271816, 8.672980823873125 ], [ 80.904037529850754, 8.673035499612507 ], [ 80.903860136472815, 8.67332357894569 ], [ 80.903847390146012, 8.673836308727912 ], [ 80.903999678161028, 8.674558109924192 ], [ 80.90431237332362, 8.675467050970433 ], [ 80.904775974549466, 8.676535514152889 ], [ 80.905376395549936, 8.677731034758429 ], [ 80.906095392836747, 8.679017287498418 ], [ 80.906911120041173, 8.680355190234227 ], [ 80.907798791704892, 8.681704091468237 ], [ 80.908731436373571, 8.683023005519033 ], [ 80.909680716110913, 8.684271857850584 ], [ 80.910617787532445, 8.685412702716743 ], [ 80.911514178197194, 8.686410876123549 ], [ 80.912342651728437, 8.687236049077136 ], [ 80.913078035377126, 8.687863149114866 ], [ 80.913697984883228, 8.688273122119423 ], [ 80.914183663394709, 8.688453511268516 ], [ 80.914520313815771, 8.688398835529135 ] ] ] } },
{ "type": "Feature", "properties": { "latitude": 8.71115, "longitude": 80.42238, "brightness": 344.82, "scan": 0.46, "track": 0.47, "acq_date": "2026-08-31T00:00:00", "acq_time": 828, "satellite": "N20", "instrument": "VIIRS", "confidence": "n", "version": "2.0NRT", "brightness_bg": 302.92, "frp": 11.1, "daynight": "D", "source_left": "VIIRS_NOAA20_NRT", "cross_source_count": 1, "state": "Tamil Nadu", "zone_type": "none", "source_right": "curated_research", "osm_id": "", "nearest_zone_dist_m": 182366.87715539258, "is_industrial": false, "facility_type": "none", "zone_name": "Cauvery Delta Rice (TN)", "temperature": 27.0, "humidity": 79, "wind_speed": 18.6, "wind_direction": 203, "aqi": 19, "persistence": 0.0, "ai_classification": "Agricultural Burn", "ai_confidence": 100.0, "spread_speed_kmh": 1.6, "risk_level": "Low (Agricultural Hazard)", "mitigation_strategy": "Issue Local Admin Warning" }, "geometry": { "type": "Polygon", "coordinates": [ [ [ 80.430362304172718, 8.72973797841235 ], [ 80.430630948391354, 8.729429219659364 ], [ 80.430748759216016, 8.728797615138912 ], [ 80.430712157024388, 8.727862355834745 ], [ 80.430522253955573, 8.726651859127552 ], [ 80.430184820118214, 8.72520290534724 ], [ 80.429710108268694, 8.723559520221222 ], [ 80.429112542286362, 8.721771637174955 ], [ 80.428410278911201, 8.719893580130089 ], [ 80.427624656060502, 8.717982412899589 ], [ 80.426779544487033, 8.716096205332656 ], [ 80.425900622478323, 8.714292268891747 ], [ 80.425014595634835, 8.712625415272779 ], [ 80.424148385433867, 8.711146290979499 ], [ 80.423328311234044, 8.709899838455085 ], [ 80.422579290574959, 8.708923930528753 ], [ 80.421924082070319, 8.708248219669015 ], [ 80.421382593898969, 8.707893237008415 ], [ 80.420971278905, 8.707869768515467 ], [ 80.420702634686364, 8.708178527268453 ], [ 80.420584823861702, 8.708810131788905 ], [ 80.42062142605333, 8.709745391093072 ], [ 80.420811329122145, 8.710955887800266 ], [ 80.421148762959504, 8.712404841580577 ], [ 80.421623474809024, 8.714048226706595 ], [ 80.422221040791356, 8.715836109752862 ], [ 80.422923304166517, 8.717714166797728 ], [ 80.423708927017216, 8.719625334028228 ], [ 80.424554038590685, 8.721511541595161 ], [ 80.425432960599395, 8.723315478036071 ], [ 80.426318987442883, 8.724982331655038 ], [ 80.427185197643851, 8.726461455948318 ], [ 80.428005271843674, 8.727707908472732 ], [ 80.428754292502759, 8.728683816399064 ], [ 80.429409501007399, 8.729359527258802 ], [ 80.429950989178749, 8.729714509919402 ], [ 80.430362304172718, 8.72973797841235 ] ] ] } },
{ "type": "Feature", "properties": { "latitude": 8.71157, "longitude": 80.17744, "brightness": 337.48, "scan": 0.44, "track": 0.46, "acq_date": "2026-08-31T00:00:00", "acq_time": 828, "satellite": "N20", "instrument": "VIIRS", "confidence": "n", "version": "2.0NRT", "brightness_bg": 303.0, "frp": 3.47, "daynight": "D", "source_left": "VIIRS_NOAA20_NRT", "cross_source_count": 1, "state": "Tamil Nadu", "zone_type": "none", "source_right": "curated_research", "osm_id": "", "nearest_zone_dist_m": 172829.68411418455, "is_industrial": false, "facility_type": "none", "zone_name": "Cauvery Delta Rice (TN)", "temperature": 27.0, "humidity": 79, "wind_speed": 16.4, "wind_direction": 201, "aqi": 21, "persistence": 0.0, "ai_classification": "Natural Anomaly", "ai_confidence": 100.0, "spread_speed_kmh": 1.06, "risk_level": "Moderate (Spreading)", "mitigation_strategy": "Monitor" }, "geometry": { "type": "Polygon", "coordinates": [ [ [ 80.182667518679139, 8.725030926101747 ], [ 80.182893556585626, 8.724807139758212 ], [ 80.18301929322142, 8.724349562797695 ], [ 80.183040908142459, 8.723672098464593 ], [ 80.182957744590311, 8.722795331169856 ], [ 80.182772329447403, 8.721745901044066 ], [ 80.182490296459065, 8.720555694490562 ], [ 80.182120215054894, 8.719260875333196 ], [ 80.181673329971105, 8.717900785996855 ], [ 80.181163219584832, 8.716516752107786 ], [ 80.180605383342026, 8.715150826835353 ], [ 80.18001677081466, 8.713844513127766 ], [ 80.179415266696523, 8.712637502666006 ], [ 80.178819147385852, 8.711566469852174 ], [ 80.178246525666282, 8.710663957476353 ], [ 80.17771480035897, 8.709957387920385 ], [ 80.177240127668327, 8.709468229942688 ], [ 80.176836930283855, 8.70921134636089 ], [ 80.176517459154056, 8.709194542452634 ], [ 80.176291421247569, 8.709418328796168 ], [ 80.176165684611775, 8.709875905756686 ], [ 80.176144069690736, 8.710553370089787 ], [ 80.176227233242884, 8.711430137384525 ], [ 80.176412648385792, 8.712479567510314 ], [ 80.17669468137413, 8.713669774063819 ], [ 80.177064762778301, 8.714964593221184 ], [ 80.17751164786209, 8.716324682557525 ], [ 80.178021758248363, 8.717708716446595 ], [ 80.178579594491168, 8.719074641719027 ], [ 80.179168207018535, 8.720380955426615 ], [ 80.179769711136672, 8.721587965888375 ], [ 80.180365830447343, 8.722658998702206 ], [ 80.180938452166913, 8.723561511078028 ], [ 80.181470177474225, 8.724268080633996 ], [ 80.181944850164868, 8.724757238611693 ], [ 80.18234804754934, 8.725014122193491 ], [ 80.182667518679139, 8.725030926101747 ] ] ] } },
{ "type": "Feature", "properties": { "latitude": 8.7154, "longitude": 80.17755, "brightness": 345.71, "scan": 0.44, "track": 0.46, "acq_date": "2026-08-31T00:00:00", "acq_time": 828, "satellite": "N20", "instrument": "VIIRS", "confidence": "n", "version": "2.0NRT", "brightness_bg": 302.75, "frp": 5.83, "daynight": "D", "source_left": "VIIRS_NOAA20_NRT", "cross_source_count": 1, "state": "Tamil Nadu", "zone_type": "none", "source_right": "curated_research", "osm_id": "", "nearest_zone_dist_m": 172431.05059303931, "is_industrial": false, "facility_type": "none", "zone_name": "Cauvery Delta Rice (TN)", "temperature": 27.0, "humidity": 79, "wind_speed": 16.4, "wind_direction": 201, "aqi": 21, "persistence": 0.0, "ai_classification": "Natural Anomaly", "ai_confidence": 100.0, "spread_speed_kmh": 1.23, "risk_level": "Moderate (Spreading)", "mitigation_strategy": "Monitor" }, "geometry": { "type": "Polygon", "coordinates": [ [ [ 80.183236228125125, 8.730041947394438 ], [ 80.183482100760457, 8.72979852670816 ], [ 80.18361887073182, 8.729300803317201 ], [ 80.183642382352858, 8.728563900294935 ], [ 80.183551921234866, 8.727610208066801 ], [ 80.183350235993132, 8.726468704088562 ], [ 80.18304345473166, 8.725174072380966 ], [ 80.182640898843857, 8.723765649673334 ], [ 80.182154799786673, 8.722286230176939 ], [ 80.181599927433965, 8.720780765304561 ], [ 80.1809931413014, 8.719294997844541 ], [ 80.180352878278569, 8.71787407208932 ], [ 80.179698592433439, 8.716561162148944 ], [ 80.179050163910318, 8.71539616012759 ], [ 80.178427294881757, 8.714414464022155 ], [ 80.177848910908011, 8.713645902172042 ], [ 80.177332585893438, 8.713113826940155 ], [ 80.176894008112356, 8.712834405163173 ], [ 80.176546503528684, 8.712816126930393 ], [ 80.176300630893351, 8.713059547616671 ], [ 80.176163860921989, 8.71355727100763 ], [ 80.176140349300951, 8.714294174029897 ], [ 80.176230810418943, 8.71524786625803 ], [ 80.176432495660677, 8.71638937023627 ], [ 80.176739276922149, 8.717684001943866 ], [ 80.177141832809951, 8.719092424651498 ], [ 80.177627931867136, 8.720571844147893 ], [ 80.178182804219844, 8.722077309020271 ], [ 80.178789590352409, 8.723563076480291 ], [ 80.17942985337524, 8.724984002235512 ], [ 80.180084139220369, 8.726296912175888 ], [ 80.18073256774349, 8.727461914197242 ], [ 80.181355436772051, 8.728443610302676 ], [ 80.181933820745797, 8.72921217215279 ], [ 80.18245014576037, 8.729744247384676 ], [ 80.182888723541453, 8.730023669161659 ], [ 80.183236228125125, 8.730041947394438 ] ] ] } },
{ "type": "Feature", "properties": { "latitude": 8.72286, "longitude": 77.91467, "brightness": 338.28, "scan": 0.49, "track": 0.4, "acq_date": "2026-08-31T00:00:00", "acq_time": 828, "satellite": "N20", "instrument": "VIIRS", "confidence": "n", "version": "2.0NRT", "brightness_bg": 306.32, "frp": 6.73, "daynight": "D", "source_left": "VIIRS_NOAA20_NRT", "cross_source_count": 1, "state": "Tamil Nadu", "zone_type": "none", "source_right": "curated_research", "osm_id": "", "nearest_zone_dist_m": 12043.900497173416, "is_industrial": false, "facility_type": "none", "zone_name": "Tuticorin Port Industrial (TN)", "temperature": 28.1, "humidity": 69, "wind_speed": 14.0, "wind_direction": 285, "aqi": 16, "persistence": 0.0, "ai_classification": "Natural Anomaly", "ai_confidence": 100.0, "spread_speed_kmh": 1.17, "risk_level": "Moderate (Spreading)", "mitigation_strategy": "Monitor" }, "geometry": { "type": "Polygon", "coordinates": [ [ [ 77.928671940948661, 8.719151577765789 ], [ 77.928461648621763, 8.718870562395038 ], [ 77.928007486406614, 8.718664367024148 ], [ 77.927323253792295, 8.718539256795124 ], [ 77.926429740840561, 8.718499033118963 ], [ 77.92535409649031, 8.718544918171713 ], [ 77.924129003650819, 8.718675517759264 ], [ 77.922791686148102, 8.718886863679234 ], [ 77.92138277769773, 8.719172534292795 ], [ 77.919945087270065, 8.719523849642908 ], [ 77.918522298361225, 8.719930135190431 ], [ 77.917157641692242, 8.720379046154598 ], [ 77.915892581665446, 8.720856942602918 ], [ 77.914765556489613, 8.721349303893639 ], [ 77.913810810254404, 8.72184116987809 ], [ 77.913057352441058, 8.722317595457227 ], [ 77.912528076483937, 8.722764104680911 ], [ 77.912239064165206, 8.723167130592328 ], [ 77.912199096977915, 8.723514427453097 ], [ 77.912409389304813, 8.723795442823848 ], [ 77.912863551519962, 8.724001638194737 ], [ 77.913547784134281, 8.724126748423762 ], [ 77.914441297086015, 8.724166972099923 ], [ 77.915516941436266, 8.724121087047173 ], [ 77.916742034275757, 8.723990487459622 ], [ 77.918079351778474, 8.723779141539652 ], [ 77.919488260228846, 8.723493470926091 ], [ 77.92092595065651, 8.723142155575978 ], [ 77.922348739565351, 8.722735870028455 ], [ 77.923713396234334, 8.722286959064288 ], [ 77.92497845626113, 8.721809062615968 ], [ 77.926105481436963, 8.721316701325247 ], [ 77.927060227672172, 8.720824835340796 ], [ 77.927813685485518, 8.720348409761659 ], [ 77.928342961442638, 8.719901900537975 ], [ 77.92863197376137, 8.719498874626558 ], [ 77.928671940948661, 8.719151577765789 ] ] ] } },
{ "type": "Feature", "properties": { "latitude": 8.80527, "longitude": 80.54754, "brightness": 341.81, "scan": 0.47, "track": 0.48, "acq_date": "2026-08-31T00:00:00", "acq_time": 828, "satellite": "N20", "instrument": "VIIRS", "confidence": "n", "version": "2.0NRT", "brightness_bg": 301.71, "frp": 5.75, "daynight": "D", "source_left": "VIIRS_NOAA20_NRT", "cross_source_count": 1, "state": "Tamil Nadu", "zone_type": "none", "source_right": "curated_research", "osm_id": "", "nearest_zone_dist_m": 178847.92047071562, "is_industrial": false, "facility_type": "none", "zone_name": "Cauvery Delta Rice (TN)", "temperature": 26.8, "humidity": 79, "wind_speed": 19.2, "wind_direction": 207, "aqi": 19, "persistence": 0.0, "ai_classification": "Wildfire", "ai_confidence": 100.0, "spread_speed_kmh": 2.32, "risk_level": "Moderate (Spreading)", "mitigation_strategy": "Establish Firebreak" }, "geometry": { "type": "Polygon", "coordinates": [ [ [ 80.555710559672875, 8.821116470761833 ], [ 80.555919953501203, 8.820832659508918 ], [ 80.555976949636275, 8.820274244072957 ], [ 80.555879816279386, 8.819458191624397 ], [ 80.555631504778418, 8.818409297503949 ], [ 80.555239559952696, 8.817159431828694 ], [ 80.554715890847405, 8.815746571134714 ], [ 80.554076408883304, 8.814213644479251 ], [ 80.553340544396306, 8.812607229063033 ], [ 80.552530656256465, 8.8109761350056 ], [ 80.551671352505082, 8.809369922274511 ], [ 80.550788742651847, 8.807837394830818 ], [ 80.549909644350492, 8.8064251177454 ], [ 80.549060768558064, 8.805176002342852 ], [ 80.548267907935994, 8.804128002362598 ], [ 80.547555153153041, 8.803312960753722 ], [ 80.546944160902626, 8.802755642143081 ], [ 80.546453495875113, 8.802472980374644 ], [ 80.54609806667905, 8.802473563983206 ], [ 80.545888672850722, 8.802757375236121 ], [ 80.54583167671565, 8.803315790672082 ], [ 80.545928810072539, 8.804131843120642 ], [ 80.546177121573507, 8.80518073724109 ], [ 80.546569066399229, 8.806430602916345 ], [ 80.547092735504521, 8.807843463610325 ], [ 80.547732217468621, 8.809376390265788 ], [ 80.548468081955619, 8.810982805682006 ], [ 80.54927797009546, 8.812613899739439 ], [ 80.550137273846843, 8.814220112470528 ], [ 80.551019883700079, 8.815752639914221 ], [ 80.551898982001433, 8.817164916999639 ], [ 80.552747857793861, 8.818414032402186 ], [ 80.553540718415931, 8.819462032382441 ], [ 80.554253473198884, 8.820277073991317 ], [ 80.554864465449299, 8.820834392601958 ], [ 80.555355130476812, 8.821117054370395 ], [ 80.555710559672875, 8.821116470761833 ] ] ] } },
{ "type": "Feature", "properties": { "latitude": 8.80585, "longitude": 80.97179, "brightness": 353.05, "scan": 0.5, "track": 0.49, "acq_date": "2026-08-31T00:00:00", "acq_time": 828, "satellite": "N20", "instrument": "VIIRS", "confidence": "n", "version": "2.0NRT", "brightness_bg": 306.76, "frp": 24.52, "daynight": "D", "source_left": "VIIRS_NOAA20_NRT", "cross_source_count": 1, "state": "Tamil Nadu", "zone_type": "none", "source_right": "curated_research", "osm_id": "", "nearest_zone_dist_m": 203423.54193333138, "is_industrial": false, "facility_type": "none", "zone_name": "Cauvery Delta Rice (TN)", "temperature": 27.2, "humidity": 76, "wind_speed": 14.3, "wind_direction": 213, "aqi": 18, "persistence": 0.0, "ai_classification": "Natural Anomaly", "ai_confidence": 100.0, "spread_speed_kmh": 2.43, "risk_level": "Moderate (Spreading)", "mitigation_strategy": "Monitor" }, "geometry": { "type": "Polygon", "coordinates": [ [ [ 80.985069261987732, 8.82605697399762 ], [ 80.985407141815671, 8.825583404692814 ], [ 80.985497409809398, 8.824763060622464 ], [ 80.985337323221628, 8.823620867526033 ], [ 80.984931746202292, 8.82219153036278 ], [ 80.984293002003923, 8.82051847881913 ], [ 80.983440498545733, 8.818652547719632 ], [ 80.982400138713942, 8.816650432436537 ], [ 80.981203533315565, 8.814572966229603 ], [ 80.979887040600147, 8.81248327185828 ], [ 80.978490661532646, 8.810444843628604 ], [ 80.977056824384448, 8.808519618150838 ], [ 80.975629095571719, 8.806766092426914 ], [ 80.97425085591199, 8.805237546448625 ], [ 80.972963982519886, 8.803980424312043 ], [ 80.971807576392237, 8.803032923037149 ], [ 80.970816774344073, 8.802423831970726 ], [ 80.970021681394243, 8.80217165803661 ], [ 80.969446456039705, 8.802284063412184 ], [ 80.969108576211767, 8.80275763271699 ], [ 80.96901830821804, 8.80357797678734 ], [ 80.969178394805809, 8.804720169883771 ], [ 80.969583971825145, 8.806149507047024 ], [ 80.970222716023514, 8.807822558590674 ], [ 80.971075219481705, 8.809688489690172 ], [ 80.972115579313495, 8.811690604973267 ], [ 80.973312184711872, 8.813768071180201 ], [ 80.97462867742729, 8.815857765551524 ], [ 80.976025056494791, 8.8178961937812 ], [ 80.977458893642989, 8.819821419258966 ], [ 80.978886622455718, 8.82157494498289 ], [ 80.980264862115447, 8.823103490961179 ], [ 80.981551735507551, 8.824360613097761 ], [ 80.9827081416352, 8.825308114372655 ], [ 80.983698943683365, 8.825917205439078 ], [ 80.984494036633194, 8.826169379373194 ], [ 80.985069261987732, 8.82605697399762 ] ] ] } },
{ "type": "Feature", "properties": { "latitude": 9.65592, "longitude": 77.65157, "brightness": 340.63, "scan": 0.48, "track": 0.4, "acq_date": "2026-08-31T00:00:00", "acq_time": 828, "satellite": "N20", "instrument": "VIIRS", "confidence": "n", "version": "2.0NRT", "brightness_bg": 304.25, "frp": 4.59, "daynight": "D", "source_left": "VIIRS_NOAA20_NRT", "cross_source_count": 1, "state": "Kerala", "zone_type": "none", "source_right": "curated_research", "osm_id": "", "nearest_zone_dist_m": 13127.603549239044, "is_industrial": false, "facility_type": "none", "zone_name": "Kerala Western Ghats Forests", "temperature": 28.5, "humidity": 55, "wind_speed": 5.1, "wind_direction": 276, "aqi": 15, "persistence": 0.0, "ai_classification": "Natural Anomaly", "ai_confidence": 100.0, "spread_speed_kmh": 0.58, "risk_level": "Moderate (Spreading)", "mitigation_strategy": "Monitor" }, "geometry": { "type": "Polygon", "coordinates": [ [ [ 77.657991915747559, 9.655254591578492 ], [ 77.657904219854245, 9.654976283162092 ], [ 77.6577044082063, 9.654718324005019 ], [ 77.657398551979512, 9.654488552065727 ], [ 77.656995944460576, 9.654293948848323 ], [ 77.656508818675235, 9.654140427273092 ], [ 77.655951975693966, 9.654032652015413 ], [ 77.65534233490898, 9.653973897771953 ], [ 77.654698419947039, 9.653965949760668 ], [ 77.654039795838429, 9.65400904947786 ], [ 77.653386474543396, 9.654101887360431 ], [ 77.652758306898917, 9.654241642576299 ], [ 77.652174379460973, 9.654424068733947 ], [ 77.6516524345693, 9.654643622906887 ], [ 77.651208331255319, 9.654893634052675 ], [ 77.650855563373483, 9.655166505709159 ], [ 77.650604849597386, 9.655453946809136 ], [ 77.650463807738234, 9.655747223600233 ], [ 77.650436723281572, 9.65603742501556 ], [ 77.650524419174886, 9.65631573343196 ], [ 77.650724230822831, 9.656573692589033 ], [ 77.65103008704962, 9.656803464528325 ], [ 77.651432694568555, 9.656998067745729 ], [ 77.651919820353896, 9.657151589320961 ], [ 77.652476663335165, 9.657259364578639 ], [ 77.653086304120151, 9.657318118822099 ], [ 77.653730219082092, 9.657326066833384 ], [ 77.654388843190702, 9.657282967116192 ], [ 77.655042164485735, 9.657190129233621 ], [ 77.655670332130214, 9.657050374017754 ], [ 77.656254259568158, 9.656867947860105 ], [ 77.656776204459831, 9.656648393687165 ], [ 77.657220307773812, 9.656398382541378 ], [ 77.657573075655648, 9.656125510884893 ], [ 77.657823789431745, 9.655838069784917 ], [ 77.657964831290897, 9.655544792993819 ], [ 77.657991915747559, 9.655254591578492 ] ] ] } },
{ "type": "Feature", "properties": { "latitude": 17.77075, "longitude": 75.83885, "brightness": 338.77, "scan": 0.48, "track": 0.4, "acq_date": "2026-08-31T00:00:00", "acq_time": 830, "satellite": "N20", "instrument": "VIIRS", "confidence": "n", "version": "2.0NRT", "brightness_bg": 299.26, "frp": 1.97, "daynight": "D", "source_left": "VIIRS_NOAA20_NRT", "cross_source_count": 1, "state": "Maharashtra", "zone_type": "none", "source_right": "curated_research", "osm_id": "", "nearest_zone_dist_m": 84286.099095066515, "is_industrial": false, "facility_type": "none", "zone_name": "Sugarcane Belt (Maharashtra)", "temperature": 24.7, "humidity": 76, "wind_speed": 14.8, "wind_direction": 283, "aqi": 15, "persistence": 0.0, "ai_classification": "Agricultural Burn", "ai_confidence": 100.0, "spread_speed_kmh": 1.2, "risk_level": "Low (Agricultural Hazard)", "mitigation_strategy": "Issue Local Admin Warning" }, "geometry": { "type": "Polygon", "coordinates": [ [ [ 75.851526601011017, 17.767963008430634 ], [ 75.851349710694294, 17.767725556284542 ], [ 75.850951623871538, 17.767545131547958 ], [ 75.850344436209397, 17.7674272163352 ], [ 75.849546596797751, 17.767375393440346 ], [ 75.848582347583374, 17.767391237475831 ], [ 75.847480986790742, 17.767474267028653 ], [ 75.846275978710196, 17.767621959287865 ], [ 75.845003936902515, 17.767829826698904 ], [ 75.843703511714352, 17.768091553315674 ], [ 75.84241421590697, 17.768399186707367 ], [ 75.841175224081084, 17.768743379589043 ], [ 75.840024182376354, 17.769113673834163 ], [ 75.83899606461253, 17.769498818239466 ], [ 75.838122109627619, 17.769887110387092 ], [ 75.837428872101583, 17.770266752216617 ], [ 75.836937415705847, 17.770626208503163 ], [ 75.836662673094338, 17.770954557349352 ], [ 75.836612992182239, 17.771241822041652 ], [ 75.836789882498962, 17.771479274187744 ], [ 75.837187969321718, 17.771659698924328 ], [ 75.837795156983859, 17.771777614137086 ], [ 75.838592996395505, 17.77182943703194 ], [ 75.839557245609882, 17.771813592996455 ], [ 75.840658606402513, 17.771730563443633 ], [ 75.84186361448306, 17.771582871184421 ], [ 75.843135656290741, 17.771375003773382 ], [ 75.844436081478904, 17.771113277156612 ], [ 75.845725377286286, 17.77080564376492 ], [ 75.846964369112172, 17.770461450883243 ], [ 75.848115410816902, 17.770091156638124 ], [ 75.849143528580726, 17.76970601223282 ], [ 75.850017483565637, 17.769317720085194 ], [ 75.850710721091673, 17.768938078255669 ], [ 75.851202177487409, 17.768578621969123 ], [ 75.851476920098918, 17.768250273122934 ], [ 75.851526601011017, 17.767963008430634 ] ] ] } },
{ "type": "Feature", "properties": { "latitude": 17.96539, "longitude": 75.48702, "brightness": 336.33, "scan": 0.46, "track": 0.39, "acq_date": "2026-08-31T00:00:00", "acq_time": 830, "satellite": "N20", "instrument": "VIIRS", "confidence": "n", "version": "2.0NRT", "brightness_bg": 299.52, "frp": 3.37, "daynight": "D", "source_left": "VIIRS_NOAA20_NRT", "cross_source_count": 1, "state": "Maharashtra", "zone_type": "none", "source_right": "curated_research", "osm_id": "", "nearest_zone_dist_m": 44664.414673738655, "is_industrial": false, "facility_type": "none", "zone_name": "Sugarcane Belt (Maharashtra)", "temperature": 23.9, "humidity": 81, "wind_speed": 14.4, "wind_direction": 272, "aqi": 15, "persistence": 0.0, "ai_classification": "Natural Anomaly", "ai_confidence": 100.0, "spread_speed_kmh": 0.96, "risk_level": "Moderate (Spreading)", "mitigation_strategy": "Monitor" }, "geometry": { "type": "Polygon", "coordinates": [ [ [ 75.500503035035678, 17.964942118409503 ], [ 75.500372087124404, 17.964661319054265 ], [ 75.500004132692837, 17.964397056736807 ], [ 75.499410351850173, 17.964157360933925 ], [ 75.498608786326855, 17.963949514681296 ], [ 75.49762379128569, 17.963779833282128 ], [ 75.496485295302563, 17.963653472419875 ], [ 75.495227891001832, 17.963574271505397 ], [ 75.493889783976897, 17.963544637018398 ], [ 75.492511631932587, 17.96356546938777 ], [ 75.491135309321393, 17.963636135632516 ], [ 75.489802635009397, 17.963754488594542 ], [ 75.488554101631223, 17.963916932178993 ], [ 75.487427645241752, 17.96411853061975 ], [ 75.486457492648384, 17.964353158450209 ], [ 75.485673121446737, 17.964613686622464 ], [ 75.485098364358862, 17.964892199119838 ], [ 75.484750685088031, 17.965180233481032 ], [ 75.48464064769297, 17.965469037927733 ], [ 75.484771595604244, 17.965749837282971 ], [ 75.485139550035811, 17.966014099600429 ], [ 75.485733330878475, 17.966253795403311 ], [ 75.486534896401793, 17.96646164165594 ], [ 75.487519891442957, 17.966631323055108 ], [ 75.488658387426085, 17.966757683917361 ], [ 75.489915791726816, 17.966836884831839 ], [ 75.491253898751751, 17.966866519318838 ], [ 75.492632050796061, 17.966845686949465 ], [ 75.494008373407254, 17.96677502070472 ], [ 75.495341047719251, 17.966656667742694 ], [ 75.496589581097425, 17.966494224158243 ], [ 75.497716037486896, 17.966292625717486 ], [ 75.498686190080264, 17.966057997887027 ], [ 75.49947056128191, 17.965797469714772 ], [ 75.500045318369786, 17.965518957217398 ], [ 75.500392997640617, 17.965230922856204 ], [ 75.500503035035678, 17.964942118409503 ] ] ] } },
{ "type": "Feature", "properties": { "latitude": 12.91149, "longitude": 79.43056, "brightness": 335.76, "scan": 0.45, "track": 0.47, "acq_date": "2026-08-31T00:00:00", "acq_time": 828, "satellite": "N20", "instrument": "VIIRS", "confidence": "n", "version": "2.0NRT", "brightness_bg": 299.59, "frp": 2.51, "daynight": "D", "source_left": "VIIRS_NOAA20_NRT", "cross_source_count": 1, "state": "Tamil Nadu", "zone_type": "none", "source_right": "curated_research", "osm_id": "", "nearest_zone_dist_m": 74929.956001699247, "is_industrial": false, "facility_type": "none", "zone_name": "Chennai Industrial Corridor (TN)", "temperature": 28.1, "humidity": 68, "wind_speed": 3.8, "wind_direction": 273, "aqi": 25, "persistence": 0.0, "ai_classification": "Natural Anomaly", "ai_confidence": 100.0, "spread_speed_kmh": 0.37, "risk_level": "Moderate (Spreading)", "mitigation_strategy": "Monitor" }, "geometry": { "type": "Polygon", "coordinates": [ [ [ 79.434919757977383, 12.911267291646382 ], [ 79.434868827861862, 12.911046680733032 ], [ 79.434741522279197, 12.910836753488665 ], [ 79.434541709345083, 12.910643888446375 ], [ 79.434275460274435, 12.910473945712875 ], [ 79.433950864910528, 12.910332088912131 ], [ 79.433577785919255, 12.910222628291249 ], [ 79.433167559116939, 12.910148889755805 ], [ 79.432732649037433, 12.910113113813882 ], [ 79.432286270203392, 12.910116387499377 ], [ 79.431841985609822, 12.910158611343009 ], [ 79.431413294619276, 12.910238502394655 ], [ 79.431013222790583, 12.910353633205142 ], [ 79.430653926103815, 12.910500505583048 ], [ 79.430346321606962, 12.910674656885494 ], [ 79.430099755707033, 12.910870795613278 ], [ 79.429921720184112, 12.911082962190408 ], [ 79.429817624557472, 12.911304710042799 ], [ 79.429790631720067, 12.911529301474168 ], [ 79.429841561835588, 12.911749912387519 ], [ 79.429968867418253, 12.911959839631885 ], [ 79.430168680352367, 12.912152704674176 ], [ 79.430434929423015, 12.912322647407676 ], [ 79.430759524786922, 12.912464504208419 ], [ 79.431132603778195, 12.912573964829301 ], [ 79.431542830580511, 12.912647703364746 ], [ 79.431977740660017, 12.912683479306668 ], [ 79.432424119494058, 12.912680205621173 ], [ 79.432868404087628, 12.912637981777541 ], [ 79.433297095078174, 12.912558090725895 ], [ 79.433697166906867, 12.912442959915408 ], [ 79.434056463593635, 12.912296087537502 ], [ 79.434364068090488, 12.912121936235057 ], [ 79.434610633990417, 12.911925797507273 ], [ 79.434788669513338, 12.911713630930143 ], [ 79.434892765139978, 12.911491883077751 ], [ 79.434919757977383, 12.911267291646382 ] ] ] } },
{ "type": "Feature", "properties": { "latitude": 29.76927, "longitude": 72.40252, "brightness": 334.09, "scan": 0.45, "track": 0.39, "acq_date": "2026-08-31T00:00:00", "acq_time": 835, "satellite": "N20", "instrument": "VIIRS", "confidence": "n", "version": "2.0NRT", "brightness_bg": 303.52, "frp": 3.68, "daynight": "D", "source_left": "VIIRS_NOAA20_NRT", "cross_source_count": 1, "state": "Punjab", "zone_type": "none", "source_right": "curated_research", "osm_id": "", "nearest_zone_dist_m": 183901.72583244758, "is_industrial": false, "facility_type": "none", "zone_name": "Punjab Wheat Belt", "temperature": 31.5, "humidity": 54, "wind_speed": 7.5, "wind_direction": 220, "aqi": 116, "persistence": 0.0, "ai_classification": "Wildfire", "ai_confidence": 100.0, "spread_speed_kmh": 1.01, "risk_level": "Moderate (Spreading)", "mitigation_strategy": "Establish Firebreak" }, "geometry": { "type": "Polygon", "coordinates": [ [ [ 72.408233761870747, 29.775180688502285 ], [ 72.408424633389231, 29.774951655119317 ], [ 72.40850758096137, 29.77462393769439 ], [ 72.408480084267154, 29.774207493755625 ], [ 72.408342978779714, 29.77371497674137 ], [ 72.408100430379918, 29.773161351531879 ], [ 72.407759808778167, 29.772563439748996 ], [ 72.407331463589443, 29.771939408639685 ], [ 72.406828409865568, 29.771308219073429 ], [ 72.406265932639386, 29.770689049425794 ], [ 72.405661122496781, 29.770100712853218 ], [ 72.40503235628789, 29.769561085664741 ], [ 72.404398738755802, 29.769086564159419 ], [ 72.403779522048609, 29.768691566433073 ], [ 72.403193520752595, 29.768388094291744 ], [ 72.402658540220642, 29.768185368582877 ], [ 72.402190835565463, 29.768089549024552 ], [ 72.401804617756369, 29.768103547045563 ], [ 72.401511621826046, 29.768226937323124 ], [ 72.401320750307562, 29.768455970706093 ], [ 72.401237802735423, 29.76878368813102 ], [ 72.401265299429639, 29.769200132069784 ], [ 72.401402404917079, 29.769692649084039 ], [ 72.401644953316875, 29.77024627429353 ], [ 72.401985574918626, 29.770844186076413 ], [ 72.40241392010735, 29.771468217185724 ], [ 72.402916973831225, 29.77209940675198 ], [ 72.403479451057407, 29.772718576399615 ], [ 72.404084261200012, 29.773306912972192 ], [ 72.404713027408903, 29.773846540160669 ], [ 72.405346644940991, 29.77432106166599 ], [ 72.405965861648184, 29.774716059392336 ], [ 72.406551862944198, 29.775019531533665 ], [ 72.407086843476151, 29.775222257242532 ], [ 72.40755454813133, 29.775318076800858 ], [ 72.407940765940424, 29.775304078779847 ], [ 72.408233761870747, 29.775180688502285 ] ] ] } },
{ "type": "Feature", "properties": { "latitude": 31.47198, "longitude": 74.22855, "brightness": 332.0, "scan": 0.57, "track": 0.43, "acq_date": "2026-08-31T00:00:00", "acq_time": 835, "satellite": "N20", "instrument": "VIIRS", "confidence": "n", "version": "2.0NRT", "brightness_bg": 300.74, "frp": 3.85, "daynight": "D", "source_left": "VIIRS_NOAA20_NRT", "cross_source_count": 1, "state": "Punjab", "zone_type": "none", "source_right": "curated_research", "osm_id": "", "nearest_zone_dist_m": 50832.745064364652, "is_industrial": false, "facility_type": "none", "zone_name": "Punjab Wheat Belt", "temperature": 29.8, "humidity": 73, "wind_speed": 5.0, "wind_direction": 142, "aqi": 89, "persistence": 0.0, "ai_classification": "Agricultural Burn", "ai_confidence": 100.0, "spread_speed_kmh": 0.44, "risk_level": "Low (Agricultural Hazard)", "mitigation_strategy": "Issue Local Admin Warning" }, "geometry": { "type": "Polygon", "coordinates": [ [ [ 74.224296407301793, 31.476623406609594 ], [ 74.22458158622122, 31.476746607136352 ], [ 74.224934126211053, 31.476783071595001 ], [ 74.225343315522068, 31.476731692031422 ], [ 74.225796721144121, 31.476594029587648 ], [ 74.226280566576833, 31.476374267067378 ], [ 74.226780150421547, 31.476079081843579 ], [ 74.22728029307595, 31.475717442969913 ], [ 74.227765797958568, 31.475300338660556 ], [ 74.228221913249243, 31.474840442418877 ], [ 74.228634780115641, 31.474351727959469 ], [ 74.228991853806974, 31.473849044623876 ], [ 74.229282284819803, 31.473347666190875 ], [ 74.229497248554765, 31.47286282679045 ], [ 74.229630213447564, 31.472409258022441 ], [ 74.22967713942721, 31.472000741344349 ], [ 74.229636600671569, 31.471649689328711 ], [ 74.22950982893019, 31.471366768513388 ], [ 74.229300676098305, 31.471160575304186 ], [ 74.229015497178878, 31.471037374777428 ], [ 74.228662957189044, 31.471000910318779 ], [ 74.22825376787803, 31.471052289882358 ], [ 74.227800362255977, 31.471189952326132 ], [ 74.227316516823265, 31.471409714846402 ], [ 74.226816932978551, 31.4717049000702 ], [ 74.226316790324148, 31.472066538943867 ], [ 74.225831285441529, 31.472483643253224 ], [ 74.225375170150855, 31.472943539494903 ], [ 74.224962303284457, 31.473432253954311 ], [ 74.224605229593124, 31.473934937289904 ], [ 74.224314798580295, 31.474436315722905 ], [ 74.224099834845333, 31.474921155123329 ], [ 74.223966869952534, 31.475374723891338 ], [ 74.223919943972888, 31.475783240569431 ], [ 74.223960482728529, 31.476134292585069 ], [ 74.224087254469907, 31.476417213400392 ], [ 74.224296407301793, 31.476623406609594 ] ] ] } },
{ "type": "Feature", "properties": { "latitude": 31.80262, "longitude": 73.7253, "brightness": 330.04, "scan": 0.54, "track": 0.42, "acq_date": "2026-08-31T00:00:00", "acq_time": 835, "satellite": "N20", "instrument": "VIIRS", "confidence": "n", "version": "2.0NRT", "brightness_bg": 297.09, "frp": 3.75, "daynight": "D", "source_left": "VIIRS_NOAA20_NRT", "cross_source_count": 1, "state": "Punjab", "zone_type": "none", "source_right": "curated_research", "osm_id": "", "nearest_zone_dist_m": 100617.68992188229, "is_industrial": false, "facility_type": "none", "zone_name": "Amritsar Industrial Zone", "temperature": 28.5, "humidity": 80, "wind_speed": 6.5, "wind_direction": 93, "aqi": 84, "persistence": 0.0, "ai_classification": "Natural Anomaly", "ai_confidence": 100.0, "spread_speed_kmh": 0.59, "risk_level": "Moderate (Spreading)", "mitigation_strategy": "Monitor" }, "geometry": { "type": "Polygon", "coordinates": [ [ [ 73.717089268296846, 31.802985703387936 ], [ 73.717179388913735, 31.803253969868678 ], [ 73.717413523670345, 31.803507548906744 ], [ 73.717784558500554, 31.803738735631388 ], [ 73.718281219698795, 31.803940505550958 ], [ 73.718888416465916, 31.804106727988554 ], [ 73.719587699435365, 31.804232352359524 ], [ 73.720357821248001, 31.80431356163092 ], [ 73.721175382142221, 31.804347888300128 ], [ 73.722015540943985, 31.804334289368676 ], [ 73.722852769853219, 31.80427317803321 ], [ 73.72366163009319, 31.804166411130737 ], [ 73.724417544854802, 31.804017232719563 ], [ 73.725097546050549, 31.803830175510218 ], [ 73.725680972188172, 31.80361092314136 ], [ 73.726150096159714, 31.803366137485266 ], [ 73.726490663870706, 31.803103256230226 ], [ 73.726692327343557, 31.802830266890158 ], [ 73.726748959135719, 31.802555464108014 ], [ 73.72665883851883, 31.802287197627273 ], [ 73.72642470376222, 31.802033618589206 ], [ 73.726053668932011, 31.801802431864562 ], [ 73.725557007733769, 31.801600661944992 ], [ 73.724949810966649, 31.801434439507396 ], [ 73.724250527997199, 31.801308815136426 ], [ 73.723480406184564, 31.80122760586503 ], [ 73.722662845290344, 31.801193279195822 ], [ 73.721822686488579, 31.801206878127275 ], [ 73.720985457579346, 31.80126798946274 ], [ 73.720176597339375, 31.801374756365213 ], [ 73.719420682577763, 31.801523934776387 ], [ 73.718740681382016, 31.801710991985733 ], [ 73.718157255244392, 31.80193024435459 ], [ 73.717688131272851, 31.802175030010684 ], [ 73.717347563561859, 31.802437911265724 ], [ 73.717145900089008, 31.802710900605792 ], [ 73.717089268296846, 31.802985703387936 ] ] ] } },
{ "type": "Feature", "properties": { "latitude": 12.34985, "longitude": 79.22876, "brightness": 351.38, "scan": 0.43, "track": 0.46, "acq_date": "2026-08-31T00:00:00", "acq_time": 828, "satellite": "N20", "instrument": "VIIRS", "confidence": "n", "version": "2.0NRT", "brightness_bg": 306.01, "frp": 26.13, "daynight": "D", "source_left": "VIIRS_NOAA20_NRT", "cross_source_count": 1, "state": "Tamil Nadu", "zone_type": "none", "source_right": "curated_research", "osm_id": "", "nearest_zone_dist_m": 104248.76122484216, "is_industrial": false, "facility_type": "none", "zone_name": "Cauvery Delta Rice (TN)", "temperature": 24.7, "humidity": 89, "wind_speed": 5.2, "wind_direction": 174, "aqi": 24, "persistence": 0.0, "ai_classification": "Natural Anomaly", "ai_confidence": 100.0, "spread_speed_kmh": 2.09, "risk_level": "Moderate (Spreading)", "mitigation_strategy": "Monitor" }, "geometry": { "type": "Polygon", "coordinates": [ [ [ 79.226835105430013, 12.367740060150885 ], [ 79.22766567222061, 12.367663691056837 ], [ 79.228505407145192, 12.367269889207963 ], [ 79.229328795283024, 12.366570620074167 ], [ 79.230110818402196, 12.365587130594234 ], [ 79.23082771512594, 12.364349303598338 ], [ 79.231457702910092, 12.362894749833384 ], [ 79.231981639894599, 12.361267665179476 ], [ 79.232383606519321, 12.359517487780479 ], [ 79.232651389231762, 12.357697395891032 ], [ 79.232776851589719, 12.355862692082184 ], [ 79.232756181482941, 12.354069122900757 ], [ 79.232590006962141, 12.352371185038745 ], [ 79.232283377156065, 12.350820469478885 ], [ 79.231845608856204, 12.349464093928763 ], [ 79.231290003430814, 12.34834327117311 ], [ 79.2306334426696, 12.347492056844196 ], [ 79.229895875839077, 12.346936314658665 ], [ 79.22909971353414, 12.346692930561607 ], [ 79.228269146743543, 12.346769299655655 ], [ 79.22742941181896, 12.347163101504529 ], [ 79.226606023681128, 12.347862370638325 ], [ 79.225824000561957, 12.348845860118258 ], [ 79.225107103838212, 12.350083687114154 ], [ 79.224477116054061, 12.351538240879108 ], [ 79.223953179069554, 12.353165325533016 ], [ 79.223551212444832, 12.354915502932013 ], [ 79.22328342973239, 12.35673559482146 ], [ 79.223157967374433, 12.358570298630308 ], [ 79.223178637481212, 12.360363867811735 ], [ 79.223344812002011, 12.362061805673747 ], [ 79.223651441808087, 12.363612521233607 ], [ 79.224089210107948, 12.364968896783729 ], [ 79.224644815533338, 12.366089719539382 ], [ 79.225301376294553, 12.366940933868296 ], [ 79.226038943125076, 12.367496676053827 ], [ 79.226835105430013, 12.367740060150885 ] ] ] } },
{ "type": "Feature", "properties": { "latitude": 9.94658, "longitude": 77.72368, "brightness": 338.91, "scan": 0.49, "track": 0.4, "acq_date": "2026-08-31T00:00:00", "acq_time": 828, "satellite": "N20", "instrument": "VIIRS", "confidence": "n", "version": "2.0NRT", "brightness_bg": 304.69, "frp": 6.94, "daynight": "D", "source_left": "VIIRS_NOAA20_NRT", "cross_source_count": 1, "state": "Kerala", "zone_type": "none", "source_right": "curated_research", "osm_id": "", "nearest_zone_dist_m": 20890.733497231176, "is_industrial": false, "facility_type": "none", "zone_name": "Kerala Western Ghats Forests", "temperature": 26.6, "humidity": 68, "wind_speed": 14.4, "wind_direction": 266, "aqi": 17, "persistence": 0.0, "ai_classification": "Agricultural Burn", "ai_confidence": 100.0, "spread_speed_kmh": 1.22, "risk_level": "Low (Agricultural Hazard)", "mitigation_strategy": "Issue Local Admin Warning" }, "geometry": { "type": "Polygon", "coordinates": [ [ [ 77.738615700224983, 9.947608706887983 ], [ 77.73850541726155, 9.947272842117306 ], [ 77.738131535816166, 9.946928796111118 ], [ 77.737505416087359, 9.946587022533222 ], [ 77.736646082406267, 9.946257906000836 ], [ 77.735579645191933, 9.945951446553256 ], [ 77.73433850759946, 9.94567695580572 ], [ 77.732960380966574, 9.945442774020693 ], [ 77.731487138973634, 9.945256016693211 ], [ 77.729963545333106, 9.945122358350167 ], [ 77.728435893666784, 9.94504586013268 ], [ 77.72695060089751, 9.945028846400376 ], [ 77.72555279689449, 9.945071834106907 ], [ 77.724284953225037, 9.945173517092556 ], [ 77.723185592677481, 9.945330805771263 ], [ 77.722288118765761, 9.945538921006115 ], [ 77.72161980078053, 9.945791539321014 ], [ 77.721200945225604, 9.946080985036293 ], [ 77.721044278815043, 9.946398463490357 ], [ 77.721154561778476, 9.946734328261035 ], [ 77.72152844322386, 9.947078374267223 ], [ 77.722154562952667, 9.947420147845119 ], [ 77.723013896633759, 9.947749264377505 ], [ 77.724080333848093, 9.948055723825085 ], [ 77.725321471440566, 9.948330214572621 ], [ 77.726699598073452, 9.948564396357648 ], [ 77.728172840066392, 9.94875115368513 ], [ 77.72969643370692, 9.948884812028174 ], [ 77.731224085373242, 9.948961310245661 ], [ 77.732709378142516, 9.948978323977965 ], [ 77.734107182145536, 9.948935336271434 ], [ 77.735375025814989, 9.948833653285785 ], [ 77.736474386362545, 9.948676364607078 ], [ 77.737371860274266, 9.948468249372226 ], [ 77.738040178259496, 9.948215631057327 ], [ 77.738459033814422, 9.947926185342048 ], [ 77.738615700224983, 9.947608706887983 ] ] ] } },
{ "type": "Feature", "properties": { "latitude": 10.04175, "longitude": 77.58042, "brightness": 339.12, "scan": 0.48, "track": 0.4, "acq_date": "2026-08-31T00:00:00", "acq_time": 828, "satellite": "N20", "instrument": "VIIRS", "confidence": "n", "version": "2.0NRT", "brightness_bg": 304.56, "frp": 29.4, "daynight": "D", "source_left": "VIIRS_NOAA20_NRT", "cross_source_count": 1, "state": "Kerala", "zone_type": "none", "source_right": "curated_research", "osm_id": "", "nearest_zone_dist_m": 8958.235242987701, "is_industrial": false, "facility_type": "none", "zone_name": "Kerala Western Ghats Forests", "temperature": 26.7, "humidity": 67, "wind_speed": 13.0, "wind_direction": 211, "aqi": 17, "persistence": 0.0, "ai_classification": "Wildfire", "ai_confidence": 100.0, "spread_speed_kmh": 3.36, "risk_level": "Critical (Spreading)", "mitigation_strategy": "Establish Firebreak" }, "geometry": { "type": "Polygon", "coordinates": [ [ [ 77.593870164758656, 10.063791555192738 ], [ 77.59428797554412, 10.063276269694686 ], [ 77.594452690670593, 10.062382687061646 ], [ 77.594359305352313, 10.06113795834975 ], [ 77.594010657054923, 10.059579904011047 ], [ 77.593417339280506, 10.057755864738203 ], [ 77.592597379689423, 10.055721263041514 ], [ 77.591575692338907, 10.053537919263979 ], [ 77.590383320682122, 10.05127217320145 ], [ 77.589056494328489, 10.048992868401516 ], [ 77.587635528225334, 10.046769260387139 ], [ 77.586163597708691, 10.044668912362637 ], [ 77.584685426642451, 10.042755642339904 ], [ 77.583245928506486, 10.041087584060421 ], [ 77.581888841723213, 10.039715420630932 ], [ 77.58065540068786, 10.038680844542894 ], [ 77.579583082882095, 10.03801529086722 ], [ 77.578704470139868, 10.037738982115561 ], [ 77.578046258664713, 10.037860313789517 ], [ 77.577628447879249, 10.038375599287569 ], [ 77.577463732752776, 10.039269181920609 ], [ 77.577557118071056, 10.040513910632505 ], [ 77.577905766368445, 10.042071964971209 ], [ 77.578499084142862, 10.043896004244052 ], [ 77.579319043733946, 10.045930605940741 ], [ 77.580340731084462, 10.048113949718276 ], [ 77.581533102741247, 10.050379695780805 ], [ 77.58285992909488, 10.052659000580739 ], [ 77.584280895198035, 10.054882608595117 ], [ 77.585752825714678, 10.056982956619619 ], [ 77.587230996780917, 10.058896226642352 ], [ 77.588670494916883, 10.060564284921835 ], [ 77.590027581700156, 10.061936448351323 ], [ 77.591261022735509, 10.062971024439362 ], [ 77.592333340541273, 10.063636578115036 ], [ 77.5932119532835, 10.063912886866694 ], [ 77.593870164758656, 10.063791555192738 ] ] ] } },
{ "type": "Feature", "properties": { "latitude": 10.27317, "longitude": 78.84991, "brightness": 337.68, "scan": 0.38, "track": 0.43, "acq_date": "2026-08-31T00:00:00", "acq_time": 828, "satellite": "N20", "instrument": "VIIRS", "confidence": "n", "version": "2.0NRT", "brightness_bg": 288.04, "frp": 3.9, "daynight": "D", "source_left": "VIIRS_NOAA20_NRT", "cross_source_count": 1, "state": "Tamil Nadu", "zone_type": "none", "source_right": "curated_research", "osm_id": "", "nearest_zone_dist_m": 21923.265314671586, "is_industrial": false, "facility_type": "none", "zone_name": "Cauvery Delta Rice (TN)", "temperature": 27.7, "humidity": 71, "wind_speed": 0.8, "wind_direction": 27, "aqi": 23, "persistence": 0.0, "ai_classification": "Natural Anomaly", "ai_confidence": 100.0, "spread_speed_kmh": 0.31, "risk_level": "Moderate (Spreading)", "mitigation_strategy": "Monitor" }, "geometry": { "type": "Polygon", "coordinates": [ [ [ 78.848143432177167, 10.269758488533514 ], [ 78.847875900784942, 10.269931020266734 ], [ 78.847648072417016, 10.270159284445603 ], [ 78.84746686952306, 10.270436345378558 ], [ 78.847337797861329, 10.270753784709346 ], [ 78.847264779208956, 10.271101957204536 ], [ 78.847250032200719, 10.271470283819044 ], [ 78.847294004917018, 10.271847573135069 ], [ 78.847395361269122, 10.272222361407666 ], [ 78.84755102159555, 10.27258326088482 ], [ 78.847756256236053, 10.272919305818542 ], [ 78.84800482923994, 10.27322028565357 ], [ 78.848289187842283, 10.273477055269918 ], [ 78.848600691950807, 10.273681812852725 ], [ 78.848929876670837, 10.273828336946451 ], [ 78.84926673989122, 10.273912175490651 ], [ 78.849601046193456, 10.273930781093584 ], [ 78.84992263784973, 10.273883588433423 ], [ 78.850221743460295, 10.273772031435263 ], [ 78.850489274852521, 10.273599499702042 ], [ 78.850717103220447, 10.273371235523173 ], [ 78.850898306114402, 10.273094174590218 ], [ 78.851027377776134, 10.272776735259431 ], [ 78.851100396428507, 10.27242856276424 ], [ 78.851115143436743, 10.272060236149732 ], [ 78.851071170720445, 10.271682946833707 ], [ 78.850969814368341, 10.27130815856111 ], [ 78.850814154041913, 10.270947259083956 ], [ 78.850608919401409, 10.270611214150234 ], [ 78.850360346397522, 10.270310234315206 ], [ 78.850075987795179, 10.270053464698858 ], [ 78.849764483686656, 10.269848707116051 ], [ 78.849435298966625, 10.269702183022325 ], [ 78.849098435746242, 10.269618344478125 ], [ 78.848764129444007, 10.269599738875192 ], [ 78.848442537787733, 10.269646931535354 ], [ 78.848143432177167, 10.269758488533514 ] ] ] } },
{ "type": "Feature", "properties": { "latitude": 10.28726, "longitude": 77.86376, "brightness": 336.28, "scan": 0.5, "track": 0.41, "acq_date": "2026-08-31T00:00:00", "acq_time": 828, "satellite": "N20", "instrument": "VIIRS", "confidence": "n", "version": "2.0NRT", "brightness_bg": 282.82, "frp": 4.79, "daynight": "D", "source_left": "VIIRS_NOAA20_NRT", "cross_source_count": 1, "state": "Kerala", "zone_type": "none", "source_right": "curated_research", "osm_id": "", "nearest_zone_dist_m": 48951.794924881047, "is_industrial": false, "facility_type": "none", "zone_name": "Kerala Western Ghats Forests", "temperature": 26.6, "humidity": 71, "wind_speed": 2.4, "wind_direction": 167, "aqi": 19, "persistence": 0.0, "ai_classification": "Natural Anomaly", "ai_confidence": 100.0, "spread_speed_kmh": 0.46, "risk_level": "Moderate (Spreading)", "mitigation_strategy": "Monitor" }, "geometry": { "type": "Polygon", "coordinates": [ [ [ 77.862752794960528, 10.291552539040813 ], [ 77.863040315813109, 10.291577445623503 ], [ 77.863337102540669, 10.291524873887209 ], [ 77.86363413742869, 10.291396421197531 ], [ 77.863922395222389, 10.29119599052445 ], [ 77.864193117354574, 10.290929671852542 ], [ 77.864438078070251, 10.290605557139889 ], [ 77.864649834362027, 10.290233494448026 ], [ 77.864821952122142, 10.289824788713574 ], [ 77.864949201639547, 10.289391858253456 ], [ 77.865027716502041, 10.288947857440631 ], [ 77.865055111075264, 10.288506277015122 ], [ 77.865030552988955, 10.288080534174705 ], [ 77.864954788428165, 10.287683564900153 ], [ 77.864830119460706, 10.287327430901994 ], [ 77.864660334090104, 10.287022953131554 ], [ 77.864450591158885, 10.28677938299181 ], [ 77.864207263599923, 10.286604121238209 ], [ 77.863937744797937, 10.286502493110445 ], [ 77.863650223945356, 10.286477586527756 ], [ 77.863353437217796, 10.28653015826405 ], [ 77.863056402329775, 10.286658610953728 ], [ 77.862768144536076, 10.286859041626808 ], [ 77.862497422403891, 10.287125360298717 ], [ 77.862252461688215, 10.287449475011369 ], [ 77.862040705396439, 10.287821537703232 ], [ 77.861868587636323, 10.288230243437685 ], [ 77.861741338118918, 10.288663173897802 ], [ 77.861662823256424, 10.289107174710628 ], [ 77.861635428683201, 10.289548755136137 ], [ 77.86165998676951, 10.289974497976553 ], [ 77.861735751330301, 10.290371467251106 ], [ 77.861860420297759, 10.290727601249264 ], [ 77.862030205668361, 10.291032079019704 ], [ 77.86223994859958, 10.291275649159449 ], [ 77.862483276158542, 10.291450910913049 ], [ 77.862752794960528, 10.291552539040813 ] ] ] } },
{ "type": "Feature", "properties": { "latitude": 10.73763, "longitude": 78.73309, "brightness": 335.81, "scan": 0.57, "track": 0.43, "acq_date": "2026-08-31T00:00:00", "acq_time": 828, "satellite": "N20", "instrument": "VIIRS", "confidence": "n", "version": "2.0NRT", "brightness_bg": 298.79, "frp": 3.35, "daynight": "D", "source_left": "VIIRS_NOAA20_NRT", "cross_source_count": 1, "state": "Tamil Nadu", "zone_type": "none", "source_right": "curated_research", "osm_id": "", "nearest_zone_dist_m": 13991.223467337153, "is_industrial": false, "facility_type": "none", "zone_name": "Cauvery Delta Rice (TN)", "temperature": 28.4, "humidity": 65, "wind_speed": 7.9, "wind_direction": 266, "aqi": 18, "persistence": 0.0, "ai_classification": "Natural Anomaly", "ai_confidence": 100.0, "spread_speed_kmh": 0.63, "risk_level": "Moderate (Spreading)", "mitigation_strategy": "Monitor" }, "geometry": { "type": "Polygon", "coordinates": [ [ [ 78.741055636172419, 10.738177258389623 ], [ 78.741003575197595, 10.737903658240928 ], [ 78.740810724364081, 10.737628590018279 ], [ 78.740482943346848, 10.737360411530428 ], [ 78.740030191606266, 10.737107271245025 ], [ 78.739466225774848, 10.736876860701544 ], [ 78.738808181669, 10.736676180807757 ], [ 78.738076053625917, 10.73651132912069 ], [ 78.73729208698569, 10.736387314575433 ], [ 78.736480102177978, 10.73630790529119 ], [ 78.735664770950294, 10.736275514078878 ], [ 78.734870866729395, 10.736291125129096 ], [ 78.734122511893304, 10.73635426410798 ], [ 78.733442444825045, 10.736463012569606 ], [ 78.732851329018331, 10.736614066246998 ], [ 78.732367125227853, 10.736802835450606 ], [ 78.73200454574075, 10.737023584523699 ], [ 78.731774607351269, 10.737269606117396 ], [ 78.731684296621026, 10.737533424990065 ], [ 78.73173635759585, 10.737807025138761 ], [ 78.731929208429364, 10.73808209336141 ], [ 78.732256989446597, 10.73835027184926 ], [ 78.732709741187179, 10.738603412134664 ], [ 78.733273707018597, 10.738833822678144 ], [ 78.733931751124445, 10.739034502571931 ], [ 78.734663879167528, 10.739199354258998 ], [ 78.735447845807755, 10.739323368804255 ], [ 78.736259830615467, 10.739402778088499 ], [ 78.737075161843151, 10.73943516930081 ], [ 78.73786906606405, 10.739419558250592 ], [ 78.738617420900141, 10.739356419271708 ], [ 78.7392974879684, 10.739247670810082 ], [ 78.739888603775114, 10.73909661713269 ], [ 78.740372807565592, 10.738907847929083 ], [ 78.740735387052695, 10.738687098855989 ], [ 78.740965325442176, 10.738441077262292 ], [ 78.741055636172419, 10.738177258389623 ] ] ] } },
{ "type": "Feature", "properties": { "latitude": 11.19128, "longitude": 76.92039, "brightness": 332.0, "scan": 0.46, "track": 0.39, "acq_date": "2026-08-31T00:00:00", "acq_time": 828, "satellite": "N20", "instrument": "VIIRS", "confidence": "n", "version": "2.0NRT", "brightness_bg": 296.2, "frp": 2.29, "daynight": "D", "source_left": "VIIRS_NOAA20_NRT", "cross_source_count": 1, "state": "Tamil Nadu", "zone_type": "forest", "source_right": "curated_research", "osm_id": "", "nearest_zone_dist_m": 0.0, "is_industrial": false, "facility_type": "forest", "zone_name": "Nilgiris Biosphere Reserve", "temperature": 24.7, "humidity": 80, "wind_speed": 9.7, "wind_direction": 207, "aqi": 16, "persistence": 0.0, "ai_classification": "Wildfire", "ai_confidence": 100.0, "spread_speed_kmh": 1.13, "risk_level": "Moderate (Spreading)", "mitigation_strategy": "Establish Firebreak" }, "geometry": { "type": "Polygon", "coordinates": [ [ [ 76.924395686944351, 11.198992062821141 ], [ 76.924594352227544, 11.198805951292309 ], [ 76.924715386272254, 11.198487655182028 ], [ 76.924755111520284, 11.198046845756542 ], [ 76.92471232094006, 11.197496916787186 ], [ 76.924588314701722, 11.196854577587416 ], [ 76.924386860672058, 11.196139345308778 ], [ 76.924114079929822, 11.195372951922133 ], [ 76.923778260779841, 11.194578683902719 ], [ 76.923389606917056, 11.19378067468239 ], [ 76.922959927392412, 11.193003171367492 ], [ 76.922502277800831, 11.192269798002812 ], [ 76.92203056359358, 11.191602837766931 ], [ 76.921559117568151, 11.191022555909118 ], [ 76.921102264373459, 11.190546583999987 ], [ 76.920673885262644, 11.190189384205143 ], [ 76.920286996318225, 11.1899618098596 ], [ 76.919953352964981, 11.18987077569469 ], [ 76.919683092787395, 11.189919047737447 ], [ 76.919484427504202, 11.190105159266279 ], [ 76.919363393459491, 11.19042345537656 ], [ 76.919323668211462, 11.190864264802046 ], [ 76.919366458791686, 11.191414193771402 ], [ 76.919490465030023, 11.192056532971172 ], [ 76.919691919059687, 11.192771765249811 ], [ 76.919964699801923, 11.193538158636455 ], [ 76.920300518951905, 11.194332426655869 ], [ 76.92068917281469, 11.195130435876198 ], [ 76.921118852339333, 11.195907939191097 ], [ 76.921576501930915, 11.196641312555776 ], [ 76.922048216138165, 11.197308272791657 ], [ 76.922519662163594, 11.19788855464947 ], [ 76.922976515358286, 11.198364526558601 ], [ 76.923404894469101, 11.198721726353446 ], [ 76.92379178341352, 11.198949300698988 ], [ 76.924125426766764, 11.199040334863898 ], [ 76.924395686944351, 11.198992062821141 ] ] ] } },
{ "type": "Feature", "properties": { "latitude": 11.45847, "longitude": 79.20508, "brightness": 331.29, "scan": 0.42, "track": 0.45, "acq_date": "2026-08-31T00:00:00", "acq_time": 828, "satellite": "N20", "instrument": "VIIRS", "confidence": "n", "version": "2.0NRT", "brightness_bg": 298.72, "frp": 4.75, "daynight": "D", "source_left": "VIIRS_NOAA20_NRT", "cross_source_count": 1, "state": "Tamil Nadu", "zone_type": "none", "source_right": "curated_research", "osm_id": "", "nearest_zone_dist_m": 9879.8427248303487, "is_industrial": false, "facility_type": "none", "zone_name": "Cauvery Delta Rice (TN)", "temperature": 26.8, "humidity": 83, "wind_speed": 3.1, "wind_direction": 140, "aqi": 45, "persistence": 0.0, "ai_classification": "Natural Anomaly", "ai_confidence": 100.0, "spread_speed_kmh": 0.49, "risk_level": "Moderate (Spreading)", "mitigation_strategy": "Monitor" }, "geometry": { "type": "Polygon", "coordinates": [ [ [ 79.201853130922174, 11.462238973166652 ], [ 79.202103273542846, 11.462387286330666 ], [ 79.202403490415833, 11.462463729343373 ], [ 79.20274465960334, 11.462465979522513 ], [ 79.203116414852261, 11.462393968497533 ], [ 79.203507460567465, 11.462249884286988 ], [ 79.203905915022787, 11.462038104816704 ], [ 79.204299671381222, 11.461765064898721 ], [ 79.204676765555064, 11.461439060712781 ], [ 79.205025739728669, 11.461069997731109 ], [ 79.205335990498355, 11.460669089745647 ], [ 79.205598091051471, 11.460248518142663 ], [ 79.20580407759536, 11.459821061777497 ], [ 79.205947691333122, 11.4593997086955 ], [ 79.206024568633978, 11.458997261496853 ], [ 79.206032373620076, 11.45862594833604 ], [ 79.205970869140842, 11.458297051375556 ], [ 79.205841923978753, 11.458020563983119 ], [ 79.20564945606732, 11.457804887088237 ], [ 79.205399313446648, 11.457656573924224 ], [ 79.205099096573662, 11.457580130911516 ], [ 79.204757927386154, 11.457577880732376 ], [ 79.204386172137234, 11.457649891757356 ], [ 79.203995126422029, 11.457793975967901 ], [ 79.203596671966707, 11.458005755438185 ], [ 79.203202915608273, 11.458278795356168 ], [ 79.202825821434431, 11.458604799542108 ], [ 79.202476847260826, 11.458973862523781 ], [ 79.202166596491139, 11.459374770509243 ], [ 79.201904495938024, 11.459795342112226 ], [ 79.201698509394134, 11.460222798477393 ], [ 79.201554895656372, 11.460644151559389 ], [ 79.201478018355516, 11.461046598758037 ], [ 79.201470213369419, 11.461417911918849 ], [ 79.201531717848653, 11.461746808879333 ], [ 79.201660663010742, 11.46202329627177 ], [ 79.201853130922174, 11.462238973166652 ] ] ] } },
{ "type": "Feature", "properties": { "latitude": 11.47324, "longitude": 77.20173, "brightness": 333.62, "scan": 0.48, "track": 0.4, "acq_date": "2026-08-31T00:00:00", "acq_time": 828, "satellite": "N20", "instrument": "VIIRS", "confidence": "n", "version": "2.0NRT", "brightness_bg": 295.28, "frp": 3.2, "daynight": "D", "source_left": "VIIRS_NOAA20_NRT", "cross_source_count": 1, "state": "Tamil Nadu", "zone_type": "none", "source_right": "curated_research", "osm_id": "", "nearest_zone_dist_m": 22704.143309730654, "is_industrial": false, "facility_type": "none", "zone_name": "Nilgiris Biosphere Reserve", "temperature": 28.3, "humidity": 58, "wind_speed": 3.6, "wind_direction": 279, "aqi": 23, "persistence": 0.0, "ai_classification": "Agricultural Burn", "ai_confidence": 100.0, "spread_speed_kmh": 0.32, "risk_level": "Low (Agricultural Hazard)", "mitigation_strategy": "Issue Local Admin Warning" }, "geometry": { "type": "Polygon", "coordinates": [ [ [ 77.206237072408953, 11.472540413797786 ], [ 77.206158417137104, 11.472309202469255 ], [ 77.206001595850054, 11.472097520246265 ], [ 77.205771373483245, 11.471911798986046 ], [ 77.205474745226809, 11.471757681735108 ], [ 77.205120723980215, 11.471639851268133 ], [ 77.204720066499902, 11.471561887804238 ], [ 77.204284946560648, 11.471526160223821 ], [ 77.203828585061657, 11.471533754091331 ], [ 77.203364848316113, 11.47158443867095 ], [ 77.202907826730382, 11.471676673937374 ], [ 77.202471406674078, 11.471807657368704 ], [ 77.202068848549786, 11.471973409099659 ], [ 77.201712383882395, 11.472168892847771 ], [ 77.201412843670454, 11.472388168938272 ], [ 77.201179329291719, 11.472624574778111 ], [ 77.201018935962423, 11.472870927295473 ], [ 77.200936537152714, 11.473119741193775 ], [ 77.200934636508748, 11.473363456388627 ], [ 77.201013291780598, 11.473594667717158 ], [ 77.201170113067647, 11.473806349940148 ], [ 77.201400335434457, 11.473992071200367 ], [ 77.201696963690893, 11.474146188451305 ], [ 77.202050984937486, 11.47426401891828 ], [ 77.202451642417799, 11.474341982382175 ], [ 77.202886762357053, 11.474377709962592 ], [ 77.203343123856044, 11.474370116095082 ], [ 77.203806860601588, 11.474319431515463 ], [ 77.20426388218732, 11.474227196249039 ], [ 77.204700302243623, 11.47409621281771 ], [ 77.205102860367916, 11.473930461086754 ], [ 77.205459325035307, 11.473734977338642 ], [ 77.205758865247248, 11.473515701248141 ], [ 77.205992379625982, 11.473279295408302 ], [ 77.206152772955278, 11.47303294289094 ], [ 77.206235171764988, 11.472784128992638 ], [ 77.206237072408953, 11.472540413797786 ] ] ] } },
{ "type": "Feature", "properties": { "latitude": 11.70993, "longitude": 79.0149, "brightness": 333.03, "scan": 0.41, "track": 0.45, "acq_date": "2026-08-31T00:00:00", "acq_time": 828, "satellite": "N20", "instrument": "VIIRS", "confidence": "n", "version": "2.0NRT", "brightness_bg": 300.21, "frp": 1.34, "daynight": "D", "source_left": "VIIRS_NOAA20_NRT", "cross_source_count": 1, "state": "Tamil Nadu", "zone_type": "none", "source_right": "curated_research", "osm_id": "", "nearest_zone_dist_m": 43909.545540313404, "is_industrial": false, "facility_type": "none", "zone_name": "Cauvery Delta Rice (TN)", "temperature": 25.4, "humidity": 90, "wind_speed": 4.9, "wind_direction": 144, "aqi": 45, "persistence": 0.0, "ai_classification": "Agricultural Burn", "ai_confidence": 100.0, "spread_speed_kmh": 0.41, "risk_level": "Low (Agricultural Hazard)", "mitigation_strategy": "Issue Local Admin Warning" }, "geometry": { "type": "Polygon", "coordinates": [ [ [ 79.012216422316087, 11.71354674327134 ], [ 79.012409973053977, 11.713635055905927 ], [ 79.012645607162909, 11.713656042315131 ], [ 79.012916165019718, 11.713609064837527 ], [ 79.01321342586084, 11.713495550860001 ], [ 79.013528357566031, 11.713318949447318 ], [ 79.013851391094803, 11.713084626544038 ], [ 79.014172711236839, 11.712799701933006 ], [ 79.014482554842232, 11.712472832904348 ], [ 79.014771507469789, 11.712113951208096 ], [ 79.015030789440175, 11.711733961282986 ], [ 79.015252522601898, 11.711344408930611 ], [ 79.015429969705053, 11.710957130502075 ], [ 79.015557739109198, 11.710583893256455 ], [ 79.015631948605659, 11.710236037818593 ], [ 79.015650343376407, 11.709924133599943 ], [ 79.015612364505671, 11.709657657652361 ], [ 79.015519165962203, 11.709444706712668 ], [ 79.015373579536586, 11.709291751187411 ], [ 79.015180028798696, 11.709203438552825 ], [ 79.014944394689763, 11.709182452143621 ], [ 79.014673836832955, 11.709229429621224 ], [ 79.014376575991832, 11.709342943598751 ], [ 79.014061644286642, 11.709519545011434 ], [ 79.013738610757869, 11.709753867914714 ], [ 79.013417290615834, 11.710038792525745 ], [ 79.013107447010441, 11.710365661554404 ], [ 79.012818494382884, 11.710724543250656 ], [ 79.012559212412498, 11.711104533175765 ], [ 79.012337479250775, 11.711494085528141 ], [ 79.012160032147619, 11.711881363956676 ], [ 79.012032262743475, 11.712254601202297 ], [ 79.011958053247014, 11.712602456640159 ], [ 79.011939658476265, 11.712914360858809 ], [ 79.011977637347002, 11.713180836806391 ], [ 79.012070835890469, 11.713393787746083 ], [ 79.012216422316087, 11.71354674327134 ] ] ] } },
{ "type": "Feature", "properties": { "latitude": 11.88784, "longitude": 77.23312, "brightness": 339.3, "scan": 0.49, "track": 0.4, "acq_date": "2026-08-31T00:00:00", "acq_time": 828, "satellite": "N20", "instrument": "VIIRS", "confidence": "n", "version": "2.0NRT", "brightness_bg": 295.55, "frp": 4.91, "daynight": "D", "source_left": "VIIRS_NOAA20_NRT", "cross_source_count": 1, "state": "Tamil Nadu", "zone_type": "none", "source_right": "curated_research", "osm_id": "", "nearest_zone_dist_m": 44732.752414005721, "is_industrial": false, "facility_type": "none", "zone_name": "Nilgiris Biosphere Reserve", "temperature": 19.2, "humidity": 96, "wind_speed": 10.4, "wind_direction": 271, "aqi": 17, "persistence": 0.0, "ai_classification": "Natural Anomaly", "ai_confidence": 100.0, "spread_speed_kmh": 0.86, "risk_level": "Moderate (Spreading)", "mitigation_strategy": "Monitor" }, "geometry": { "type": "Polygon", "coordinates": [ [ [ 77.243946483915224, 11.887655076030908 ], [ 77.243844369787823, 11.887356127539189 ], [ 77.243551854112752, 11.88706956763507 ], [ 77.243077824830763, 11.886804103296233 ], [ 77.242436685081728, 11.886567800522283 ], [ 77.241647915572472, 11.886367839253429 ], [ 77.240735482665428, 11.886210295211642 ], [ 77.239727110172737, 11.886099955292909 ], [ 77.238653436982347, 11.886040172119827 ], [ 77.237547086110837, 11.886032762173858 ], [ 77.236441673469585, 11.886077950602463 ], [ 77.23537078646234, 11.886174364378101 ], [ 77.234366963448934, 11.88631907401699 ], [ 77.233460705083644, 11.886507682589977 ], [ 77.232679547568338, 11.886734459321014 ], [ 77.232047225978803, 11.886992513713883 ], [ 77.231582953086601, 11.887274004916437 ], [ 77.231300835588598, 11.887570379960929 ], [ 77.231209445482236, 11.887872633641605 ], [ 77.231311559609637, 11.888171582133324 ], [ 77.231604075284707, 11.888458142037443 ], [ 77.232078104566696, 11.88872360637628 ], [ 77.232719244315732, 11.88895990915023 ], [ 77.233508013824988, 11.889159870419084 ], [ 77.234420446732031, 11.889317414460871 ], [ 77.235428819224722, 11.889427754379604 ], [ 77.236502492415113, 11.889487537552686 ], [ 77.237608843286623, 11.889494947498655 ], [ 77.238714255927874, 11.88944975907005 ], [ 77.239785142935119, 11.889353345294412 ], [ 77.240788965948525, 11.889208635655523 ], [ 77.241695224313816, 11.889020027082536 ], [ 77.242476381829121, 11.888793250351499 ], [ 77.243108703418656, 11.88853519595863 ], [ 77.243572976310858, 11.888253704756076 ], [ 77.243855093808861, 11.887957329711584 ], [ 77.243946483915224, 11.887655076030908 ] ] ] } },
{ "type": "Feature", "properties": { "latitude": 10.84943, "longitude": 78.79076, "brightness": 335.91, "scan": 0.39, "track": 0.44, "acq_date": "2026-08-31T00:00:00", "acq_time": 828, "satellite": "N20", "instrument": "VIIRS", "confidence": "n", "version": "2.0NRT", "brightness_bg": 300.38, "frp": 3.38, "daynight": "D", "source_left": "VIIRS_NOAA20_NRT", "cross_source_count": 1, "state": "Tamil Nadu", "zone_type": "none", "source_right": "curated_research", "osm_id": "", "nearest_zone_dist_m": 7615.2984718256967, "is_industrial": false, "facility_type": "none", "zone_name": "Cauvery Delta Rice (TN)", "temperature": 29.0, "humidity": 62, "wind_speed": 12.8, "wind_direction": 254, "aqi": 18, "persistence": 0.0, "ai_classification": "Agricultural Burn", "ai_confidence": 100.0, "spread_speed_kmh": 1.06, "risk_level": "Low (Agricultural Hazard)", "mitigation_strategy": "Issue Local Admin Warning" }, "geometry": { "type": "Polygon", "coordinates": [ [ [ 78.80212692239472, 10.852631142988804 ], [ 78.802104610990128, 10.852331028839378 ], [ 78.80187981349917, 10.851982818736015 ], [ 78.801459360279836, 10.851597092866498 ], [ 78.800856026590438, 10.851185571316188 ], [ 78.800088144419831, 10.850760757959153 ], [ 78.799179045479207, 10.850335560534276 ], [ 78.798156352279847, 10.849922898450156 ], [ 78.797051138837091, 10.8495353102354 ], [ 78.795896986502157, 10.849184572561782 ], [ 78.7947289636097, 10.848881342416037 ], [ 78.793582559944255, 10.848634833292701 ], [ 78.792492608401091, 10.848452535246745 ], [ 78.791492226606309, 10.848339987312048 ], [ 78.790611810654525, 10.848300609200656 ], [ 78.789878111538926, 10.848335597396556 ], [ 78.789313422335866, 10.848443888801121 ], [ 78.788934900841014, 10.848622193034821 ], [ 78.788754048238488, 10.848865092413741 ], [ 78.78877635964308, 10.849165206563166 ], [ 78.789001157134038, 10.849513416666529 ], [ 78.789421610353372, 10.849899142536046 ], [ 78.79002494404277, 10.850310664086356 ], [ 78.790792826213377, 10.850735477443392 ], [ 78.791701925154001, 10.851160674868268 ], [ 78.792724618353361, 10.851573336952388 ], [ 78.793829831796117, 10.851960925167145 ], [ 78.794983984131051, 10.852311662840762 ], [ 78.796152007023508, 10.852614892986507 ], [ 78.797298410688953, 10.852861402109843 ], [ 78.798388362232117, 10.8530437001558 ], [ 78.799388744026899, 10.853156248090496 ], [ 78.800269159978683, 10.853195626201888 ], [ 78.801002859094282, 10.853160638005988 ], [ 78.801567548297342, 10.853052346601423 ], [ 78.801946069792194, 10.852874042367723 ], [ 78.80212692239472, 10.852631142988804 ] ] ] } },
{ "type": "Feature", "properties": { "latitude": 8.63244, "longitude": 80.7268, "brightness": 333.84, "scan": 0.48, "track": 0.48, "acq_date": "2026-08-31T00:00:00", "acq_time": 828, "satellite": "N20", "instrument": "VIIRS", "confidence": "n", "version": "2.0NRT", "brightness_bg": 301.88, "frp": 3.03, "daynight": "D", "source_left": "VIIRS_NOAA20_NRT", "cross_source_count": 1, "state": "Tamil Nadu", "zone_type": "none", "source_right": "curated_research", "osm_id": "", "nearest_zone_dist_m": 205034.33268356117, "is_industrial": false, "facility_type": "none", "zone_name": "Cauvery Delta Rice (TN)", "temperature": 26.6, "humidity": 79, "wind_speed": 20.8, "wind_direction": 217, "aqi": 18, "persistence": 0.0, "ai_classification": "Natural Anomaly", "ai_confidence": 100.0, "spread_speed_kmh": 1.25, "risk_level": "Moderate (Spreading)", "mitigation_strategy": "Monitor" }, "geometry": { "type": "Polygon", "coordinates": [ [ [ 80.737484258839956, 8.64645774400624 ], [ 80.737630157957014, 8.646152642627561 ], [ 80.737580660565911, 8.645606269212646 ], [ 80.737337270619832, 8.644835225041225 ], [ 80.736907383399114, 8.643862937900282 ], [ 80.736304060809445, 8.642718950242594 ], [ 80.735545634502401, 8.641438021554253 ], [ 80.734655148877536, 8.64005907220527 ], [ 80.73365966088997, 8.638624000873838 ], [ 80.732589417938442, 8.637176411476176 ], [ 80.731476938813501, 8.63576028828362 ], [ 80.730356025630371, 8.634418659482781 ], [ 80.72926073676895, 8.633192289785876 ], [ 80.728224352027041, 8.632118441815573 ], [ 80.727278361430564, 8.631229743899056 ], [ 80.726451508425143, 8.630553198672814 ], [ 80.725768916520892, 8.6301093626212 ], [ 80.725251325927459, 8.629911721478051 ], [ 80.724914463373082, 8.629966280469487 ], [ 80.724768564256024, 8.630271381848166 ], [ 80.724818061647127, 8.630817755263081 ], [ 80.725061451593206, 8.631588799434502 ], [ 80.725491338813924, 8.632561086575445 ], [ 80.726094661403593, 8.633705074233132 ], [ 80.726853087710637, 8.634986002921474 ], [ 80.727743573335502, 8.636364952270457 ], [ 80.728739061323068, 8.637800023601889 ], [ 80.729809304274596, 8.639247612999551 ], [ 80.730921783399538, 8.640663736192106 ], [ 80.732042696582667, 8.642005364992945 ], [ 80.733137985444088, 8.64323173468985 ], [ 80.734174370185997, 8.644305582660154 ], [ 80.735120360782474, 8.645194280576671 ], [ 80.735947213787895, 8.645870825802913 ], [ 80.736629805692147, 8.646314661854527 ], [ 80.737147396285579, 8.646512302997676 ], [ 80.737484258839956, 8.64645774400624 ] ] ] } },
{ "type": "Feature", "properties": { "latitude": 8.24863, "longitude": 80.5135, "brightness": 334.47, "scan": 0.46, "track": 0.47, "acq_date": "2026-08-31T00:00:00", "acq_time": 828, "satellite": "N20", "instrument": "VIIRS", "confidence": "n", "version": "2.0NRT", "brightness_bg": 302.25, "frp": 3.91, "daynight": "D", "source_left": "VIIRS_NOAA20_NRT", "cross_source_count": 1, "state": "Tamil Nadu", "zone_type": "none", "source_right": "curated_research", "osm_id": "", "nearest_zone_dist_m": 233456.74857580216, "is_industrial": false, "facility_type": "none", "zone_name": "Cauvery Delta Rice (TN)", "temperature": 26.6, "humidity": 81, "wind_speed": 23.6, "wind_direction": 216, "aqi": 17, "persistence": 0.0, "ai_classification": "Natural Anomaly", "ai_confidence": 100.0, "spread_speed_kmh": 1.45, "risk_level": "Moderate (Spreading)", "mitigation_strategy": "Monitor" }, "geometry": { "type": "Polygon", "coordinates": [ [ [ 80.525478475179455, 8.264946232877231 ], [ 80.525652108773784, 8.264598607109066 ], [ 80.525606371037142, 8.263969919962454 ], [ 80.525342651687509, 8.263079273778212 ], [ 80.524868963703867, 8.26195373038996 ], [ 80.524199699855913, 8.260627488863996 ], [ 80.523355195386998, 8.259140846377976 ], [ 80.522361110138064, 8.257538973811563 ], [ 80.521247648886373, 8.255870543252099 ], [ 80.520048643588623, 8.254186249117865 ], [ 80.518800525414065, 8.252537267833839 ], [ 80.517541217801849, 8.250973702861909 ], [ 80.516308984176518, 8.249543062332547 ], [ 80.515141265333256, 8.248288815534297 ], [ 80.514073541818206, 8.247249072121445 ], [ 80.513138255870103, 8.246455424171454 ], [ 80.512363825679174, 8.245931986275682 ], [ 80.511773781914911, 8.245694662829717 ], [ 80.511386052758496, 8.245750664786373 ], [ 80.511212419164167, 8.246098290554537 ], [ 80.511258156900809, 8.246726977701149 ], [ 80.511521876250441, 8.247617623885391 ], [ 80.511995564234084, 8.248743167273643 ], [ 80.512664828082038, 8.250069408799607 ], [ 80.513509332550953, 8.251556051285627 ], [ 80.514503417799887, 8.25315792385204 ], [ 80.515616879051578, 8.254826354411504 ], [ 80.516815884349327, 8.256510648545738 ], [ 80.518064002523886, 8.258159629829764 ], [ 80.519323310136102, 8.259723194801694 ], [ 80.520555543761432, 8.261153835331056 ], [ 80.521723262604695, 8.262408082129307 ], [ 80.522790986119745, 8.263447825542158 ], [ 80.523726272067847, 8.264241473492149 ], [ 80.524500702258777, 8.264764911387921 ], [ 80.525090746023039, 8.265002234833887 ], [ 80.525478475179455, 8.264946232877231 ] ] ] } },
{ "type": "Feature", "properties": { "latitude": 8.33133, "longitude": 80.39417, "brightness": 332.61, "scan": 0.45, "track": 0.47, "acq_date": "2026-08-31T00:00:00", "acq_time": 828, "satellite": "N20", "instrument": "VIIRS", "confidence": "n", "version": "2.0NRT", "brightness_bg": 302.07, "frp": 2.1, "daynight": "D", "source_left": "VIIRS_NOAA20_NRT", "cross_source_count": 1, "state": "Tamil Nadu", "zone_type": "none", "source_right": "curated_research", "osm_id": "", "nearest_zone_dist_m": 220363.56694219893, "is_industrial": false, "facility_type": "none", "zone_name": "Cauvery Delta Rice (TN)", "temperature": 26.7, "humidity": 81, "wind_speed": 23.1, "wind_direction": 211, "aqi": 17, "persistence": 0.0, "ai_classification": "Wildfire", "ai_confidence": 100.0, "spread_speed_kmh": 2.46, "risk_level": "Moderate (Spreading)", "mitigation_strategy": "Establish Firebreak" }, "geometry": { "type": "Polygon", "coordinates": [ [ [ 80.403963825696977, 8.34745748692929 ], [ 80.404153794230169, 8.347148389675487 ], [ 80.404162942125311, 8.346560433873892 ], [ 80.403990991428245, 8.345711484264017 ], [ 80.403643166773904, 8.344627335750168 ], [ 80.403130036638387, 8.343340929636334 ], [ 80.402467192221195, 8.34189135272133 ], [ 80.401674773714561, 8.340322649666195 ], [ 80.400776858353794, 8.338682484719461 ], [ 80.399800728842791, 8.337020693463071 ], [ 80.398776044382771, 8.335387768583439 ], [ 80.397733939492568, 8.333833325676737 ], [ 80.396706078001898, 8.3324045957041 ], [ 80.395723690962072, 8.33114498990277 ], [ 80.394816627706163, 8.33009278075763 ], [ 80.394012448892212, 8.329279939111114 ], [ 80.393335589086547, 8.328731162745331 ], [ 80.39280661433186, 8.328463125952464 ], [ 80.392441597258383, 8.32848397289483 ], [ 80.392251628725191, 8.328793070148633 ], [ 80.392242480830049, 8.329381025950228 ], [ 80.392414431527115, 8.330229975560103 ], [ 80.392762256181456, 8.331314124073952 ], [ 80.393275386316972, 8.332600530187786 ], [ 80.393938230734165, 8.33405010710279 ], [ 80.394730649240799, 8.335618810157925 ], [ 80.395628564601566, 8.337258975104659 ], [ 80.396604694112568, 8.338920766361049 ], [ 80.397629378572589, 8.340553691240681 ], [ 80.398671483462792, 8.342108134147383 ], [ 80.399699344953461, 8.34353686412002 ], [ 80.400681731993288, 8.34479646992135 ], [ 80.401588795249197, 8.34584867906649 ], [ 80.402392974063147, 8.346661520713006 ], [ 80.403069833868813, 8.347210297078789 ], [ 80.403598808623499, 8.347478333871656 ], [ 80.403963825696977, 8.34745748692929 ] ] ] } },
{ "type": "Feature", "properties": { "latitude": 8.16829, "longitude": 80.5834, "brightness": 335.75, "scan": 0.46, "track": 0.47, "acq_date": "2026-08-31T00:00:00", "acq_time": 828, "satellite": "N20", "instrument": "VIIRS", "confidence": "n", "version": "2.0NRT", "brightness_bg": 300.42, "frp": 3.59, "daynight": "D", "source_left": "VIIRS_NOAA20_NRT", "cross_source_count": 1, "state": "Tamil Nadu", "zone_type": "none", "source_right": "curated_research", "osm_id": "", "nearest_zone_dist_m": 244547.60441141136, "is_industrial": false, "facility_type": "none", "zone_name": "Cauvery Delta Rice (TN)", "temperature": 26.2, "humidity": 83, "wind_speed": 23.7, "wind_direction": 218, "aqi": 15, "persistence": 0.0, "ai_classification": "Wildfire", "ai_confidence": 100.0, "spread_speed_kmh": 2.62, "risk_level": "Critical (Spreading)", "mitigation_strategy": "Establish Firebreak" }, "geometry": { "type": "Polygon", "coordinates": [ [ [ 80.595884962288977, 8.184107754055541 ], [ 80.596045439258816, 8.183756007048705 ], [ 80.59597789209289, 8.183132233312676 ], [ 80.595684373177647, 8.182255385896777 ], [ 80.595173800936806, 8.181152107366035 ], [ 80.594461688849549, 8.179855920280319 ], [ 80.593569674081294, 8.178406208628326 ], [ 80.59252486004938, 8.176847021165013 ], [ 80.591358992899487, 8.175225733012468 ], [ 80.590107496914996, 8.17359160619079 ], [ 80.588808398168112, 8.171994292816551 ], [ 80.587501169116891, 8.170482326448347 ], [ 80.586225529254548, 8.169101647419184 ], [ 80.585020238252795, 8.167894206962707 ], [ 80.583921918268828, 8.166896692546189 ], [ 80.58296394119958, 8.166139413140412 ], [ 80.582175414693538, 8.165645378296915 ], [ 80.581580297729573, 8.165429599014429 ], [ 80.581196672635485, 8.165498631637258 ], [ 80.581036195665646, 8.165850378644093 ], [ 80.581103742831573, 8.166474152380122 ], [ 80.581397261746815, 8.167350999796021 ], [ 80.581907833987657, 8.168454278326763 ], [ 80.582619946074914, 8.169750465412479 ], [ 80.583511960843168, 8.171200177064472 ], [ 80.584556774875082, 8.172759364527785 ], [ 80.585722642024976, 8.17438065268033 ], [ 80.586974138009467, 8.176014779502008 ], [ 80.588273236756351, 8.177612092876247 ], [ 80.589580465807572, 8.179124059244451 ], [ 80.590856105669914, 8.180504738273614 ], [ 80.592061396671667, 8.181712178730091 ], [ 80.593159716655634, 8.182709693146609 ], [ 80.594117693724883, 8.183466972552386 ], [ 80.594906220230925, 8.183961007395883 ], [ 80.595501337194889, 8.184176786678369 ], [ 80.595884962288977, 8.184107754055541 ] ] ] } },
{ "type": "Feature", "properties": { "latitude": 8.34278, "longitude": 80.16339, "brightness": 341.1, "scan": 0.44, "track": 0.46, "acq_date": "2026-08-31T00:00:00", "acq_time": 828, "satellite": "N20", "instrument": "VIIRS", "confidence": "n", "version": "2.0NRT", "brightness_bg": 303.38, "frp": 5.79, "daynight": "D", "source_left": "VIIRS_NOAA20_NRT", "cross_source_count": 1, "state": "Tamil Nadu", "zone_type": "none", "source_right": "curated_research", "osm_id": "", "nearest_zone_dist_m": 211575.21605632821, "is_industrial": false, "facility_type": "none", "zone_name": "Cauvery Delta Rice (TN)", "temperature": 27.0, "humidity": 80, "wind_speed": 22.5, "wind_direction": 207, "aqi": 20, "persistence": 0.0, "ai_classification": "Agricultural Burn", "ai_confidence": 100.0, "spread_speed_kmh": 1.86, "risk_level": "Low (Agricultural Hazard)", "mitigation_strategy": "Issue Local Admin Warning" }, "geometry": { "type": "Polygon", "coordinates": [ [ [ 80.172719996891431, 8.360897172793926 ], [ 80.172948355169055, 8.360578112244832 ], [ 80.173003016387639, 8.359944933761064 ], [ 80.172882319693727, 8.359016876150445 ], [ 80.172589932395269, 8.357822137973857 ], [ 80.172134738532407, 8.356397020746225 ], [ 80.171530568940284, 8.35478482593337 ], [ 80.170795781006262, 8.35303453925887 ], [ 80.16995270088988, 8.35119934229764 ], [ 80.16902694515386, 8.349334996580696 ], [ 80.168046642417792, 8.347498149309239 ], [ 80.167041578684248, 8.345744612158123 ], [ 80.166042292306187, 8.344127665466356 ], [ 80.165079146094541, 8.34269643934095 ], [ 80.164181404759574, 8.341494420863487 ], [ 80.163376345717481, 8.340558132757161 ], [ 80.162688430279857, 8.339916023662292 ], [ 80.16213856040919, 8.339587603738808 ], [ 80.161743443623237, 8.339582851859895 ], [ 80.161515085345613, 8.339901912408989 ], [ 80.161460424127029, 8.340535090892757 ], [ 80.161581120820941, 8.341463148503376 ], [ 80.161873508119399, 8.342657886679964 ], [ 80.162328701982261, 8.344083003907595 ], [ 80.162932871574384, 8.345695198720451 ], [ 80.163667659508405, 8.347445485394951 ], [ 80.164510739624788, 8.349280682356181 ], [ 80.165436495360808, 8.351145028073125 ], [ 80.166416798096876, 8.352981875344582 ], [ 80.16742186183042, 8.354735412495698 ], [ 80.168421148208481, 8.356352359187465 ], [ 80.169384294420126, 8.357783585312871 ], [ 80.170282035755093, 8.358985603790334 ], [ 80.171087094797187, 8.35992189189666 ], [ 80.171775010234811, 8.360564000991529 ], [ 80.172324880105478, 8.360892420915013 ], [ 80.172719996891431, 8.360897172793926 ] ] ] } },
{ "type": "Feature", "properties": { "latitude": 8.34843, "longitude": 80.29674, "brightness": 343.2, "scan": 0.44, "track": 0.46, "acq_date": "2026-08-31T00:00:00", "acq_time": 828, "satellite": "N20", "instrument": "VIIRS", "confidence": "n", "version": "2.0NRT", "brightness_bg": 303.86, "frp": 9.99, "daynight": "D", "source_left": "VIIRS_NOAA20_NRT", "cross_source_count": 1, "state": "Tamil Nadu", "zone_type": "none", "source_right": "curated_research", "osm_id": "", "nearest_zone_dist_m": 215072.43038458691, "is_industrial": false, "facility_type": "none", "zone_name": "Cauvery Delta Rice (TN)", "temperature": 26.9, "humidity": 80, "wind_speed": 23.9, "wind_direction": 210, "aqi": 17, "persistence": 0.0, "ai_classification": "Wildfire", "ai_confidence": 100.0, "spread_speed_kmh": 3.09, "risk_level": "Critical (Spreading)", "mitigation_strategy": "Establish Firebreak" }, "geometry": { "type": "Polygon", "coordinates": [ [ [ 80.308695235969481, 8.368917391332653 ], [ 80.308940922925657, 8.36853293277219 ], [ 80.308965464202856, 8.367793979897293 ], [ 80.308768114126792, 8.366722985417137 ], [ 80.30835486907965, 8.365352490957052 ], [ 80.307738285303088, 8.363724138297705 ], [ 80.306937097383155, 8.361887404110664 ], [ 80.305975649009369, 8.359898096634769 ], [ 80.304883153304047, 8.357816659971038 ], [ 80.303692805196363, 8.355706337519239 ], [ 80.302440772811238, 8.353631250359197 ], [ 80.301165098519121, 8.351654448964224 ], [ 80.299904543037869, 8.349835997444398 ], [ 80.298697407707905, 8.348231148528965 ], [ 80.297580370725385, 8.346888664740131 ], [ 80.296587372693764, 8.345849336768488 ], [ 80.295748585355781, 8.345144744068531 ], [ 80.295089494840227, 8.344796295332905 ], [ 80.294630127278907, 8.34481457800012 ], [ 80.29438444032273, 8.345199036560583 ], [ 80.294359899045531, 8.34593798943548 ], [ 80.294557249121596, 8.347008983915636 ], [ 80.294970494168737, 8.348379478375721 ], [ 80.295587077945299, 8.350007831035068 ], [ 80.296388265865232, 8.351844565222109 ], [ 80.297349714239019, 8.353833872698004 ], [ 80.298442209944341, 8.355915309361736 ], [ 80.299632558052025, 8.358025631813534 ], [ 80.30088459043715, 8.360100718973577 ], [ 80.302160264729267, 8.362077520368549 ], [ 80.303420820210519, 8.363895971888375 ], [ 80.304627955540482, 8.365500820803808 ], [ 80.305744992523003, 8.366843304592642 ], [ 80.306737990554623, 8.367882632564285 ], [ 80.307576777892606, 8.368587225264243 ], [ 80.308235868408161, 8.368935673999868 ], [ 80.308695235969481, 8.368917391332653 ] ] ] } },
{ "type": "Feature", "properties": { "latitude": 8.35112, "longitude": 80.22285, "brightness": 333.21, "scan": 0.44, "track": 0.46, "acq_date": "2026-08-31T00:00:00", "acq_time": 828, "satellite": "N20", "instrument": "VIIRS", "confidence": "n", "version": "2.0NRT", "brightness_bg": 302.22, "frp": 2.05, "daynight": "D", "source_left": "VIIRS_NOAA20_NRT", "cross_source_count": 1, "state": "Tamil Nadu", "zone_type": "none", "source_right": "curated_research", "osm_id": "", "nearest_zone_dist_m": 212398.5334767451, "is_industrial": false, "facility_type": "none", "zone_name": "Cauvery Delta Rice (TN)", "temperature": 27.0, "humidity": 80, "wind_speed": 22.5, "wind_direction": 207, "aqi": 17, "persistence": 0.0, "ai_classification": "Natural Anomaly", "ai_confidence": 100.0, "spread_speed_kmh": 1.27, "risk_level": "Moderate (Spreading)", "mitigation_strategy": "Monitor" }, "geometry": { "type": "Polygon", "coordinates": [ [ [ 80.231260273780322, 8.367450905390074 ], [ 80.231466121025605, 8.36716330269951 ], [ 80.231515393867326, 8.366592552614435 ], [ 80.23140659517513, 8.365755997087369 ], [ 80.231143030742217, 8.364679054434689 ], [ 80.23073270884052, 8.363394447013931 ], [ 80.230188096893386, 8.361941206971538 ], [ 80.229525742659249, 8.360363490270819 ], [ 80.228765771436329, 8.358709235035365 ], [ 80.227931274565677, 8.357028704973411 ], [ 80.227047607812437, 8.355372962140498 ], [ 80.226141620943736, 8.35379231544476 ], [ 80.225240841912154, 8.352334792036201 ], [ 80.224372640432719, 8.351044678026048 ], [ 80.223563396368078, 8.349961172875668 ], [ 80.222837698189622, 8.349117198340776 ], [ 80.222217595869282, 8.348538398160546 ], [ 80.221721930902291, 8.348242358885564 ], [ 80.221365763817829, 8.348238075519399 ], [ 80.221159916572546, 8.348525678209963 ], [ 80.221110643730825, 8.349096428295038 ], [ 80.22121944242302, 8.349932983822104 ], [ 80.221483006855934, 8.351009926474784 ], [ 80.221893328757631, 8.352294533895542 ], [ 80.222437940704765, 8.353747773937934 ], [ 80.223100294938902, 8.355325490638654 ], [ 80.223860266161822, 8.356979745874108 ], [ 80.224694763032474, 8.358660275936062 ], [ 80.225578429785713, 8.360316018768975 ], [ 80.226484416654415, 8.361896665464712 ], [ 80.227385195685997, 8.363354188873272 ], [ 80.228253397165432, 8.364644302883425 ], [ 80.229062641230072, 8.365727808033805 ], [ 80.229788339408529, 8.366571782568696 ], [ 80.230408441728869, 8.367150582748927 ], [ 80.23090410669586, 8.367446622023909 ], [ 80.231260273780322, 8.367450905390074 ] ] ] } },
{ "type": "Feature", "properties": { "latitude": 8.34184, "longitude": 77.54288, "brightness": 343.41, "scan": 0.46, "track": 0.39, "acq_date": "2026-08-31T00:00:00", "acq_time": 828, "satellite": "N20", "instrument": "VIIRS", "confidence": "n", "version": "2.0NRT", "brightness_bg": 302.56, "frp": 8.3, "daynight": "D", "source_left": "VIIRS_NOAA20_NRT", "cross_source_count": 1, "state": "Kerala", "zone_type": "none", "source_right": "curated_research", "osm_id": "", "nearest_zone_dist_m": 41126.800418818129, "is_industrial": false, "facility_type": "none", "zone_name": "Pepper Plantation (Kerala)", "temperature": 26.4, "humidity": 75, "wind_speed": 10.5, "wind_direction": 282, "aqi": 16, "persistence": 0.0, "ai_classification": "Natural Anomaly", "ai_confidence": 100.0, "spread_speed_kmh": 1.11, "risk_level": "Moderate (Spreading)", "mitigation_strategy": "Monitor" }, "geometry": { "type": "Polygon", "coordinates": [ [ [ 77.555227324724925, 8.339243257904817 ], [ 77.555043027802142, 8.33892221902423 ], [ 77.554643644300455, 8.338657346920838 ], [ 77.554041309285438, 8.338456689599472 ], [ 77.553254324401735, 8.338326343931305 ], [ 77.552306601786796, 8.338270270403505 ], [ 77.551226937512723, 8.338290172781839 ], [ 77.550048136632128, 8.338385446342615 ], [ 77.54880601641328, 8.338553196246897 ], [ 77.547538318050471, 8.338788325498731 ], [ 77.546283559916986, 8.339083689814778 ], [ 77.545079867203768, 8.339430314699761 ], [ 77.543963813504789, 8.339817668131946 ], [ 77.542969309546976, 8.340233980573309 ], [ 77.542126572829815, 8.340666602580983 ], [ 77.541461209482023, 8.341102389154182 ], [ 77.540993436232242, 8.341528099138399 ], [ 77.540737466133947, 8.34193079755118 ], [ 77.540701076709055, 8.342298248605031 ], [ 77.540885373631838, 8.342619287485618 ], [ 77.541284757133525, 8.34288415958901 ], [ 77.541887092148542, 8.343084816910377 ], [ 77.542674077032245, 8.343215162578543 ], [ 77.543621799647184, 8.343271236106343 ], [ 77.544701463921257, 8.343251333728009 ], [ 77.545880264801852, 8.343156060167233 ], [ 77.5471223850207, 8.342988310262951 ], [ 77.548390083383509, 8.342753181011117 ], [ 77.549644841516994, 8.34245781669507 ], [ 77.550848534230212, 8.342111191810087 ], [ 77.551964587929191, 8.341723838377902 ], [ 77.552959091887004, 8.341307525936539 ], [ 77.553801828604165, 8.340874903928865 ], [ 77.554467191951957, 8.340439117355666 ], [ 77.554934965201738, 8.340013407371449 ], [ 77.555190935300033, 8.339610708958668 ], [ 77.555227324724925, 8.339243257904817 ] ] ] } },
{ "type": "Feature", "properties": { "latitude": 8.16395, "longitude": 80.584, "brightness": 335.73, "scan": 0.46, "track": 0.47, "acq_date": "2026-08-31T00:00:00", "acq_time": 828, "satellite": "N20", "instrument": "VIIRS", "confidence": "n", "version": "2.0NRT", "brightness_bg": 299.59, "frp": 2.2, "daynight": "D", "source_left": "VIIRS_NOAA20_NRT", "cross_source_count": 1, "state": "Tamil Nadu", "zone_type": "none", "source_right": "curated_research", "osm_id": "", "nearest_zone_dist_m": 245017.20191435848, "is_industrial": false, "facility_type": "none", "zone_name": "Cauvery Delta Rice (TN)", "temperature": 26.2, "humidity": 83, "wind_speed": 23.7, "wind_direction": 218, "aqi": 15, "persistence": 0.0, "ai_classification": "Wildfire", "ai_confidence": 100.0, "spread_speed_kmh": 2.52, "risk_level": "Critical (Spreading)", "mitigation_strategy": "Establish Firebreak" }, "geometry": { "type": "Polygon", "coordinates": [ [ [ 80.596021398123924, 8.179180615052141 ], [ 80.596175916576712, 8.178841924537798 ], [ 80.596110877440069, 8.17824130465082 ], [ 80.59582825689526, 8.177397004922543 ], [ 80.595336642224524, 8.176334678972978 ], [ 80.594650970890854, 8.175086605038539 ], [ 80.59379207667078, 8.173690705214165 ], [ 80.59278605663053, 8.172189393209663 ], [ 80.591663478179981, 8.17062828563059 ], [ 80.590458450297291, 8.169054815940774 ], [ 80.589207587144884, 8.167516793220528 ], [ 80.587948895566711, 8.166060949511932 ], [ 80.586720620269418, 8.164731519889376 ], [ 80.585560081776393, 8.163568898399218 ], [ 80.584502542462474, 8.162608410707122 ], [ 80.583580135124592, 8.161879240745582 ], [ 80.582820886642921, 8.161403543974902 ], [ 80.582247866398404, 8.161195774200745 ], [ 80.581878485321198, 8.161262244402563 ], [ 80.58172396686841, 8.161600934916907 ], [ 80.581789006005053, 8.162201554803884 ], [ 80.582071626549862, 8.163045854532161 ], [ 80.582563241220598, 8.164108180481726 ], [ 80.583248912554268, 8.165356254416166 ], [ 80.584107806774341, 8.166752154240539 ], [ 80.585113826814592, 8.168253466245041 ], [ 80.58623640526514, 8.169814573824114 ], [ 80.587441433147831, 8.171388043513931 ], [ 80.588692296300238, 8.172926066234176 ], [ 80.58995098787841, 8.174381909942772 ], [ 80.591179263175704, 8.175711339565328 ], [ 80.592339801668729, 8.176873961055486 ], [ 80.593397340982648, 8.177834448747582 ], [ 80.59431974832053, 8.178563618709122 ], [ 80.595078996802201, 8.179039315479802 ], [ 80.595652017046717, 8.179247085253959 ], [ 80.596021398123924, 8.179180615052141 ] ] ] } },
{ "type": "Feature", "properties": { "latitude": 8.11853, "longitude": 80.619, "brightness": 336.09, "scan": 0.46, "track": 0.47, "acq_date": "2026-08-31T00:00:00", "acq_time": 828, "satellite": "N20", "instrument": "VIIRS", "confidence": "n", "version": "2.0NRT", "brightness_bg": 302.05, "frp": 4.81, "daynight": "D", "source_left": "VIIRS_NOAA20_NRT", "cross_source_count": 1, "state": "Tamil Nadu", "zone_type": "none", "source_right": "curated_research", "osm_id": "", "nearest_zone_dist_m": 251123.05709290283, "is_industrial": false, "facility_type": "none", "zone_name": "Cauvery Delta Rice (TN)", "temperature": 26.0, "humidity": 84, "wind_speed": 23.4, "wind_direction": 217, "aqi": 16, "persistence": 0.0, "ai_classification": "Wildfire", "ai_confidence": 100.0, "spread_speed_kmh": 2.68, "risk_level": "Critical (Spreading)", "mitigation_strategy": "Establish Firebreak" }, "geometry": { "type": "Polygon", "coordinates": [ [ [ 80.631460555388529, 8.134899833507045 ], [ 80.631630710864158, 8.134543538031147 ], [ 80.631572984317927, 8.133905486585004 ], [ 80.631289129741745, 8.133005066038937 ], [ 80.630787771913262, 8.131869635215605 ], [ 80.630084144336394, 8.130533693606017 ], [ 80.62919962637902, 8.129037833119963 ], [ 80.628161093671679, 8.127427504721368 ], [ 80.627000101505175, 8.125751637423761 ], [ 80.625751926038987, 8.124061151606947 ], [ 80.62445449245304, 8.122407411827043 ], [ 80.623147222610328, 8.12084066613043 ], [ 80.621869837243494, 8.119408519292289 ], [ 80.620661149060524, 8.118154486369592 ], [ 80.619557883440251, 8.117116670518127 ], [ 80.618593562550245, 8.11632660524738 ], [ 80.617797486792782, 8.11580829629081 ], [ 80.617193844526938, 8.115577492203785 ], [ 80.616800977117478, 8.115641205851698 ], [ 80.616630821641849, 8.115997501327596 ], [ 80.61668854818808, 8.11663555277374 ], [ 80.616972402764262, 8.117535973319807 ], [ 80.617473760592745, 8.118671404143139 ], [ 80.618177388169613, 8.120007345752727 ], [ 80.619061906126987, 8.121503206238781 ], [ 80.620100438834328, 8.123113534637376 ], [ 80.621261431000832, 8.124789401934983 ], [ 80.62250960646702, 8.126479887751797 ], [ 80.623807040052966, 8.128133627531701 ], [ 80.625114309895679, 8.129700373228314 ], [ 80.626391695262512, 8.131132520066455 ], [ 80.627600383445483, 8.132386552989152 ], [ 80.628703649065756, 8.133424368840616 ], [ 80.629667969955761, 8.134214434111364 ], [ 80.630464045713225, 8.134732743067934 ], [ 80.631067687979069, 8.134963547154959 ], [ 80.631460555388529, 8.134899833507045 ] ] ] } },
{ "type": "Feature", "properties": { "latitude": 8.00052, "longitude": 80.37166, "brightness": 346.44, "scan": 0.44, "track": 0.46, "acq_date": "2026-08-31T00:00:00", "acq_time": 828, "satellite": "N20", "instrument": "VIIRS", "confidence": "n", "version": "2.0NRT", "brightness_bg": 301.25, "frp": 4.87, "daynight": "D", "source_left": "VIIRS_NOAA20_NRT", "cross_source_count": 1, "state": "Tamil Nadu", "zone_type": "none", "source_right": "curated_research", "osm_id": "", "nearest_zone_dist_m": 248125.02404698328, "is_industrial": false, "facility_type": "none", "zone_name": "Gulf of Mannar NP (Tamil Nadu)", "temperature": 26.2, "humidity": 84, "wind_speed": 20.5, "wind_direction": 208, "aqi": 15, "persistence": 0.0, "ai_classification": "Wildfire", "ai_confidence": 100.0, "spread_speed_kmh": 2.39, "risk_level": "Moderate (Spreading)", "mitigation_strategy": "Establish Firebreak" }, "geometry": { "type": "Polygon", "coordinates": [ [ [ 80.380339977544807, 8.016685617025239 ], [ 80.38054032574432, 8.01639481999162 ], [ 80.380579446171382, 8.015823926859239 ], [ 80.380456150171639, 8.014990283927036 ], [ 80.380174184031645, 8.013919221013662 ], [ 80.379742115149881, 8.012643281823758 ], [ 80.379173071720686, 8.01120123512395 ], [ 80.378484343840697, 8.009636896773502 ], [ 80.377696858158032, 8.0079977984016 ], [ 80.3768345420267, 8.006333743182848 ], [ 80.375923596485961, 8.004695292593018 ], [ 80.374991700155135, 8.003132230124185 ], [ 80.374067168232656, 8.001692048638516 ], [ 80.373178092153168, 8.000418507321687 ], [ 80.372351486043442, 7.999350302082164 ], [ 80.371612465911852, 7.998519889795617 ], [ 80.370983486511108, 7.99795250211916 ], [ 80.370483659062046, 7.997665378840232 ], [ 80.370128170568776, 7.997667244054369 ], [ 80.369927822369263, 7.997958041087988 ], [ 80.369888701942202, 7.998528934220369 ], [ 80.370011997941944, 7.999362577152572 ], [ 80.370293964081938, 8.000433640065946 ], [ 80.370726032963702, 8.00170957925585 ], [ 80.371295076392897, 8.003151625955658 ], [ 80.371983804272887, 8.004715964306106 ], [ 80.372771289955551, 8.006355062678008 ], [ 80.373633606086884, 8.00801911789676 ], [ 80.374544551627622, 8.00965756848659 ], [ 80.375476447958448, 8.011220630955423 ], [ 80.376400979880927, 8.012660812441093 ], [ 80.377290055960415, 8.013934353757922 ], [ 80.378116662070141, 8.015002558997443 ], [ 80.378855682201731, 8.015832971283992 ], [ 80.379484661602476, 8.016400358960448 ], [ 80.379984489051537, 8.016687482239377 ], [ 80.380339977544807, 8.016685617025239 ] ] ] } },
{ "type": "Feature", "properties": { "latitude": 8.00086, "longitude": 80.2176, "brightness": 350.56, "scan": 0.43, "track": 0.46, "acq_date": "2026-08-31T00:00:00", "acq_time": 828, "satellite": "N20", "instrument": "VIIRS", "confidence": "n", "version": "2.0NRT", "brightness_bg": 303.05, "frp": 18.92, "daynight": "D", "source_left": "VIIRS_NOAA20_NRT", "cross_source_count": 1, "state": "Tamil Nadu", "zone_type": "none", "source_right": "curated_research", "osm_id": "", "nearest_zone_dist_m": 232788.68693987778, "is_industrial": false, "facility_type": "none", "zone_name": "Tuticorin Port Industrial (TN)", "temperature": 26.7, "humidity": 83, "wind_speed": 17.7, "wind_direction": 204, "aqi": 15, "persistence": 0.0, "ai_classification": "Wildfire", "ai_confidence": 100.0, "spread_speed_kmh": 3.09, "risk_level": "Critical (Spreading)", "mitigation_strategy": "Establish Firebreak" }, "geometry": { "type": "Polygon", "coordinates": [ [ [ 80.227332836535425, 8.022507241482071 ], [ 80.227657463200231, 8.022132317386415 ], [ 80.227798267437947, 8.021381879005922 ], [ 80.227750970983067, 8.020278728031039 ], [ 80.227517010914426, 8.01885638314592 ], [ 80.22710349599032, 8.017158061580158 ], [ 80.22652299065247, 8.015235365975133 ], [ 80.225793133261831, 8.013146716463876 ], [ 80.224936100165877, 8.010955575604878 ], [ 80.223977931881564, 8.008728520104368 ], [ 80.22294774186733, 8.006533217916786 ], [ 80.221876831925485, 8.004436372188225 ], [ 80.220797741112676, 8.002501694515091 ], [ 80.219743257057232, 8.000787969099489 ], [ 80.218745419723561, 7.999347266620985 ], [ 80.217834547894128, 7.998223362095358 ], [ 80.21703831794855, 7.997450404792895 ], [ 80.216380922930796, 7.997051880630097 ], [ 80.215882337455838, 7.997039898561987 ], [ 80.215557710791032, 7.997414822657642 ], [ 80.215416906553315, 7.998165261038136 ], [ 80.215464203008196, 7.999268412013017 ], [ 80.215698163076837, 8.000690756898138 ], [ 80.216111678000942, 8.002389078463899 ], [ 80.216692183338793, 8.004311774068924 ], [ 80.217422040729431, 8.006400423580182 ], [ 80.218279073825386, 8.008591564439179 ], [ 80.219237242109699, 8.010818619939689 ], [ 80.220267432123933, 8.013013922127271 ], [ 80.221338342065778, 8.015110767855832 ], [ 80.222417432878586, 8.017045445528966 ], [ 80.223471916934031, 8.018759170944568 ], [ 80.224469754267702, 8.020199873423072 ], [ 80.225380626097134, 8.0213237779487 ], [ 80.226176856042713, 8.022096735251163 ], [ 80.226834251060467, 8.022495259413962 ], [ 80.227332836535425, 8.022507241482071 ] ] ] } },
{ "type": "Feature", "properties": { "latitude": 8.00677, "longitude": 80.52929, "brightness": 339.52, "scan": 0.45, "track": 0.47, "acq_date": "2026-08-31T00:00:00", "acq_time": 828, "satellite": "N20", "instrument": "VIIRS", "confidence": "n", "version": "2.0NRT", "brightness_bg": 297.5, "frp": 3.71, "daynight": "D", "source_left": "VIIRS_NOAA20_NRT", "cross_source_count": 1, "state": "Tamil Nadu", "zone_type": "none", "source_right": "curated_research", "osm_id": "", "nearest_zone_dist_m": 259152.20075624756, "is_industrial": false, "facility_type": "none", "zone_name": "Cauvery Delta Rice (TN)", "temperature": 26.2, "humidity": 83, "wind_speed": 23.0, "wind_direction": 216, "aqi": 15, "persistence": 0.0, "ai_classification": "Natural Anomaly", "ai_confidence": 100.0, "spread_speed_kmh": 1.41, "risk_level": "Moderate (Spreading)", "mitigation_strategy": "Monitor" }, "geometry": { "type": "Polygon", "coordinates": [ [ [ 80.540924888809243, 8.02262778991375 ], [ 80.541093541891314, 8.022289931509691 ], [ 80.541049116097554, 8.021678908808099 ], [ 80.540792961283216, 8.020813287424568 ], [ 80.540332860582694, 8.019719368826811 ], [ 80.539682793922978, 8.018430391177873 ], [ 80.538862513250564, 8.016985519411362 ], [ 80.537896942378609, 8.015428655224762 ], [ 80.536815419689432, 8.01380710314857 ], [ 80.535650806702691, 8.012170133222082 ], [ 80.534438489594649, 8.010567483948162 ], [ 80.533215304007172, 8.009047851014021 ], [ 80.532018415815401, 8.007657407697391 ], [ 80.530884191861347, 8.006438401914849 ], [ 80.529847094965945, 8.005427872540251 ], [ 80.528938636793541, 8.004656523997292 ], [ 80.528186420386007, 8.004147793321129 ], [ 80.52761330145826, 8.003917138035927 ], [ 80.527236693938889, 8.003971566485808 ], [ 80.527068040856818, 8.004309424889867 ], [ 80.527112466650578, 8.004920447591459 ], [ 80.527368621464916, 8.00578606897499 ], [ 80.527828722165438, 8.006879987572747 ], [ 80.528478788825154, 8.008168965221685 ], [ 80.529299069497569, 8.009613836988196 ], [ 80.530264640369523, 8.011170701174796 ], [ 80.5313461630587, 8.012792253250987 ], [ 80.532510776045442, 8.014429223177476 ], [ 80.533723093153483, 8.016031872451396 ], [ 80.534946278740961, 8.017551505385537 ], [ 80.536143166932732, 8.018941948702167 ], [ 80.537277390886786, 8.020160954484709 ], [ 80.538314487782188, 8.021171483859307 ], [ 80.539222945954592, 8.021942832402265 ], [ 80.539975162362126, 8.022451563078429 ], [ 80.540548281289873, 8.022682218363631 ], [ 80.540924888809243, 8.02262778991375 ] ] ] } },
{ "type": "Feature", "properties": { "latitude": 8.00891, "longitude": 79.94204, "brightness": 331.5, "scan": 0.42, "track": 0.45, "acq_date": "2026-08-31T00:00:00", "acq_time": 828, "satellite": "N20", "instrument": "VIIRS", "confidence": "n", "version": "2.0NRT", "brightness_bg": 300.57, "frp": 3.64, "daynight": "D", "source_left": "VIIRS_NOAA20_NRT", "cross_source_count": 1, "state": "Tamil Nadu", "zone_type": "none", "source_right": "curated_research", "osm_id": "", "nearest_zone_dist_m": 204183.22904256068, "is_industrial": false, "facility_type": "none", "zone_name": "Tuticorin Port Industrial (TN)", "temperature": 27.2, "humidity": 82, "wind_speed": 17.4, "wind_direction": 206, "aqi": 17, "persistence": 0.0, "ai_classification": "Wildfire", "ai_confidence": 100.0, "spread_speed_kmh": 1.99, "risk_level": "Moderate (Spreading)", "mitigation_strategy": "Establish Firebreak" }, "geometry": { "type": "Polygon", "coordinates": [ [ [ 79.948802348327533, 8.022639524405621 ], [ 79.949006634874465, 8.022388977723985 ], [ 79.949083848568037, 8.021900652804964 ], [ 79.949031643309254, 8.02118938715412 ], [ 79.9488516053285, 8.020276792218333 ], [ 79.948549204988694, 8.019190596732932 ], [ 79.948133630571149, 8.017963804198102 ], [ 79.947617509094243, 8.016633690084225 ], [ 79.9470165226479, 8.015240669235579 ], [ 79.946348931901156, 8.013827067885753 ], [ 79.94563502126104, 8.012435837596438 ], [ 79.944896482541111, 8.011109250195984 ], [ 79.944155755866646, 8.009887613371266 ], [ 79.943435347842808, 8.008808045939023 ], [ 79.942757147702878, 8.0079033500094 ], [ 79.942141762214916, 8.007201014310418 ], [ 79.94160788955557, 8.006722378956892 ], [ 79.941171751175446, 8.006481987041838 ], [ 79.940846598918526, 8.006487142751949 ], [ 79.940642312371594, 8.006737689433585 ], [ 79.940565098678022, 8.007226014352606 ], [ 79.940617303936804, 8.00793728000345 ], [ 79.940797341917559, 8.008849874939237 ], [ 79.941099742257364, 8.009936070424638 ], [ 79.941515316674909, 8.011162862959468 ], [ 79.942031438151815, 8.012492977073345 ], [ 79.942632424598159, 8.013885997921991 ], [ 79.943300015344903, 8.015299599271817 ], [ 79.944013925985018, 8.016690829561131 ], [ 79.944752464704948, 8.018017416961586 ], [ 79.945493191379413, 8.019239053786304 ], [ 79.946213599403251, 8.020318621218546 ], [ 79.946891799543181, 8.02122331714817 ], [ 79.947507185031142, 8.021925652847152 ], [ 79.948041057690489, 8.022404288200677 ], [ 79.948477196070613, 8.022644680115732 ], [ 79.948802348327533, 8.022639524405621 ] ] ] } },
{ "type": "Feature", "properties": { "latitude": 8.04964, "longitude": 80.00629, "brightness": 349.23, "scan": 0.42, "track": 0.45, "acq_date": "2026-08-31T00:00:00", "acq_time": 828, "satellite": "N20", "instrument": "VIIRS", "confidence": "n", "version": "2.0NRT", "brightness_bg": 300.61, "frp": 6.46, "daynight": "D", "source_left": "VIIRS_NOAA20_NRT", "cross_source_count": 1, "state": "Tamil Nadu", "zone_type": "none", "source_right": "curated_research", "osm_id": "", "nearest_zone_dist_m": 209085.37704822022, "is_industrial": false, "facility_type": "none", "zone_name": "Tuticorin Port Industrial (TN)", "temperature": 27.1, "humidity": 82, "wind_speed": 18.5, "wind_direction": 205, "aqi": 17, "persistence": 0.0, "ai_classification": "Natural Anomaly", "ai_confidence": 100.0, "spread_speed_kmh": 1.38, "risk_level": "Moderate (Spreading)", "mitigation_strategy": "Monitor" }, "geometry": { "type": "Polygon", "coordinates": [ [ [ 80.013814743103396, 8.065617716389355 ], [ 80.014040532806419, 8.065339633338716 ], [ 80.014124969626536, 8.064784426272986 ], [ 80.01406548799369, 8.063968964877908 ], [ 80.013863895227217, 8.062918026535328 ], [ 80.013526316621295, 8.061663543474987 ], [ 80.013063009331063, 8.060243632529872 ], [ 80.012488050714069, 8.058701436975541 ], [ 80.011818910596958, 8.057083815643525 ], [ 80.011075920463583, 8.05543991913944 ], [ 80.010281655693177, 8.053819696426713 ], [ 80.009460249618883, 8.052272377152596 ], [ 80.008636660248598, 8.050844975830252 ], [ 80.007835911928581, 8.049580863326559 ], [ 80.007082334991367, 8.048518449060275 ], [ 80.006398826490823, 8.047690013951268 ], [ 80.005806154486891, 8.047120729581119 ], [ 80.005322327018504, 8.046827893367343 ], [ 80.004962044938466, 8.046820402990114 ], [ 80.004736255235443, 8.047098486040753 ], [ 80.004651818415326, 8.047653693106483 ], [ 80.004711300048172, 8.048469154501561 ], [ 80.004912892814644, 8.049520092844141 ], [ 80.005250471420567, 8.050774575904482 ], [ 80.005713778710799, 8.052194486849597 ], [ 80.006288737327793, 8.053736682403928 ], [ 80.006957877444904, 8.055354303735944 ], [ 80.007700867578279, 8.056998200240029 ], [ 80.008495132348685, 8.058618422952756 ], [ 80.009316538422979, 8.060165742226873 ], [ 80.010140127793264, 8.061593143549217 ], [ 80.010940876113281, 8.06285725605291 ], [ 80.011694453050495, 8.063919670319194 ], [ 80.012377961551039, 8.064748105428201 ], [ 80.012970633554971, 8.06531738979835 ], [ 80.013454461023358, 8.065610226012126 ], [ 80.013814743103396, 8.065617716389355 ] ] ] } },
{ "type": "Feature", "properties": { "latitude": 8.0623, "longitude": 80.6608, "brightness": 333.65, "scan": 0.47, "track": 0.47, "acq_date": "2026-08-31T00:00:00", "acq_time": 828, "satellite": "N20", "instrument": "VIIRS", "confidence": "n", "version": "2.0NRT", "brightness_bg": 303.31, "frp": 3.46, "daynight": "D", "source_left": "VIIRS_NOAA20_NRT", "cross_source_count": 1, "state": "Tamil Nadu", "zone_type": "none", "source_right": "curated_research", "osm_id": "", "nearest_zone_dist_m": 258631.71894604652, "is_industrial": false, "facility_type": "none", "zone_name": "Cauvery Delta Rice (TN)", "temperature": 25.9, "humidity": 82, "wind_speed": 25.3, "wind_direction": 226, "aqi": 16, "persistence": 0.0, "ai_classification": "Wildfire", "ai_confidence": 100.0, "spread_speed_kmh": 2.77, "risk_level": "Critical (Spreading)", "mitigation_strategy": "Establish Firebreak" }, "geometry": { "type": "Polygon", "coordinates": [ [ [ 80.676223121720497, 8.077046595895483 ], [ 80.676338851212009, 8.076654840382346 ], [ 80.676175401588054, 8.07601141883627 ], [ 80.67573773918275, 8.075135881295346 ], [ 80.675039162146803, 8.074054830524709 ], [ 80.674100896389959, 8.072801113704987 ], [ 80.672951450642458, 8.071412824387338 ], [ 80.671625750231698, 8.06993214504017 ], [ 80.670164075893794, 8.068404065356185 ], [ 80.668610839863902, 8.066875015263337 ], [ 80.66701323643278, 8.065391454174961 ], [ 80.665419807972256, 8.063998459344006 ], [ 80.663878969999814, 8.062738356213526 ], [ 80.662437540097542, 8.061649432379493 ], [ 80.661139315383608, 8.060764774241585 ], [ 80.660023741759005, 8.060111261689663 ], [ 80.659124715363831, 8.059708751371922 ], [ 80.658469552660151, 8.059569473360689 ], [ 80.65807816043521, 8.059697659547856 ], [ 80.657962430943698, 8.060089415060993 ], [ 80.658125880567653, 8.06073283660707 ], [ 80.658563542972956, 8.061608374147994 ], [ 80.659262120008904, 8.062689424918631 ], [ 80.660200385765748, 8.063943141738353 ], [ 80.661349831513249, 8.065331431056002 ], [ 80.662675531924009, 8.06681211040317 ], [ 80.664137206261913, 8.068340190087154 ], [ 80.665690442291805, 8.069869240180003 ], [ 80.667288045722927, 8.071352801268379 ], [ 80.668881474183451, 8.072745796099333 ], [ 80.670422312155893, 8.074005899229814 ], [ 80.671863742058164, 8.075094823063846 ], [ 80.673161966772099, 8.075979481201754 ], [ 80.674277540396702, 8.076632993753677 ], [ 80.675176566791876, 8.077035504071418 ], [ 80.675831729495556, 8.07717478208265 ], [ 80.676223121720497, 8.077046595895483 ] ] ] } },
{ "type": "Feature", "properties": { "latitude": 8.07497, "longitude": 80.56109, "brightness": 344.08, "scan": 0.46, "track": 0.47, "acq_date": "2026-08-31T00:00:00", "acq_time": 828, "satellite": "N20", "instrument": "VIIRS", "confidence": "n", "version": "2.0NRT", "brightness_bg": 299.79, "frp": 6.7, "daynight": "D", "source_left": "VIIRS_NOAA20_NRT", "cross_source_count": 1, "state": "Tamil Nadu", "zone_type": "none", "source_right": "curated_research", "osm_id": "", "nearest_zone_dist_m": 253263.89084149661, "is_industrial": false, "facility_type": "none", "zone_name": "Cauvery Delta Rice (TN)", "temperature": 26.2, "humidity": 84, "wind_speed": 22.5, "wind_direction": 216, "aqi": 15, "persistence": 0.0, "ai_classification": "Wildfire", "ai_confidence": 100.0, "spread_speed_kmh": 2.72, "risk_level": "Critical (Spreading)", "mitigation_strategy": "Establish Firebreak" }, "geometry": { "type": "Polygon", "coordinates": [ [ [ 80.57345105950975, 8.091814681320267 ], [ 80.573630238855728, 8.0914557966851 ], [ 80.573583040283523, 8.090806747684972 ], [ 80.573310897897883, 8.089887255345316 ], [ 80.572822080607466, 8.088725257975584 ], [ 80.572131440878309, 8.087356062277861 ], [ 80.57125996344908, 8.085821270570571 ], [ 80.570234127720497, 8.084167516723102 ], [ 80.569085103192066, 8.082445049209269 ], [ 80.567847802392635, 8.080706204332868 ], [ 80.566559820080926, 8.07900381601557 ], [ 80.565260290947691, 8.077389610464946 ], [ 80.563988700528071, 8.075912634499826 ], [ 80.562783685453496, 8.074617765287524 ], [ 80.56168185949727, 8.073544346773819 ], [ 80.560716701083493, 8.072724994237074 ], [ 80.559917536062173, 8.072184603289507 ], [ 80.55930864665811, 8.071939593436607 ], [ 80.558908533667704, 8.071997409178776 ], [ 80.558729354321727, 8.072356293813943 ], [ 80.558776552893931, 8.073005342814071 ], [ 80.559048695279571, 8.073924835153727 ], [ 80.559537512569989, 8.075086832523459 ], [ 80.560228152299146, 8.076456028221182 ], [ 80.561099629728375, 8.077990819928472 ], [ 80.562125465456958, 8.079644573775941 ], [ 80.563274489985389, 8.081367041289774 ], [ 80.56451179078482, 8.083105886166175 ], [ 80.565799773096529, 8.084808274483473 ], [ 80.567099302229764, 8.086422480034097 ], [ 80.568370892649384, 8.087899455999217 ], [ 80.569575907723959, 8.089194325211519 ], [ 80.570677733680185, 8.090267743725224 ], [ 80.571642892093962, 8.091087096261969 ], [ 80.572442057115282, 8.091627487209536 ], [ 80.573050946519345, 8.091872497062436 ], [ 80.57345105950975, 8.091814681320267 ] ] ] } },
{ "type": "Feature", "properties": { "latitude": 8.3692, "longitude": 80.2898, "brightness": 336.36, "scan": 0.44, "track": 0.46, "acq_date": "2026-08-31T00:00:00", "acq_time": 828, "satellite": "N20", "instrument": "VIIRS", "confidence": "n", "version": "2.0NRT", "brightness_bg": 302.59, "frp": 2.11, "daynight": "D", "source_left": "VIIRS_NOAA20_NRT", "cross_source_count": 1, "state": "Tamil Nadu", "zone_type": "none", "source_right": "curated_research", "osm_id": "", "nearest_zone_dist_m": 212652.290628488, "is_industrial": false, "facility_type": "none", "zone_name": "Cauvery Delta Rice (TN)", "temperature": 27.0, "humidity": 79, "wind_speed": 23.8, "wind_direction": 209, "aqi": 17, "persistence": 0.0, "ai_classification": "Natural Anomaly", "ai_confidence": 100.0, "spread_speed_kmh": 1.34, "risk_level": "Moderate (Spreading)", "mitigation_strategy": "Monitor" }, "geometry": { "type": "Polygon", "coordinates": [ [ [ 80.299285211201564, 8.386129367555636 ], [ 80.299491763542164, 8.385818318246439 ], [ 80.299522507266389, 8.385214137503397 ], [ 80.29937650824175, 8.384335183052652 ], [ 80.299058202574727, 8.383208161480422 ], [ 80.298577261821933, 8.381867316766877 ], [ 80.297948299124769, 8.380353389800137 ], [ 80.297190425196547, 8.378712380485004 ], [ 80.296326667653048, 8.376994150059128 ], [ 80.295383271330152, 8.375250906084529 ], [ 80.29438890084775, 8.373535616147256 ], [ 80.293373769649776, 8.371900398464073 ], [ 80.292368721984005, 8.370394938296821 ], [ 80.291404295715168, 8.369064978290885 ], [ 80.290509794447431, 8.367950928608051 ], [ 80.289712397149188, 8.367086639084198 ], [ 80.289036332333808, 8.366498370719155 ], [ 80.288502141888628, 8.366203997749516 ], [ 80.288126056920007, 8.366212464549005 ], [ 80.287919504579406, 8.366523513858201 ], [ 80.287888760855182, 8.367127694601244 ], [ 80.288034759879821, 8.368006649051988 ], [ 80.288353065546843, 8.369133670624219 ], [ 80.288834006299638, 8.370474515337763 ], [ 80.289462968996801, 8.371988442304504 ], [ 80.290220842925024, 8.373629451619637 ], [ 80.291084600468523, 8.375347682045513 ], [ 80.292027996791418, 8.377090926020111 ], [ 80.293022367273821, 8.378806215957384 ], [ 80.294037498471795, 8.380441433640568 ], [ 80.295042546137566, 8.38194689380782 ], [ 80.296006972406403, 8.383276853813756 ], [ 80.29690147367414, 8.384390903496589 ], [ 80.297698870972383, 8.385255193020443 ], [ 80.298374935787763, 8.385843461385486 ], [ 80.298909126232942, 8.386137834355125 ], [ 80.299285211201564, 8.386129367555636 ] ] ] } },
{ "type": "Feature", "properties": { "latitude": 8.55486, "longitude": 80.62312, "brightness": 333.35, "scan": 0.47, "track": 0.48, "acq_date": "2026-08-31T00:00:00", "acq_time": 828, "satellite": "N20", "instrument": "VIIRS", "confidence": "n", "version": "2.0NRT", "brightness_bg": 301.02, "frp": 3.18, "daynight": "D", "source_left": "VIIRS_NOAA20_NRT", "cross_source_count": 1, "state": "Tamil Nadu", "zone_type": "none", "source_right": "curated_research", "osm_id": "", "nearest_zone_dist_m": 207344.32560583821, "is_industrial": false, "facility_type": "none", "zone_name": "Cauvery Delta Rice (TN)", "temperature": 26.6, "humidity": 80, "wind_speed": 20.6, "wind_direction": 216, "aqi": 16, "persistence": 0.0, "ai_classification": "Natural Anomaly", "ai_confidence": 100.0, "spread_speed_kmh": 1.25, "risk_level": "Moderate (Spreading)", "mitigation_strategy": "Monitor" }, "geometry": { "type": "Polygon", "coordinates": [ [ [ 80.633509806145298, 8.569001106870777 ], [ 80.633660411133505, 8.56869982328555 ], [ 80.633620739482907, 8.568154946769296 ], [ 80.633391996596515, 8.56738303311924 ], [ 80.632981132711208, 8.566407536541032 ], [ 80.632400631718227, 8.565258097004577 ], [ 80.631668131846496, 8.563969639648542 ], [ 80.630805889733935, 8.562581313597702 ], [ 80.629840104170853, 8.561135302436586 ], [ 80.628800120062849, 8.559675542482605 ], [ 80.627717536800802, 8.558246387803287 ], [ 80.626625248129287, 8.556891262540377 ], [ 80.6255564426869, 8.555651341489263 ], [ 80.624543595586147, 8.554564299023649 ], [ 80.623617481673662, 8.553663164378785 ], [ 80.62280624045205, 8.552975318074861 ], [ 80.622134521075296, 8.552521659973751 ], [ 80.621622733396777, 8.552315974247296 ], [ 80.621286427826135, 8.552364510552215 ], [ 80.621135822837928, 8.552665794137441 ], [ 80.621175494488526, 8.553210670653696 ], [ 80.621404237374918, 8.553982584303752 ], [ 80.621815101260225, 8.55495808088196 ], [ 80.622395602253206, 8.556107520418415 ], [ 80.623128102124937, 8.557395977774449 ], [ 80.623990344237498, 8.55878430382529 ], [ 80.62495612980058, 8.560230314986406 ], [ 80.625996113908585, 8.561690074940387 ], [ 80.627078697170631, 8.563119229619705 ], [ 80.628170985842146, 8.564474354882615 ], [ 80.629239791284533, 8.565714275933729 ], [ 80.630252638385286, 8.566801318399342 ], [ 80.631178752297771, 8.567702453044207 ], [ 80.631989993519383, 8.568390299348131 ], [ 80.632661712896137, 8.568843957449241 ], [ 80.633173500574657, 8.569049643175696 ], [ 80.633509806145298, 8.569001106870777 ] ] ] } },
{ "type": "Feature", "properties": { "latitude": 8.55563, "longitude": 80.62306, "brightness": 343.88, "scan": 0.47, "track": 0.48, "acq_date": "2026-08-31T00:00:00", "acq_time": 828, "satellite": "N20", "instrument": "VIIRS", "confidence": "n", "version": "2.0NRT", "brightness_bg": 302.43, "frp": 5.58, "daynight": "D", "source_left": "VIIRS_NOAA20_NRT", "cross_source_count": 1, "state": "Tamil Nadu", "zone_type": "none", "source_right": "curated_research", "osm_id": "", "nearest_zone_dist_m": 207264.74487850626, "is_industrial": false, "facility_type": "none", "zone_name": "Cauvery Delta Rice (TN)", "temperature": 26.6, "humidity": 80, "wind_speed": 20.6, "wind_direction": 216, "aqi": 16, "persistence": 0.0, "ai_classification": "Natural Anomaly", "ai_confidence": 100.0, "spread_speed_kmh": 1.42, "risk_level": "Moderate (Spreading)", "mitigation_strategy": "Monitor" }, "geometry": { "type": "Polygon", "coordinates": [ [ [ 80.634214528740131, 8.570811896301379 ], [ 80.634376218806892, 8.570488438159805 ], [ 80.634333627177554, 8.569903458579182 ], [ 80.634088047977215, 8.569074731868051 ], [ 80.633646943005616, 8.568027438468176 ], [ 80.633023715014104, 8.566793399859554 ], [ 80.632237300469839, 8.565410111680855 ], [ 80.631311594180815, 8.563919604443413 ], [ 80.630274723264165, 8.562367166455402 ], [ 80.62915819251802, 8.560799967759518 ], [ 80.627995927164122, 8.559265626895092 ], [ 80.626823242047109, 8.55781076403288 ], [ 80.625675768610847, 8.55647958444475 ], [ 80.624588372255062, 8.555312535348881 ], [ 80.62359409296775, 8.554345076941495 ], [ 80.622723141421957, 8.553606604956741 ], [ 80.622001981039645, 8.553119557492192 ], [ 80.621452523914144, 8.5528987332386 ], [ 80.621091465022147, 8.552950841829169 ], [ 80.620929774955385, 8.553274299970743 ], [ 80.620972366584724, 8.553859279551366 ], [ 80.621217945785062, 8.554688006262497 ], [ 80.621659050756662, 8.555735299662372 ], [ 80.622282278748173, 8.556969338270994 ], [ 80.623068693292439, 8.558352626449693 ], [ 80.623994399581463, 8.559843133687135 ], [ 80.625031270498113, 8.561395571675146 ], [ 80.626147801244258, 8.56296277037103 ], [ 80.627310066598156, 8.564497111235456 ], [ 80.628482751715168, 8.565951974097668 ], [ 80.629630225151431, 8.567283153685798 ], [ 80.630717621507216, 8.568450202781667 ], [ 80.631711900794528, 8.569417661189053 ], [ 80.63258285234032, 8.570156133173807 ], [ 80.633304012722633, 8.570643180638356 ], [ 80.633853469848134, 8.570864004891948 ], [ 80.634214528740131, 8.570811896301379 ] ] ] } },
{ "type": "Feature", "properties": { "latitude": 8.48861, "longitude": 80.62767, "brightness": 338.9, "scan": 0.47, "track": 0.48, "acq_date": "2026-08-31T00:00:00", "acq_time": 828, "satellite": "N20", "instrument": "VIIRS", "confidence": "n", "version": "2.0NRT", "brightness_bg": 296.42, "frp": 3.9, "daynight": "D", "source_left": "VIIRS_NOAA20_NRT", "cross_source_count": 1, "state": "Tamil Nadu", "zone_type": "none", "source_right": "curated_research", "osm_id": "", "nearest_zone_dist_m": 214179.69346614703, "is_industrial": false, "facility_type": "none", "zone_name": "Cauvery Delta Rice (TN)", "temperature": 26.7, "humidity": 80, "wind_speed": 21.3, "wind_direction": 219, "aqi": 16, "persistence": 0.0, "ai_classification": "Agricultural Burn", "ai_confidence": 100.0, "spread_speed_kmh": 1.74, "risk_level": "Low (Agricultural Hazard)", "mitigation_strategy": "Issue Local Admin Warning" }, "geometry": { "type": "Polygon", "coordinates": [ [ [ 80.639378716479825, 8.502910535888054 ], [ 80.639520236909561, 8.502585589853277 ], [ 80.639448183387302, 8.502014920347255 ], [ 80.639164745222857, 8.501215866874157 ], [ 80.638678534541441, 8.500212708269419 ], [ 80.638004324608545, 8.499035924999626 ], [ 80.637162600951839, 8.497721273028949 ], [ 80.636178938918675, 8.496308697392273 ], [ 80.635083226582196, 8.494841118485516 ], [ 80.633908756607283, 8.493363127951131 ], [ 80.632691214669819, 8.491919633783608 ], [ 80.631467595165446, 8.490554495822783 ], [ 80.630275077153641, 8.489309193094801 ], [ 80.629149894690741, 8.4882215634929 ], [ 80.628126235876522, 8.487324654092165 ], [ 80.627235204066054, 8.48664571703088 ], [ 80.626503872810005, 8.486205381468093 ], [ 80.625954463238529, 8.486017026777059 ], [ 80.625603668883429, 8.486086376019754 ], [ 80.625462148453693, 8.486411322054531 ], [ 80.625534201975952, 8.486981991560553 ], [ 80.625817640140397, 8.487781045033651 ], [ 80.626303850821813, 8.488784203638389 ], [ 80.626978060754709, 8.489960986908182 ], [ 80.627819784411415, 8.491275638878859 ], [ 80.628803446444579, 8.492688214515535 ], [ 80.629899158781058, 8.494155793422292 ], [ 80.631073628755971, 8.495633783956677 ], [ 80.632291170693435, 8.4970772781242 ], [ 80.633514790197808, 8.498442416085025 ], [ 80.634707308209613, 8.499687718813007 ], [ 80.635832490672513, 8.500775348414908 ], [ 80.636856149486732, 8.501672257815644 ], [ 80.6377471812972, 8.502351194876928 ], [ 80.638478512553249, 8.502791530439715 ], [ 80.639027922124725, 8.502979885130749 ], [ 80.639378716479825, 8.502910535888054 ] ] ] } },
{ "type": "Feature", "properties": { "latitude": 8.61147, "longitude": 80.67232, "brightness": 335.18, "scan": 0.47, "track": 0.48, "acq_date": "2026-08-31T00:00:00", "acq_time": 828, "satellite": "N20", "instrument": "VIIRS", "confidence": "n", "version": "2.0NRT", "brightness_bg": 300.27, "frp": 3.92, "daynight": "D", "source_left": "VIIRS_NOAA20_NRT", "cross_source_count": 1, "state": "Tamil Nadu", "zone_type": "none", "source_right": "curated_research", "osm_id": "", "nearest_zone_dist_m": 204190.36460929079, "is_industrial": false, "facility_type": "none", "zone_name": "Cauvery Delta Rice (TN)", "temperature": 26.6, "humidity": 79, "wind_speed": 20.8, "wind_direction": 217, "aqi": 18, "persistence": 0.0, "ai_classification": "Natural Anomaly", "ai_confidence": 100.0, "spread_speed_kmh": 1.31, "risk_level": "Moderate (Spreading)", "mitigation_strategy": "Monitor" }, "geometry": { "type": "Polygon", "coordinates": [ [ [ 80.683294053773125, 8.625868750703848 ], [ 80.683443910214152, 8.625555356573592 ], [ 80.683393070270625, 8.624994132557154 ], [ 80.683143078688516, 8.62420213116228 ], [ 80.682701531335553, 8.623203416950581 ], [ 80.682081844404593, 8.622028335348006 ], [ 80.681302846769469, 8.620712590614428 ], [ 80.680388207879147, 8.61929616098778 ], [ 80.679365718573465, 8.617822083965518 ], [ 80.678266446672581, 8.616335148632045 ], [ 80.677123792996923, 8.614880534765042 ], [ 80.675972476500249, 8.613502440070791 ], [ 80.674847479351683, 8.612242737259223 ], [ 80.673782984020335, 8.611139701762831 ], [ 80.672811334658178, 8.610226848757007 ], [ 80.671962054339389, 8.609531914818408 ], [ 80.671260948016723, 8.609076015163105 ], [ 80.670729318450995, 8.608873002071428 ], [ 80.670383318937553, 8.608929043993438 ], [ 80.670233462496526, 8.609242438123694 ], [ 80.670284302440052, 8.609803662140132 ], [ 80.670534294022161, 8.610595663535006 ], [ 80.670975841375125, 8.611594377746705 ], [ 80.671595528306085, 8.612769459349281 ], [ 80.672374525941208, 8.614085204082858 ], [ 80.67328916483153, 8.615501633709506 ], [ 80.674311654137213, 8.616975710731769 ], [ 80.675410926038097, 8.618462646065241 ], [ 80.676553579713755, 8.619917259932244 ], [ 80.677704896210429, 8.621295354626495 ], [ 80.678829893358994, 8.622555057438063 ], [ 80.679894388690343, 8.623658092934456 ], [ 80.6808660380525, 8.624570945940279 ], [ 80.681715318371289, 8.625265879878878 ], [ 80.682416424693955, 8.625721779534182 ], [ 80.682948054259683, 8.625924792625858 ], [ 80.683294053773125, 8.625868750703848 ] ] ] } },
{ "type": "Feature", "properties": { "latitude": 8.62569, "longitude": 80.97631, "brightness": 342.52, "scan": 0.5, "track": 0.49, "acq_date": "2026-08-31T00:00:00", "acq_time": 828, "satellite": "N20", "instrument": "VIIRS", "confidence": "n", "version": "2.0NRT", "brightness_bg": 303.06, "frp": 9.27, "daynight": "D", "source_left": "VIIRS_NOAA20_NRT", "cross_source_count": 1, "state": "Tamil Nadu", "zone_type": "none", "source_right": "curated_research", "osm_id": "", "nearest_zone_dist_m": 219973.53837549608, "is_industrial": false, "facility_type": "none", "zone_name": "Cauvery Delta Rice (TN)", "temperature": 27.0, "humidity": 77, "wind_speed": 16.9, "wind_direction": 218, "aqi": 18, "persistence": 0.0, "ai_classification": "Natural Anomaly", "ai_confidence": 100.0, "spread_speed_kmh": 1.49, "risk_level": "Moderate (Spreading)", "mitigation_strategy": "Monitor" }, "geometry": { "type": "Polygon", "coordinates": [ [ [ 80.987463051475203, 8.639803663052875 ], [ 80.987642455759627, 8.63946196651821 ], [ 80.987617066598546, 8.638878395489254 ], [ 80.987387655428776, 8.638070681476419 ], [ 80.986961192792606, 8.637063366461263 ], [ 80.986350636541459, 8.635887057200797 ], [ 80.985574538118044, 8.634577495256657 ], [ 80.984656478880254, 8.633174471005848 ], [ 80.983624353593456, 8.631720614630263 ], [ 80.982509522862216, 8.630260100820189 ], [ 80.981345860254166, 8.628837306548689 ], [ 80.9801687230688, 8.627495462699736 ], [ 80.979013878023864, 8.626275340519673 ], [ 80.977916414501649, 8.625214012803527 ], [ 80.976909678375932, 8.6243437274569 ], [ 80.976024258814462, 8.623690927659661 ], [ 80.975287058842568, 8.623275448403318 ], [ 80.974720477908377, 8.623109913814829 ], [ 80.974341731286842, 8.623199353578906 ], [ 80.974162327002418, 8.623541050113571 ], [ 80.974187716163499, 8.624124621142528 ], [ 80.974417127333268, 8.624932335155362 ], [ 80.974843589969439, 8.625939650170519 ], [ 80.975454146220585, 8.627115959430984 ], [ 80.976230244644, 8.628425521375124 ], [ 80.977148303881791, 8.629828545625934 ], [ 80.978180429168589, 8.631282402001519 ], [ 80.979295259899828, 8.632742915811592 ], [ 80.980458922507879, 8.634165710083092 ], [ 80.981636059693244, 8.635507553932046 ], [ 80.982790904738181, 8.636727676112109 ], [ 80.983888368260395, 8.637789003828255 ], [ 80.984895104386112, 8.638659289174882 ], [ 80.985780523947582, 8.639312088972121 ], [ 80.986517723919476, 8.639727568228464 ], [ 80.987084304853667, 8.639893102816952 ], [ 80.987463051475203, 8.639803663052875 ] ] ] } },
{ "type": "Feature", "properties": { "latitude": 8.3689, "longitude": 80.3186, "brightness": 333.67, "scan": 0.45, "track": 0.47, "acq_date": "2026-08-31T00:00:00", "acq_time": 828, "satellite": "N20", "instrument": "VIIRS", "confidence": "n", "version": "2.0NRT", "brightness_bg": 302.3, "frp": 3.76, "daynight": "D", "source_left": "VIIRS_NOAA20_NRT", "cross_source_count": 1, "state": "Tamil Nadu", "zone_type": "none", "source_right": "curated_research", "osm_id": "", "nearest_zone_dist_m": 213689.97055923918, "is_industrial": false, "facility_type": "none", "zone_name": "Cauvery Delta Rice (TN)", "temperature": 27.0, "humidity": 79, "wind_speed": 23.6, "wind_direction": 210, "aqi": 17, "persistence": 0.0, "ai_classification": "Agricultural Burn", "ai_confidence": 100.0, "spread_speed_kmh": 1.93, "risk_level": "Low (Agricultural Hazard)", "mitigation_strategy": "Issue Local Admin Warning" }, "geometry": { "type": "Polygon", "coordinates": [ [ [ 80.328751996222792, 8.386296343813751 ], [ 80.328960625291529, 8.385969890670383 ], [ 80.328981464915614, 8.38534242775599 ], [ 80.328813881893595, 8.384433020213717 ], [ 80.328462968150816, 8.383269299931552 ], [ 80.327939386023786, 8.381886625961396 ], [ 80.327259044290471, 8.38032701015217 ], [ 80.326442614790167, 8.378637840641028 ], [ 80.325514904320116, 8.376870441988808 ], [ 80.32450410089352, 8.375078515709212 ], [ 80.323440917260982, 8.373316508575485 ], [ 80.322357657719181, 8.371637958282768 ], [ 80.321287236561147, 8.370093866732317 ], [ 80.32026217799212, 8.368731150364544 ], [ 80.319313627897998, 8.367591214626716 ], [ 80.318470407493393, 8.366708695889393 ], [ 80.317758137603633, 8.366110409037832 ], [ 80.317198460188877, 8.365814532715268 ], [ 80.316808380764172, 8.365830056974044 ], [ 80.316599751695435, 8.366156510117412 ], [ 80.31657891207135, 8.366783973031804 ], [ 80.316746495093369, 8.367693380574078 ], [ 80.317097408836148, 8.368857100856243 ], [ 80.317620990963178, 8.370239774826398 ], [ 80.318301332696493, 8.371799390635625 ], [ 80.319117762196797, 8.373488560146766 ], [ 80.320045472666848, 8.375255958798986 ], [ 80.321056276093444, 8.377047885078582 ], [ 80.322119459725982, 8.37880989221231 ], [ 80.323202719267783, 8.380488442505026 ], [ 80.324273140425817, 8.382032534055478 ], [ 80.325298198994844, 8.38339525042325 ], [ 80.326246749088966, 8.384535186161079 ], [ 80.327089969493571, 8.385417704898401 ], [ 80.327802239383331, 8.386015991749963 ], [ 80.328361916798087, 8.386311868072527 ], [ 80.328751996222792, 8.386296343813751 ] ] ] } },
{ "type": "Feature", "properties": { "latitude": 8.39514, "longitude": 80.60126, "brightness": 331.06, "scan": 0.47, "track": 0.47, "acq_date": "2026-08-31T00:00:00", "acq_time": 828, "satellite": "N20", "instrument": "VIIRS", "confidence": "n", "version": "2.0NRT", "brightness_bg": 300.38, "frp": 2.53, "daynight": "D", "source_left": "VIIRS_NOAA20_NRT", "cross_source_count": 1, "state": "Tamil Nadu", "zone_type": "none", "source_right": "curated_research", "osm_id": "", "nearest_zone_dist_m": 222320.68383276425, "is_industrial": false, "facility_type": "none", "zone_name": "Cauvery Delta Rice (TN)", "temperature": 26.7, "humidity": 80, "wind_speed": 21.7, "wind_direction": 217, "aqi": 16, "persistence": 0.0, "ai_classification": "Wildfire", "ai_confidence": 100.0, "spread_speed_kmh": 2.35, "risk_level": "Moderate (Spreading)", "mitigation_strategy": "Establish Firebreak" }, "geometry": { "type": "Polygon", "coordinates": [ [ [ 80.612193851078246, 8.409494106259345 ], [ 80.612343158502981, 8.409181683831923 ], [ 80.612292504817432, 8.408622199934122 ], [ 80.612043429108198, 8.407832654201066 ], [ 80.61160349941467, 8.40683703658032 ], [ 80.61098608277797, 8.40566559840949 ], [ 80.610209939090169, 8.404353933244616 ], [ 80.609298651084487, 8.402941895367999 ], [ 80.608279907785828, 8.401472388835995 ], [ 80.607184663193806, 8.399990063860972 ], [ 80.606046195761152, 8.398539960137203 ], [ 80.604899097244711, 8.397166138332549 ], [ 80.603778221652433, 8.395910341327355 ], [ 80.602717626222002, 8.394810725878161 ], [ 80.601749536608878, 8.393900703243956 ], [ 80.600903367726104, 8.39320792400199 ], [ 80.600204829986978, 8.392753437898966 ], [ 80.599675148107238, 8.392551054265143 ], [ 80.599330416202747, 8.392606922424822 ], [ 80.599181108778012, 8.392919344852244 ], [ 80.59923176246356, 8.393478828750045 ], [ 80.599480838172795, 8.394268374483101 ], [ 80.599920767866323, 8.395263992103846 ], [ 80.600538184503023, 8.396435430274677 ], [ 80.601314328190824, 8.39774709543955 ], [ 80.602225616196506, 8.399159133316168 ], [ 80.603244359495164, 8.400628639848172 ], [ 80.604339604087187, 8.402110964823194 ], [ 80.60547807151984, 8.403561068546963 ], [ 80.606625170036281, 8.404934890351617 ], [ 80.607746045628559, 8.406190687356812 ], [ 80.60880664105899, 8.407290302806006 ], [ 80.609774730672115, 8.408200325440211 ], [ 80.610620899554888, 8.408893104682177 ], [ 80.611319437294014, 8.409347590785201 ], [ 80.611849119173755, 8.409549974419024 ], [ 80.612193851078246, 8.409494106259345 ] ] ] } },
{ "type": "Feature", "properties": { "latitude": 8.45679, "longitude": 80.5248, "brightness": 340.68, "scan": 0.46, "track": 0.47, "acq_date": "2026-08-31T00:00:00", "acq_time": 828, "satellite": "N20", "instrument": "VIIRS", "confidence": "n", "version": "2.0NRT", "brightness_bg": 298.18, "frp": 2.27, "daynight": "D", "source_left": "VIIRS_NOAA20_NRT", "cross_source_count": 1, "state": "Tamil Nadu", "zone_type": "none", "source_right": "curated_research", "osm_id": "", "nearest_zone_dist_m": 212645.24138919494, "is_industrial": false, "facility_type": "none", "zone_name": "Cauvery Delta Rice (TN)", "temperature": 26.9, "humidity": 79, "wind_speed": 20.6, "wind_direction": 210, "aqi": 17, "persistence": 0.0, "ai_classification": "Wildfire", "ai_confidence": 100.0, "spread_speed_kmh": 2.22, "risk_level": "Moderate (Spreading)", "mitigation_strategy": "Establish Firebreak" }, "geometry": { "type": "Polygon", "coordinates": [ [ [ 80.533389257430954, 8.471505136965664 ], [ 80.533565771169592, 8.471228998325904 ], [ 80.533583402844698, 8.470698242965755 ], [ 80.533441616726748, 8.469928997618258 ], [ 80.533144720915189, 8.468944635414044 ], [ 80.532701736438995, 8.467775065700573 ], [ 80.532126123157354, 8.466455825261759 ], [ 80.531435370788515, 8.465026998550769 ], [ 80.5306504674937, 8.463531999744193 ], [ 80.52979526216231, 8.462016253624265 ], [ 80.528895739775621, 8.460525815369833 ], [ 80.527979231866141, 8.459105971193059 ], [ 80.52707358606294, 8.45779986234078 ], [ 80.526206319955463, 8.45664717426955 ], [ 80.525403784985528, 8.455682930823125 ], [ 80.524690365772102, 8.45493643005069 ], [ 80.524087739196972, 8.454430354000474 ], [ 80.523614215763686, 8.454180079537171 ], [ 80.523284183242126, 8.454193211123705 ], [ 80.523107669503489, 8.454469349763466 ], [ 80.523090037828382, 8.455000105123615 ], [ 80.523231823946332, 8.455769350471112 ], [ 80.523528719757891, 8.456753712675326 ], [ 80.523971704234086, 8.457923282388796 ], [ 80.524547317515726, 8.45924252282761 ], [ 80.525238069884566, 8.4606713495386 ], [ 80.52602297317938, 8.462166348345177 ], [ 80.526878178510771, 8.463682094465105 ], [ 80.52777770089746, 8.465172532719537 ], [ 80.52869420880694, 8.46659237689631 ], [ 80.52959985461014, 8.46789848574859 ], [ 80.530467120717617, 8.469051173819819 ], [ 80.531269655687552, 8.470015417266245 ], [ 80.531983074900978, 8.470761918038679 ], [ 80.532585701476108, 8.471267994088896 ], [ 80.533059224909394, 8.471518268552199 ], [ 80.533389257430954, 8.471505136965664 ] ] ] } },
{ "type": "Feature", "properties": { "latitude": 8.47278, "longitude": 80.77496, "brightness": 334.05, "scan": 0.48, "track": 0.48, "acq_date": "2026-08-31T00:00:00", "acq_time": 828, "satellite": "N20", "instrument": "VIIRS", "confidence": "n", "version": "2.0NRT", "brightness_bg": 301.25, "frp": 5.96, "daynight": "D", "source_left": "VIIRS_NOAA20_NRT", "cross_source_count": 1, "state": "Tamil Nadu", "zone_type": "none", "source_right": "curated_research", "osm_id": "", "nearest_zone_dist_m": 223039.5034444831, "is_industrial": false, "facility_type": "none", "zone_name": "Cauvery Delta Rice (TN)", "temperature": 26.7, "humidity": 79, "wind_speed": 19.9, "wind_direction": 224, "aqi": 16, "persistence": 0.0, "ai_classification": "Agricultural Burn", "ai_confidence": 100.0, "spread_speed_kmh": 1.65, "risk_level": "Low (Agricultural Hazard)", "mitigation_strategy": "Issue Local Admin Warning" }, "geometry": { "type": "Polygon", "coordinates": [ [ [ 80.787906398768897, 8.486039959930352 ], [ 80.788019892192267, 8.485702552176862 ], [ 80.787898541836867, 8.485138398050392 ], [ 80.787546034871838, 8.484364639088595 ], [ 80.786973082042962, 8.483404785565986 ], [ 80.786197092231987, 8.482288002146142 ], [ 80.785241643496661, 8.481048221728152 ], [ 80.784135766663326, 8.479723114412659 ], [ 80.78291306323996, 8.478352942914908 ], [ 80.781610684451366, 8.476979339202517 ], [ 80.780268202418, 8.475644039529211 ], [ 80.778926407777121, 8.47438761629987 ], [ 80.777626070279908, 8.473248245298533 ], [ 80.776406700023202, 8.47226054573653 ], [ 80.775305346955236, 8.47145452836525 ], [ 80.774355475131657, 8.470854683614656 ], [ 80.773585945927181, 8.470479237463959 ], [ 80.773020141097277, 8.470339597654462 ], [ 80.772675252335389, 8.470440007071115 ], [ 80.772561758912019, 8.470777414824605 ], [ 80.772683109267419, 8.471341568951075 ], [ 80.773035616232448, 8.472115327912872 ], [ 80.773608569061324, 8.473075181435481 ], [ 80.774384558872299, 8.474191964855326 ], [ 80.775340007607625, 8.475431745273315 ], [ 80.77644588444096, 8.476756852588808 ], [ 80.777668587864326, 8.478127024086559 ], [ 80.778970966652921, 8.47950062779895 ], [ 80.780313448686286, 8.480835927472256 ], [ 80.781655243327165, 8.482092350701597 ], [ 80.782955580824378, 8.483231721702934 ], [ 80.784174951081084, 8.484219421264937 ], [ 80.78527630414905, 8.485025438636217 ], [ 80.786226175972629, 8.485625283386812 ], [ 80.786995705177105, 8.486000729537508 ], [ 80.787561510007009, 8.486140369347005 ], [ 80.787906398768897, 8.486039959930352 ] ] ] } },
{ "type": "Feature", "properties": { "latitude": 8.3909, "longitude": 80.38186, "brightness": 349.29, "scan": 0.45, "track": 0.47, "acq_date": "2026-08-31T00:00:00", "acq_time": 828, "satellite": "N20", "instrument": "VIIRS", "confidence": "n", "version": "2.0NRT", "brightness_bg": 300.79, "frp": 40.32, "daynight": "D", "source_left": "VIIRS_NOAA20_NRT", "cross_source_count": 1, "state": "Tamil Nadu", "zone_type": "none", "source_right": "curated_research", "osm_id": "", "nearest_zone_dist_m": 213701.18928657129, "is_industrial": false, "facility_type": "none", "zone_name": "Cauvery Delta Rice (TN)", "temperature": 27.0, "humidity": 79, "wind_speed": 23.6, "wind_direction": 210, "aqi": 17, "persistence": 0.0, "ai_classification": "Wildfire", "ai_confidence": 100.0, "spread_speed_kmh": 5.18, "risk_level": "Critical (Spreading)", "mitigation_strategy": "Establish Firebreak" }, "geometry": { "type": "Polygon", "coordinates": [ [ [ 80.401917654861023, 8.425268257159338 ], [ 80.402329853692407, 8.424623315572655 ], [ 80.402371027574574, 8.423383698384661 ], [ 80.402039925459945, 8.421587070736338 ], [ 80.401346607718736, 8.419288022249646 ], [ 80.400312140459675, 8.416556408349475 ], [ 80.398967955446949, 8.413475227741918 ], [ 80.397354895062008, 8.410138100540586 ], [ 80.395521971328392, 8.406646423666819 ], [ 80.393524876706223, 8.403106289955558 ], [ 80.391424291905039, 8.399625264578223 ], [ 80.389284042131067, 8.396309116729419 ], [ 80.387169157790666, 8.393258605883483 ], [ 80.385143898574341, 8.390566420268835 ], [ 80.383269800958558, 8.388314360583063 ], [ 80.381603808451032, 8.386570854520123 ], [ 80.380196541391044, 8.385388877629481 ], [ 80.379090758876131, 8.38480434368085 ], [ 80.378320059548457, 8.384835013442469 ], [ 80.377907860717073, 8.385479955029153 ], [ 80.377866686834906, 8.386719572217146 ], [ 80.378197788949535, 8.388516199865469 ], [ 80.378891106690745, 8.390815248352162 ], [ 80.379925573949805, 8.393546862252332 ], [ 80.381269758962532, 8.39662804285989 ], [ 80.382882819347472, 8.399965170061222 ], [ 80.384715743081088, 8.403456846934988 ], [ 80.386712837703257, 8.40699698064625 ], [ 80.388813422504441, 8.410478006023585 ], [ 80.390953672278414, 8.413794153872388 ], [ 80.393068556618815, 8.416844664718324 ], [ 80.395093815835139, 8.419536850332973 ], [ 80.396967913450922, 8.421788910018744 ], [ 80.398633905958448, 8.423532416081684 ], [ 80.400041173018437, 8.424714392972326 ], [ 80.401146955533349, 8.425298926920957 ], [ 80.401917654861023, 8.425268257159338 ] ] ] } },
{ "type": "Feature", "properties": { "latitude": 30.87475, "longitude": 82.85634, "brightness": 303.18, "scan": 1.47, "track": 1.2, "acq_date": "2026-08-31T00:00:00", "acq_time": 347, "satellite": "Terra", "instrument": "MODIS", "confidence": "39", "version": "6.1NRT", "brightness_bg": 286.21, "frp": 7.01, "daynight": "D", "source_left": "MODIS_NRT", "cross_source_count": 1, "state": "Uttarakhand", "zone_type": "none", "source_right": "curated_research", "osm_id": "", "nearest_zone_dist_m": 250829.91926818818, "is_industrial": false, "facility_type": "none", "zone_name": "Nanda Devi NP (Uttarakhand)", "temperature": 0.5, "humidity": 98, "wind_speed": 2.9, "wind_direction": 173, "aqi": 37, "persistence": 0.0, "ai_classification": "Natural Anomaly", "ai_confidence": 100.0, "spread_speed_kmh": 0.64, "risk_level": "Moderate (Spreading)", "mitigation_strategy": "Monitor" }, "geometry": { "type": "Polygon", "coordinates": [ [ [ 82.855491119645009, 30.880683771743229 ], [ 82.855908097973099, 30.880673886553382 ], [ 82.856327579020302, 30.880558246042504 ], [ 82.856736817067258, 30.880340363889005 ], [ 82.857123377623012, 30.880026860331864 ], [ 82.857475515240665, 30.879627261018022 ], [ 82.857782530396904, 30.879153707570428 ], [ 82.858035094591557, 30.878620588670952 ], [ 82.85822553378938, 30.878044102867584 ], [ 82.858348061591713, 30.877441766389747 ], [ 82.858398955053289, 30.876831880926524 ], [ 82.85837666780202, 30.876232977539093 ], [ 82.858281877024766, 30.875663253603822 ], [ 82.858117462891329, 30.875140019894193 ], [ 82.857888421041949, 30.874679174601702 ], [ 82.857601710797326, 30.874294720277366 ], [ 82.857266043703149, 30.87399833837128 ], [ 82.856891618834226, 30.87379903429769 ], [ 82.856489812900733, 30.873702863810017 ], [ 82.856072834572643, 30.873712748999864 ], [ 82.85565335352544, 30.873828389510741 ], [ 82.855244115478484, 30.874046271664241 ], [ 82.854857554922731, 30.874359775221382 ], [ 82.854505417305077, 30.874759374535223 ], [ 82.854198402148839, 30.875232927982818 ], [ 82.853945837954186, 30.875766046882294 ], [ 82.853755398756363, 30.876342532685662 ], [ 82.85363287095403, 30.876944869163498 ], [ 82.853581977492453, 30.877554754626722 ], [ 82.853604264743723, 30.878153658014153 ], [ 82.853699055520977, 30.878723381949424 ], [ 82.853863469654414, 30.879246615659053 ], [ 82.854092511503794, 30.879707460951543 ], [ 82.854379221748417, 30.88009191527588 ], [ 82.854714888842594, 30.880388297181966 ], [ 82.855089313711517, 30.880587601255556 ], [ 82.855491119645009, 30.880683771743229 ] ] ] } }
]
}
