{"type":"FeatureCollection","name":"India All Land Zones (merged)","crs":{"type":"name","properties":{"name":"EPSG:4326"}},"features":[{"type":"Feature","properties":{"name":"Reliance Jamnagar Refinery","landuse":"industrial","industrial":"oil_refinery","zone_type":"industrial","zone_label":"Industrial Zone","zone_color":"#818cf8","source":"osmnx_osm"},"geometry":{"type":"Polygon","coordinates":[[[69.83,22.31],[69.89,22.31],[69.89,22.38],[69.83,22.38],[69.83,22.31]]]}},{"type":"Feature","geometry":{"type":"Polygon","coordinates":[[[70.07,22.63216216216216],[70.0929053919836,22.63077484238494],[70.11541886635982,22.626636620479307],[70.13715521134012,22.619818302569396],[70.15774251203544,22.610436551965044],[70.17682851402303,22.5986518930202],[70.1940866505172,22.584665964516738],[70.20922163001774,22.56871806956898],[70.22197448882912,22.55108108108108],[70.23212702200135,22.53205677281596],[70.23950551687703,22.51197065596257],[70.24398372536315,22.491166409549198],[70.2454850240709,22.47],[70.24398372536315,22.4488335904508],[70.23950551687703,22.428029344037427],[70.23212702200135,22.407943227184038],[70.22197448882912,22.388918918918918],[70.20922163001774,22.371281930431017],[70.1940866505172,22.35533403548326],[70.17682851402303,22.341348106979797],[70.15774251203544,22.329563448034953],[70.13715521134012,22.320181697430602],[70.11541886635982,22.31336337952069],[70.0929053919836,22.309225157615057],[70.07,22.307837837837837],[70.04709460801638,22.309225157615057],[70.02458113364017,22.31336337952069],[70.00284478865987,22.320181697430602],[69.98225748796455,22.329563448034953],[69.96317148597696,22.341348106979797],[69.94591334948278,22.35533403548326],[69.93077836998225,22.371281930431017],[69.91802551117087,22.388918918918918],[69.90787297799864,22.407943227184038],[69.90049448312296,22.428029344037427],[69.89601627463684,22.4488335904508],[69.89451497592908,22.47],[69.89601627463684,22.491166409549198],[69.90049448312296,22.51197065596257],[69.90787297799864,22.53205677281596],[69.91802551117087,22.55108108108108],[69.93077836998225,22.56871806956898],[69.94591334948278,22.584665964516738],[69.96317148597696,22.5986518930202],[69.98225748796455,22.610436551965044],[70.00284478865987,22.619818302569396],[70.02458113364017,22.626636620479307],[70.04709460801638,22.63077484238494],[70.07,22.63216216216216]]]},"properties":{"zone_type":"industrial","zone_label":"Industrial Zone","zone_color":"#818cf8","name":"Jamnagar Petrochemical Complex","state":"Gujarat","subtype":"oil_refinery","area_sqkm":1017.88,"source":"curated_research","osm_id":""}},{"type":"Feature","geometry":{"type":"Polygon","coordinates":[[[72.83,21.325135135135138],[72.84891776319333,21.323979035320786],[72.86751183821342,21.320530517066093],[72.88546407528142,21.3148485854745],[72.90246730664383,21.30703045997087],[72.91823060229781,21.297209910850167],[72.93248424788435,21.285554970430617],[72.94498435957557,21.272265057974153],[72.95551705699478,21.25756756756757],[72.9639021227689,21.241713977346635],[72.96999608609775,21.224975546635477],[72.97369467757923,21.20763867462433],[72.97493461328764,21.19],[72.97369467757923,21.17236132537567],[72.96999608609775,21.155024453364526],[72.9639021227689,21.138286022653368],[72.95551705699478,21.122432432432433],[72.94498435957557,21.10773494202585],[72.93248424788435,21.094445029569385],[72.91823060229781,21.082790089149835],[72.90246730664383,21.07296954002913],[72.88546407528142,21.065151414525502],[72.86751183821342,21.05946948293391],[72.84891776319333,21.056020964679217],[72.83,21.054864864864864],[72.81108223680667,21.056020964679217],[72.79248816178658,21.05946948293391],[72.77453592471858,21.065151414525502],[72.75753269335617,21.07296954002913],[72.74176939770219,21.082790089149835],[72.72751575211565,21.094445029569385],[72.71501564042443,21.10773494202585],[72.70448294300522,21.122432432432433],[72.6960978772311,21.138286022653368],[72.69000391390225,21.155024453364526],[72.68630532242076,21.17236132537567],[72.68506538671235,21.19],[72.68630532242076,21.20763867462433],[72.69000391390225,21.224975546635477],[72.6960978772311,21.241713977346635],[72.70448294300522,21.25756756756757],[72.71501564042443,21.272265057974153],[72.72751575211565,21.285554970430617],[72.74176939770219,21.297209910850167],[72.75753269335617,21.30703045997087],[72.77453592471858,21.3148485854745],[72.79248816178658,21.320530517066093],[72.81108223680667,21.323979035320786],[72.83,21.325135135135138]]]},"properties":{"zone_type":"industrial","zone_label":"Industrial Zone","zone_color":"#818cf8","name":"Surat Diamond & Textile Industrial","state":"Gujarat","subtype":"textile","area_sqkm":706.86,"source":"curated_research","osm_id":""}},{"type":"Feature","geometry":{"type":"Polygon","coordinates":[[[73.18,22.418108108108108],[73.19525270409925,22.417183228256626],[73.21024443020251,22.41442441365287],[73.22471866571966,22.409878868379597],[73.238427752468,22.403624367976693],[73.25113712417237,22.395767928680133],[73.26262931995922,22.38644397634449],[73.27270770517238,22.37581204637932],[73.28119983584662,22.36405405405405],[73.28796040927163,22.351371181877305],[73.29287375016172,22.337980437308378],[73.29585578989203,22.324110939699462],[73.29685550493599,22.31],[73.29585578989203,22.295889060300535],[73.29287375016172,22.28201956269162],[73.28796040927163,22.268628818122693],[73.28119983584662,22.255945945945946],[73.27270770517238,22.244187953620678],[73.26262931995922,22.233556023655506],[73.25113712417237,22.224232071319864],[73.238427752468,22.216375632023304],[73.22471866571966,22.2101211316204],[73.21024443020251,22.205575586347127],[73.19525270409925,22.20281677174337],[73.18,22.20189189189189],[73.16474729590077,22.20281677174337],[73.1497555697975,22.205575586347127],[73.13528133428035,22.2101211316204],[73.12157224753201,22.216375632023304],[73.10886287582764,22.224232071319864],[73.0973706800408,22.233556023655506],[73.08729229482763,22.244187953620678],[73.07880016415339,22.255945945945946],[73.07203959072838,22.268628818122693],[73.0671262498383,22.28201956269162],[73.06414421010798,22.295889060300535],[73.06314449506402,22.31],[73.06414421010798,22.324110939699462],[73.0671262498383,22.337980437308378],[73.07203959072838,22.351371181877305],[73.07880016415339,22.36405405405405],[73.08729229482763,22.37581204637932],[73.0973706800408,22.38644397634449],[73.10886287582764,22.395767928680133],[73.12157224753201,22.403624367976693],[73.13528133428035,22.409878868379597],[73.1497555697975,22.41442441365287],[73.16474729590077,22.417183228256626],[73.18,22.418108108108108]]]},"properties":{"zone_type":"industrial","zone_label":"Industrial Zone","zone_color":"#818cf8","name":"Vadodara (Baroda) Chemical Zone","state":"Gujarat","subtype":"chemical","area_sqkm":452.39,"source":"curated_research","osm_id":""}},{"type":"Feature","geometry":{"type":"Polygon","coordinates":[[[73.0,21.70207207207207],[73.01011989996715,21.701455485504418],[73.02006664564011,21.69961627576858],[73.02967004544263,21.696585912253063],[73.03876578254155,21.692416245317798],[73.04719822635326,21.68717861912009],[73.05482309542626,21.680962650896326],[73.06150992613668,21.673874697586214],[73.06714430495713,21.666036036036036],[73.07162982610383,21.657580787918203],[73.07488974106637,21.648653624872253],[73.0768682717959,21.639407293132976],[73.07753156508309,21.63],[73.0768682717959,21.620592706867022],[73.07488974106637,21.611346375127745],[73.07162982610383,21.602419212081795],[73.06714430495713,21.59396396396396],[73.06150992613668,21.586125302413784],[73.05482309542626,21.57903734910367],[73.04719822635326,21.57282138087991],[73.03876578254155,21.5675837546822],[73.02967004544263,21.563414087746935],[73.02006664564011,21.560383724231418],[73.01011989996715,21.55854451449558],[73.0,21.557927927927928],[72.98988010003285,21.55854451449558],[72.97993335435989,21.560383724231418],[72.97032995455737,21.563414087746935],[72.96123421745845,21.5675837546822],[72.95280177364674,21.57282138087991],[72.94517690457374,21.57903734910367],[72.93849007386332,21.586125302413784],[72.93285569504287,21.59396396396396],[72.92837017389617,21.602419212081795],[72.92511025893363,21.611346375127745],[72.9231317282041,21.620592706867022],[72.92246843491691,21.63],[72.9231317282041,21.639407293132976],[72.92511025893363,21.648653624872253],[72.92837017389617,21.657580787918203],[72.93285569504287,21.666036036036036],[72.93849007386332,21.673874697586214],[72.94517690457374,21.680962650896326],[72.95280177364674,21.68717861912009],[72.96123421745845,21.692416245317798],[72.97032995455737,21.696585912253063],[72.97993335435989,21.69961627576858],[72.98988010003285,21.701455485504418],[73.0,21.70207207207207]]]},"properties":{"zone_type":"industrial","zone_label":"Industrial Zone","zone_color":"#818cf8","name":"Ankleshwar GIDC Industrial Estate","state":"Gujarat","subtype":"chemical","area_sqkm":201.06,"source":"curated_research","osm_id":""}},{"type":"Feature","geometry":{"type":"Polygon","coordinates":[[[72.88,19.06009009009009],[72.89243444461886,19.059319356880522],[72.9046561324428,19.057020344710725],[72.91645594700468,19.05323239031633],[72.92763199020581,19.048020306647246],[72.93799303684844,19.04147327390011],[72.94736180655188,19.033703313620407],[72.955577997069,19.024843371982765],[72.96250102710209,19.015045045045046],[72.96801244168785,19.004475984897756],[72.97201793899468,18.993317031090317],[72.97444898385312,18.98175911641622],[72.97526398041163,18.97],[72.97444898385312,18.958240883583777],[72.97201793899468,18.94668296890968],[72.96801244168785,18.935524015102242],[72.96250102710209,18.924954954954956],[72.955577997069,18.915156628017233],[72.94736180655188,18.90629668637959],[72.93799303684844,18.898526726099888],[72.92763199020581,18.891979693352752],[72.91645594700468,18.886767609683666],[72.9046561324428,18.882979655289272],[72.89243444461886,18.880680643119476],[72.88,18.87990990990991],[72.86756555538113,18.880680643119476],[72.8553438675572,18.882979655289272],[72.84354405299531,18.886767609683666],[72.83236800979418,18.891979693352752],[72.82200696315155,18.898526726099888],[72.81263819344811,18.90629668637959],[72.80442200293099,18.915156628017233],[72.7974989728979,18.924954954954952],[72.79198755831214,18.935524015102242],[72.78798206100531,18.94668296890968],[72.78555101614687,18.958240883583777],[72.78473601958837,18.97],[72.78555101614687,18.98175911641622],[72.78798206100531,18.993317031090317],[72.79198755831214,19.004475984897756],[72.7974989728979,19.015045045045046],[72.80442200293099,19.024843371982765],[72.81263819344811,19.033703313620407],[72.82200696315155,19.04147327390011],[72.83236800979418,19.048020306647246],[72.84354405299531,19.05323239031633],[72.8553438675572,19.057020344710725],[72.86756555538113,19.059319356880522],[72.88,19.06009009009009]]]},"properties":{"zone_type":"industrial","zone_label":"Industrial Zone","zone_color":"#818cf8","name":"Mumbai Mahul Petrochemical Zone","state":"Maharashtra","subtype":"oil_refinery","area_sqkm":314.16,"source":"curated_research","osm_id":""}},{"type":"Feature","geometry":{"type":"Polygon","coordinates":[[[73.88,18.73018018018018],[73.90480704846438,18.728638713761047],[73.92918964145171,18.724040689421454],[73.95273058603586,18.716464780632666],[73.97502709012821,18.706040613294494],[73.99569765436199,18.692946547800222],[74.01438859965216,18.67740662724082],[74.03078011874275,18.659686743965537],[74.04459174819749,18.64009009009009],[74.05558716720712,18.618951969795514],[74.06357824110388,18.596634062180634],[74.06842824039785,18.57351823283244],[74.07005418025643,18.55],[74.06842824039785,18.52648176716756],[74.06357824110388,18.503365937819368],[74.05558716720712,18.48104803020449],[74.04459174819749,18.45990990990991],[74.03078011874275,18.440313256034464],[74.01438859965216,18.42259337275918],[73.99569765436199,18.40705345219978],[73.97502709012821,18.393959386705507],[73.95273058603586,18.383535219367335],[73.92918964145171,18.375959310578548],[73.90480704846438,18.371361286238955],[73.88,18.36981981981982],[73.85519295153561,18.371361286238955],[73.83081035854828,18.375959310578548],[73.80726941396414,18.383535219367335],[73.78497290987178,18.393959386705507],[73.764302345638,18.40705345219978],[73.74561140034783,18.42259337275918],[73.72921988125724,18.440313256034464],[73.7154082518025,18.45990990990991],[73.70441283279287,18.48104803020449],[73.69642175889611,18.503365937819368],[73.69157175960214,18.52648176716756],[73.68994581974356,18.55],[73.69157175960214,18.57351823283244],[73.69642175889611,18.596634062180634],[73.70441283279287,18.618951969795514],[73.7154082518025,18.64009009009009],[73.72921988125724,18.659686743965537],[73.74561140034783,18.67740662724082],[73.764302345638,18.692946547800222],[73.78497290987178,18.706040613294494],[73.80726941396414,18.716464780632666],[73.83081035854828,18.724040689421454],[73.85519295153561,18.728638713761047],[73.88,18.73018018018018]]]},"properties":{"zone_type":"industrial","zone_label":"Industrial Zone","zone_color":"#818cf8","name":"Pune MIDC Industrial Cluster","state":"Maharashtra","subtype":"manufacturing","area_sqkm":1256.64,"source":"curated_research","osm_id":""}},{"type":"Feature","geometry":{"type":"Polygon","coordinates":[[[79.09,21.285135135135135],[79.10891264914575,21.283979035320783],[79.12750169762103,21.28053051706609],[79.14544908165257,21.274848585474498],[79.16244771652366,21.26703045997087],[79.17820675087872,21.257209910850165],[79.19245654327071,21.245554970430614],[79.20495327580103,21.23226505797415],[79.21548312591132,21.217567567567567],[79.22386592494676,21.201713977346632],[79.22995824089173,21.184975546635474],[79.23365583253128,21.167638674624328],[79.23489543304731,21.15],[79.23365583253128,21.13236132537567],[79.22995824089173,21.115024453364523],[79.22386592494676,21.098286022653365],[79.21548312591132,21.08243243243243],[79.20495327580103,21.067734942025847],[79.19245654327071,21.054445029569383],[79.17820675087872,21.042790089149833],[79.16244771652366,21.03296954002913],[79.14544908165257,21.0251514145255],[79.12750169762103,21.019469482933907],[79.10891264914575,21.016020964679214],[79.09,21.01486486486486],[79.07108735085426,21.016020964679214],[79.05249830237898,21.019469482933907],[79.03455091834743,21.0251514145255],[79.01755228347635,21.03296954002913],[79.00179324912129,21.042790089149833],[78.9875434567293,21.054445029569383],[78.97504672419898,21.067734942025847],[78.96451687408869,21.08243243243243],[78.95613407505324,21.098286022653365],[78.95004175910827,21.115024453364523],[78.94634416746872,21.13236132537567],[78.9451045669527,21.15],[78.94634416746872,21.167638674624328],[78.95004175910827,21.184975546635474],[78.95613407505324,21.201713977346632],[78.96451687408869,21.217567567567567],[78.97504672419898,21.23226505797415],[78.9875434567293,21.245554970430614],[79.00179324912129,21.257209910850165],[79.01755228347635,21.26703045997087],[79.03455091834743,21.274848585474498],[79.05249830237898,21.28053051706609],[79.07108735085426,21.283979035320783],[79.09,21.285135135135135]]]},"properties":{"zone_type":"industrial","zone_label":"Industrial Zone","zone_color":"#818cf8","name":"Nagpur Industrial Zone","state":"Maharashtra","subtype":"manufacturing","area_sqkm":706.86,"source":"curated_research","osm_id":""}},{"type":"Feature","geometry":{"type":"Polygon","coordinates":[[[86.18,22.962162162162162],[86.20296046817006,22.960774842384943],[86.22552807636389,22.95663662047931],[86.24731668654836,22.949818302569398],[86.26795348956227,22.940436551965046],[86.28708538398448,22.928651893020202],[86.30438501779702,22.91466596451674],[86.319556389469,22.898718069568982],[86.33233991262483,22.88108108108108],[86.34251685763905,22.86205677281596],[86.3499130941609,22.841970655962573],[86.35440207053283,22.8211664095492],[86.35590697912455,22.8],[86.35440207053283,22.7788335904508],[86.3499130941609,22.75802934403743],[86.34251685763905,22.73794322718404],[86.33233991262483,22.71891891891892],[86.319556389469,22.70128193043102],[86.30438501779702,22.68533403548326],[86.28708538398448,22.6713481069798],[86.26795348956227,22.659563448034955],[86.24731668654836,22.650181697430604],[86.22552807636389,22.643363379520693],[86.20296046817006,22.63922515761506],[86.18,22.63783783783784],[86.15703953182995,22.63922515761506],[86.13447192363613,22.643363379520693],[86.11268331345165,22.650181697430604],[86.09204651043774,22.659563448034955],[86.07291461601554,22.6713481069798],[86.055614982203,22.68533403548326],[86.04044361053101,22.70128193043102],[86.02766008737518,22.71891891891892],[86.01748314236096,22.73794322718404],[86.01008690583912,22.75802934403743],[86.00559792946719,22.7788335904508],[86.00409302087546,22.8],[86.00559792946719,22.8211664095492],[86.01008690583912,22.841970655962573],[86.01748314236096,22.86205677281596],[86.02766008737518,22.88108108108108],[86.04044361053101,22.898718069568982],[86.055614982203,22.91466596451674],[86.07291461601554,22.928651893020202],[86.09204651043774,22.940436551965046],[86.11268331345165,22.949818302569398],[86.13447192363613,22.95663662047931],[86.15703953182995,22.960774842384943],[86.18,22.962162162162162]]]},"properties":{"zone_type":"industrial","zone_label":"Industrial Zone","zone_color":"#818cf8","name":"Jamshedpur Steel & Mining Zone","state":"Jharkhand","subtype":"steel","area_sqkm":1017.88,"source":"curated_research","osm_id":""}},{"type":"Feature","geometry":{"type":"Polygon","coordinates":[[[85.97,23.77810810810811],[85.98540709336497,23.77718322825663],[86.00055056709083,23.774424413652874],[86.01517131214354,23.7698788683796],[86.02901916352161,23.763624367976696],[86.04185718064863,23.755767928680136],[86.05346570149217,23.746443976344494],[86.06364610104212,23.735812046379323],[86.07222418983964,23.724054054054054],[86.07905319440711,23.711371181877308],[86.084016268583,23.69798043730838],[86.08702849279217,23.684110939699465],[86.08803832704322,23.67],[86.08702849279217,23.655889060300538],[86.084016268583,23.642019562691623],[86.07905319440711,23.628628818122696],[86.07222418983964,23.61594594594595],[86.06364610104212,23.60418795362068],[86.05346570149217,23.59355602365551],[86.04185718064863,23.584232071319867],[86.02901916352161,23.576375632023307],[86.01517131214354,23.570121131620404],[86.00055056709083,23.56557558634713],[85.98540709336497,23.562816771743375],[85.97,23.561891891891893],[85.95459290663503,23.562816771743375],[85.93944943290917,23.56557558634713],[85.92482868785646,23.570121131620404],[85.91098083647839,23.576375632023307],[85.89814281935136,23.584232071319867],[85.88653429850783,23.59355602365551],[85.87635389895787,23.60418795362068],[85.86777581016035,23.61594594594595],[85.86094680559289,23.628628818122696],[85.855983731417,23.642019562691623],[85.85297150720783,23.655889060300538],[85.85196167295678,23.67],[85.85297150720783,23.684110939699465],[85.855983731417,23.69798043730838],[85.86094680559289,23.711371181877308],[85.86777581016035,23.724054054054054],[85.87635389895787,23.735812046379323],[85.88653429850783,23.746443976344494],[85.89814281935136,23.755767928680136],[85.91098083647839,23.763624367976696],[85.92482868785646,23.7698788683796],[85.93944943290917,23.774424413652874],[85.95459290663503,23.77718322825663],[85.97,23.77810810810811]]]},"properties":{"zone_type":"industrial","zone_label":"Industrial Zone","zone_color":"#818cf8","name":"Bokaro Steel City","state":"Jharkhand","subtype":"steel","area_sqkm":452.39,"source":"curated_research","osm_id":""}},{"type":"Feature","geometry":{"type":"Polygon","coordinates":[[[87.31,23.598108108108107],[87.32538598127164,23.597183228256625],[87.3405087041379,23.59442441365287],[87.35510941461777,23.589878868379596],[87.36893829050683,23.583624367976693],[87.38175871590454,23.575767928680133],[87.39335132977784,23.56644397634449],[87.40351777928929,23.55581204637932],[87.41208411366908,23.54405405405405],[87.41890376056092,23.531371181877304],[87.42386003391574,23.517980437308378],[87.4268681305223,23.504110939699462],[87.42787658101365,23.49],[87.4268681305223,23.475889060300535],[87.42386003391574,23.46201956269162],[87.41890376056092,23.448628818122693],[87.41208411366908,23.435945945945946],[87.40351777928929,23.424187953620677],[87.39335132977784,23.413556023655506],[87.38175871590454,23.404232071319864],[87.36893829050683,23.396375632023304],[87.35510941461777,23.3901211316204],[87.3405087041379,23.385575586347127],[87.32538598127164,23.38281677174337],[87.31,23.38189189189189],[87.29461401872837,23.38281677174337],[87.2794912958621,23.385575586347127],[87.26489058538223,23.3901211316204],[87.25106170949317,23.396375632023304],[87.23824128409547,23.404232071319864],[87.22664867022216,23.413556023655506],[87.21648222071072,23.424187953620677],[87.20791588633092,23.435945945945946],[87.20109623943908,23.448628818122693],[87.19613996608426,23.46201956269162],[87.19313186947771,23.475889060300535],[87.19212341898636,23.49],[87.19313186947771,23.504110939699462],[87.19613996608426,23.517980437308378],[87.20109623943908,23.531371181877304],[87.20791588633092,23.54405405405405],[87.21648222071072,23.55581204637932],[87.22664867022216,23.56644397634449],[87.23824128409547,23.575767928680133],[87.25106170949317,23.583624367976693],[87.26489058538223,23.589878868379596],[87.2794912958621,23.59442441365287],[87.29461401872837,23.597183228256625],[87.31,23.598108108108107]]]},"properties":{"zone_type":"industrial","zone_label":"Industrial Zone","zone_color":"#818cf8","name":"Durgapur Steel Industrial Zone","state":"West Bengal","subtype":"steel","area_sqkm":452.39,"source":"curated_research","osm_id":""}},{"type":"Feature","geometry":{"type":"Polygon","coordinates":[[[86.98,23.815135135135137],[86.99926034052402,23.813979035320784],[87.0181911312817,23.81053051706609],[87.03646846119456,23.8048485854745],[87.05377960008036,23.79703045997087],[87.06982834955323,23.787209910850166],[87.08434011106011,23.775554970430615],[87.09706658433822,23.76226505797415],[87.1077900159013,23.747567567567568],[87.11632692486224,23.731713977346633],[87.12253124234181,23.714975546635475],[87.12629681074779,23.69763867462433],[87.12755920016073,23.68],[87.12629681074779,23.66236132537567],[87.12253124234181,23.645024453364524],[87.11632692486224,23.628286022653366],[87.1077900159013,23.61243243243243],[87.09706658433822,23.59773494202585],[87.08434011106011,23.584445029569384],[87.06982834955323,23.572790089149834],[87.05377960008036,23.56296954002913],[87.03646846119456,23.5551514145255],[87.0181911312817,23.549469482933908],[86.99926034052402,23.546020964679215],[86.98,23.544864864864863],[86.96073965947599,23.546020964679215],[86.94180886871831,23.549469482933908],[86.92353153880545,23.5551514145255],[86.90622039991965,23.56296954002913],[86.89017165044677,23.572790089149834],[86.8756598889399,23.584445029569384],[86.86293341566179,23.59773494202585],[86.8522099840987,23.61243243243243],[86.84367307513777,23.628286022653366],[86.8374687576582,23.645024453364524],[86.83370318925222,23.66236132537567],[86.83244079983928,23.68],[86.83370318925222,23.69763867462433],[86.8374687576582,23.714975546635475],[86.84367307513777,23.731713977346633],[86.8522099840987,23.747567567567568],[86.86293341566179,23.76226505797415],[86.8756598889399,23.775554970430615],[86.89017165044677,23.787209910850166],[86.90622039991965,23.79703045997087],[86.92353153880545,23.8048485854745],[86.94180886871831,23.81053051706609],[86.96073965947599,23.813979035320784],[86.98,23.815135135135137]]]},"properties":{"zone_type":"industrial","zone_label":"Industrial Zone","zone_color":"#818cf8","name":"Asansol Industrial Belt","state":"West Bengal","subtype":"coal","area_sqkm":706.86,"source":"curated_research","osm_id":""}},{"type":"Feature","geometry":{"type":"Polygon","coordinates":[[[88.06,22.15009009009009],[88.07268799078301,22.149319356880522],[88.08515888652596,22.147020344710725],[88.09719930674507,22.14323239031633],[88.1086032365122,22.138020306647245],[88.11917555142722,22.13147327390011],[88.12873535625077,22.123703313620407],[88.13711908007183,22.114843371982765],[88.1441832750514,22.105045045045046],[88.14980707085483,22.094475984897755],[88.15389424277672,22.083317031090317],[88.1563748581723,22.07175911641622],[88.15720647302437,22.06],[88.1563748581723,22.048240883583777],[88.15389424277672,22.03668296890968],[88.14980707085483,22.025524015102242],[88.1441832750514,22.014954954954952],[88.13711908007183,22.005156628017232],[88.12873535625077,21.99629668637959],[88.11917555142722,21.988526726099888],[88.1086032365122,21.981979693352752],[88.09719930674507,21.976767609683666],[88.08515888652596,21.972979655289272],[88.07268799078301,21.970680643119476],[88.06,21.96990990990991],[88.047312009217,21.970680643119476],[88.03484111347404,21.972979655289272],[88.02280069325494,21.976767609683666],[88.01139676348781,21.981979693352752],[88.00082444857279,21.988526726099888],[87.99126464374923,21.99629668637959],[87.98288091992818,22.005156628017232],[87.9758167249486,22.014954954954952],[87.97019292914517,22.025524015102242],[87.96610575722329,22.03668296890968],[87.9636251418277,22.048240883583777],[87.96279352697563,22.06],[87.9636251418277,22.07175911641622],[87.96610575722329,22.083317031090317],[87.97019292914517,22.094475984897755],[87.9758167249486,22.105045045045046],[87.98288091992818,22.114843371982765],[87.99126464374923,22.123703313620407],[88.00082444857279,22.13147327390011],[88.01139676348781,22.138020306647245],[88.02280069325494,22.14323239031633],[88.03484111347404,22.147020344710725],[88.047312009217,22.149319356880522],[88.06,22.15009009009009]]]},"properties":{"zone_type":"industrial","zone_label":"Industrial Zone","zone_color":"#818cf8","name":"Haldia Petrochemical Complex (WB)","state":"West Bengal","subtype":"oil_refinery","area_sqkm":314.16,"source":"curated_research","osm_id":""}},{"type":"Feature","geometry":{"type":"Polygon","coordinates":[[[84.86,22.328108108108108],[84.87524289808603,22.327183228256626],[84.89022498595969,22.32442441365287],[84.90468991594362,22.319878868379597],[84.91839018907537,22.313624367976693],[84.93109138988322,22.305767928680133],[84.94257619729991,22.29644397634449],[84.95264810308636,22.28581204637932],[84.9611347741421,22.27405405405405],[84.9678910011724,22.261371181877305],[84.9728011832596,22.247980437308378],[84.97578130582684,22.234110939699463],[84.97678037815075,22.22],[84.97578130582684,22.205889060300535],[84.9728011832596,22.19201956269162],[84.9678910011724,22.178628818122693],[84.9611347741421,22.165945945945946],[84.95264810308636,22.154187953620678],[84.94257619729991,22.143556023655506],[84.93109138988322,22.134232071319865],[84.91839018907537,22.126375632023304],[84.90468991594362,22.1201211316204],[84.89022498595969,22.115575586347127],[84.87524289808603,22.112816771743372],[84.86,22.11189189189189],[84.84475710191397,22.112816771743372],[84.82977501404031,22.115575586347127],[84.81531008405638,22.1201211316204],[84.80160981092463,22.126375632023304],[84.78890861011678,22.134232071319865],[84.77742380270008,22.143556023655506],[84.76735189691364,22.154187953620678],[84.7588652258579,22.165945945945946],[84.7521089988276,22.178628818122693],[84.7471988167404,22.19201956269162],[84.74421869417316,22.205889060300535],[84.74321962184925,22.22],[84.74421869417316,22.234110939699463],[84.7471988167404,22.247980437308378],[84.7521089988276,22.261371181877305],[84.7588652258579,22.27405405405405],[84.76735189691364,22.28581204637932],[84.77742380270008,22.29644397634449],[84.78890861011678,22.305767928680133],[84.80160981092463,22.313624367976693],[84.81531008405638,22.319878868379597],[84.82977501404031,22.32442441365287],[84.84475710191397,22.327183228256626],[84.86,22.328108108108108]]]},"properties":{"zone_type":"industrial","zone_label":"Industrial Zone","zone_color":"#818cf8","name":"Rourkela Steel Plant (Odisha)","state":"Odisha","subtype":"steel","area_sqkm":452.39,"source":"curated_research","osm_id":""}},{"type":"Feature","geometry":{"type":"Polygon","coordinates":[[[84.93,20.93009009009009],[84.94258228017307,20.929319356880523],[84.95494927404391,20.927020344710726],[84.96688937891862,20.923232390316333],[84.97819829629236,20.918020306647247],[84.98868252745345,20.91147327390011],[84.99816268429993,20.903703313620408],[85.00647655871978,20.894843371982766],[85.01348189801662,20.885045045045047],[85.01905883889285,20.874475984897757],[85.02311195834385,20.863317031090318],[85.02557190637206,20.851759116416222],[85.02639659258472,20.84],[85.02557190637206,20.828240883583778],[85.02311195834385,20.81668296890968],[85.01905883889285,20.805524015102243],[85.01348189801662,20.794954954954953],[85.00647655871978,20.785156628017234],[84.99816268429993,20.77629668637959],[84.98868252745345,20.76852672609989],[84.97819829629236,20.761979693352753],[84.96688937891862,20.756767609683667],[84.95494927404391,20.752979655289273],[84.94258228017307,20.750680643119477],[84.93,20.74990990990991],[84.91741771982694,20.750680643119477],[84.9050507259561,20.752979655289273],[84.89311062108139,20.756767609683667],[84.88180170370765,20.761979693352753],[84.87131747254656,20.76852672609989],[84.86183731570009,20.77629668637959],[84.85352344128023,20.785156628017234],[84.84651810198339,20.794954954954953],[84.84094116110717,20.805524015102243],[84.83688804165617,20.81668296890968],[84.83442809362795,20.828240883583778],[84.8336034074153,20.84],[84.83442809362795,20.851759116416222],[84.83688804165617,20.863317031090318],[84.84094116110717,20.874475984897757],[84.84651810198339,20.885045045045047],[84.85352344128023,20.894843371982766],[84.86183731570009,20.903703313620408],[84.87131747254656,20.91147327390011],[84.88180170370765,20.918020306647247],[84.89311062108139,20.923232390316333],[84.9050507259561,20.927020344710726],[84.91741771982694,20.929319356880523],[84.93,20.93009009009009]]]},"properties":{"zone_type":"industrial","zone_label":"Industrial Zone","zone_color":"#818cf8","name":"Angul Aluminium Zone (Odisha)","state":"Odisha","subtype":"aluminium","area_sqkm":314.16,"source":"curated_research","osm_id":""}},{"type":"Feature","geometry":{"type":"Polygon","coordinates":[[[85.23,21.11216216216216],[85.25266470992496,21.11077484238494],[85.27494162037925,21.106636620479307],[85.29644956724869,21.099818302569396],[85.31682054359919,21.090436551965045],[85.33570599637751,21.0786518930202],[85.35278279025057,21.06466596451674],[85.36775873654064,21.04871806956898],[85.38037759265454,21.03108108108108],[85.39042344646559,21.01205677281596],[85.39772441062982,20.99197065596257],[85.4021555636262,20.9711664095492],[85.40364108719838,20.95],[85.4021555636262,20.9288335904508],[85.39772441062982,20.908029344037427],[85.39042344646559,20.88794322718404],[85.38037759265454,20.86891891891892],[85.36775873654064,20.851281930431018],[85.35278279025057,20.83533403548326],[85.33570599637751,20.821348106979798],[85.31682054359919,20.809563448034954],[85.29644956724869,20.800181697430602],[85.27494162037925,20.79336337952069],[85.25266470992496,20.789225157615057],[85.23,20.787837837837838],[85.20733529007505,20.789225157615057],[85.18505837962076,20.79336337952069],[85.16355043275132,20.800181697430602],[85.14317945640082,20.809563448034954],[85.1242940036225,20.821348106979798],[85.10721720974944,20.83533403548326],[85.09224126345937,20.851281930431018],[85.07962240734547,20.86891891891892],[85.06957655353442,20.88794322718404],[85.06227558937019,20.908029344037427],[85.05784443637381,20.9288335904508],[85.05635891280163,20.95],[85.05784443637381,20.9711664095492],[85.06227558937019,20.99197065596257],[85.06957655353442,21.01205677281596],[85.07962240734547,21.03108108108108],[85.09224126345937,21.04871806956898],[85.10721720974944,21.06466596451674],[85.1242940036225,21.0786518930202],[85.14317945640082,21.090436551965045],[85.16355043275132,21.099818302569396],[85.18505837962076,21.106636620479307],[85.20733529007505,21.11077484238494],[85.23,21.11216216216216]]]},"properties":{"zone_type":"industrial","zone_label":"Industrial Zone","zone_color":"#818cf8","name":"Talcher Coal Fields (Odisha)","state":"Odisha","subtype":"coal","area_sqkm":1017.88,"source":"curated_research","osm_id":""}},{"type":"Feature","geometry":{"type":"Polygon","coordinates":[[[83.23,17.825135135135138],[83.24851412365324,17.823979035320786],[83.26671146551767,17.820530517066093],[83.28428066402877,17.8148485854745],[83.30092110532888,17.80703045997087],[83.31634806685378,17.797209910850167],[83.33029758901459,17.785554970430617],[83.34253099161963,17.772265057974153],[83.35283895775856,17.75756756756757],[83.36104511527286,17.741713977346635],[83.36700905453226,17.724975546635477],[83.37062873088253,17.70763867462433],[83.37184221065776,17.69],[83.37062873088253,17.67236132537567],[83.36700905453226,17.655024453364526],[83.36104511527286,17.638286022653368],[83.35283895775856,17.622432432432433],[83.34253099161963,17.60773494202585],[83.33029758901459,17.594445029569385],[83.31634806685378,17.582790089149835],[83.30092110532888,17.57296954002913],[83.28428066402877,17.565151414525502],[83.26671146551767,17.55946948293391],[83.24851412365324,17.556020964679217],[83.23,17.554864864864864],[83.21148587634677,17.556020964679217],[83.19328853448233,17.55946948293391],[83.17571933597124,17.565151414525502],[83.15907889467113,17.57296954002913],[83.14365193314623,17.582790089149835],[83.12970241098542,17.594445029569385],[83.11746900838038,17.60773494202585],[83.10716104224144,17.622432432432433],[83.09895488472715,17.638286022653368],[83.09299094546775,17.655024453364526],[83.08937126911748,17.67236132537567],[83.08815778934225,17.69],[83.08937126911748,17.70763867462433],[83.09299094546775,17.724975546635477],[83.09895488472715,17.741713977346635],[83.10716104224144,17.75756756756757],[83.11746900838038,17.772265057974153],[83.12970241098542,17.785554970430617],[83.14365193314623,17.797209910850167],[83.15907889467113,17.80703045997087],[83.17571933597124,17.8148485854745],[83.19328853448233,17.820530517066093],[83.21148587634677,17.823979035320786],[83.23,17.825135135135138]]]},"properties":{"zone_type":"industrial","zone_label":"Industrial Zone","zone_color":"#818cf8","name":"Vishakhapatnam Port Industrial","state":"Andhra Pradesh","subtype":"port_industrial","area_sqkm":706.86,"source":"curated_research","osm_id":""}},{"type":"Feature","geometry":{"type":"Polygon","coordinates":[[[78.5,17.68018018018018],[78.52465955209667,17.678638713761046],[78.54889717242003,17.674040689421453],[78.57229814856642,17.666464780632666],[78.59446208334602,17.656040613294493],[78.61500974568973,17.64294654780022],[78.63358955939796,17.62740662724082],[78.64988361870687,17.609686743965536],[78.66361312774411,17.59009009009009],[78.67454317080353,17.568951969795513],[78.68248673181797,17.546634062180633],[78.68730789425615,17.52351823283244],[78.68892416669203,17.5],[78.68730789425615,17.47648176716756],[78.68248673181797,17.453365937819367],[78.67454317080353,17.431048030204487],[78.66361312774411,17.40990990990991],[78.64988361870687,17.390313256034464],[78.63358955939796,17.37259337275918],[78.61500974568973,17.35705345219978],[78.59446208334602,17.343959386705507],[78.57229814856642,17.333535219367334],[78.54889717242003,17.325959310578547],[78.52465955209667,17.321361286238954],[78.5,17.31981981981982],[78.47534044790333,17.321361286238954],[78.45110282757997,17.325959310578547],[78.42770185143358,17.333535219367334],[78.40553791665398,17.343959386705507],[78.38499025431027,17.35705345219978],[78.36641044060204,17.37259337275918],[78.35011638129313,17.390313256034464],[78.33638687225589,17.40990990990991],[78.32545682919647,17.43104803020449],[78.31751326818203,17.453365937819367],[78.31269210574385,17.47648176716756],[78.31107583330797,17.5],[78.31269210574385,17.52351823283244],[78.31751326818203,17.546634062180633],[78.32545682919647,17.568951969795513],[78.33638687225589,17.59009009009009],[78.35011638129313,17.609686743965536],[78.36641044060204,17.62740662724082],[78.38499025431027,17.64294654780022],[78.40553791665398,17.656040613294493],[78.42770185143358,17.666464780632666],[78.45110282757997,17.674040689421453],[78.47534044790333,17.678638713761046],[78.5,17.68018018018018]]]},"properties":{"zone_type":"industrial","zone_label":"Industrial Zone","zone_color":"#818cf8","name":"Hyderabad Pharma City (Telangana)","state":"Telangana","subtype":"pharma","area_sqkm":1256.64,"source":"curated_research","osm_id":""}},{"type":"Feature","geometry":{"type":"Polygon","coordinates":[[[80.27,13.242162162162161],[80.291730199038,13.240774842384942],[80.3130885883457,13.236636620479308],[80.33370971996041,13.229818302569399],[80.35324076060293,13.220436551965044],[80.37134752875282,13.2086518930202],[80.38772021258691,13.194665964516737],[80.40207867094543,13.178718069568982],[80.41417722662494,13.16108108108108],[80.42380886998343,13.14205677281596],[80.43080880093262,13.12197065596257],[80.43505724871324,13.101166409549197],[80.43648152120585,13.08],[80.43505724871324,13.058833590450803],[80.43080880093262,13.03802934403743],[80.42380886998343,13.01794322718404],[80.41417722662494,12.99891891891892],[80.40207867094543,12.981281930431019],[80.38772021258691,12.965334035483263],[80.37134752875282,12.9513481069798],[80.35324076060293,12.939563448034956],[80.33370971996041,12.930181697430601],[80.3130885883457,12.923363379520692],[80.291730199038,12.919225157615058],[80.27,12.917837837837839],[80.24826980096199,12.919225157615058],[80.22691141165429,12.923363379520692],[80.20629028003958,12.930181697430601],[80.18675923939706,12.939563448034956],[80.16865247124717,12.9513481069798],[80.15227978741308,12.965334035483263],[80.13792132905456,12.981281930431019],[80.12582277337505,12.99891891891892],[80.11619113001656,13.01794322718404],[80.10919119906737,13.03802934403743],[80.10494275128676,13.058833590450803],[80.10351847879414,13.08],[80.10494275128676,13.101166409549197],[80.10919119906737,13.12197065596257],[80.11619113001656,13.14205677281596],[80.12582277337505,13.16108108108108],[80.13792132905456,13.178718069568982],[80.15227978741308,13.194665964516737],[80.16865247124717,13.2086518930202],[80.18675923939706,13.220436551965044],[80.20629028003958,13.229818302569399],[80.22691141165429,13.236636620479308],[80.24826980096199,13.240774842384942],[80.27,13.242162162162161]]]},"properties":{"zone_type":"industrial","zone_label":"Industrial Zone","zone_color":"#818cf8","name":"Chennai Industrial Corridor (TN)","state":"Tamil Nadu","subtype":"manufacturing","area_sqkm":1017.88,"source":"curated_research","osm_id":""}},{"type":"Feature","geometry":{"type":"Polygon","coordinates":[[[80.32,13.29009009009009],[80.33207823668067,13.289319356880522],[80.34394981138303,13.287020344710726],[80.35541159817248,13.283232390316332],[80.36626748269924,13.278020306647246],[80.37633171776926,13.27147327390011],[80.38543210153014,13.26370331362041],[80.39341292389264,13.254843371982767],[80.40013763077341,13.245045045045044],[80.40549116057332,13.234475984897756],[80.40938191291318,13.223317031090316],[80.41174331594175,13.21175911641622],[80.4125349653985,13.2],[80.41174331594175,13.188240883583779],[80.40938191291318,13.176682968909683],[80.40549116057332,13.165524015102243],[80.40013763077341,13.154954954954954],[80.39341292389264,13.145156628017231],[80.38543210153014,13.13629668637959],[80.37633171776926,13.128526726099889],[80.36626748269924,13.121979693352753],[80.35541159817248,13.116767609683667],[80.34394981138303,13.112979655289273],[80.33207823668067,13.110680643119476],[80.32,13.10990990990991],[80.30792176331931,13.110680643119476],[80.29605018861696,13.112979655289273],[80.2845884018275,13.116767609683667],[80.27373251730074,13.121979693352753],[80.26366828223073,13.128526726099889],[80.25456789846984,13.13629668637959],[80.24658707610735,13.145156628017231],[80.23986236922657,13.154954954954954],[80.23450883942667,13.165524015102244],[80.23061808708681,13.176682968909683],[80.22825668405824,13.188240883583779],[80.22746503460148,13.2],[80.22825668405824,13.21175911641622],[80.23061808708681,13.223317031090316],[80.23450883942667,13.234475984897756],[80.23986236922657,13.245045045045044],[80.24658707610735,13.254843371982767],[80.25456789846984,13.26370331362041],[80.26366828223073,13.27147327390011],[80.27373251730074,13.278020306647246],[80.2845884018275,13.283232390316332],[80.29605018861696,13.287020344710726],[80.30792176331931,13.289319356880522],[80.32,13.29009009009009]]]},"properties":{"zone_type":"industrial","zone_label":"Industrial Zone","zone_color":"#818cf8","name":"Ennore Power + Petrochemical (TN)","state":"Tamil Nadu","subtype":"power_plant","area_sqkm":314.16,"source":"curated_research","osm_id":""}},{"type":"Feature","geometry":{"type":"Polygon","coordinates":[[[78.13,8.868108108108109],[78.14427748737675,8.867183228256629],[78.15831068298604,8.864424413652872],[78.17185947496023,8.859878868379598],[78.1846920397122,8.853624367976696],[78.1965888085012,8.845767928680134],[78.20734622431485,8.83644397634449],[78.21678022478605,8.82581204637932],[78.22472939155112,8.814054054054054],[78.23105771216281,8.801371181877307],[78.2356569073009,8.78798043730838],[78.23844828346145,8.774110939699465],[78.23938407942443,8.76],[78.23844828346145,8.745889060300534],[78.2356569073009,8.732019562691619],[78.23105771216281,8.718628818122692],[78.22472939155112,8.705945945945945],[78.21678022478605,8.694187953620679],[78.20734622431485,8.683556023655509],[78.1965888085012,8.674232071319866],[78.1846920397122,8.666375632023303],[78.17185947496023,8.660121131620402],[78.15831068298604,8.655575586347128],[78.14427748737675,8.652816771743371],[78.13,8.651891891891891],[78.11572251262324,8.652816771743371],[78.10168931701395,8.655575586347128],[78.08814052503976,8.660121131620402],[78.07530796028779,8.666375632023303],[78.06341119149879,8.674232071319866],[78.05265377568514,8.683556023655509],[78.04321977521394,8.694187953620679],[78.03527060844887,8.705945945945945],[78.02894228783718,8.718628818122692],[78.02434309269908,8.732019562691619],[78.02155171653854,8.745889060300534],[78.02061592057557,8.76],[78.02155171653854,8.774110939699465],[78.02434309269908,8.78798043730838],[78.02894228783718,8.801371181877307],[78.03527060844887,8.814054054054054],[78.04321977521394,8.82581204637932],[78.05265377568514,8.83644397634449],[78.06341119149879,8.845767928680134],[78.07530796028779,8.853624367976696],[78.08814052503976,8.859878868379598],[78.10168931701395,8.864424413652872],[78.11572251262324,8.867183228256629],[78.13,8.868108108108109]]]},"properties":{"zone_type":"industrial","zone_label":"Industrial Zone","zone_color":"#818cf8","name":"Tuticorin Port Industrial (TN)","state":"Tamil Nadu","subtype":"port_industrial","area_sqkm":452.39,"source":"curated_research","osm_id":""}},{"type":"Feature","geometry":{"type":"Polygon","coordinates":[[[74.88,12.96009009009009],[74.89206214210435,12.959319356880522],[74.90391789761306,12.957020344710726],[74.9153644112623,12.953232390316332],[74.92620583002997,12.948020306647246],[74.93625665423517,12.94147327390011],[74.9453449114891,12.93370331362041],[74.95331509919042,12.924843371982767],[74.96003084521782,12.915045045045044],[74.96537724129479,12.904475984897756],[74.96926280910216,12.893317031090316],[74.97162106549746,12.88175911641622],[74.97241166005995,12.87],[74.97162106549746,12.858240883583779],[74.96926280910216,12.846682968909683],[74.96537724129479,12.835524015102244],[74.96003084521782,12.824954954954954],[74.95331509919042,12.815156628017231],[74.9453449114891,12.80629668637959],[74.93625665423517,12.798526726099889],[74.92620583002997,12.791979693352753],[74.9153644112623,12.786767609683666],[74.90391789761306,12.782979655289273],[74.89206214210435,12.780680643119476],[74.88,12.77990990990991],[74.86793785789564,12.780680643119476],[74.85608210238694,12.782979655289273],[74.84463558873769,12.786767609683666],[74.83379416997002,12.791979693352753],[74.82374334576483,12.798526726099889],[74.81465508851089,12.80629668637959],[74.80668490080957,12.815156628017231],[74.79996915478218,12.824954954954954],[74.7946227587052,12.835524015102244],[74.79073719089783,12.846682968909683],[74.78837893450253,12.858240883583779],[74.78758833994004,12.87],[74.78837893450253,12.88175911641622],[74.79073719089783,12.893317031090316],[74.7946227587052,12.904475984897756],[74.79996915478218,12.915045045045044],[74.80668490080957,12.924843371982767],[74.81465508851089,12.93370331362041],[74.82374334576483,12.94147327390011],[74.83379416997002,12.948020306647246],[74.84463558873769,12.953232390316332],[74.85608210238694,12.957020344710726],[74.86793785789564,12.959319356880522],[74.88,12.96009009009009]]]},"properties":{"zone_type":"industrial","zone_label":"Industrial Zone","zone_color":"#818cf8","name":"Mangalore Refinery (Karnataka)","state":"Karnataka","subtype":"oil_refinery","area_sqkm":314.16,"source":"curated_research","osm_id":""}},{"type":"Feature","geometry":{"type":"Polygon","coordinates":[[[77.57,13.13018018018018],[77.59413200626592,13.128638713761045],[77.61785110721398,13.124040689421452],[77.64075146245077,13.116464780632663],[77.66244124054901,13.106040613294493],[77.68254932339191,13.092946547800222],[77.70073165610701,13.07740662724082],[77.71667713394045,13.059686743965534],[77.7301129253456,13.04009009009009],[77.74080914020638,13.018951969795511],[77.748582763321,12.996634062180634],[77.75330078584268,12.973518232832442],[77.75488248109804,12.95],[77.75330078584268,12.926481767167557],[77.748582763321,12.903365937819364],[77.74080914020638,12.881048030204488],[77.7301129253456,12.85990990990991],[77.71667713394045,12.840313256034465],[77.70073165610701,12.82259337275918],[77.68254932339191,12.807053452199776],[77.66244124054901,12.793959386705506],[77.64075146245077,12.783535219367336],[77.61785110721398,12.775959310578546],[77.59413200626592,12.771361286238953],[77.57,12.76981981981982],[77.54586799373406,12.771361286238953],[77.522148892786,12.775959310578546],[77.49924853754922,12.783535219367336],[77.47755875945097,12.793959386705506],[77.45745067660808,12.807053452199776],[77.43926834389298,12.82259337275918],[77.42332286605954,12.840313256034465],[77.40988707465439,12.85990990990991],[77.3991908597936,12.881048030204488],[77.39141723667899,12.903365937819364],[77.3866992141573,12.926481767167557],[77.38511751890195,12.95],[77.3866992141573,12.973518232832442],[77.39141723667899,12.996634062180634],[77.3991908597936,13.018951969795511],[77.40988707465439,13.04009009009009],[77.42332286605954,13.059686743965534],[77.43926834389298,13.07740662724082],[77.45745067660808,13.092946547800222],[77.47755875945097,13.106040613294493],[77.49924853754922,13.116464780632663],[77.522148892786,13.124040689421452],[77.54586799373406,13.128638713761045],[77.57,13.13018018018018]]]},"properties":{"zone_type":"industrial","zone_label":"Industrial Zone","zone_color":"#818cf8","name":"Bangalore KIADB Industrial Zone","state":"Karnataka","subtype":"electronics","area_sqkm":1256.64,"source":"curated_research","osm_id":""}},{"type":"Feature","geometry":{"type":"Polygon","coordinates":[[[76.97,29.462072072072072],[76.9807968538767,29.46145548550442],[76.99140897059011,29.45961627576858],[77.00165477388106,29.456585912253065],[77.01135895521452,29.4524162453178],[77.0203554733574,29.44717861912009],[77.02849039538995,29.440962650896328],[77.03562453054079,29.433874697586216],[77.04163581177951,29.426036036036038],[77.04642138441749,29.417580787918205],[77.04989936598008,29.408653624872255],[77.05201024723846,29.399407293132978],[77.05271791042904,29.39],[77.05201024723846,29.380592706867024],[77.04989936598008,29.371346375127747],[77.04642138441749,29.362419212081797],[77.04163581177951,29.353963963963963],[77.03562453054079,29.346125302413785],[77.02849039538995,29.339037349103673],[77.0203554733574,29.33282138087991],[77.01135895521452,29.327583754682202],[77.00165477388106,29.323414087746936],[76.99140897059011,29.32038372423142],[76.9807968538767,29.31854451449558],[76.97,29.31792792792793],[76.9592031461233,29.31854451449558],[76.94859102940988,29.32038372423142],[76.93834522611894,29.323414087746936],[76.92864104478548,29.327583754682202],[76.9196445266426,29.33282138087991],[76.91150960461005,29.339037349103673],[76.90437546945921,29.346125302413785],[76.89836418822048,29.353963963963963],[76.89357861558251,29.362419212081797],[76.89010063401992,29.371346375127747],[76.88798975276154,29.380592706867024],[76.88728208957096,29.39],[76.88798975276154,29.399407293132978],[76.89010063401992,29.408653624872255],[76.89357861558251,29.417580787918205],[76.89836418822048,29.426036036036038],[76.90437546945921,29.433874697586216],[76.91150960461005,29.440962650896328],[76.9196445266426,29.44717861912009],[76.92864104478548,29.4524162453178],[76.93834522611894,29.456585912253065],[76.94859102940988,29.45961627576858],[76.9592031461233,29.46145548550442],[76.97,29.462072072072072]]]},"properties":{"zone_type":"industrial","zone_label":"Industrial Zone","zone_color":"#818cf8","name":"Panipat Refinery (Haryana)","state":"Haryana","subtype":"oil_refinery","area_sqkm":201.06,"source":"curated_research","osm_id":""}},{"type":"Feature","geometry":{"type":"Polygon","coordinates":[[[77.67,27.57207207207207],[77.680605612447,27.57145548550442],[77.6910297599246,27.56961627576858],[77.70109408237934,27.566585912253064],[77.71062637646365,27.5624162453178],[77.71946354198292,27.55717861912009],[77.72745437258497,27.550962650896327],[77.73446214294273,27.543874697586215],[77.74036694816246,27.536036036036037],[77.74506775538974,27.527580787918204],[77.74848413250957,27.518653624872254],[77.75055762436226,27.509407293132977],[77.7512527529273,27.5],[77.75055762436226,27.490592706867023],[77.74848413250957,27.481346375127746],[77.74506775538974,27.472419212081796],[77.74036694816246,27.463963963963963],[77.73446214294273,27.456125302413785],[77.72745437258497,27.449037349103673],[77.71946354198292,27.44282138087991],[77.71062637646365,27.4375837546822],[77.70109408237934,27.433414087746936],[77.6910297599246,27.43038372423142],[77.680605612447,27.42854451449558],[77.67,27.42792792792793],[77.65939438755301,27.42854451449558],[77.6489702400754,27.43038372423142],[77.63890591762066,27.433414087746936],[77.62937362353635,27.4375837546822],[77.62053645801709,27.44282138087991],[77.61254562741503,27.449037349103673],[77.60553785705727,27.456125302413785],[77.59963305183754,27.463963963963963],[77.59493224461026,27.472419212081796],[77.59151586749043,27.481346375127746],[77.58944237563774,27.490592706867023],[77.5887472470727,27.5],[77.58944237563774,27.509407293132977],[77.59151586749043,27.518653624872254],[77.59493224461026,27.527580787918204],[77.59963305183754,27.536036036036037],[77.60553785705727,27.543874697586215],[77.61254562741503,27.550962650896327],[77.62053645801709,27.55717861912009],[77.62937362353635,27.5624162453178],[77.63890591762066,27.566585912253064],[77.6489702400754,27.56961627576858],[77.65939438755301,27.57145548550442],[77.67,27.57207207207207]]]},"properties":{"zone_type":"industrial","zone_label":"Industrial Zone","zone_color":"#818cf8","name":"Mathura Oil Refinery (UP)","state":"Uttar Pradesh","subtype":"oil_refinery","area_sqkm":201.06,"source":"curated_research","osm_id":""}},{"type":"Feature","geometry":{"type":"Polygon","coordinates":[[[86.0,25.54207207207207],[86.01042000768068,25.541455485504418],[86.02066172614097,25.53961627576858],[86.03054991673848,25.536585912253063],[86.03991538979056,25.532416245317798],[86.04859789945668,25.52717861912009],[86.05644888558922,25.520962650896326],[86.06333401563873,25.513874697586214],[86.06913548312116,25.506036036036036],[86.07375402331941,25.497580787918203],[86.07711061173019,25.488653624872253],[86.07914781619516,25.479407293132976],[86.07983077958112,25.47],[86.07914781619516,25.460592706867022],[86.07711061173019,25.451346375127745],[86.07375402331941,25.442419212081795],[86.06913548312116,25.43396396396396],[86.06333401563873,25.426125302413784],[86.05644888558922,25.41903734910367],[86.04859789945668,25.412821380879908],[86.03991538979056,25.4075837546822],[86.03054991673848,25.403414087746935],[86.02066172614097,25.400383724231418],[86.01042000768068,25.39854451449558],[86.0,25.397927927927928],[85.98957999231932,25.39854451449558],[85.97933827385903,25.400383724231418],[85.96945008326152,25.403414087746935],[85.96008461020944,25.4075837546822],[85.95140210054332,25.412821380879908],[85.94355111441078,25.41903734910367],[85.93666598436127,25.426125302413784],[85.93086451687884,25.43396396396396],[85.92624597668059,25.442419212081795],[85.92288938826981,25.451346375127745],[85.92085218380484,25.460592706867022],[85.92016922041888,25.47],[85.92085218380484,25.479407293132976],[85.92288938826981,25.488653624872253],[85.92624597668059,25.497580787918203],[85.93086451687884,25.506036036036036],[85.93666598436127,25.513874697586214],[85.94355111441078,25.520962650896326],[85.95140210054332,25.52717861912009],[85.96008461020944,25.532416245317798],[85.96945008326152,25.536585912253063],[85.97933827385903,25.53961627576858],[85.98957999231932,25.541455485504418],[86.0,25.54207207207207]]]},"properties":{"zone_type":"industrial","zone_label":"Industrial Zone","zone_color":"#818cf8","name":"Barauni Refinery (Bihar)","state":"Bihar","subtype":"oil_refinery","area_sqkm":201.06,"source":"curated_research","osm_id":""}},{"type":"Feature","geometry":{"type":"Polygon","coordinates":[[[93.72,26.742072072072073],[93.73052733259046,26.74145548550442],[93.74087453960156,26.739616275768583],[93.75086457745256,26.736585912253066],[93.76032651382609,26.7324162453178],[93.76909845236742,26.727178619120092],[93.77703030277607,26.72096265089633],[93.78398634889244,26.713874697586217],[93.7898475708389,26.70603603603604],[93.7945136814829,26.697580787918206],[93.79790484237763,26.688653624872256],[93.79996302981998,26.67940729313298],[93.80065302765216,26.67],[93.79996302981998,26.660592706867025],[93.79790484237763,26.651346375127748],[93.7945136814829,26.642419212081798],[93.7898475708389,26.633963963963964],[93.78398634889244,26.626125302413786],[93.77703030277607,26.619037349103674],[93.76909845236742,26.61282138087991],[93.76032651382609,26.607583754682203],[93.75086457745256,26.603414087746938],[93.74087453960156,26.60038372423142],[93.73052733259046,26.598544514495583],[93.72,26.59792792792793],[93.70947266740954,26.598544514495583],[93.69912546039843,26.60038372423142],[93.68913542254744,26.603414087746938],[93.67967348617391,26.607583754682203],[93.67090154763258,26.61282138087991],[93.66296969722393,26.619037349103674],[93.65601365110756,26.626125302413786],[93.6501524291611,26.633963963963964],[93.6454863185171,26.642419212081798],[93.64209515762236,26.651346375127748],[93.64003697018002,26.660592706867025],[93.63934697234784,26.67],[93.64003697018002,26.67940729313298],[93.64209515762236,26.688653624872256],[93.6454863185171,26.697580787918206],[93.6501524291611,26.70603603603604],[93.65601365110756,26.713874697586217],[93.66296969722393,26.72096265089633],[93.67090154763258,26.727178619120092],[93.67967348617391,26.7324162453178],[93.68913542254744,26.736585912253066],[93.69912546039843,26.739616275768583],[93.70947266740954,26.74145548550442],[93.72,26.742072072072073]]]},"properties":{"zone_type":"industrial","zone_label":"Industrial Zone","zone_color":"#818cf8","name":"Numaligarh Refinery (Assam)","state":"Assam","subtype":"oil_refinery","area_sqkm":201.06,"source":"curated_research","osm_id":""}},{"type":"Feature","geometry":{"type":"Polygon","coordinates":[[[95.63,27.488108108108108],[95.64589112786734,27.487183228256626],[95.66151035413104,27.48442441365287],[95.67659042949921,27.479878868379597],[95.69087332970136,27.473624367976694],[95.70411467035504,27.465767928680133],[95.71608788845047,27.45644397634449],[95.72658811890646,27.44581204637932],[95.73543569986866,27.43405405405405],[95.74247924677381,27.421371181877305],[95.74759824258152,27.407980437308378],[95.75070509985427,27.394110939699463],[95.75174665940273,27.38],[95.75070509985427,27.365889060300535],[95.74759824258152,27.35201956269162],[95.74247924677381,27.338628818122693],[95.73543569986866,27.325945945945946],[95.72658811890646,27.314187953620678],[95.71608788845047,27.303556023655506],[95.70411467035504,27.294232071319865],[95.69087332970136,27.286375632023304],[95.67659042949921,27.2801211316204],[95.66151035413104,27.275575586347127],[95.64589112786734,27.272816771743372],[95.63,27.27189189189189],[95.61410887213265,27.272816771743372],[95.59848964586895,27.275575586347127],[95.58340957050078,27.2801211316204],[95.56912667029863,27.286375632023304],[95.55588532964495,27.294232071319865],[95.54391211154952,27.303556023655506],[95.53341188109353,27.314187953620678],[95.52456430013133,27.325945945945946],[95.51752075322618,27.338628818122693],[95.51240175741847,27.35201956269162],[95.50929490014572,27.365889060300535],[95.50825334059726,27.38],[95.50929490014572,27.394110939699463],[95.51240175741847,27.407980437308378],[95.51752075322618,27.421371181877305],[95.52456430013133,27.43405405405405],[95.53341188109353,27.44581204637932],[95.54391211154952,27.45644397634449],[95.55588532964495,27.465767928680133],[95.56912667029863,27.473624367976694],[95.58340957050078,27.479878868379597],[95.59848964586895,27.48442441365287],[95.61410887213265,27.487183228256626],[95.63,27.488108108108108]]]},"properties":{"zone_type":"industrial","zone_label":"Industrial Zone","zone_color":"#818cf8","name":"Digboi Oil Field (Assam)","state":"Assam","subtype":"oil_well","area_sqkm":452.39,"source":"curated_research","osm_id":""}},{"type":"Feature","geometry":{"type":"Polygon","coordinates":[[[70.22,23.148108108108108],[70.2353341136148,23.147183228256626],[70.25040585629422,23.14442441365287],[70.26495734634237,23.139878868379597],[70.27873960373006,23.133624367976694],[70.29151681021223,23.125767928680133],[70.30307034424348,23.11644397634449],[70.31320252165325,23.10581204637932],[70.32173997807693,23.09405405405405],[70.32853663526805,23.081371181877305],[70.3334762005377,23.06798043730838],[70.3364741565546,23.054110939699463],[70.33747920746012,23.04],[70.3364741565546,23.025889060300536],[70.3334762005377,23.01201956269162],[70.32853663526805,22.998628818122693],[70.32173997807693,22.985945945945947],[70.31320252165325,22.974187953620678],[70.30307034424348,22.963556023655507],[70.29151681021223,22.954232071319865],[70.27873960373006,22.946375632023305],[70.26495734634237,22.9401211316204],[70.25040585629424,22.935575586347127],[70.2353341136148,22.932816771743372],[70.22,22.93189189189189],[70.2046658863852,22.932816771743372],[70.18959414370578,22.935575586347127],[70.17504265365763,22.9401211316204],[70.16126039626994,22.946375632023305],[70.14848318978777,22.954232071319865],[70.13692965575652,22.963556023655507],[70.12679747834675,22.974187953620678],[70.11826002192306,22.985945945945947],[70.11146336473195,22.998628818122693],[70.1065237994623,23.01201956269162],[70.1035258434454,23.025889060300536],[70.10252079253988,23.04],[70.1035258434454,23.054110939699463],[70.1065237994623,23.06798043730838],[70.11146336473195,23.081371181877305],[70.11826002192306,23.09405405405405],[70.12679747834675,23.10581204637932],[70.13692965575652,23.11644397634449],[70.14848318978777,23.125767928680133],[70.16126039626994,23.133624367976694],[70.17504265365763,23.139878868379597],[70.18959414370578,23.14442441365287],[70.2046658863852,23.147183228256626],[70.22,23.148108108108108]]]},"properties":{"zone_type":"industrial","zone_label":"Industrial Zone","zone_color":"#818cf8","name":"Kandla SEZ & Port (Gujarat)","state":"Gujarat","subtype":"port_sez","area_sqkm":452.39,"source":"curated_research","osm_id":""}},{"type":"Feature","geometry":{"type":"Polygon","coordinates":[[[77.32,28.705135135135137],[77.34008426537342,28.703979035320785],[77.3598248833979,28.700530517066092],[77.3788840866259,28.6948485854745],[77.39693576680597,28.68703045997087],[77.41367105468537,28.677209910850166],[77.42880360484858,28.665554970430616],[77.44207449516676,28.65226505797415],[77.45325665702721,28.63756756756757],[77.4621587605402,28.621713977346634],[77.46862848824648,28.604975546635476],[77.47255514131128,28.58763867462433],[77.47387153361194,28.57],[77.47255514131128,28.55236132537567],[77.46862848824648,28.535024453364525],[77.4621587605402,28.518286022653367],[77.45325665702721,28.502432432432432],[77.44207449516676,28.48773494202585],[77.42880360484858,28.474445029569385],[77.41367105468537,28.462790089149834],[77.39693576680597,28.45296954002913],[77.3788840866259,28.4451514145255],[77.3598248833979,28.43946948293391],[77.34008426537342,28.436020964679216],[77.32,28.434864864864863],[77.29991573462657,28.436020964679216],[77.28017511660208,28.43946948293391],[77.26111591337408,28.4451514145255],[77.24306423319402,28.45296954002913],[77.22632894531462,28.462790089149834],[77.2111963951514,28.474445029569385],[77.19792550483322,28.48773494202585],[77.18674334297278,28.502432432432432],[77.17784123945978,28.518286022653367],[77.1713715117535,28.535024453364525],[77.16744485868871,28.55236132537567],[77.16612846638805,28.57],[77.16744485868871,28.58763867462433],[77.1713715117535,28.604975546635476],[77.17784123945978,28.621713977346634],[77.18674334297278,28.63756756756757],[77.19792550483322,28.65226505797415],[77.2111963951514,28.665554970430616],[77.22632894531462,28.677209910850166],[77.24306423319402,28.68703045997087],[77.26111591337408,28.6948485854745],[77.28017511660208,28.700530517066092],[77.29991573462657,28.703979035320785],[77.32,28.705135135135137]]]},"properties":{"zone_type":"industrial","zone_label":"Industrial Zone","zone_color":"#818cf8","name":"Noida-Greater Noida Industrial","state":"Uttar Pradesh","subtype":"manufacturing","area_sqkm":706.86,"source":"curated_research","osm_id":""}},{"type":"Feature","geometry":{"type":"Polygon","coordinates":[[[75.85,31.035135135135135],[75.87055634079272,31.033979035320783],[75.89076095689518,31.03053051706609],[75.9102681417241,31.024848585474498],[75.92874412193864,31.01703045997087],[75.94587276839479,31.007209910850165],[75.96136100520278,30.995554970430614],[75.97494382433663,30.98226505797415],[75.98638881999511,30.967567567567567],[75.99550016512936,30.951713977346632],[76.00212196209796,30.934975546635474],[76.0061409101189,30.917638674624328],[76.00748824387726,30.9],[76.0061409101189,30.88236132537567],[76.00212196209796,30.865024453364523],[75.99550016512936,30.848286022653365],[75.98638881999511,30.83243243243243],[75.97494382433663,30.817734942025847],[75.96136100520278,30.804445029569383],[75.94587276839479,30.792790089149833],[75.92874412193864,30.78296954002913],[75.9102681417241,30.7751514145255],[75.89076095689518,30.769469482933907],[75.87055634079272,30.766020964679214],[75.85,30.76486486486486],[75.82944365920727,30.766020964679214],[75.80923904310481,30.769469482933907],[75.78973185827589,30.7751514145255],[75.77125587806135,30.78296954002913],[75.7541272316052,30.792790089149833],[75.73863899479721,30.804445029569383],[75.72505617566335,30.817734942025847],[75.71361118000488,30.83243243243243],[75.70449983487063,30.848286022653365],[75.69787803790203,30.865024453364523],[75.69385908988109,30.88236132537567],[75.69251175612273,30.9],[75.69385908988109,30.917638674624328],[75.69787803790203,30.934975546635474],[75.70449983487063,30.951713977346632],[75.71361118000488,30.967567567567567],[75.72505617566335,30.98226505797415],[75.73863899479721,30.995554970430614],[75.7541272316052,31.007209910850165],[75.77125587806135,31.01703045997087],[75.78973185827589,31.024848585474498],[75.80923904310481,31.03053051706609],[75.82944365920727,31.033979035320783],[75.85,31.035135135135135]]]},"properties":{"zone_type":"industrial","zone_label":"Industrial Zone","zone_color":"#818cf8","name":"Ludhiana Industrial Belt (Punjab)","state":"Punjab","subtype":"manufacturing","area_sqkm":706.86,"source":"curated_research","osm_id":""}},{"type":"Feature","geometry":{"type":"Polygon","coordinates":[[[74.87,31.72009009009009],[74.88381065530037,31.719319356880522],[74.89738500645949,31.717020344710726],[74.91049079256554,31.713232390316332],[74.92290376998463,31.708020306647246],[74.93441154923158,31.70147327390011],[74.94481722901293,31.693703313620407],[74.95394276526261,31.684843371982765],[74.96163201752532,31.675045045045046],[74.96775342056297,31.664475984897756],[74.97220223547242,31.653317031090317],[74.97490234179712,31.64175911641622],[74.97580753996925,31.63],[74.97490234179712,31.618240883583777],[74.97220223547242,31.60668296890968],[74.96775342056297,31.595524015102242],[74.96163201752532,31.584954954954952],[74.95394276526261,31.575156628017233],[74.94481722901293,31.56629668637959],[74.93441154923158,31.55852672609989],[74.92290376998463,31.551979693352752],[74.91049079256554,31.546767609683666],[74.89738500645949,31.542979655289273],[74.88381065530037,31.540680643119476],[74.87,31.53990990990991],[74.85618934469964,31.540680643119476],[74.84261499354052,31.542979655289273],[74.82950920743447,31.546767609683666],[74.81709623001538,31.551979693352752],[74.80558845076843,31.55852672609989],[74.79518277098708,31.56629668637959],[74.7860572347374,31.575156628017233],[74.77836798247469,31.584954954954952],[74.77224657943704,31.595524015102242],[74.76779776452759,31.60668296890968],[74.76509765820289,31.618240883583777],[74.76419246003076,31.63],[74.76509765820289,31.64175911641622],[74.76779776452759,31.653317031090317],[74.77224657943704,31.664475984897756],[74.77836798247469,31.675045045045046],[74.7860572347374,31.684843371982765],[74.79518277098708,31.693703313620407],[74.80558845076843,31.70147327390011],[74.81709623001538,31.708020306647246],[74.82950920743447,31.713232390316332],[74.84261499354052,31.717020344710726],[74.85618934469964,31.719319356880522],[74.87,31.72009009009009]]]},"properties":{"zone_type":"industrial","zone_label":"Industrial Zone","zone_color":"#818cf8","name":"Amritsar Industrial Zone","state":"Punjab","subtype":"manufacturing","area_sqkm":314.16,"source":"curated_research","osm_id":""}},{"type":"Feature","geometry":{"type":"Polygon","coordinates":[[[75.85,25.28810810810811],[75.86559261857556,25.287183228256627],[75.88091844312422,25.28442441365287],[75.89571524453879,25.279878868379598],[75.90972984544466,25.273624367976694],[75.92272245213472,25.265767928680134],[75.93447075750629,25.256443976344492],[75.9447737447972,25.24581204637932],[75.9534551270384,25.234054054054052],[75.96036636337277,25.221371181877306],[75.96538920063051,25.20798043730838],[75.96843769667353,25.194110939699463],[75.96945969088932,25.18],[75.96843769667353,25.165889060300536],[75.96538920063051,25.15201956269162],[75.96036636337277,25.138628818122694],[75.9534551270384,25.125945945945947],[75.9447737447972,25.11418795362068],[75.93447075750629,25.103556023655507],[75.92272245213472,25.094232071319865],[75.90972984544466,25.086375632023305],[75.89571524453879,25.080121131620402],[75.88091844312422,25.075575586347128],[75.86559261857556,25.072816771743373],[75.85,25.07189189189189],[75.83440738142443,25.072816771743373],[75.81908155687577,25.075575586347128],[75.8042847554612,25.080121131620402],[75.79027015455533,25.086375632023305],[75.77727754786527,25.094232071319865],[75.7655292424937,25.103556023655507],[75.75522625520279,25.11418795362068],[75.74654487296159,25.125945945945947],[75.73963363662722,25.138628818122694],[75.73461079936948,25.15201956269162],[75.73156230332646,25.165889060300536],[75.73054030911067,25.18],[75.73156230332646,25.194110939699463],[75.73461079936948,25.20798043730838],[75.73963363662722,25.221371181877306],[75.74654487296159,25.234054054054052],[75.75522625520279,25.24581204637932],[75.7655292424937,25.256443976344492],[75.77727754786527,25.265767928680134],[75.79027015455533,25.273624367976694],[75.8042847554612,25.279878868379598],[75.81908155687577,25.28442441365287],[75.83440738142443,25.287183228256627],[75.85,25.28810810810811]]]},"properties":{"zone_type":"industrial","zone_label":"Industrial Zone","zone_color":"#818cf8","name":"Kota Industrial Zone (Rajasthan)","state":"Rajasthan","subtype":"chemical","area_sqkm":452.39,"source":"curated_research","osm_id":""}},{"type":"Feature","geometry":{"type":"Polygon","coordinates":[[[77.41,23.32207207207207],[77.42023877136509,23.32145548550442],[77.43030235451342,23.31961627576858],[77.44001855874713,23.316585912253064],[77.44922113711797,23.3124162453178],[77.45775263095857,23.30717861912009],[77.46546706404392,23.300962650896327],[77.47223244028513,23.293874697586215],[77.47793300221895,23.286036036036037],[77.48247121165022,23.277580787918204],[77.48576941855734,23.268653624872254],[77.4877711897057,23.259407293132977],[77.48844227423594,23.25],[77.4877711897057,23.240592706867023],[77.48576941855734,23.231346375127746],[77.48247121165022,23.222419212081796],[77.47793300221895,23.213963963963963],[77.47223244028513,23.206125302413785],[77.46546706404392,23.199037349103673],[77.45775263095857,23.19282138087991],[77.44922113711797,23.1875837546822],[77.44001855874713,23.183414087746936],[77.43030235451342,23.18038372423142],[77.42023877136509,23.17854451449558],[77.41,23.17792792792793],[77.3997612286349,23.17854451449558],[77.38969764548658,23.18038372423142],[77.37998144125287,23.183414087746936],[77.37077886288202,23.1875837546822],[77.36224736904143,23.19282138087991],[77.35453293595607,23.199037349103673],[77.34776755971487,23.206125302413785],[77.34206699778105,23.213963963963963],[77.33752878834977,23.222419212081796],[77.33423058144265,23.231346375127746],[77.3322288102943,23.240592706867023],[77.33155772576406,23.25],[77.3322288102943,23.259407293132977],[77.33423058144265,23.268653624872254],[77.33752878834977,23.277580787918204],[77.34206699778105,23.286036036036037],[77.34776755971487,23.293874697586215],[77.35453293595607,23.300962650896327],[77.36224736904143,23.30717861912009],[77.37077886288202,23.3124162453178],[77.37998144125287,23.316585912253064],[77.38969764548658,23.31961627576858],[77.3997612286349,23.32145548550442],[77.41,23.32207207207207]]]},"properties":{"zone_type":"industrial","zone_label":"Industrial Zone","zone_color":"#818cf8","name":"BHEL Bhopal Plant (MP)","state":"Madhya Pradesh","subtype":"heavy_engineering","area_sqkm":201.06,"source":"curated_research","osm_id":""}},{"type":"Feature","geometry":{"type":"Polygon","coordinates":[[[82.68,22.55018018018018],[82.70543211563542,22.548638713761047],[82.73042908072118,22.544040689421454],[82.75456319025423,22.536464780632667],[82.7774215029292,22.526040613294494],[82.79861290667871,22.512946547800222],[82.81777481070925,22.49740662724082],[82.83457934953015,22.479686743965537],[82.8487389928231,22.46009009009009],[82.86001146516556,22.438951969795514],[82.86820389143043,22.416634062180634],[82.87317609693294,22.39351823283244],[82.87484300585841,22.37],[82.87317609693294,22.34648176716756],[82.86820389143043,22.323365937819368],[82.86001146516556,22.30104803020449],[82.8487389928231,22.27990990990991],[82.83457934953015,22.260313256034465],[82.81777481070925,22.24259337275918],[82.79861290667871,22.22705345219978],[82.7774215029292,22.213959386705508],[82.75456319025423,22.203535219367335],[82.73042908072118,22.195959310578548],[82.70543211563542,22.191361286238955],[82.68,22.18981981981982],[82.6545678843646,22.191361286238955],[82.62957091927883,22.195959310578548],[82.60543680974578,22.203535219367335],[82.58257849707081,22.213959386705508],[82.5613870933213,22.22705345219978],[82.54222518929076,22.24259337275918],[82.52542065046987,22.260313256034465],[82.51126100717691,22.27990990990991],[82.49998853483446,22.30104803020449],[82.49179610856959,22.323365937819368],[82.48682390306708,22.34648176716756],[82.4851569941416,22.37],[82.48682390306708,22.39351823283244],[82.49179610856959,22.416634062180634],[82.49998853483446,22.438951969795514],[82.51126100717691,22.46009009009009],[82.52542065046987,22.479686743965537],[82.54222518929076,22.49740662724082],[82.5613870933213,22.512946547800222],[82.58257849707081,22.526040613294494],[82.60543680974578,22.536464780632667],[82.62957091927883,22.544040689421454],[82.6545678843646,22.548638713761047],[82.68,22.55018018018018]]]},"properties":{"zone_type":"industrial","zone_label":"Industrial Zone","zone_color":"#818cf8","name":"Korba Power + Coal Zone (CG)","state":"Chhattisgarh","subtype":"power_coal","area_sqkm":1256.64,"source":"curated_research","osm_id":""}},{"type":"Feature","geometry":{"type":"Polygon","coordinates":[[[81.38,21.31810810810811],[81.39513625977047,21.317183228256628],[81.41001353393972,21.314424413652873],[81.42437726822192,21.3098788683796],[81.43798169514115,21.303624367976695],[81.45059403918094,21.295767928680135],[81.461998499638,21.286443976344493],[81.47199994303196,21.275812046379322],[81.48042724189344,21.264054054054053],[81.48713620280243,21.251371181877307],[81.49201203357771,21.23798043730838],[81.49497130740286,21.224110939699464],[81.4959633902823,21.21],[81.49497130740286,21.195889060300537],[81.49201203357771,21.18201956269162],[81.48713620280243,21.168628818122695],[81.48042724189344,21.15594594594595],[81.47199994303196,21.14418795362068],[81.461998499638,21.13355602365551],[81.45059403918094,21.124232071319867],[81.43798169514115,21.116375632023306],[81.42437726822192,21.110121131620403],[81.41001353393972,21.10557558634713],[81.39513625977047,21.102816771743374],[81.38,21.101891891891892],[81.36486374022952,21.102816771743374],[81.34998646606027,21.10557558634713],[81.33562273177807,21.110121131620403],[81.32201830485884,21.116375632023306],[81.30940596081905,21.124232071319867],[81.29800150036199,21.13355602365551],[81.28800005696803,21.14418795362068],[81.27957275810655,21.15594594594595],[81.27286379719756,21.168628818122695],[81.26798796642228,21.18201956269162],[81.26502869259713,21.195889060300537],[81.26403660971769,21.21],[81.26502869259713,21.224110939699464],[81.26798796642228,21.23798043730838],[81.27286379719756,21.251371181877307],[81.27957275810655,21.264054054054053],[81.28800005696803,21.275812046379322],[81.29800150036199,21.286443976344493],[81.30940596081905,21.295767928680135],[81.32201830485884,21.303624367976695],[81.33562273177807,21.3098788683796],[81.34998646606027,21.314424413652873],[81.36486374022952,21.317183228256628],[81.38,21.31810810810811]]]},"properties":{"zone_type":"industrial","zone_label":"Industrial Zone","zone_color":"#818cf8","name":"Bhilai Steel Plant (CG)","state":"Chhattisgarh","subtype":"steel","area_sqkm":452.39,"source":"curated_research","osm_id":""}},{"type":"Feature","geometry":{"type":"Polygon","coordinates":[[[86.61,20.42810810810811],[86.62504737109697,20.427183228256627],[86.63983727750256,20.424424413652872],[86.65411665981762,20.419878868379598],[86.66764119385175,20.413624367976695],[86.68017947107792,20.405767928680135],[86.69151695809653,20.396443976344493],[86.70145966736132,20.38581204637932],[86.70983747636016,20.374054054054053],[86.7165070384583,20.361371181877306],[86.72135423559908,20.34798043730838],[86.72429613089554,20.334110939699464],[86.7252823877035,20.32],[86.72429613089554,20.305889060300537],[86.72135423559908,20.29201956269162],[86.7165070384583,20.278628818122694],[86.70983747636016,20.265945945945948],[86.70145966736132,20.25418795362068],[86.69151695809653,20.243556023655508],[86.68017947107792,20.234232071319866],[86.66764119385175,20.226375632023306],[86.65411665981762,20.220121131620402],[86.63983727750256,20.21557558634713],[86.62504737109697,20.212816771743373],[86.61,20.21189189189189],[86.59495262890303,20.212816771743373],[86.58016272249743,20.21557558634713],[86.56588334018238,20.220121131620402],[86.55235880614825,20.226375632023306],[86.53982052892208,20.234232071319866],[86.52848304190347,20.243556023655508],[86.51854033263868,20.25418795362068],[86.51016252363983,20.265945945945948],[86.5034929615417,20.278628818122694],[86.49864576440092,20.29201956269162],[86.49570386910446,20.305889060300537],[86.4947176122965,20.32],[86.49570386910446,20.334110939699464],[86.49864576440092,20.34798043730838],[86.5034929615417,20.361371181877306],[86.51016252363983,20.374054054054053],[86.51854033263868,20.38581204637932],[86.52848304190347,20.396443976344493],[86.53982052892208,20.405767928680135],[86.55235880614825,20.413624367976695],[86.56588334018238,20.419878868379598],[86.58016272249743,20.424424413652872],[86.59495262890303,20.427183228256627],[86.61,20.42810810810811]]]},"properties":{"zone_type":"industrial","zone_label":"Industrial Zone","zone_color":"#818cf8","name":"Paradip Refinery & Port (Odisha)","state":"Odisha","subtype":"oil_refinery","area_sqkm":452.39,"source":"curated_research","osm_id":""}},{"type":"Feature","geometry":{"type":"Polygon","coordinates":[[[76.27,10.13009009009009],[76.28194199270415,10.129319356880522],[76.2936796546022,10.127020344710726],[76.30501215104475,10.123232390316332],[76.31574557987574,10.118020306647246],[76.32569628915198,10.11147327390011],[76.33469401947889,10.103703313620409],[76.34258481719596,10.094843371982767],[76.34923366856648,10.085045045045044],[76.35452680990011,10.074475984897756],[76.3583736740811,10.063317031090316],[76.36070844019673,10.05175911641622],[76.36149115975148,10.04],[76.36070844019673,10.028240883583779],[76.3583736740811,10.016682968909683],[76.35452680990011,10.005524015102242],[76.34923366856648,9.994954954954954],[76.34258481719596,9.985156628017231],[76.33469401947889,9.97629668637959],[76.32569628915198,9.968526726099888],[76.31574557987574,9.961979693352752],[76.30501215104475,9.956767609683666],[76.2936796546022,9.952979655289273],[76.28194199270415,9.950680643119476],[76.27,9.949909909909909],[76.25805800729584,9.950680643119476],[76.24632034539779,9.952979655289273],[76.23498784895524,9.956767609683666],[76.22425442012425,9.961979693352752],[76.21430371084801,9.968526726099888],[76.2053059805211,9.97629668637959],[76.19741518280404,9.985156628017231],[76.19076633143351,9.994954954954954],[76.18547319009988,10.005524015102244],[76.1816263259189,10.016682968909683],[76.17929155980326,10.028240883583779],[76.17850884024851,10.04],[76.17929155980326,10.05175911641622],[76.1816263259189,10.063317031090316],[76.18547319009988,10.074475984897756],[76.19076633143351,10.085045045045044],[76.19741518280404,10.094843371982767],[76.2053059805211,10.103703313620409],[76.21430371084801,10.11147327390011],[76.22425442012425,10.118020306647246],[76.23498784895524,10.123232390316332],[76.24632034539779,10.127020344710726],[76.25805800729584,10.129319356880522],[76.27,10.13009009009009]]]},"properties":{"zone_type":"industrial","zone_label":"Industrial Zone","zone_color":"#818cf8","name":"Cochin Refinery & Port (Kerala)","state":"Kerala","subtype":"oil_refinery","area_sqkm":314.16,"source":"curated_research","osm_id":""}},{"type":"Feature","geometry":{"type":"Polygon","coordinates":[[[72.93,19.05504504504505],[72.93621871617498,19.054659678440263],[72.94233102839203,19.053510172355367],[72.94823235329449,19.051616195158168],[72.95382171757711,19.049010153323625],[72.95900348566738,19.045736636950057],[72.96368899607658,19.041851656810206],[72.96779807842256,19.037421685991387],[72.97126042516713,19.032522522522523],[72.97401679459753,19.027237992448878],[72.97602002446861,19.02165851554516],[72.97723583896186,19.015879558208113],[72.97764343515423,19.01],[72.97723583896186,19.00412044179189],[72.97602002446861,18.998341484454844],[72.97401679459753,18.992762007551125],[72.97126042516713,18.98747747747748],[72.96779807842256,18.982578314008617],[72.96368899607658,18.978148343189797],[72.95900348566738,18.974263363049946],[72.95382171757711,18.970989846676378],[72.94823235329449,18.968383804841835],[72.94233102839203,18.966489827644637],[72.93621871617498,18.96534032155974],[72.93,18.964954954954955],[72.92378128382504,18.96534032155974],[72.91766897160798,18.966489827644637],[72.91176764670553,18.968383804841835],[72.9061782824229,18.970989846676378],[72.90099651433263,18.974263363049946],[72.89631100392343,18.978148343189797],[72.89220192157745,18.982578314008617],[72.88873957483288,18.98747747747748],[72.88598320540248,18.992762007551125],[72.8839799755314,18.998341484454844],[72.88276416103815,19.00412044179189],[72.88235656484578,19.01],[72.88276416103815,19.015879558208113],[72.8839799755314,19.02165851554516],[72.88598320540248,19.027237992448878],[72.88873957483288,19.032522522522523],[72.89220192157745,19.037421685991387],[72.89631100392343,19.041851656810206],[72.90099651433263,19.045736636950057],[72.9061782824229,19.049010153323625],[72.91176764670553,19.051616195158168],[72.91766897160798,19.053510172355367],[72.92378128382504,19.054659678440263],[72.93,19.05504504504505]]]},"properties":{"zone_type":"industrial","zone_label":"Industrial Zone","zone_color":"#818cf8","name":"Trombay Atomic Plant (Mumbai)","state":"Maharashtra","subtype":"nuclear","area_sqkm":78.54,"source":"curated_research","osm_id":""}},{"type":"Feature","geometry":{"type":"Polygon","coordinates":[[[72.71,19.865045045045047],[72.71624977972324,19.864659678440262],[72.72239262398264,19.863510172355365],[72.72832342700983,19.861616195158167],[72.73394071112067,19.859010153323624],[72.7391483630266,19.855736636950056],[72.7438572783597,19.851851656810204],[72.74798688627305,19.847421685991385],[72.75146652803032,19.842522522522522],[72.7542366659963,19.837237992448877],[72.75624990234236,19.831658515545158],[72.75747179003643,19.82587955820811],[72.75788142224134,19.82],[72.75747179003643,19.81412044179189],[72.75624990234236,19.808341484454843],[72.7542366659963,19.802762007551124],[72.75146652803032,19.79747747747748],[72.74798688627305,19.792578314008615],[72.7438572783597,19.788148343189796],[72.7391483630266,19.784263363049945],[72.73394071112067,19.780989846676377],[72.72832342700983,19.778383804841834],[72.72239262398264,19.776489827644635],[72.71624977972324,19.77534032155974],[72.71,19.774954954954953],[72.70375022027675,19.77534032155974],[72.69760737601734,19.776489827644635],[72.69167657299016,19.778383804841834],[72.68605928887932,19.780989846676377],[72.68085163697339,19.784263363049945],[72.67614272164029,19.788148343189796],[72.67201311372693,19.792578314008615],[72.66853347196967,19.79747747747748],[72.66576333400369,19.802762007551124],[72.66375009765763,19.808341484454843],[72.66252820996355,19.81412044179189],[72.66211857775865,19.82],[72.66252820996355,19.82587955820811],[72.66375009765763,19.831658515545158],[72.66576333400369,19.837237992448877],[72.66853347196967,19.842522522522522],[72.67201311372693,19.847421685991385],[72.67614272164029,19.851851656810204],[72.68085163697339,19.855736636950056],[72.68605928887932,19.859010153323624],[72.69167657299016,19.861616195158167],[72.69760737601734,19.863510172355365],[72.70375022027675,19.864659678440262],[72.71,19.865045045045047]]]},"properties":{"zone_type":"industrial","zone_label":"Industrial Zone","zone_color":"#818cf8","name":"Tarapur Atomic Plant (MH)","state":"Maharashtra","subtype":"nuclear","area_sqkm":78.54,"source":"curated_research","osm_id":""}},{"type":"Feature","geometry":{"type":"Polygon","coordinates":[[[82.68,24.14207207207207],[82.69030317644109,24.14145548550442],[82.7004300626767,24.13961627576858],[82.71020738487562,24.136585912253064],[82.71946785034426,24.1324162453178],[82.72805300995094,24.12717861912009],[82.73581596923455,24.120962650896328],[82.74262390180945,24.113874697586215],[82.74836032206177,24.106036036036038],[82.75292707825054,24.097580787918204],[82.75624603191125,24.088653624872254],[82.75826039482655,24.079407293132977],[82.7589357006885,24.07],[82.75826039482655,24.060592706867023],[82.75624603191125,24.051346375127746],[82.75292707825054,24.042419212081796],[82.74836032206177,24.033963963963963],[82.74262390180945,24.026125302413785],[82.73581596923455,24.019037349103673],[82.72805300995094,24.01282138087991],[82.71946785034426,24.0075837546822],[82.71020738487562,24.003414087746936],[82.7004300626767,24.00038372423142],[82.69030317644109,23.99854451449558],[82.68,23.99792792792793],[82.66969682355892,23.99854451449558],[82.65956993732331,24.00038372423142],[82.6497926151244,24.003414087746936],[82.64053214965575,24.0075837546822],[82.63194699004907,24.01282138087991],[82.62418403076546,24.019037349103673],[82.61737609819056,24.026125302413785],[82.61163967793824,24.033963963963963],[82.60707292174948,24.042419212081796],[82.60375396808877,24.051346375127746],[82.60173960517346,24.060592706867023],[82.60106429931152,24.07],[82.60173960517346,24.079407293132977],[82.60375396808877,24.088653624872254],[82.60707292174948,24.097580787918204],[82.61163967793824,24.106036036036038],[82.61737609819056,24.113874697586215],[82.62418403076546,24.120962650896328],[82.63194699004907,24.12717861912009],[82.64053214965575,24.1324162453178],[82.6497926151244,24.136585912253064],[82.65956993732331,24.13961627576858],[82.66969682355892,24.14145548550442],[82.68,24.14207207207207]]]},"properties":{"zone_type":"industrial","zone_label":"Industrial Zone","zone_color":"#818cf8","name":"NTPC Vindhyachal Power (MP)","state":"Madhya Pradesh","subtype":"power_plant","area_sqkm":201.06,"source":"curated_research","osm_id":""}},{"type":"Feature","geometry":{"type":"Polygon","coordinates":[[[83.06,24.102072072072072],[83.07029996689828,24.10145548550442],[83.08042369850722,24.099616275768582],[83.0901979749722,24.096585912253065],[83.09945555571294,24.0924162453178],[83.10803804095629,24.087178619120092],[83.1157985820002,24.08096265089633],[83.12260439383581,24.073874697586216],[83.12833902713567,24.06603603603604],[83.13290436073409,24.057580787918205],[83.13622228050743,24.048653624872255],[83.13823601592848,24.039407293132978],[83.13891111142587,24.03],[83.13823601592848,24.020592706867024],[83.13622228050743,24.011346375127747],[83.13290436073409,24.002419212081797],[83.12833902713567,23.993963963963964],[83.12260439383581,23.986125302413786],[83.1157985820002,23.979037349103674],[83.10803804095629,23.97282138087991],[83.09945555571294,23.967583754682202],[83.0901979749722,23.963414087746937],[83.08042369850722,23.96038372423142],[83.07029996689828,23.958544514495582],[83.06,23.95792792792793],[83.04970003310173,23.958544514495582],[83.03957630149279,23.96038372423142],[83.0298020250278,23.963414087746937],[83.02054444428707,23.967583754682202],[83.01196195904372,23.97282138087991],[83.00420141799981,23.979037349103674],[82.99739560616419,23.986125302413786],[82.99166097286434,23.993963963963964],[82.98709563926592,24.002419212081797],[82.98377771949258,24.011346375127747],[82.98176398407152,24.020592706867024],[82.98108888857413,24.03],[82.98176398407152,24.039407293132978],[82.98377771949258,24.048653624872255],[82.98709563926592,24.057580787918205],[82.99166097286434,24.06603603603604],[82.99739560616419,24.073874697586216],[83.00420141799981,24.08096265089633],[83.01196195904372,24.087178619120092],[83.02054444428707,24.0924162453178],[83.0298020250278,24.096585912253065],[83.03957630149279,24.099616275768582],[83.04970003310173,24.10145548550442],[83.06,24.102072072072072]]]},"properties":{"zone_type":"industrial","zone_label":"Industrial Zone","zone_color":"#818cf8","name":"NTPC Rihand Power Station (UP)","state":"Uttar Pradesh","subtype":"power_plant","area_sqkm":201.06,"source":"curated_research","osm_id":""}},{"type":"Feature","geometry":{"type":"Polygon","coordinates":[[[69.72,22.88810810810811],[69.73530473399114,22.887183228256628],[69.75034759974044,22.884424413652873],[69.76487120964423,22.8798788683796],[69.77862706071035,22.873624367976696],[69.79137978651322,22.865767928680135],[69.80291118437864,22.856443976344494],[69.81302394889202,22.845812046379322],[69.82154504784874,22.834054054054054],[69.82832868288317,22.821371181877307],[69.83325878411908,22.80798043730838],[69.83625099615745,22.794110939699465],[69.83725412142068,22.78],[69.83625099615745,22.765889060300537],[69.83325878411908,22.752019562691622],[69.82832868288317,22.738628818122695],[69.82154504784874,22.72594594594595],[69.81302394889202,22.71418795362068],[69.80291118437864,22.70355602365551],[69.79137978651322,22.694232071319867],[69.77862706071035,22.686375632023307],[69.76487120964423,22.680121131620403],[69.75034759974044,22.67557558634713],[69.73530473399114,22.672816771743374],[69.72,22.671891891891892],[69.70469526600886,22.672816771743374],[69.68965240025956,22.67557558634713],[69.67512879035577,22.680121131620403],[69.66137293928965,22.686375632023307],[69.64862021348678,22.694232071319867],[69.63708881562135,22.70355602365551],[69.62697605110797,22.71418795362068],[69.61845495215125,22.72594594594595],[69.61167131711683,22.738628818122695],[69.60674121588092,22.752019562691622],[69.60374900384255,22.765889060300537],[69.60274587857931,22.78],[69.60374900384255,22.794110939699465],[69.60674121588092,22.80798043730838],[69.61167131711683,22.821371181877307],[69.61845495215125,22.834054054054054],[69.62697605110797,22.845812046379322],[69.63708881562135,22.856443976344494],[69.64862021348678,22.865767928680135],[69.66137293928965,22.873624367976696],[69.67512879035577,22.8798788683796],[69.68965240025956,22.884424413652873],[69.70469526600886,22.887183228256628],[69.72,22.88810810810811]]]},"properties":{"zone_type":"industrial","zone_label":"Industrial Zone","zone_color":"#818cf8","name":"Mundra UMPP & Port (Gujarat)","state":"Gujarat","subtype":"power_port","area_sqkm":452.39,"source":"curated_research","osm_id":""}},{"type":"Feature","geometry":{"type":"Polygon","coordinates":[[[75.5,14.35135135135135],[75.59070743269113,14.348458004376491],[75.68102644222982,14.339790353207851],[75.7705702687512,14.32538551405842],[75.85895547184307,14.305305170660903],[75.94580357249669,14.279635310128521],[76.03074267381184,14.248485854744981],[76.11340905351665,14.211990191260389],[76.19344872148203,14.1703045997087],[76.27051893556182,14.123607584192628],[76.34428966926733,14.07209910850167],[76.41444502499132,14.015999739836456],[76.48068458673016,13.955549704306145],[76.54272470651117,13.891007858243336],[76.6002997190169,13.822650579741515],[76.6531630792047,13.750770585161625],[76.70108841805055,13.675675675675675],[76.74387051189584,13.597687419214866],[76.78132616124672,13.517139773466338],[76.81329497526237,13.434377655815084],[76.83964005857324,13.349755466354758],[76.86024859748801,13.263635570292065],[76.87503234307918,13.176386746243313],[76.88392798907847,13.08838260706776],[76.88689744296404,13.0],[76.88392798907847,12.91161739293224],[76.87503234307918,12.823613253756687],[76.86024859748801,12.736364429707935],[76.83964005857324,12.650244533645242],[76.81329497526237,12.565622344184916],[76.78132616124672,12.482860226533663],[76.74387051189584,12.402312580785134],[76.70108841805055,12.324324324324325],[76.6531630792047,12.249229414838375],[76.6002997190169,12.177349420258485],[76.54272470651117,12.108992141756664],[76.48068458673016,12.044450295693855],[76.41444502499132,11.984000260163544],[76.34428966926733,11.92790089149833],[76.27051893556182,11.876392415807372],[76.19344872148203,11.8296954002913],[76.11340905351665,11.788009808739611],[76.03074267381184,11.751514145255019],[75.94580357249669,11.720364689871479],[75.85895547184307,11.694694829339097],[75.7705702687512,11.67461448594158],[75.68102644222982,11.660209646792149],[75.59070743269113,11.651541995623509],[75.5,11.64864864864865],[75.40929256730887,11.651541995623509],[75.31897355777018,11.660209646792149],[75.2294297312488,11.67461448594158],[75.14104452815693,11.694694829339097],[75.05419642750331,11.720364689871479],[74.96925732618816,11.751514145255017],[74.88659094648335,11.788009808739611],[74.80655127851797,11.8296954002913],[74.72948106443818,11.876392415807372],[74.65571033073267,11.92790089149833],[74.58555497500868,11.984000260163544],[74.51931541326984,12.044450295693855],[74.45727529348883,12.108992141756664],[74.3997002809831,12.177349420258485],[74.3468369207953,12.249229414838375],[74.29891158194945,12.324324324324325],[74.25612948810416,12.402312580785134],[74.21867383875328,12.482860226533663],[74.18670502473763,12.565622344184916],[74.16035994142676,12.650244533645242],[74.13975140251199,12.736364429707935],[74.12496765692082,12.823613253756687],[74.11607201092153,12.91161739293224],[74.11310255703596,13.0],[74.11607201092153,13.08838260706776],[74.12496765692082,13.176386746243313],[74.13975140251199,13.263635570292065],[74.16035994142676,13.349755466354758],[74.18670502473763,13.434377655815084],[74.21867383875328,13.517139773466338],[74.25612948810416,13.597687419214866],[74.29891158194945,13.675675675675675],[74.3468369207953,13.750770585161623],[74.3997002809831,13.822650579741515],[74.45727529348883,13.891007858243336],[74.51931541326984,13.955549704306145],[74.58555497500868,14.015999739836456],[74.65571033073267,14.07209910850167],[74.72948106443818,14.123607584192628],[74.80655127851797,14.1703045997087],[74.88659094648335,14.211990191260389],[74.96925732618816,14.248485854744983],[75.05419642750331,14.279635310128521],[75.14104452815693,14.305305170660903],[75.2294297312488,14.32538551405842],[75.31897355777018,14.339790353207851],[75.40929256730887,14.348458004376491],[75.5,14.35135135135135]]]},"properties":{"zone_type":"forest","zone_label":"Forest / Jungle","zone_color":"#22c55e","name":"Western Ghats Forest Belt","state":"Karnataka","subtype":"reserve_forest","area_sqkm":70685.83,"source":"curated_research","osm_id":""}},{"type":"Feature","geometry":{"type":"Polygon","coordinates":[[[80.5,17.31081081081081],[80.55530712636818,17.309074802625894],[80.61037741913034,17.30387421192471],[80.66497505883834,17.295231308435053],[80.71886625001696,17.283183102396542],[80.77182022231204,17.267781186077112],[80.82361021868459,17.249091512846988],[80.8740144664192,17.227194114756234],[80.92281712678884,17.20218275982522],[80.96980921930951,17.174164550515577],[81.01478951662666,17.143259465101],[81.05756540620172,17.109599843901872],[81.0979537151084,17.073329822583688],[81.13578149440747,17.034604714946003],[81.17088675974054,16.993590347844908],[81.20311918497198,16.950462351096974],[81.23234074590856,16.905405405405407],[81.25842631134016,16.85861245152892],[81.28126417887087,16.810283864079803],[81.3007565532458,16.76062659348905],[81.31681996512536,16.709853279812855],[81.32938562851376,16.65818134217524],[81.33839973531127,16.605832047745988],[81.34382368572871,16.553029564240656],[81.34563425357767,16.5],[81.34382368572871,16.446970435759344],[81.33839973531127,16.394167952254012],[81.32938562851376,16.34181865782476],[81.31681996512536,16.290146720187145],[81.3007565532458,16.23937340651095],[81.28126417887087,16.189716135920197],[81.25842631134016,16.14138754847108],[81.23234074590856,16.094594594594593],[81.20311918497198,16.049537648903026],[81.17088675974054,16.006409652155092],[81.13578149440747,15.965395285053997],[81.0979537151084,15.926670177416312],[81.05756540620172,15.890400156098126],[81.01478951662666,15.856740534898998],[80.96980921930951,15.825835449484423],[80.92281712678884,15.79781724017478],[80.8740144664192,15.772805885243766],[80.82361021868459,15.75090848715301],[80.77182022231204,15.732218813922888],[80.71886625001696,15.716816897603458],[80.66497505883834,15.704768691564949],[80.61037741913034,15.696125788075289],[80.55530712636818,15.690925197374105],[80.5,15.68918918918919],[80.44469287363182,15.690925197374105],[80.38962258086966,15.696125788075289],[80.33502494116166,15.704768691564949],[80.28113374998304,15.716816897603458],[80.22817977768796,15.732218813922888],[80.17638978131541,15.75090848715301],[80.1259855335808,15.772805885243766],[80.07718287321116,15.79781724017478],[80.03019078069049,15.825835449484423],[79.98521048337334,15.856740534898998],[79.94243459379828,15.890400156098126],[79.9020462848916,15.926670177416312],[79.86421850559253,15.965395285053997],[79.82911324025946,16.006409652155092],[79.79688081502802,16.049537648903026],[79.76765925409144,16.094594594594593],[79.74157368865984,16.14138754847108],[79.71873582112913,16.189716135920197],[79.6992434467542,16.23937340651095],[79.68318003487464,16.290146720187145],[79.67061437148624,16.34181865782476],[79.66160026468873,16.394167952254012],[79.65617631427129,16.446970435759344],[79.65436574642233,16.5],[79.65617631427129,16.553029564240656],[79.66160026468873,16.605832047745988],[79.67061437148624,16.65818134217524],[79.68318003487464,16.709853279812855],[79.6992434467542,16.76062659348905],[79.71873582112913,16.810283864079803],[79.74157368865984,16.85861245152892],[79.76765925409144,16.905405405405407],[79.79688081502802,16.950462351096974],[79.82911324025946,16.993590347844908],[79.86421850559253,17.034604714946003],[79.9020462848916,17.073329822583688],[79.94243459379828,17.109599843901872],[79.98521048337334,17.143259465101],[80.03019078069049,17.174164550515577],[80.07718287321116,17.20218275982522],[80.1259855335808,17.227194114756234],[80.17638978131541,17.249091512846988],[80.22817977768796,17.267781186077112],[80.28113374998304,17.283183102396542],[80.33502494116166,17.295231308435053],[80.38962258086966,17.30387421192471],[80.44469287363182,17.309074802625894],[80.5,17.31081081081081]]]},"properties":{"zone_type":"forest","zone_label":"Forest / Jungle","zone_color":"#22c55e","name":"Eastern Ghats Forests","state":"Andhra Pradesh","subtype":"reserve_forest","area_sqkm":25446.9,"source":"curated_research","osm_id":""}},{"type":"Feature","geometry":{"type":"Polygon","coordinates":[[[81.5,21.58108108108108],[81.5754864791181,21.57876640350119],[81.65064971354373,21.57183228256628],[81.7251678427678,21.560308411246737],[81.79872176872074,21.54424413652872],[81.87099652219942,21.523708248102817],[81.94168261161361,21.498788683795986],[82.01047734827652,21.46959215300831],[82.07708614256421,21.43624367976696],[82.14122376539358,21.398886067354102],[82.20261556961705,21.357679286801336],[82.26099866610392,21.312799791869164],[82.3161230494719,21.264439763444916],[82.36775266864854,21.21280628659467],[82.41566643767821,21.15812046379321],[82.45965918244609,21.1006164681293],[82.49954251926516,21.04054054054054],[82.53514566156419,20.978149935371892],[82.56631615122194,20.91371181877307],[82.59292051141634,20.847502124652067],[82.61484481819264,20.779804373083806],[82.63199518830334,20.710908456233653],[82.64429818123065,20.64110939699465],[82.6517011136701,20.57070608565421],[82.65417228512844,20.5],[82.6517011136701,20.42929391434579],[82.64429818123065,20.35889060300535],[82.63199518830334,20.289091543766347],[82.61484481819264,20.220195626916194],[82.59292051141634,20.152497875347933],[82.56631615122194,20.08628818122693],[82.53514566156419,20.021850064628108],[82.49954251926516,19.95945945945946],[82.45965918244609,19.8993835318707],[82.41566643767821,19.84187953620679],[82.36775266864854,19.78719371340533],[82.3161230494719,19.735560236555084],[82.26099866610392,19.687200208130836],[82.20261556961705,19.642320713198664],[82.14122376539358,19.601113932645898],[82.07708614256421,19.56375632023304],[82.01047734827652,19.53040784699169],[81.94168261161361,19.501211316204014],[81.87099652219942,19.476291751897183],[81.79872176872074,19.45575586347128],[81.7251678427678,19.439691588753263],[81.65064971354373,19.42816771743372],[81.5754864791181,19.42123359649881],[81.5,19.41891891891892],[81.4245135208819,19.42123359649881],[81.34935028645627,19.42816771743372],[81.2748321572322,19.439691588753263],[81.20127823127926,19.45575586347128],[81.12900347780058,19.476291751897183],[81.05831738838639,19.501211316204014],[80.98952265172348,19.53040784699169],[80.92291385743577,19.56375632023304],[80.85877623460642,19.601113932645898],[80.79738443038295,19.642320713198664],[80.73900133389608,19.687200208130836],[80.6838769505281,19.735560236555084],[80.63224733135146,19.78719371340533],[80.58433356232179,19.84187953620679],[80.54034081755391,19.8993835318707],[80.50045748073484,19.95945945945946],[80.46485433843581,20.021850064628108],[80.43368384877806,20.08628818122693],[80.40707948858366,20.152497875347933],[80.38515518180736,20.220195626916194],[80.36800481169666,20.289091543766347],[80.35570181876935,20.35889060300535],[80.3482988863299,20.42929391434579],[80.34582771487156,20.5],[80.3482988863299,20.57070608565421],[80.35570181876935,20.64110939699465],[80.36800481169666,20.710908456233653],[80.38515518180736,20.779804373083806],[80.40707948858366,20.847502124652067],[80.43368384877806,20.91371181877307],[80.46485433843581,20.978149935371892],[80.50045748073484,21.04054054054054],[80.54034081755391,21.1006164681293],[80.58433356232179,21.15812046379321],[80.63224733135146,21.21280628659467],[80.6838769505281,21.264439763444916],[80.73900133389608,21.312799791869164],[80.79738443038295,21.357679286801336],[80.85877623460642,21.398886067354102],[80.92291385743577,21.43624367976696],[80.98952265172348,21.46959215300831],[81.05831738838639,21.498788683795986],[81.12900347780058,21.523708248102817],[81.20127823127926,21.54424413652872],[81.2748321572322,21.560308411246737],[81.34935028645627,21.57183228256628],[81.4245135208819,21.57876640350119],[81.5,21.58108108108108]]]},"properties":{"zone_type":"forest","zone_label":"Forest / Jungle","zone_color":"#22c55e","name":"Chhattisgarh Forest Cover","state":"Chhattisgarh","subtype":"reserve_forest","area_sqkm":45238.93,"source":"curated_research","osm_id":""}},{"type":"Feature","geometry":{"type":"Polygon","coordinates":[[[78.0,24.4009009009009],[78.06425068508699,24.39897200291766],[78.12822623887651,24.393193568805234],[78.19165270822549,24.383590342705613],[78.25425849125479,24.37020344710727],[78.31577550039007,24.35309020675235],[78.37594031035395,24.33232390316332],[78.43449528619348,24.307993460840258],[78.4911896865126,24.280203066472467],[78.54578073718525,24.249071722795087],[78.5980346709515,24.214732739001114],[78.64772772844479,24.17733315989097],[78.69464711636391,24.137033136204096],[78.73859191868658,24.094005238828892],[78.77937395702276,24.048433719827678],[78.81681859642327,24.000513723441085],[78.85076549319365,23.95045045045045],[78.88106928151028,23.89845827947658],[78.90760019589925,23.84475984897756],[78.93024462691207,23.78958510387672],[78.9489056076187,23.733170310903173],[78.96350322883487,23.675757046861378],[78.97397498130546,23.61759116416221],[78.98027602337874,23.558921738045175],[78.9823793730252,23.5],[78.98027602337874,23.441078261954825],[78.97397498130546,23.38240883583779],[78.96350322883487,23.324242953138622],[78.9489056076187,23.266829689096827],[78.93024462691207,23.21041489612328],[78.90760019589925,23.15524015102244],[78.88106928151028,23.10154172052342],[78.85076549319365,23.04954954954955],[78.81681859642327,22.999486276558915],[78.77937395702276,22.951566280172322],[78.73859191868658,22.905994761171108],[78.69464711636391,22.862966863795904],[78.64772772844479,22.82266684010903],[78.5980346709515,22.785267260998886],[78.54578073718525,22.750928277204913],[78.4911896865126,22.719796933527533],[78.43449528619348,22.692006539159742],[78.37594031035395,22.66767609683668],[78.31577550039007,22.64690979324765],[78.2542584912548,22.62979655289273],[78.19165270822549,22.616409657294387],[78.12822623887651,22.606806431194766],[78.06425068508699,22.60102799708234],[78.0,22.5990990990991],[77.93574931491301,22.60102799708234],[77.87177376112349,22.606806431194766],[77.80834729177451,22.616409657294387],[77.7457415087452,22.62979655289273],[77.68422449960993,22.64690979324765],[77.62405968964605,22.66767609683668],[77.56550471380652,22.692006539159742],[77.5088103134874,22.719796933527533],[77.45421926281475,22.750928277204913],[77.4019653290485,22.785267260998886],[77.35227227155521,22.82266684010903],[77.30535288363609,22.862966863795904],[77.26140808131342,22.905994761171108],[77.22062604297724,22.951566280172322],[77.18318140357673,22.999486276558915],[77.14923450680635,23.04954954954955],[77.11893071848972,23.10154172052342],[77.09239980410075,23.155240151022443],[77.06975537308793,23.21041489612328],[77.0510943923813,23.266829689096827],[77.03649677116513,23.324242953138622],[77.02602501869454,23.38240883583779],[77.01972397662126,23.441078261954825],[77.0176206269748,23.5],[77.01972397662126,23.558921738045175],[77.02602501869454,23.61759116416221],[77.03649677116513,23.675757046861378],[77.0510943923813,23.733170310903173],[77.06975537308793,23.78958510387672],[77.09239980410075,23.84475984897756],[77.11893071848972,23.89845827947658],[77.14923450680635,23.95045045045045],[77.18318140357673,24.00051372344108],[77.22062604297724,24.048433719827678],[77.26140808131342,24.094005238828892],[77.30535288363609,24.137033136204096],[77.35227227155521,24.17733315989097],[77.4019653290485,24.214732739001114],[77.45421926281475,24.249071722795087],[77.5088103134874,24.280203066472467],[77.56550471380652,24.307993460840258],[77.62405968964605,24.33232390316332],[77.68422449960993,24.35309020675235],[77.74574150874521,24.37020344710727],[77.80834729177451,24.383590342705613],[77.87177376112349,24.393193568805234],[77.93574931491301,24.39897200291766],[78.0,24.4009009009009]]]},"properties":{"zone_type":"forest","zone_label":"Forest / Jungle","zone_color":"#22c55e","name":"Madhya Pradesh Vindhya Forests","state":"Madhya Pradesh","subtype":"reserve_forest","area_sqkm":31415.93,"source":"curated_research","osm_id":""}},{"type":"Feature","geometry":{"type":"Polygon","coordinates":[[[78.0,23.13063063063063],[78.04464350078143,23.12928040204236],[78.08909583123874,23.125235498163665],[78.13316663966843,23.11851323989393],[78.17666720810294,23.10914241297509],[78.21941126042992,23.097163144726643],[78.26121576005511,23.082626732214326],[78.30190169369317,23.06559542258818],[78.34129483793004,23.046142146530727],[78.37922650527435,23.02435020595656],[78.41553426650317,23.00031291730078],[78.45006264620885,22.97413321192368],[78.48266378856859,22.945923195342868],[78.51319809048577,22.915803667180224],[78.5415347993919,22.883903603879375],[78.56755257314909,22.85035960640876],[78.59113999965581,22.815315315315317],[78.61219607393053,22.778920795633603],[78.63063063063063,22.74133189428429],[78.64636473015419,22.702709572713704],[78.65933099667153,22.66321921763222],[78.66947390663877,22.623029932802964],[78.67675002655828,22.582313814913547],[78.68112819896751,22.541245216631623],[78.68258967586007,22.5],[78.68112819896751,22.458754783368377],[78.67675002655828,22.417686185086453],[78.66947390663877,22.376970067197036],[78.65933099667153,22.33678078236778],[78.64636473015419,22.297290427286296],[78.63063063063063,22.25866810571571],[78.61219607393053,22.221079204366397],[78.59113999965581,22.184684684684683],[78.56755257314909,22.14964039359124],[78.5415347993919,22.116096396120625],[78.51319809048577,22.084196332819776],[78.48266378856859,22.054076804657132],[78.45006264620885,22.02586678807632],[78.41553426650317,21.99968708269922],[78.37922650527435,21.97564979404344],[78.34129483793004,21.953857853469273],[78.30190169369317,21.93440457741182],[78.26121576005511,21.917373267785674],[78.21941126042992,21.902836855273357],[78.17666720810294,21.89085758702491],[78.13316663966843,21.88148676010607],[78.08909583123874,21.874764501836335],[78.04464350078143,21.87071959795764],[78.0,21.86936936936937],[77.95535649921857,21.87071959795764],[77.91090416876126,21.874764501836335],[77.86683336033157,21.88148676010607],[77.82333279189706,21.89085758702491],[77.78058873957008,21.902836855273357],[77.73878423994489,21.917373267785674],[77.69809830630683,21.93440457741182],[77.65870516206996,21.953857853469273],[77.62077349472565,21.97564979404344],[77.58446573349683,21.99968708269922],[77.54993735379115,22.02586678807632],[77.51733621143141,22.054076804657132],[77.48680190951423,22.084196332819776],[77.4584652006081,22.116096396120625],[77.43244742685091,22.14964039359124],[77.40886000034419,22.184684684684683],[77.38780392606947,22.221079204366397],[77.36936936936937,22.25866810571571],[77.35363526984581,22.297290427286296],[77.34066900332847,22.33678078236778],[77.33052609336123,22.376970067197036],[77.32324997344172,22.417686185086453],[77.31887180103249,22.458754783368377],[77.31741032413993,22.5],[77.31887180103249,22.541245216631623],[77.32324997344172,22.582313814913547],[77.33052609336123,22.623029932802964],[77.34066900332847,22.66321921763222],[77.35363526984581,22.702709572713704],[77.36936936936937,22.74133189428429],[77.38780392606947,22.778920795633603],[77.40886000034419,22.815315315315317],[77.43244742685091,22.85035960640876],[77.4584652006081,22.883903603879375],[77.48680190951423,22.915803667180224],[77.51733621143141,22.945923195342868],[77.54993735379115,22.97413321192368],[77.58446573349683,23.00031291730078],[77.62077349472565,23.02435020595656],[77.65870516206996,23.046142146530727],[77.69809830630683,23.06559542258818],[77.73878423994489,23.082626732214326],[77.78058873957008,23.097163144726643],[77.82333279189706,23.10914241297509],[77.86683336033157,23.11851323989393],[77.91090416876126,23.125235498163665],[77.95535649921857,23.12928040204236],[78.0,23.13063063063063]]]},"properties":{"zone_type":"forest","zone_label":"Forest / Jungle","zone_color":"#22c55e","name":"Satpura Range Forests","state":"Madhya Pradesh","subtype":"reserve_forest","area_sqkm":15393.8,"source":"curated_research","osm_id":""}},{"type":"Feature","geometry":{"type":"Polygon","coordinates":[[[85.0,24.22072072072072],[85.0514005480696,24.219177602334128],[85.1025809911012,24.214554855044188],[85.1533221665804,24.20687227416449],[85.20340679300384,24.196162757685816],[85.25262040031205,24.18247216540188],[85.30075224828316,24.16585912253066],[85.34759622895479,24.14639476867221],[85.39295174921008,24.124162453177973],[85.4366245897482,24.099257378236068],[85.4784277367612,24.07178619120089],[85.51818218275584,24.041866527912777],[85.55571769309113,24.009626508963276],[85.59087353494927,23.975204191063114],[85.6234991656182,23.93874697586214],[85.65345487713863,23.900410978752866],[85.68061239455493,23.86036036036036],[85.70485542520822,23.81876662358126],[85.7260801567194,23.775807879182047],[85.74419570152966,23.73166808310138],[85.75912448609496,23.686536248722536],[85.77080258306789,23.640605637489102],[85.77917998504437,23.594072931329766],[85.78422081870299,23.547137390436138],[85.78590349842015,23.5],[85.78422081870299,23.452862609563862],[85.77917998504437,23.405927068670234],[85.77080258306789,23.359394362510898],[85.75912448609496,23.313463751277464],[85.74419570152966,23.26833191689862],[85.7260801567194,23.224192120817953],[85.70485542520822,23.18123337641874],[85.68061239455493,23.13963963963964],[85.65345487713863,23.099589021247134],[85.6234991656182,23.06125302413786],[85.59087353494927,23.024795808936886],[85.55571769309113,22.990373491036724],[85.51818218275584,22.958133472087223],[85.4784277367612,22.92821380879911],[85.4366245897482,22.900742621763932],[85.39295174921008,22.875837546822027],[85.34759622895479,22.85360523132779],[85.30075224828316,22.83414087746934],[85.25262040031205,22.81752783459812],[85.20340679300384,22.803837242314184],[85.1533221665804,22.79312772583551],[85.1025809911012,22.785445144955812],[85.0514005480696,22.780822397665872],[85.0,22.77927927927928],[84.9485994519304,22.780822397665872],[84.8974190088988,22.785445144955812],[84.8466778334196,22.79312772583551],[84.79659320699616,22.803837242314184],[84.74737959968795,22.81752783459812],[84.69924775171684,22.83414087746934],[84.65240377104521,22.85360523132779],[84.60704825078992,22.875837546822027],[84.5633754102518,22.900742621763932],[84.5215722632388,22.92821380879911],[84.48181781724416,22.958133472087223],[84.44428230690887,22.990373491036724],[84.40912646505073,23.024795808936886],[84.3765008343818,23.06125302413786],[84.34654512286137,23.099589021247134],[84.31938760544507,23.13963963963964],[84.29514457479178,23.18123337641874],[84.2739198432806,23.224192120817953],[84.25580429847034,23.26833191689862],[84.24087551390504,23.313463751277464],[84.22919741693211,23.359394362510898],[84.22082001495563,23.405927068670234],[84.21577918129701,23.452862609563862],[84.21409650157985,23.5],[84.21577918129701,23.547137390436138],[84.22082001495563,23.594072931329766],[84.22919741693211,23.640605637489102],[84.24087551390504,23.686536248722536],[84.25580429847034,23.73166808310138],[84.2739198432806,23.775807879182047],[84.29514457479178,23.81876662358126],[84.31938760544507,23.86036036036036],[84.34654512286137,23.900410978752866],[84.3765008343818,23.93874697586214],[84.40912646505073,23.975204191063114],[84.44428230690887,24.009626508963276],[84.48181781724416,24.041866527912777],[84.5215722632388,24.07178619120089],[84.5633754102518,24.099257378236068],[84.60704825078992,24.124162453177973],[84.65240377104521,24.14639476867221],[84.69924775171684,24.16585912253066],[84.74737959968795,24.18247216540188],[84.79659320699616,24.196162757685816],[84.8466778334196,24.20687227416449],[84.8974190088988,24.214554855044188],[84.9485994519304,24.219177602334128],[85.0,24.22072072072072]]]},"properties":{"zone_type":"forest","zone_label":"Forest / Jungle","zone_color":"#22c55e","name":"Jharkhand Forest Belt","state":"Jharkhand","subtype":"reserve_forest","area_sqkm":20106.19,"source":"curated_research","osm_id":""}},{"type":"Feature","geometry":{"type":"Polygon","coordinates":[[[84.0,21.31081081081081],[84.05661485933858,21.309074802625894],[84.1129872851578,21.30387421192471],[84.16887588207585,21.295231308435053],[84.22404132654056,21.283183102396542],[84.27824739164956,21.267781186077112],[84.3312619587102,21.249091512846988],[84.3828580112074,21.227194114756234],[84.43281460692316,21.20218275982522],[84.48091782404518,21.174164550515577],[84.52696167721278,21.143259465101],[84.57074899957794,21.109599843901872],[84.61209228710392,21.073329822583688],[84.65081450148641,21.034604714946003],[84.68674982825866,20.993590347844908],[84.71974438683456,20.950462351096974],[84.74965688944887,20.905405405405407],[84.77635924617314,20.85861245152892],[84.79973711341646,20.810283864079803],[84.81969038356225,20.76062659348905],[84.83613361364448,20.709853279812855],[84.8489963912275,20.65818134217524],[84.858223635923,20.605832047745988],[84.86377583525258,20.553029564240656],[84.86562921384633,20.5],[84.86377583525258,20.446970435759344],[84.858223635923,20.394167952254012],[84.8489963912275,20.34181865782476],[84.83613361364448,20.290146720187145],[84.81969038356225,20.23937340651095],[84.79973711341646,20.189716135920197],[84.77635924617314,20.14138754847108],[84.74965688944887,20.094594594594593],[84.71974438683456,20.049537648903026],[84.68674982825866,20.006409652155092],[84.65081450148641,19.965395285053997],[84.61209228710392,19.926670177416312],[84.57074899957794,19.890400156098128],[84.52696167721278,19.856740534899],[84.48091782404518,19.825835449484423],[84.43281460692316,19.79781724017478],[84.3828580112074,19.772805885243766],[84.33126195871021,19.750908487153012],[84.27824739164956,19.732218813922888],[84.22404132654056,19.716816897603458],[84.16887588207585,19.704768691564947],[84.1129872851578,19.69612578807529],[84.05661485933858,19.690925197374106],[84.0,19.68918918918919],[83.94338514066142,19.690925197374106],[83.8870127148422,19.69612578807529],[83.83112411792415,19.704768691564947],[83.77595867345944,19.716816897603458],[83.72175260835044,19.732218813922888],[83.6687380412898,19.750908487153012],[83.6171419887926,19.772805885243766],[83.56718539307684,19.79781724017478],[83.51908217595482,19.825835449484423],[83.47303832278722,19.856740534899],[83.42925100042206,19.890400156098128],[83.38790771289608,19.926670177416312],[83.34918549851359,19.965395285053997],[83.31325017174134,20.006409652155092],[83.28025561316544,20.049537648903026],[83.25034311055113,20.094594594594593],[83.22364075382686,20.14138754847108],[83.20026288658354,20.189716135920197],[83.18030961643775,20.23937340651095],[83.16386638635552,20.290146720187145],[83.1510036087725,20.34181865782476],[83.141776364077,20.394167952254012],[83.13622416474742,20.446970435759344],[83.13437078615367,20.5],[83.13622416474742,20.553029564240656],[83.141776364077,20.605832047745988],[83.1510036087725,20.65818134217524],[83.16386638635552,20.709853279812855],[83.18030961643775,20.76062659348905],[83.20026288658354,20.810283864079803],[83.22364075382686,20.85861245152892],[83.25034311055113,20.905405405405407],[83.28025561316544,20.950462351096974],[83.31325017174134,20.993590347844908],[83.34918549851359,21.034604714946003],[83.38790771289608,21.073329822583688],[83.42925100042206,21.109599843901872],[83.47303832278722,21.143259465101],[83.51908217595482,21.174164550515577],[83.56718539307684,21.20218275982522],[83.6171419887926,21.227194114756234],[83.6687380412898,21.249091512846988],[83.72175260835044,21.267781186077112],[83.77595867345944,21.283183102396542],[83.83112411792415,21.295231308435053],[83.8870127148422,21.30387421192471],[83.94338514066142,21.309074802625894],[84.0,21.31081081081081]]]},"properties":{"zone_type":"forest","zone_label":"Forest / Jungle","zone_color":"#22c55e","name":"Odisha Forest Zone","state":"Odisha","subtype":"reserve_forest","area_sqkm":25446.9,"source":"curated_research","osm_id":""}},{"type":"Feature","geometry":{"type":"Polygon","coordinates":[[[93.5,26.9009009009009],[93.56555644008523,26.89897200291766],[93.63083215742961,26.893193568805234],[93.69554763139016,26.883590342705613],[93.75942574037207,26.87020344710727],[93.82219294850594,26.85309020675235],[93.88358047697037,26.83232390316332],[93.94332545494404,26.807993460840258],[94.0011720452591,26.780203066472467],[94.05687253993501,26.749071722795087],[94.1101884209023,26.714732739001114],[94.16089138137345,26.67733315989097],[94.20876430348767,26.637033136204096],[94.25360218804289,26.594005238828892],[94.29521303233379,26.548433719827678],[94.3334186523369,26.500513723441085],[94.36805544572196,26.45045045045045],[94.39897509242213,26.39845827947658],[94.4260451897634,26.34475984897756],[94.44914981943305,26.28958510387672],[94.46819004385975,26.233170310903173],[94.4830843298794,26.175757046861378],[94.49376889787267,26.11759116416221],[94.50019799487906,26.058921738045175],[94.50234409051819,26.0],[94.50019799487906,25.941078261954825],[94.49376889787267,25.88240883583779],[94.4830843298794,25.824242953138622],[94.46819004385975,25.766829689096827],[94.44914981943305,25.71041489612328],[94.4260451897634,25.65524015102244],[94.39897509242213,25.60154172052342],[94.36805544572196,25.54954954954955],[94.3334186523369,25.499486276558915],[94.29521303233379,25.451566280172322],[94.25360218804289,25.405994761171108],[94.20876430348767,25.362966863795904],[94.16089138137345,25.32266684010903],[94.1101884209023,25.285267260998886],[94.05687253993501,25.250928277204913],[94.0011720452591,25.219796933527533],[93.94332545494404,25.192006539159742],[93.88358047697037,25.16767609683668],[93.82219294850594,25.14690979324765],[93.75942574037207,25.12979655289273],[93.69554763139016,25.116409657294387],[93.63083215742961,25.106806431194766],[93.56555644008523,25.10102799708234],[93.5,25.0990990990991],[93.43444355991477,25.10102799708234],[93.36916784257039,25.106806431194766],[93.30445236860984,25.116409657294387],[93.24057425962793,25.12979655289273],[93.17780705149406,25.14690979324765],[93.11641952302963,25.16767609683668],[93.05667454505596,25.192006539159742],[92.9988279547409,25.219796933527533],[92.94312746006499,25.250928277204913],[92.8898115790977,25.285267260998886],[92.83910861862655,25.32266684010903],[92.79123569651233,25.362966863795904],[92.74639781195711,25.405994761171108],[92.70478696766621,25.451566280172322],[92.6665813476631,25.499486276558915],[92.63194455427804,25.54954954954955],[92.60102490757787,25.60154172052342],[92.5739548102366,25.655240151022443],[92.55085018056695,25.71041489612328],[92.53180995614025,25.766829689096827],[92.5169156701206,25.824242953138622],[92.50623110212733,25.88240883583779],[92.49980200512094,25.941078261954825],[92.49765590948181,26.0],[92.49980200512094,26.058921738045175],[92.50623110212733,26.11759116416221],[92.5169156701206,26.175757046861378],[92.53180995614025,26.233170310903173],[92.55085018056695,26.28958510387672],[92.5739548102366,26.34475984897756],[92.60102490757787,26.39845827947658],[92.63194455427804,26.45045045045045],[92.6665813476631,26.50051372344108],[92.70478696766621,26.548433719827678],[92.74639781195711,26.594005238828892],[92.79123569651233,26.637033136204096],[92.83910861862655,26.67733315989097],[92.8898115790977,26.714732739001114],[92.94312746006499,26.749071722795087],[92.9988279547409,26.780203066472467],[93.05667454505596,26.807993460840258],[93.11641952302963,26.83232390316332],[93.17780705149406,26.85309020675235],[93.24057425962793,26.87020344710727],[93.30445236860984,26.883590342705613],[93.36916784257039,26.893193568805234],[93.43444355991477,26.89897200291766],[93.5,26.9009009009009]]]},"properties":{"zone_type":"forest","zone_label":"Forest / Jungle","zone_color":"#22c55e","name":"Northeast India Forests (Assam)","state":"Assam","subtype":"reserve_forest","area_sqkm":31415.93,"source":"curated_research","osm_id":""}},{"type":"Feature","geometry":{"type":"Polygon","coordinates":[[[95.0,29.17117117117117],[95.08675289459786,29.168663603792957],[95.17313429998251,29.161151639446803],[95.25877431771457,29.148667445517297],[95.34330622409043,29.131264481239448],[95.42636804050939,29.10901726877805],[95.50760408352167,29.08202107411232],[95.58666648791953,29.05039149909234],[95.66321669634944,29.014263986414207],[95.7369269090667,28.97379323963361],[95.80748148762426,28.929152560701446],[95.87457830648499,28.880533107858263],[95.93793004676965,28.828143077065327],[95.9972654266004,28.77220681047756],[96.05233036277149,28.71296383577598],[96.10288905877248,28.650667840473407],[96.1487250145052,28.585585585585587],[96.18964195337034,28.51799576331955],[96.22546466275399,28.448187803670827],[96.25603974431498,28.376460635039738],[96.28123627086008,28.303121404174124],[96.30094634699438,28.22848416091979],[96.31508557114593,28.152868513410873],[96.32359339698623,28.076598259458727],[96.32643339269887,28.0],[96.32359339698623,27.923401740541273],[96.31508557114593,27.847131486589127],[96.30094634699438,27.77151583908021],[96.28123627086008,27.696878595825876],[96.25603974431498,27.623539364960262],[96.22546466275399,27.551812196329173],[96.18964195337034,27.48200423668045],[96.1487250145052,27.414414414414416],[96.10288905877248,27.349332159526593],[96.05233036277149,27.28703616422402],[95.9972654266004,27.22779318952244],[95.93793004676965,27.171856922934673],[95.87457830648499,27.119466892141737],[95.80748148762426,27.070847439298554],[95.7369269090667,27.02620676036639],[95.66321669634944,26.985736013585793],[95.58666648791953,26.94960850090766],[95.50760408352167,26.91797892588768],[95.42636804050939,26.89098273122195],[95.34330622409043,26.868735518760552],[95.25877431771457,26.851332554482703],[95.17313429998251,26.838848360553197],[95.08675289459786,26.831336396207043],[95.0,26.82882882882883],[94.91324710540214,26.831336396207043],[94.82686570001749,26.838848360553193],[94.74122568228543,26.851332554482703],[94.65669377590957,26.868735518760552],[94.57363195949061,26.89098273122195],[94.49239591647833,26.91797892588768],[94.41333351208047,26.94960850090766],[94.33678330365056,26.985736013585793],[94.2630730909333,27.02620676036639],[94.19251851237574,27.070847439298554],[94.12542169351501,27.119466892141737],[94.06206995323035,27.171856922934673],[94.0027345733996,27.22779318952244],[93.94766963722851,27.28703616422402],[93.89711094122752,27.349332159526593],[93.8512749854948,27.414414414414413],[93.81035804662966,27.48200423668045],[93.77453533724601,27.551812196329173],[93.74396025568502,27.623539364960262],[93.71876372913992,27.696878595825876],[93.69905365300562,27.77151583908021],[93.68491442885407,27.847131486589127],[93.67640660301377,27.923401740541273],[93.67356660730113,28.0],[93.67640660301377,28.076598259458727],[93.68491442885407,28.15286851341087],[93.69905365300562,28.22848416091979],[93.71876372913992,28.303121404174124],[93.74396025568502,28.376460635039738],[93.77453533724601,28.448187803670827],[93.81035804662966,28.51799576331955],[93.8512749854948,28.585585585585587],[93.89711094122751,28.650667840473407],[93.94766963722851,28.71296383577598],[94.0027345733996,28.77220681047756],[94.06206995323035,28.828143077065327],[94.12542169351501,28.880533107858263],[94.19251851237574,28.929152560701446],[94.2630730909333,28.97379323963361],[94.33678330365056,29.014263986414207],[94.41333351208047,29.05039149909234],[94.49239591647833,29.08202107411232],[94.57363195949061,29.10901726877805],[94.65669377590957,29.131264481239448],[94.74122568228543,29.148667445517297],[94.82686570001749,29.161151639446803],[94.91324710540214,29.168663603792957],[95.0,29.17117117117117]]]},"properties":{"zone_type":"forest","zone_label":"Forest / Jungle","zone_color":"#22c55e","name":"Arunachal Forest Belt","state":"Arunachal Pradesh","subtype":"reserve_forest","area_sqkm":53092.92,"source":"curated_research","osm_id":""}},{"type":"Feature","geometry":{"type":"Polygon","coordinates":[[[94.5,26.495495495495497],[94.53605604204688,26.494434601604713],[94.57195768658629,26.49125646284288],[94.60755119726458,26.48597468848809],[94.64268415720464,26.478611895908998],[94.67720612167827,26.46919961371379],[94.7109692623337,26.457778146739827],[94.74382900021922,26.444396403462143],[94.77564462489251,26.429111686559857],[94.80627989696426,26.411989447537298],[94.83560363149627,26.393103006450612],[94.8634902597554,26.372533237940033],[94.88982036691822,26.350368224912252],[94.91448120342359,26.32670288135589],[94.93736716778358,26.30163854590522],[94.9583802587853,26.275282547892594],[94.97743049514708,26.24774774774775],[94.99443630083218,26.21915205371212],[95.00932485436986,26.189617916937657],[95.02203240068818,26.159271807132196],[95.03250452412286,26.128243670996746],[95.04069638143368,26.096666375773758],[95.04657289382996,26.064675140289214],[95.05010889718348,26.032406955924845],[95.051289249785,26.0],[95.05010889718348,25.967593044075155],[95.04657289382996,25.935324859710786],[95.04069638143368,25.903333624226242],[95.03250452412286,25.871756329003254],[95.02203240068818,25.840728192867804],[95.00932485436986,25.810382083062343],[94.99443630083218,25.78084794628788],[94.97743049514708,25.75225225225225],[94.9583802587853,25.724717452107406],[94.93736716778358,25.69836145409478],[94.91448120342359,25.67329711864411],[94.88982036691822,25.649631775087748],[94.8634902597554,25.627466762059967],[94.83560363149627,25.606896993549388],[94.80627989696426,25.588010552462702],[94.77564462489251,25.570888313440143],[94.74382900021922,25.555603596537857],[94.7109692623337,25.542221853260173],[94.67720612167827,25.53080038628621],[94.64268415720464,25.521388104091002],[94.60755119726458,25.51402531151191],[94.57195768658629,25.50874353715712],[94.53605604204688,25.505565398395287],[94.5,25.504504504504503],[94.46394395795312,25.505565398395287],[94.42804231341371,25.50874353715712],[94.39244880273542,25.51402531151191],[94.35731584279536,25.521388104091002],[94.32279387832173,25.53080038628621],[94.2890307376663,25.542221853260173],[94.25617099978078,25.555603596537857],[94.22435537510749,25.570888313440143],[94.19372010303574,25.588010552462702],[94.16439636850373,25.606896993549388],[94.1365097402446,25.627466762059967],[94.11017963308178,25.649631775087748],[94.08551879657641,25.67329711864411],[94.06263283221642,25.698361454094776],[94.0416197412147,25.724717452107406],[94.02256950485292,25.75225225225225],[94.00556369916782,25.78084794628788],[93.99067514563014,25.810382083062343],[93.97796759931182,25.840728192867804],[93.96749547587714,25.871756329003254],[93.95930361856632,25.903333624226242],[93.95342710617004,25.935324859710786],[93.94989110281652,25.967593044075155],[93.948710750215,26.0],[93.94989110281652,26.032406955924845],[93.95342710617004,26.064675140289214],[93.95930361856632,26.096666375773758],[93.96749547587714,26.128243670996746],[93.97796759931182,26.159271807132196],[93.99067514563014,26.189617916937657],[94.00556369916782,26.21915205371212],[94.02256950485292,26.24774774774775],[94.0416197412147,26.275282547892594],[94.06263283221642,26.30163854590522],[94.08551879657641,26.32670288135589],[94.11017963308178,26.350368224912252],[94.1365097402446,26.372533237940033],[94.16439636850373,26.393103006450612],[94.19372010303574,26.411989447537298],[94.22435537510749,26.429111686559857],[94.25617099978078,26.444396403462143],[94.2890307376663,26.457778146739827],[94.32279387832173,26.46919961371379],[94.35731584279536,26.478611895908998],[94.39244880273542,26.48597468848809],[94.42804231341371,26.49125646284288],[94.46394395795312,26.494434601604713],[94.5,26.495495495495497]]]},"properties":{"zone_type":"forest","zone_label":"Forest / Jungle","zone_color":"#22c55e","name":"Nagaland Hill Forests","state":"Nagaland","subtype":"reserve_forest","area_sqkm":9503.32,"source":"curated_research","osm_id":""}},{"type":"Feature","geometry":{"type":"Polygon","coordinates":[[[92.8,23.45045045045045],[92.83200512079006,23.44948600145883],[92.86387319073938,23.44659678440262],[92.89546774587998,23.441795171352805],[92.92665349347624,23.435101723553636],[92.95729689136923,23.426545103376174],[92.98726671982472,23.41616195158166],[93.01643464343621,23.40399673042013],[93.04467576067687,23.390101533236233],[93.07186913874699,23.374535861397543],[93.09789833142689,23.357366369500557],[93.12265187771743,23.338666579945485],[93.14602377913317,23.318516568102048],[93.16791395360414,23.297002619414446],[93.18822866404258,23.27421685991384],[93.20688091973965,23.25025686172054],[93.2237908488729,23.225225225225227],[93.23888604052972,23.19922913973829],[93.25210185478197,23.17237992448878],[93.26338169948411,23.144792551938362],[93.27267727260941,23.116585155451585],[93.27994876908667,23.08787852343069],[93.28516505125161,23.058795582081103],[93.2883037821832,23.029460869022586],[93.28935152135374,23.0],[93.2883037821832,22.970539130977414],[93.28516505125161,22.941204417918897],[93.27994876908667,22.91212147656931],[93.27267727260941,22.883414844548415],[93.26338169948411,22.855207448061638],[93.25210185478197,22.82762007551122],[93.23888604052972,22.80077086026171],[93.2237908488729,22.774774774774777],[93.20688091973965,22.74974313827946],[93.18822866404258,22.72578314008616],[93.16791395360414,22.702997380585554],[93.14602377913317,22.681483431897952],[93.12265187771743,22.661333420054515],[93.09789833142689,22.642633630499443],[93.07186913874699,22.625464138602457],[93.04467576067687,22.609898466763767],[93.01643464343621,22.59600326957987],[92.98726671982472,22.58383804841834],[92.95729689136923,22.573454896623826],[92.92665349347624,22.564898276446364],[92.89546774587998,22.558204828647195],[92.86387319073938,22.55340321559738],[92.83200512079006,22.55051399854117],[92.8,22.54954954954955],[92.76799487920994,22.55051399854117],[92.73612680926061,22.55340321559738],[92.70453225412001,22.558204828647195],[92.67334650652376,22.564898276446364],[92.64270310863077,22.573454896623826],[92.61273328017528,22.58383804841834],[92.58356535656378,22.59600326957987],[92.55532423932313,22.609898466763767],[92.528130861253,22.625464138602457],[92.5021016685731,22.642633630499443],[92.47734812228256,22.661333420054515],[92.45397622086682,22.681483431897952],[92.43208604639585,22.702997380585554],[92.41177133595741,22.72578314008616],[92.39311908026035,22.74974313827946],[92.3762091511271,22.774774774774773],[92.36111395947027,22.80077086026171],[92.34789814521802,22.82762007551122],[92.33661830051588,22.855207448061638],[92.32732272739058,22.883414844548415],[92.32005123091332,22.91212147656931],[92.31483494874838,22.941204417918897],[92.31169621781679,22.970539130977414],[92.31064847864626,23.0],[92.31169621781679,23.029460869022586],[92.31483494874838,23.058795582081103],[92.32005123091332,23.08787852343069],[92.32732272739058,23.116585155451585],[92.33661830051588,23.144792551938362],[92.34789814521802,23.17237992448878],[92.36111395947027,23.19922913973829],[92.3762091511271,23.225225225225227],[92.39311908026035,23.25025686172054],[92.41177133595741,23.27421685991384],[92.43208604639585,23.297002619414446],[92.45397622086682,23.318516568102048],[92.47734812228256,23.338666579945485],[92.5021016685731,23.357366369500557],[92.528130861253,23.374535861397543],[92.55532423932313,23.390101533236233],[92.58356535656378,23.40399673042013],[92.61273328017528,23.41616195158166],[92.64270310863077,23.426545103376174],[92.67334650652376,23.435101723553636],[92.70453225412001,23.441795171352805],[92.73612680926061,23.44659678440262],[92.76799487920994,23.44948600145883],[92.8,23.45045045045045]]]},"properties":{"zone_type":"forest","zone_label":"Forest / Jungle","zone_color":"#22c55e","name":"Mizoram Hill Forests","state":"Mizoram","subtype":"reserve_forest","area_sqkm":7853.98,"source":"curated_research","osm_id":""}},{"type":"Feature","geometry":{"type":"Polygon","coordinates":[[[77.0,10.340540540540541],[77.03587655719171,10.339383201750596],[77.07159948545765,10.33591614128314],[77.10701581373472,10.33015420562337],[77.141973883868,10.322122068264362],[77.17632400003433,10.31185412405141],[77.20991906976276,10.299394341897994],[77.24261523380711,10.284796076504156],[77.27427248217333,10.26812183988348],[77.3047552536638,10.249443033677052],[77.3339330163712,10.228839643400669],[77.36168082663619,10.206399895934583],[77.38787986407526,10.182219881722459],[77.41241794038795,10.156403143297336],[77.43518997976436,10.129060231896606],[77.45609846883583,10.10030823406465],[77.47505387424223,10.07027027027027],[77.49197502602753,10.039074967685947],[77.50678946522201,10.006855909386536],[77.51943375412267,9.973751062326034],[77.52985374794325,9.939902186541904],[77.53800482667052,9.905454228116827],[77.54385208613397,9.870554698497326],[77.54737048747091,9.835353042827105],[77.54854496434666,9.8],[77.54737048747091,9.764646957172896],[77.54385208613397,9.729445301502675],[77.53800482667052,9.694545771883174],[77.52985374794325,9.660097813458098],[77.51943375412267,9.626248937673967],[77.50678946522201,9.593144090613466],[77.49197502602753,9.560925032314055],[77.47505387424223,9.52972972972973],[77.45609846883583,9.499691765935351],[77.43518997976436,9.470939768103396],[77.41241794038795,9.443596856702666],[77.38787986407526,9.417780118277543],[77.36168082663619,9.393600104065419],[77.3339330163712,9.371160356599333],[77.3047552536638,9.35055696632295],[77.27427248217333,9.33187816011652],[77.24261523380711,9.315203923495845],[77.20991906976276,9.300605658102008],[77.17632400003433,9.288145875948592],[77.141973883868,9.27787793173564],[77.10701581373472,9.269845794376632],[77.07159948545765,9.26408385871686],[77.03587655719171,9.260616798249405],[77.0,9.25945945945946],[76.96412344280829,9.260616798249405],[76.92840051454235,9.26408385871686],[76.89298418626528,9.269845794376632],[76.858026116132,9.27787793173564],[76.82367599996567,9.288145875948592],[76.79008093023724,9.300605658102008],[76.75738476619289,9.315203923495845],[76.72572751782667,9.33187816011652],[76.6952447463362,9.35055696632295],[76.6660669836288,9.371160356599333],[76.63831917336381,9.393600104065419],[76.61212013592474,9.417780118277543],[76.58758205961205,9.443596856702666],[76.56481002023564,9.470939768103396],[76.54390153116417,9.499691765935351],[76.52494612575777,9.52972972972973],[76.50802497397247,9.560925032314055],[76.49321053477799,9.593144090613466],[76.48056624587733,9.626248937673967],[76.47014625205675,9.660097813458098],[76.46199517332948,9.694545771883174],[76.45614791386603,9.729445301502675],[76.45262951252909,9.764646957172896],[76.45145503565334,9.8],[76.45262951252909,9.835353042827105],[76.45614791386603,9.870554698497326],[76.46199517332948,9.905454228116827],[76.47014625205675,9.939902186541904],[76.48056624587733,9.973751062326034],[76.49321053477799,10.006855909386536],[76.50802497397247,10.039074967685947],[76.52494612575777,10.07027027027027],[76.54390153116417,10.10030823406465],[76.56481002023564,10.129060231896606],[76.58758205961205,10.156403143297336],[76.61212013592474,10.182219881722459],[76.63831917336381,10.206399895934583],[76.6660669836288,10.228839643400669],[76.6952447463362,10.249443033677052],[76.72572751782667,10.26812183988348],[76.75738476619289,10.284796076504156],[76.79008093023724,10.299394341897994],[76.82367599996567,10.31185412405141],[76.858026116132,10.322122068264362],[76.89298418626528,10.33015420562337],[76.92840051454235,10.33591614128314],[76.96412344280829,10.339383201750596],[77.0,10.340540540540541]]]},"properties":{"zone_type":"forest","zone_label":"Forest / Jungle","zone_color":"#22c55e","name":"Kerala Western Ghats Forests","state":"Kerala","subtype":"reserve_forest","area_sqkm":11309.73,"source":"curated_research","osm_id":""}},{"type":"Feature","geometry":{"type":"Polygon","coordinates":[[[76.5,11.845495495495495],[76.53305337112138,11.844434601604712],[76.5659652026332,11.841256462842878],[76.59859456102015,11.835974688488086],[76.63080172236032,11.828611895908997],[76.66244877064427,11.81919961371379],[76.69340018835277,11.807778146739826],[76.72352343676339,11.794396403462143],[76.75268952350184,11.779111686559856],[76.78077355490706,11.761989447537296],[76.80765527084502,11.743103006450612],[76.83321955968113,11.722533237940034],[76.85735695120589,11.700368224912253],[76.87996408540315,11.67670288135589],[76.90094415505357,11.651638545905222],[76.92020732027797,11.625282547892596],[76.93767109324556,11.597747747747748],[76.95326069139936,11.569152053712118],[76.96690935768676,11.539617916937656],[76.9785586464233,11.509271807132198],[76.9881586735662,11.478243670996743],[76.99566833032542,11.446666375773757],[77.00105545919779,11.414675140289214],[77.00429699167044,11.382406955924845],[77.00537904700367,11.35],[77.00429699167044,11.317593044075155],[77.00105545919779,11.285324859710785],[76.99566833032542,11.253333624226242],[76.9881586735662,11.221756329003256],[76.9785586464233,11.190728192867802],[76.96690935768676,11.160382083062343],[76.95326069139936,11.130847946287881],[76.93767109324556,11.102252252252253],[76.92020732027797,11.074717452107404],[76.90094415505357,11.048361454094778],[76.87996408540315,11.023297118644109],[76.85735695120589,10.999631775087746],[76.83321955968113,10.977466762059965],[76.80765527084502,10.956896993549387],[76.78077355490706,10.938010552462702],[76.75268952350184,10.920888313440143],[76.72352343676339,10.905603596537857],[76.69340018835277,10.892221853260173],[76.66244877064429,10.880800386286209],[76.63080172236032,10.871388104091002],[76.59859456102015,10.864025311511913],[76.5659652026332,10.858743537157121],[76.53305337112138,10.855565398395287],[76.5,10.854504504504504],[76.46694662887862,10.855565398395287],[76.4340347973668,10.858743537157121],[76.40140543897985,10.864025311511913],[76.36919827763968,10.871388104091002],[76.33755122935573,10.880800386286209],[76.30659981164723,10.892221853260173],[76.27647656323661,10.905603596537857],[76.24731047649816,10.920888313440143],[76.21922644509294,10.938010552462703],[76.19234472915498,10.956896993549387],[76.16678044031887,10.977466762059965],[76.14264304879411,10.999631775087746],[76.12003591459685,11.023297118644109],[76.09905584494643,11.048361454094778],[76.07979267972203,11.074717452107404],[76.06232890675444,11.102252252252251],[76.04673930860064,11.130847946287881],[76.03309064231324,11.160382083062343],[76.0214413535767,11.190728192867802],[76.0118413264338,11.221756329003256],[76.00433166967458,11.253333624226242],[75.99894454080221,11.285324859710785],[75.99570300832956,11.317593044075155],[75.99462095299633,11.35],[75.99570300832956,11.382406955924845],[75.99894454080221,11.414675140289214],[76.00433166967458,11.446666375773757],[76.0118413264338,11.478243670996743],[76.0214413535767,11.509271807132198],[76.03309064231324,11.539617916937656],[76.04673930860064,11.569152053712116],[76.06232890675444,11.597747747747748],[76.07979267972203,11.625282547892596],[76.09905584494643,11.651638545905222],[76.12003591459685,11.67670288135589],[76.14264304879411,11.700368224912253],[76.16678044031887,11.722533237940034],[76.19234472915498,11.743103006450612],[76.21922644509294,11.761989447537296],[76.24731047649816,11.779111686559856],[76.27647656323661,11.794396403462143],[76.30659981164723,11.807778146739826],[76.33755122935571,11.81919961371379],[76.36919827763968,11.828611895908997],[76.40140543897985,11.835974688488086],[76.4340347973668,11.841256462842878],[76.46694662887862,11.844434601604712],[76.5,11.845495495495495]]]},"properties":{"zone_type":"forest","zone_label":"Forest / Jungle","zone_color":"#22c55e","name":"Nilgiris Biosphere Reserve","state":"Tamil Nadu","subtype":"reserve_forest","area_sqkm":9503.32,"source":"curated_research","osm_id":""}},{"type":"Feature","geometry":{"type":"Polygon","coordinates":[[[88.8,22.26036036036036],[88.82540178303987,22.259588801167062],[88.85069479174501,22.25727742752209],[88.8757707175691,22.253436137082243],[88.90052218154803,22.248081378842905],[88.92484319411311,22.241236082700937],[88.94862960895473,22.232929561265326],[88.97177956899277,22.223197384336103],[88.99419394254431,22.212081226588985],[89.01577674782068,22.199628689118033],[89.03643556393622,22.185893095600445],[89.05608192666875,22.170933263956385],[89.07463170727686,22.15481325448164],[89.0920054727522,22.137602095531555],[89.10812882596372,22.119373487931068],[89.12293272423764,22.10020548937643],[89.13635377500886,22.08018018018018],[89.14833450727753,22.05938331179063],[89.15882361770873,22.037903939591022],[89.1677761903213,22.015834041550686],[89.1751538888249,21.99326812436127],[89.18092512078186,21.97030281874455],[89.18506517289096,21.947036465664883],[89.18755631681346,21.92356869521807],[89.18838788508863,21.9],[89.18755631681346,21.876431304781928],[89.18506517289096,21.852963534335114],[89.18092512078186,21.829697181255447],[89.1751538888249,21.80673187563873],[89.1677761903213,21.78416595844931],[89.15882361770873,21.762096060408975],[89.14833450727753,21.740616688209368],[89.13635377500886,21.71981981981982],[89.12293272423764,21.699794510623565],[89.10812882596372,21.68062651206893],[89.0920054727522,21.662397904468442],[89.07463170727686,21.64518674551836],[89.05608192666875,21.62906673604361],[89.03643556393622,21.614106904399552],[89.01577674782068,21.600371310881965],[88.99419394254431,21.587918773411012],[88.97177956899277,21.576802615663894],[88.94862960895473,21.56707043873467],[88.92484319411311,21.55876391729906],[88.90052218154803,21.551918621157093],[88.8757707175691,21.546563862917754],[88.85069479174501,21.542722572477906],[88.82540178303987,21.540411198832935],[88.8,21.53963963963964],[88.77459821696013,21.540411198832935],[88.74930520825498,21.542722572477906],[88.7242292824309,21.546563862917754],[88.69947781845197,21.551918621157093],[88.67515680588689,21.55876391729906],[88.65137039104526,21.56707043873467],[88.62822043100722,21.576802615663894],[88.60580605745568,21.587918773411012],[88.58422325217931,21.600371310881965],[88.56356443606377,21.614106904399552],[88.54391807333124,21.62906673604361],[88.52536829272313,21.64518674551836],[88.50799452724779,21.662397904468442],[88.49187117403628,21.68062651206893],[88.47706727576235,21.699794510623565],[88.46364622499114,21.71981981981982],[88.45166549272247,21.740616688209368],[88.44117638229126,21.762096060408975],[88.43222380967869,21.78416595844931],[88.4248461111751,21.80673187563873],[88.41907487921813,21.829697181255447],[88.41493482710904,21.852963534335114],[88.41244368318654,21.876431304781928],[88.41161211491136,21.9],[88.41244368318654,21.92356869521807],[88.41493482710904,21.947036465664883],[88.41907487921813,21.97030281874455],[88.4248461111751,21.99326812436127],[88.43222380967869,22.015834041550686],[88.44117638229126,22.037903939591022],[88.45166549272247,22.05938331179063],[88.46364622499114,22.08018018018018],[88.47706727576235,22.10020548937643],[88.49187117403628,22.119373487931068],[88.50799452724779,22.137602095531555],[88.52536829272313,22.15481325448164],[88.54391807333124,22.170933263956385],[88.56356443606377,22.185893095600445],[88.58422325217931,22.199628689118033],[88.60580605745568,22.212081226588985],[88.62822043100722,22.223197384336103],[88.65137039104526,22.232929561265326],[88.67515680588689,22.241236082700937],[88.69947781845197,22.248081378842905],[88.7242292824309,22.253436137082243],[88.74930520825498,22.25727742752209],[88.77459821696013,22.259588801167062],[88.8,22.26036036036036]]]},"properties":{"zone_type":"forest","zone_label":"Forest / Jungle","zone_color":"#22c55e","name":"Sundarbans Mangrove Forest (WB)","state":"West Bengal","subtype":"reserve_forest","area_sqkm":5026.55,"source":"curated_research","osm_id":""}},{"type":"Feature","geometry":{"type":"Polygon","coordinates":[[[86.5,21.965315315315316],[86.52218785301085,21.96464020102118],[86.54428069422875,21.96261774908183],[86.56618391871588,21.959256619946963],[86.58780373350231,21.954571206487543],[86.60904755922203,21.94858157236332],[86.62982442655186,21.94131336610716],[86.6500453657562,21.93279771129409],[86.66962378766898,21.923071073265362],[86.68847585448185,21.912175102978278],[86.70652083875048,21.90015645865039],[86.72368146908194,21.887066605961838],[86.73988426102257,21.872961597671434],[86.75505983172981,21.85790183359011],[86.76914319708008,21.841951801939686],[86.78207404994083,21.825179803204378],[86.79379701841495,21.807657657657657],[86.80426190295168,21.7894603978168],[86.81342389130883,21.770665947142145],[86.82124375044567,21.751354786356853],[86.8276879945249,21.731609608816107],[86.83272902830396,21.71151496640148],[86.83634526530236,21.691156907456772],[86.83852122023805,21.67062260831581],[86.83924757533796,21.65],[86.83852122023805,21.629377391684187],[86.83634526530236,21.608843092543225],[86.83272902830396,21.588485033598516],[86.8276879945249,21.56839039118389],[86.82124375044567,21.548645213643145],[86.81342389130883,21.529334052857852],[86.80426190295168,21.510539602183197],[86.79379701841495,21.49234234234234],[86.78207404994083,21.47482019679562],[86.76914319708008,21.45804819806031],[86.75505983172981,21.442098166409888],[86.73988426102257,21.427038402328563],[86.72368146908194,21.41293339403816],[86.70652083875048,21.399843541349608],[86.68847585448185,21.38782489702172],[86.66962378766898,21.376928926734635],[86.6500453657562,21.367202288705908],[86.62982442655186,21.358686633892837],[86.60904755922203,21.351418427636677],[86.58780373350231,21.345428793512454],[86.56618391871588,21.340743380053034],[86.54428069422875,21.337382250918168],[86.52218785301085,21.335359798978818],[86.5,21.33468468468468],[86.47781214698915,21.335359798978818],[86.45571930577125,21.337382250918168],[86.43381608128412,21.340743380053034],[86.41219626649769,21.345428793512454],[86.39095244077797,21.351418427636677],[86.37017557344814,21.358686633892837],[86.3499546342438,21.367202288705908],[86.33037621233102,21.376928926734635],[86.31152414551815,21.38782489702172],[86.29347916124952,21.399843541349608],[86.27631853091806,21.41293339403816],[86.26011573897743,21.427038402328563],[86.24494016827019,21.442098166409888],[86.23085680291992,21.45804819806031],[86.21792595005917,21.47482019679562],[86.20620298158505,21.49234234234234],[86.19573809704832,21.510539602183197],[86.18657610869117,21.529334052857852],[86.17875624955433,21.548645213643145],[86.1723120054751,21.56839039118389],[86.16727097169604,21.588485033598516],[86.16365473469764,21.608843092543225],[86.16147877976195,21.629377391684187],[86.16075242466204,21.65],[86.16147877976195,21.67062260831581],[86.16365473469764,21.691156907456772],[86.16727097169604,21.71151496640148],[86.1723120054751,21.731609608816107],[86.17875624955433,21.751354786356853],[86.18657610869117,21.770665947142145],[86.19573809704832,21.7894603978168],[86.20620298158505,21.807657657657657],[86.21792595005917,21.825179803204378],[86.23085680291992,21.841951801939686],[86.24494016827019,21.85790183359011],[86.26011573897743,21.87296159767143],[86.27631853091806,21.887066605961838],[86.29347916124952,21.90015645865039],[86.31152414551815,21.912175102978278],[86.33037621233102,21.923071073265362],[86.3499546342438,21.93279771129409],[86.37017557344814,21.94131336610716],[86.39095244077797,21.94858157236332],[86.41219626649769,21.954571206487543],[86.43381608128412,21.959256619946963],[86.45571930577125,21.96261774908183],[86.47781214698915,21.96464020102118],[86.5,21.965315315315316]]]},"properties":{"zone_type":"forest","zone_label":"Forest / Jungle","zone_color":"#22c55e","name":"Simlipal Forest Division (Odisha)","state":"Odisha","subtype":"reserve_forest","area_sqkm":3848.45,"source":"curated_research","osm_id":""}},{"type":"Feature","geometry":{"type":"Polygon","coordinates":[[[79.3,22.16036036036036],[79.32538401183488,22.159588801167065],[79.35065932543407,22.157277427522093],[79.37571770802438,22.153436137082245],[79.40045185576454,22.148081378842907],[79.42475585323668,22.14123608270094],[79.44852562699238,22.13292956126533],[79.47165939121122,22.123197384336105],[79.49405808356327,22.112081226588987],[79.51562578940919,22.099628689118035],[79.53627015252135,22.085893095600447],[79.55590277056757,22.070933263956388],[79.57443957366333,22.05481325448164],[79.59180118437192,22.037602095531557],[79.60791325761089,22.01937348793107],[79.62270679900907,22.000205489376434],[79.63611846035106,21.98018018018018],[79.64809081084395,21.95938331179063],[79.65857258304496,21.937903939591024],[79.6675188923963,21.91583404155069],[79.67489142942787,21.89326812436127],[79.68065862380425,21.870302818744552],[79.68479577951373,21.847036465664885],[79.6872851806204,21.82356869521807],[79.68811616712657,21.8],[79.6872851806204,21.77643130478193],[79.68479577951373,21.752963534335116],[79.68065862380425,21.72969718125545],[79.67489142942787,21.70673187563873],[79.6675188923963,21.684165958449313],[79.65857258304496,21.662096060408977],[79.64809081084395,21.64061668820937],[79.63611846035106,21.61981981981982],[79.62270679900907,21.599794510623568],[79.60791325761089,21.580626512068932],[79.59180118437192,21.562397904468444],[79.57443957366333,21.54518674551836],[79.55590277056757,21.529066736043614],[79.53627015252135,21.514106904399554],[79.51562578940919,21.500371310881967],[79.49405808356327,21.487918773411014],[79.47165939121122,21.476802615663896],[79.44852562699238,21.467070438734673],[79.42475585323668,21.458763917299063],[79.40045185576454,21.451918621157095],[79.37571770802438,21.446563862917756],[79.35065932543407,21.44272257247791],[79.32538401183488,21.440411198832937],[79.3,21.43963963963964],[79.27461598816511,21.440411198832937],[79.24934067456593,21.44272257247791],[79.22428229197561,21.446563862917756],[79.19954814423545,21.451918621157095],[79.17524414676332,21.458763917299063],[79.15147437300762,21.467070438734673],[79.12834060878878,21.476802615663896],[79.10594191643672,21.487918773411014],[79.08437421059081,21.500371310881967],[79.06372984747864,21.514106904399554],[79.04409722943242,21.529066736043614],[79.02556042633667,21.54518674551836],[79.00819881562808,21.562397904468444],[78.9920867423891,21.580626512068932],[78.97729320099093,21.599794510623568],[78.96388153964894,21.61981981981982],[78.95190918915604,21.64061668820937],[78.94142741695504,21.662096060408977],[78.93248110760369,21.684165958449313],[78.92510857057212,21.70673187563873],[78.91934137619575,21.72969718125545],[78.91520422048626,21.752963534335116],[78.91271481937959,21.77643130478193],[78.91188383287343,21.8],[78.91271481937959,21.82356869521807],[78.91520422048626,21.847036465664885],[78.91934137619575,21.870302818744552],[78.92510857057212,21.89326812436127],[78.93248110760369,21.91583404155069],[78.94142741695504,21.937903939591024],[78.95190918915604,21.95938331179063],[78.96388153964894,21.98018018018018],[78.97729320099093,22.000205489376434],[78.9920867423891,22.01937348793107],[79.00819881562808,22.037602095531557],[79.02556042633667,22.05481325448164],[79.04409722943242,22.070933263956388],[79.06372984747864,22.085893095600447],[79.08437421059081,22.099628689118035],[79.10594191643672,22.112081226588987],[79.12834060878878,22.123197384336105],[79.15147437300762,22.13292956126533],[79.17524414676332,22.14123608270094],[79.19954814423545,22.148081378842907],[79.22428229197561,22.153436137082245],[79.24934067456593,22.157277427522093],[79.27461598816511,22.159588801167065],[79.3,22.16036036036036]]]},"properties":{"zone_type":"forest","zone_label":"Forest / Jungle","zone_color":"#22c55e","name":"Pench Forest Belt (MP)","state":"Madhya Pradesh","subtype":"reserve_forest","area_sqkm":5026.55,"source":"curated_research","osm_id":""}},{"type":"Feature","geometry":{"type":"Polygon","coordinates":[[[79.0,30.72072072072072],[79.05442957011441,30.719177602334128],[79.10862606445339,30.714554855044188],[79.16235740530783,30.70687227416449],[79.21539350682716,30.696162757685816],[79.26750726028246,30.68247216540188],[79.31847550658075,30.66585912253066],[79.36807999186662,30.64639476867221],[79.41610830211864,30.624162453177973],[79.46235477273889,30.599257378236068],[79.50662136924028,30.57178619120089],[79.54871853526065,30.541866527912777],[79.58846600427223,30.509626508963276],[79.62569357151058,30.475204191063114],[79.66024182281748,30.43874697586214],[79.69196281727693,30.400410978752866],[79.72072072072072,30.36036036036036],[79.74639238739132,30.31876662358126],[79.76886788727089,30.275807879182047],[79.7880509768184,30.23166808310138],[79.80385951109939,30.186536248722536],[79.8162257955431,30.140605637489102],[79.82509687582103,30.094072931329766],[79.83043476460551,30.047137390436138],[79.8322166042373,30.0],[79.83043476460551,29.952862609563862],[79.82509687582103,29.905927068670234],[79.8162257955431,29.859394362510898],[79.80385951109939,29.813463751277464],[79.7880509768184,29.76833191689862],[79.76886788727089,29.724192120817953],[79.74639238739132,29.68123337641874],[79.72072072072072,29.63963963963964],[79.69196281727693,29.599589021247134],[79.66024182281748,29.56125302413786],[79.62569357151058,29.524795808936886],[79.58846600427223,29.490373491036724],[79.54871853526065,29.458133472087223],[79.50662136924028,29.42821380879911],[79.46235477273889,29.400742621763932],[79.41610830211864,29.375837546822027],[79.36807999186662,29.35360523132779],[79.31847550658075,29.33414087746934],[79.26750726028246,29.31752783459812],[79.21539350682716,29.303837242314184],[79.16235740530783,29.29312772583551],[79.10862606445339,29.285445144955812],[79.05442957011441,29.280822397665872],[79.0,29.27927927927928],[78.94557042988559,29.280822397665872],[78.89137393554661,29.285445144955812],[78.83764259469217,29.29312772583551],[78.78460649317284,29.303837242314184],[78.73249273971754,29.31752783459812],[78.68152449341925,29.33414087746934],[78.63192000813338,29.35360523132779],[78.58389169788136,29.375837546822027],[78.53764522726111,29.400742621763932],[78.49337863075972,29.42821380879911],[78.45128146473935,29.458133472087223],[78.41153399572777,29.490373491036724],[78.37430642848942,29.524795808936886],[78.33975817718252,29.56125302413786],[78.30803718272307,29.599589021247134],[78.27927927927928,29.63963963963964],[78.25360761260868,29.68123337641874],[78.23113211272911,29.724192120817953],[78.2119490231816,29.76833191689862],[78.19614048890061,29.813463751277464],[78.1837742044569,29.859394362510898],[78.17490312417897,29.905927068670234],[78.16956523539449,29.952862609563862],[78.1677833957627,30.0],[78.16956523539449,30.047137390436138],[78.17490312417897,30.094072931329766],[78.1837742044569,30.140605637489102],[78.19614048890061,30.186536248722536],[78.2119490231816,30.23166808310138],[78.23113211272911,30.275807879182047],[78.25360761260868,30.31876662358126],[78.27927927927928,30.36036036036036],[78.30803718272307,30.400410978752866],[78.33975817718252,30.43874697586214],[78.37430642848942,30.475204191063114],[78.41153399572777,30.509626508963276],[78.45128146473935,30.541866527912777],[78.49337863075972,30.57178619120089],[78.53764522726111,30.599257378236068],[78.58389169788136,30.624162453177973],[78.63192000813338,30.64639476867221],[78.68152449341925,30.66585912253066],[78.73249273971754,30.68247216540188],[78.78460649317284,30.696162757685816],[78.83764259469217,30.70687227416449],[78.89137393554661,30.714554855044188],[78.94557042988559,30.719177602334128],[79.0,30.72072072072072]]]},"properties":{"zone_type":"forest","zone_label":"Forest / Jungle","zone_color":"#22c55e","name":"Uttarakhand Hill Forests","state":"Uttarakhand","subtype":"reserve_forest","area_sqkm":20106.19,"source":"curated_research","osm_id":""}},{"type":"Feature","geometry":{"type":"Polygon","coordinates":[[[77.5,32.310810810810814],[77.56219454168081,32.309074802625894],[77.62412275678587,32.303874211924715],[77.6855194591907,32.29523130843505],[77.74612173878981,32.28318310239654],[77.80567008731812,32.267781186077116],[77.86390950960521,32.24909151284699],[77.92059061550377,32.22719411475623],[77.9754706878165,32.20218275982522],[78.0283147216484,32.17416455051558],[78.07889643073385,32.143259465101],[78.12699921642911,32.109599843901876],[78.17241709522095,32.07332982258369],[78.21495558077969,32.034604714946],[78.25443251677957,31.993590347844908],[78.29067885692,31.950462351096974],[78.32353938880789,31.905405405405407],[78.35287339860082,31.85861245152892],[78.37855527356544,31.810283864079803],[78.40047503997039,31.76062659348905],[78.41853883401075,31.709853279812855],[78.43266930374723,31.65818134217524],[78.44280594033906,31.605832047745988],[78.44890533715215,31.553029564240656],[78.45094137563298,31.5],[78.44890533715215,31.446970435759344],[78.44280594033906,31.394167952254012],[78.43266930374723,31.34181865782476],[78.41853883401075,31.290146720187145],[78.40047503997039,31.23937340651095],[78.37855527356544,31.189716135920197],[78.35287339860082,31.14138754847108],[78.32353938880789,31.094594594594593],[78.29067885692,31.049537648903026],[78.25443251677957,31.006409652155092],[78.21495558077969,30.965395285053997],[78.17241709522095,30.926670177416312],[78.12699921642911,30.890400156098128],[78.07889643073385,30.856740534899],[78.0283147216484,30.825835449484423],[77.9754706878165,30.79781724017478],[77.92059061550377,30.772805885243766],[77.86390950960521,30.750908487153012],[77.80567008731812,30.732218813922888],[77.74612173878981,30.716816897603458],[77.6855194591907,30.704768691564947],[77.62412275678587,30.69612578807529],[77.56219454168081,30.690925197374106],[77.5,30.68918918918919],[77.43780545831919,30.690925197374106],[77.37587724321413,30.69612578807529],[77.3144805408093,30.704768691564947],[77.25387826121019,30.716816897603458],[77.19432991268188,30.732218813922888],[77.13609049039479,30.750908487153012],[77.07940938449623,30.772805885243766],[77.0245293121835,30.79781724017478],[76.9716852783516,30.825835449484423],[76.92110356926615,30.856740534899],[76.87300078357089,30.890400156098128],[76.82758290477905,30.926670177416312],[76.78504441922031,30.965395285053997],[76.74556748322043,31.006409652155092],[76.70932114308,31.049537648903026],[76.67646061119211,31.094594594594593],[76.64712660139918,31.14138754847108],[76.62144472643456,31.189716135920197],[76.59952496002961,31.23937340651095],[76.58146116598925,31.290146720187145],[76.56733069625277,31.34181865782476],[76.55719405966094,31.394167952254012],[76.55109466284785,31.446970435759344],[76.54905862436702,31.5],[76.55109466284785,31.553029564240656],[76.55719405966094,31.605832047745988],[76.56733069625277,31.65818134217524],[76.58146116598925,31.709853279812855],[76.59952496002961,31.76062659348905],[76.62144472643456,31.810283864079803],[76.64712660139918,31.85861245152892],[76.67646061119211,31.905405405405407],[76.70932114307999,31.950462351096974],[76.74556748322043,31.993590347844908],[76.78504441922031,32.034604714946],[76.82758290477905,32.07332982258369],[76.87300078357089,32.109599843901876],[76.92110356926615,32.143259465101],[76.9716852783516,32.17416455051558],[77.0245293121835,32.20218275982522],[77.07940938449623,32.22719411475623],[77.13609049039479,32.24909151284699],[77.19432991268188,32.267781186077116],[77.25387826121019,32.28318310239654],[77.3144805408093,32.29523130843505],[77.37587724321413,32.303874211924715],[77.43780545831919,32.309074802625894],[77.5,32.310810810810814]]]},"properties":{"zone_type":"forest","zone_label":"Forest / Jungle","zone_color":"#22c55e","name":"Himachal Forest Belt","state":"Himachal Pradesh","subtype":"reserve_forest","area_sqkm":25446.9,"source":"curated_research","osm_id":""}},{"type":"Feature","geometry":{"type":"Polygon","coordinates":[[[92.9,12.45045045045045],[92.9301190423618,12.44948600145883],[92.96010911036024,12.446596784402617],[92.98984178191999,12.441795171352807],[93.01918973717682,12.435101723553634],[93.0480273036807,12.426545103376174],[93.07623099454466,12.41616195158166],[93.1036800372345,12.403996730420129],[93.13025689073537,12.390101533236233],[93.15584774888043,12.374535861397543],[93.18034302768633,12.357366369500557],[93.20363783460864,12.338666579945485],[93.22563241770783,12.318516568102048],[93.24623259280237,12.297002619414446],[93.26535014677997,12.274216859913839],[93.28290321533946,12.250256861720542],[93.2988166335465,12.225225225225225],[93.31302225770125,12.19922913973829],[93.3254592571402,12.17237992448878],[93.33607437472237,12.14479255193836],[93.34482215488462,12.116585155451586],[93.35166513828933,12.087878523430689],[93.35657402223099,12.058795582081105],[93.35952778611492,12.029460869022587],[93.36051378147074,12.0],[93.35952778611492,11.970539130977413],[93.35657402223099,11.941204417918895],[93.35166513828933,11.912121476569311],[93.34482215488462,11.883414844548414],[93.33607437472237,11.85520744806164],[93.3254592571402,11.82762007551122],[93.31302225770125,11.80077086026171],[93.2988166335465,11.774774774774775],[93.28290321533946,11.749743138279458],[93.26535014677997,11.725783140086161],[93.24623259280237,11.702997380585554],[93.22563241770783,11.681483431897952],[93.20363783460864,11.661333420054515],[93.18034302768633,11.642633630499443],[93.15584774888043,11.625464138602457],[93.13025689073537,11.609898466763767],[93.1036800372345,11.596003269579871],[93.07623099454466,11.58383804841834],[93.0480273036807,11.573454896623826],[93.01918973717682,11.564898276446366],[92.98984178191999,11.558204828647193],[92.96010911036024,11.553403215597383],[92.9301190423618,11.55051399854117],[92.9,11.54954954954955],[92.86988095763822,11.55051399854117],[92.83989088963978,11.553403215597383],[92.81015821808002,11.558204828647193],[92.7808102628232,11.564898276446366],[92.75197269631931,11.573454896623826],[92.72376900545535,11.58383804841834],[92.69631996276551,11.596003269579871],[92.66974310926464,11.609898466763767],[92.64415225111958,11.625464138602457],[92.61965697231368,11.642633630499443],[92.59636216539137,11.661333420054515],[92.57436758229218,11.681483431897952],[92.55376740719764,11.702997380585554],[92.53464985322005,11.725783140086161],[92.51709678466055,11.749743138279458],[92.50118336645352,11.774774774774775],[92.48697774229876,11.80077086026171],[92.47454074285982,11.827620075511222],[92.46392562527764,11.85520744806164],[92.45517784511539,11.883414844548414],[92.44833486171068,11.912121476569311],[92.44342597776902,11.941204417918895],[92.44047221388509,11.970539130977413],[92.43948621852927,12.0],[92.44047221388509,12.029460869022587],[92.44342597776902,12.058795582081105],[92.44833486171068,12.087878523430689],[92.45517784511539,12.116585155451586],[92.46392562527764,12.14479255193836],[92.47454074285982,12.17237992448878],[92.48697774229876,12.19922913973829],[92.50118336645352,12.225225225225225],[92.51709678466055,12.25025686172054],[92.53464985322005,12.274216859913839],[92.55376740719764,12.297002619414446],[92.57436758229218,12.318516568102048],[92.59636216539137,12.338666579945485],[92.61965697231368,12.357366369500557],[92.64415225111958,12.374535861397543],[92.66974310926464,12.390101533236233],[92.69631996276551,12.403996730420129],[92.72376900545535,12.41616195158166],[92.75197269631931,12.426545103376174],[92.7808102628232,12.435101723553634],[92.81015821808002,12.441795171352807],[92.83989088963978,12.446596784402617],[92.86988095763822,12.44948600145883],[92.9,12.45045045045045]]]},"properties":{"zone_type":"forest","zone_label":"Forest / Jungle","zone_color":"#22c55e","name":"Andaman Island Forests","state":"Andaman and Nicobar","subtype":"reserve_forest","area_sqkm":7853.98,"source":"curated_research","osm_id":""}},{"type":"Feature","geometry":{"type":"Polygon","coordinates":[[[93.5,8.36036036036036],[93.5238003182795,8.359588801167064],[93.54749871994223,8.357277427522094],[93.57099372479402,8.353436137082245],[93.5941847236171,8.348081378842908],[93.61697240899416,8.34123608270094],[93.63925920055796,8.33292956126533],[93.66094966284551,8.323197384336105],[93.68195091396731,8.312081226588987],[93.7021730233419,8.299628689118034],[93.72152939679238,8.285893095600445],[93.73993714735597,8.270933263956389],[93.75731745021876,8.254813254481638],[93.77359588025563,8.237602095531557],[93.78870273073004,8.21937348793107],[93.802573311789,8.200205489376433],[93.81514822747499,8.18018018018018],[93.82637363006849,8.15938331179063],[93.83620145067225,8.137903939591023],[93.84458960504965,8.11583404155069],[93.85150217383587,8.093268124361268],[93.85690955635012,8.070302818744551],[93.86078859735034,8.047036465664883],[93.86312268618741,8.023568695218069],[93.86390182793464,8.0],[93.86312268618741,7.97643130478193],[93.86078859735034,7.952963534335116],[93.85690955635012,7.929697181255449],[93.85150217383587,7.906731875638731],[93.84458960504965,7.884165958449311],[93.83620145067225,7.862096060408977],[93.82637363006849,7.840616688209369],[93.81514822747499,7.81981981981982],[93.802573311789,7.799794510623567],[93.78870273073004,7.780626512068929],[93.77359588025563,7.762397904468443],[93.75731745021876,7.745186745518361],[93.73993714735597,7.729066736043611],[93.72152939679238,7.714106904399555],[93.7021730233419,7.700371310881966],[93.68195091396731,7.687918773411013],[93.66094966284551,7.676802615663896],[93.63925920055796,7.6670704387346715],[93.61697240899416,7.658763917299061],[93.5941847236171,7.651918621157092],[93.57099372479402,7.646563862917755],[93.54749871994223,7.642722572477906],[93.5238003182795,7.640411198832935],[93.5,7.63963963963964],[93.4761996817205,7.640411198832935],[93.45250128005777,7.642722572477906],[93.42900627520598,7.646563862917755],[93.4058152763829,7.651918621157092],[93.38302759100584,7.658763917299061],[93.36074079944204,7.6670704387346715],[93.33905033715449,7.676802615663896],[93.31804908603269,7.687918773411013],[93.2978269766581,7.700371310881966],[93.27847060320762,7.714106904399555],[93.26006285264403,7.729066736043611],[93.24268254978124,7.745186745518361],[93.22640411974437,7.762397904468443],[93.21129726926996,7.780626512068929],[93.197426688211,7.799794510623567],[93.18485177252501,7.81981981981982],[93.17362636993151,7.840616688209369],[93.16379854932775,7.862096060408977],[93.15541039495035,7.884165958449311],[93.14849782616413,7.906731875638731],[93.14309044364988,7.929697181255449],[93.13921140264966,7.952963534335116],[93.13687731381259,7.97643130478193],[93.13609817206536,8.0],[93.13687731381259,8.023568695218069],[93.13921140264966,8.047036465664883],[93.14309044364988,8.070302818744551],[93.14849782616413,8.093268124361268],[93.15541039495035,8.11583404155069],[93.16379854932775,8.137903939591023],[93.17362636993151,8.15938331179063],[93.18485177252501,8.18018018018018],[93.197426688211,8.200205489376433],[93.21129726926996,8.21937348793107],[93.22640411974437,8.237602095531557],[93.24268254978124,8.254813254481638],[93.26006285264403,8.270933263956389],[93.27847060320762,8.285893095600445],[93.2978269766581,8.299628689118034],[93.31804908603269,8.312081226588987],[93.33905033715449,8.323197384336105],[93.36074079944204,8.33292956126533],[93.38302759100584,8.34123608270094],[93.4058152763829,8.348081378842908],[93.42900627520598,8.353436137082245],[93.45250128005777,8.357277427522094],[93.4761996817205,8.359588801167064],[93.5,8.36036036036036]]]},"properties":{"zone_type":"forest","zone_label":"Forest / Jungle","zone_color":"#22c55e","name":"Nicobar Island Forests","state":"Andaman and Nicobar","subtype":"reserve_forest","area_sqkm":5026.55,"source":"curated_research","osm_id":""}},{"type":"Feature","geometry":{"type":"Polygon","coordinates":[[[94.0,24.95045045045045],[94.03237595924737,24.94948600145883],[94.0646132796668,24.94659678440262],[94.09657391610308,24.941795171352805],[94.12812100820432,24.935101723553636],[94.15911946647893,24.926545103376174],[94.1894365507696,24.91616195158166],[94.21894243866706,24.90399673042013],[94.2475107814295,24.890101533236233],[94.2750192450273,24.874535861397543],[94.30135003399616,24.857366369500557],[94.32639039585537,24.838666579945485],[94.35003310393115,24.818516568102048],[94.37217691651784,24.797002619414446],[94.39272701041035,24.77421685991384],[94.41159538695176,24.75025686172054],[94.42870124885695,24.725225225225227],[94.44397134619913,24.69922913973829],[94.45734029007716,24.67237992448878],[94.46875083262093,24.644792551938362],[94.47815411213547,24.616585155451585],[94.4855098623343,24.58787852343069],[94.49078658476577,24.558795582081103],[94.49396168369435,24.529460869022586],[94.49502156285898,24.5],[94.49396168369435,24.470539130977414],[94.49078658476577,24.441204417918897],[94.4855098623343,24.41212147656931],[94.47815411213547,24.383414844548415],[94.46875083262093,24.355207448061638],[94.45734029007716,24.32762007551122],[94.44397134619913,24.30077086026171],[94.42870124885695,24.274774774774777],[94.41159538695176,24.24974313827946],[94.39272701041035,24.22578314008616],[94.37217691651784,24.202997380585554],[94.35003310393115,24.181483431897952],[94.32639039585537,24.161333420054515],[94.30135003399616,24.142633630499443],[94.2750192450273,24.125464138602457],[94.2475107814295,24.109898466763767],[94.21894243866706,24.09600326957987],[94.1894365507696,24.08383804841834],[94.15911946647893,24.073454896623826],[94.12812100820432,24.064898276446364],[94.09657391610308,24.058204828647195],[94.0646132796668,24.05340321559738],[94.03237595924737,24.05051399854117],[94.0,24.04954954954955],[93.96762404075263,24.05051399854117],[93.9353867203332,24.05340321559738],[93.90342608389692,24.058204828647195],[93.87187899179568,24.064898276446364],[93.84088053352107,24.073454896623826],[93.8105634492304,24.08383804841834],[93.78105756133294,24.09600326957987],[93.7524892185705,24.109898466763767],[93.7249807549727,24.125464138602457],[93.69864996600384,24.142633630499443],[93.67360960414463,24.161333420054515],[93.64996689606885,24.181483431897952],[93.62782308348216,24.202997380585554],[93.60727298958965,24.22578314008616],[93.58840461304824,24.24974313827946],[93.57129875114305,24.274774774774773],[93.55602865380087,24.30077086026171],[93.54265970992284,24.32762007551122],[93.53124916737907,24.355207448061638],[93.52184588786453,24.383414844548415],[93.5144901376657,24.41212147656931],[93.50921341523423,24.441204417918897],[93.50603831630565,24.470539130977414],[93.50497843714102,24.5],[93.50603831630565,24.529460869022586],[93.50921341523423,24.558795582081103],[93.5144901376657,24.58787852343069],[93.52184588786453,24.616585155451585],[93.53124916737907,24.644792551938362],[93.54265970992284,24.67237992448878],[93.55602865380087,24.69922913973829],[93.57129875114305,24.725225225225227],[93.58840461304824,24.75025686172054],[93.60727298958965,24.77421685991384],[93.62782308348216,24.797002619414446],[93.64996689606885,24.818516568102048],[93.67360960414463,24.838666579945485],[93.69864996600384,24.857366369500557],[93.7249807549727,24.874535861397543],[93.7524892185705,24.890101533236233],[93.78105756133294,24.90399673042013],[93.8105634492304,24.91616195158166],[93.84088053352107,24.926545103376174],[93.87187899179568,24.935101723553636],[93.90342608389692,24.941795171352805],[93.9353867203332,24.94659678440262],[93.96762404075263,24.94948600145883],[94.0,24.95045045045045]]]},"properties":{"zone_type":"forest","zone_label":"Forest / Jungle","zone_color":"#22c55e","name":"Manipur Hill Forests","state":"Manipur","subtype":"reserve_forest","area_sqkm":7853.98,"source":"curated_research","osm_id":""}},{"type":"Feature","geometry":{"type":"Polygon","coordinates":[[[91.0,25.995495495495497],[91.03590459149596,25.994434601604713],[91.07165543401896,25.99125646284288],[91.10709943697275,25.98597468848809],[91.14208482369521,25.978611895908998],[91.17646178138936,25.96919961371379],[91.21008310264469,25.957778146739827],[91.24280481580195,25.944396403462143],[91.27448680146188,25.929111686559857],[91.30499339249795,25.911989447537298],[91.33419395500393,25.893103006450612],[91.36196344768818,25.872533237940033],[91.38818295731978,25.850368224912252],[91.41274020793323,25.82670288135589],[91.43553004161127,25.80163854590522],[91.45645486878733,25.775282547892594],[91.47542508613904,25.74774774774775],[91.4923594602833,25.71915205371212],[91.50718547563022,25.689617916937657],[91.51983964490597,25.659271807132196],[91.530267781015,25.628243670996746],[91.53842522907753,25.596666375773758],[91.54427705764861,25.564675140289214],[91.54779820829991,25.532406955924845],[91.54897360292374,25.5],[91.54779820829991,25.467593044075155],[91.54427705764861,25.435324859710786],[91.53842522907753,25.403333624226242],[91.530267781015,25.371756329003254],[91.51983964490597,25.340728192867804],[91.50718547563022,25.310382083062343],[91.4923594602833,25.28084794628788],[91.47542508613904,25.25225225225225],[91.45645486878733,25.224717452107406],[91.43553004161127,25.19836145409478],[91.41274020793323,25.17329711864411],[91.38818295731978,25.149631775087748],[91.36196344768818,25.127466762059967],[91.33419395500393,25.106896993549388],[91.30499339249795,25.088010552462702],[91.27448680146188,25.070888313440143],[91.24280481580195,25.055603596537857],[91.21008310264469,25.042221853260173],[91.17646178138936,25.03080038628621],[91.14208482369521,25.021388104091002],[91.10709943697275,25.01402531151191],[91.07165543401896,25.00874353715712],[91.03590459149596,25.005565398395287],[91.0,25.004504504504503],[90.96409540850404,25.005565398395287],[90.92834456598104,25.00874353715712],[90.89290056302725,25.01402531151191],[90.85791517630479,25.021388104091002],[90.82353821861064,25.03080038628621],[90.78991689735531,25.042221853260173],[90.75719518419805,25.055603596537857],[90.72551319853812,25.070888313440143],[90.69500660750205,25.088010552462702],[90.66580604499607,25.106896993549388],[90.63803655231182,25.127466762059967],[90.61181704268022,25.149631775087748],[90.58725979206677,25.17329711864411],[90.56446995838873,25.198361454094776],[90.54354513121267,25.224717452107406],[90.52457491386096,25.25225225225225],[90.5076405397167,25.28084794628788],[90.49281452436978,25.310382083062343],[90.48016035509403,25.340728192867804],[90.469732218985,25.371756329003254],[90.46157477092247,25.403333624226242],[90.45572294235139,25.435324859710786],[90.45220179170009,25.467593044075155],[90.45102639707626,25.5],[90.45220179170009,25.532406955924845],[90.45572294235139,25.564675140289214],[90.46157477092247,25.596666375773758],[90.469732218985,25.628243670996746],[90.48016035509403,25.659271807132196],[90.49281452436978,25.689617916937657],[90.5076405397167,25.71915205371212],[90.52457491386096,25.74774774774775],[90.54354513121267,25.775282547892594],[90.56446995838873,25.80163854590522],[90.58725979206677,25.82670288135589],[90.61181704268022,25.850368224912252],[90.63803655231182,25.872533237940033],[90.66580604499607,25.893103006450612],[90.69500660750205,25.911989447537298],[90.72551319853812,25.929111686559857],[90.75719518419805,25.944396403462143],[90.78991689735531,25.957778146739827],[90.82353821861064,25.96919961371379],[90.85791517630479,25.978611895908998],[90.89290056302725,25.98597468848809],[90.92834456598104,25.99125646284288],[90.96409540850404,25.994434601604713],[91.0,25.995495495495497]]]},"properties":{"zone_type":"forest","zone_label":"Forest / Jungle","zone_color":"#22c55e","name":"Meghalaya Hill Forests","state":"Meghalaya","subtype":"reserve_forest","area_sqkm":9503.32,"source":"curated_research","osm_id":""}},{"type":"Feature","geometry":{"type":"Polygon","coordinates":[[[91.6,24.06036036036036],[91.62573949770308,24.059588801167063],[91.65136877492542,24.05727742752209],[91.67677808316724,24.053436137082244],[91.70185861586974,24.048081378842905],[91.72650297434147,24.041236082700937],[91.75060562765599,24.032929561265327],[91.7740633645515,24.023197384336104],[91.79677573539728,24.012081226588986],[91.81864548233455,23.999628689118033],[91.83957895574939,23.985893095600446],[91.85948651529488,23.970933263956386],[91.87828291374478,23.95481325448164],[91.89588766203526,23.937602095531556],[91.9122253739314,23.919373487931068],[91.92722608884266,23.900205489376432],[91.94082557140483,23.88018018018018],[91.95296558654574,23.85938331179063],[91.96359414885681,23.837903939591023],[91.97266574520249,23.815834041550687],[91.98014152961453,23.79326812436127],[91.98598948963635,23.77030281874455],[91.99018458340538,23.747036465664884],[91.99270884688605,23.72356869521807],[91.99355147079457,23.7],[91.99270884688605,23.67643130478193],[91.99018458340538,23.652963534335115],[91.98598948963635,23.629697181255448],[91.98014152961453,23.60673187563873],[91.97266574520249,23.58416595844931],[91.96359414885681,23.562096060408976],[91.95296558654574,23.54061668820937],[91.94082557140483,23.51981981981982],[91.92722608884266,23.499794510623566],[91.9122253739314,23.48062651206893],[91.89588766203526,23.462397904468443],[91.87828291374478,23.44518674551836],[91.85948651529488,23.429066736043612],[91.83957895574939,23.414106904399553],[91.81864548233455,23.400371310881965],[91.79677573539728,23.387918773411013],[91.7740633645515,23.376802615663895],[91.75060562765599,23.36707043873467],[91.72650297434147,23.35876391729906],[91.70185861586974,23.351918621157093],[91.67677808316724,23.346563862917755],[91.65136877492542,23.342722572477907],[91.62573949770308,23.340411198832935],[91.6,23.33963963963964],[91.57426050229691,23.340411198832935],[91.54863122507457,23.342722572477907],[91.52322191683275,23.346563862917755],[91.49814138413025,23.351918621157093],[91.47349702565852,23.35876391729906],[91.449394372344,23.36707043873467],[91.4259366354485,23.376802615663895],[91.40322426460271,23.387918773411013],[91.38135451766544,23.400371310881965],[91.3604210442506,23.414106904399553],[91.34051348470511,23.429066736043612],[91.3217170862552,23.44518674551836],[91.30411233796474,23.462397904468443],[91.28777462606858,23.48062651206893],[91.27277391115733,23.499794510623566],[91.25917442859516,23.51981981981982],[91.24703441345424,23.54061668820937],[91.23640585114318,23.562096060408976],[91.2273342547975,23.58416595844931],[91.21985847038546,23.60673187563873],[91.21401051036364,23.629697181255448],[91.20981541659461,23.652963534335115],[91.20729115311394,23.67643130478193],[91.20644852920542,23.7],[91.20729115311394,23.72356869521807],[91.20981541659461,23.747036465664884],[91.21401051036364,23.77030281874455],[91.21985847038546,23.79326812436127],[91.2273342547975,23.815834041550687],[91.23640585114318,23.837903939591023],[91.24703441345424,23.85938331179063],[91.25917442859516,23.88018018018018],[91.27277391115733,23.900205489376432],[91.28777462606858,23.919373487931068],[91.30411233796474,23.937602095531556],[91.3217170862552,23.95481325448164],[91.34051348470511,23.970933263956386],[91.3604210442506,23.985893095600446],[91.38135451766544,23.999628689118033],[91.40322426460271,24.012081226588986],[91.4259366354485,24.023197384336104],[91.449394372344,24.032929561265327],[91.47349702565852,24.041236082700937],[91.49814138413025,24.048081378842905],[91.52322191683275,24.053436137082244],[91.54863122507457,24.05727742752209],[91.57426050229691,24.059588801167063],[91.6,24.06036036036036]]]},"properties":{"zone_type":"forest","zone_label":"Forest / Jungle","zone_color":"#22c55e","name":"Tripura Forest Cover","state":"Tripura","subtype":"reserve_forest","area_sqkm":5026.55,"source":"curated_research","osm_id":""}},{"type":"Feature","geometry":{"type":"Polygon","coordinates":[[[78.25,30.17027027027027],[78.27039057296645,30.169691600875296],[78.29069383036905,30.167958070641568],[78.31082283054256,30.165077102811683],[78.33069137801802,30.161061034132178],[78.35021439262482,30.155927062025704],[78.36930827381723,30.149697170948993],[78.3878912586646,30.142398038252075],[78.40588377197291,30.13406091994174],[78.42320876703793,30.124721516838523],[78.439792055571,30.11441982170033],[78.4555626253847,30.10319994796729],[78.47045294447797,30.091109940861227],[78.48439925021842,30.078201571648666],[78.49734182238382,30.0645301159483],[78.50922523889315,30.050154117032324],[78.51999861313256,30.035135135135135],[78.5296158118596,30.01953748384297],[78.53803565275285,30.003427954693265],[78.545222080761,29.986875531163015],[78.55114432249599,29.96995109327095],[78.55577701800952,29.952727114058412],[78.55910032938822,29.93527734924866],[78.56110002570252,29.91767652141355],[78.56176754394582,29.9],[78.56110002570252,29.882323478586446],[78.55910032938822,29.864722650751336],[78.55577701800952,29.847272885941585],[78.55114432249599,29.830048906729047],[78.545222080761,29.813124468836982],[78.53803565275285,29.796572045306732],[78.5296158118596,29.780462516157026],[78.51999861313256,29.76486486486486],[78.50922523889315,29.749845882967673],[78.49734182238382,29.735469884051696],[78.48439925021842,29.72179842835133],[78.47045294447797,29.70889005913877],[78.4555626253847,29.696800052032707],[78.439792055571,29.685580178299666],[78.42320876703793,29.675278483161474],[78.40588377197291,29.66593908005826],[78.3878912586646,29.657601961747922],[78.36930827381723,29.650302829051004],[78.35021439262482,29.644072937974293],[78.33069137801802,29.63893896586782],[78.31082283054256,29.634922897188314],[78.29069383036905,29.63204192935843],[78.27039057296645,29.6303083991247],[78.25,29.62972972972973],[78.22960942703355,29.6303083991247],[78.20930616963095,29.63204192935843],[78.18917716945744,29.634922897188314],[78.16930862198198,29.63893896586782],[78.14978560737518,29.644072937974293],[78.13069172618277,29.650302829051004],[78.1121087413354,29.657601961747922],[78.09411622802709,29.66593908005826],[78.07679123296207,29.675278483161474],[78.060207944429,29.685580178299666],[78.0444373746153,29.696800052032707],[78.02954705552203,29.70889005913877],[78.01560074978158,29.72179842835133],[78.00265817761618,29.735469884051696],[77.99077476110685,29.749845882967673],[77.98000138686744,29.76486486486486],[77.9703841881404,29.780462516157026],[77.96196434724715,29.796572045306732],[77.954777919239,29.813124468836982],[77.94885567750401,29.830048906729047],[77.94422298199048,29.847272885941585],[77.94089967061178,29.864722650751336],[77.93889997429748,29.882323478586446],[77.93823245605418,29.9],[77.93889997429748,29.91767652141355],[77.94089967061178,29.93527734924866],[77.94422298199048,29.952727114058412],[77.94885567750401,29.96995109327095],[77.954777919239,29.986875531163015],[77.96196434724715,30.003427954693265],[77.9703841881404,30.01953748384297],[77.98000138686744,30.035135135135135],[77.99077476110685,30.050154117032324],[78.00265817761618,30.0645301159483],[78.01560074978158,30.078201571648666],[78.02954705552203,30.091109940861227],[78.0444373746153,30.10319994796729],[78.060207944429,30.11441982170033],[78.07679123296207,30.124721516838523],[78.09411622802709,30.13406091994174],[78.1121087413354,30.142398038252075],[78.13069172618277,30.149697170948993],[78.14978560737518,30.155927062025704],[78.16930862198198,30.161061034132178],[78.18917716945744,30.165077102811683],[78.20930616963095,30.167958070641568],[78.22960942703355,30.169691600875296],[78.25,30.17027027027027]]]},"properties":{"zone_type":"forest","zone_label":"Forest / Jungle","zone_color":"#22c55e","name":"Rajaji Forest Division (UK)","state":"Uttarakhand","subtype":"reserve_forest","area_sqkm":2827.43,"source":"curated_research","osm_id":""}},{"type":"Feature","geometry":{"type":"Polygon","coordinates":[[[78.0,23.05045045045045],[78.03191133338484,23.04948600145883],[78.06368601754102,23.04659678440262],[78.09518798839282,23.041795171352806],[78.1262823496648,23.035101723553637],[78.1568359505283,23.026545103376176],[78.18671795577376,23.016161951581662],[78.21580040606712,23.00399673042013],[78.2439587658914,22.990101533236235],[78.27107245682693,22.974535861397545],[78.29702537388653,22.95736636950056],[78.32170638269496,22.938666579945487],[78.34500979538343,22.91851656810205],[78.36683582316121,22.897002619414447],[78.38709100362655,22.87421685991384],[78.40568860098708,22.850256861720542],[78.42254897747573,22.82522522522523],[78.43759993437192,22.79922913973829],[78.45077702116758,22.77237992448878],[78.46202381155405,22.744792551938364],[78.47129214504825,22.716585155451586],[78.47854233322327,22.68787852343069],[78.48374332966027,22.658795582081105],[78.48687286289405,22.629460869022587],[78.48791753178283,22.6],[78.48687286289405,22.570539130977416],[78.48374332966027,22.541204417918898],[78.47854233322327,22.512121476569313],[78.47129214504825,22.483414844548417],[78.46202381155405,22.45520744806164],[78.45077702116758,22.42762007551122],[78.43759993437192,22.400770860261712],[78.42254897747573,22.374774774774778],[78.40568860098708,22.34974313827946],[78.38709100362655,22.325783140086163],[78.36683582316121,22.302997380585555],[78.34500979538343,22.281483431897954],[78.32170638269496,22.261333420054516],[78.29702537388653,22.242633630499444],[78.27107245682693,22.225464138602458],[78.2439587658914,22.209898466763768],[78.21580040606712,22.196003269579872],[78.18671795577376,22.18383804841834],[78.1568359505283,22.173454896623827],[78.1262823496648,22.164898276446365],[78.09518798839282,22.158204828647197],[78.06368601754102,22.153403215597383],[78.03191133338484,22.15051399854117],[78.0,22.14954954954955],[77.96808866661516,22.15051399854117],[77.93631398245898,22.153403215597383],[77.90481201160718,22.158204828647197],[77.8737176503352,22.164898276446365],[77.8431640494717,22.173454896623827],[77.81328204422624,22.18383804841834],[77.78419959393288,22.196003269579872],[77.7560412341086,22.209898466763768],[77.72892754317307,22.225464138602458],[77.70297462611347,22.242633630499444],[77.67829361730504,22.261333420054516],[77.65499020461657,22.281483431897954],[77.63316417683879,22.302997380585555],[77.61290899637345,22.325783140086163],[77.59431139901292,22.34974313827946],[77.57745102252427,22.374774774774774],[77.56240006562808,22.400770860261712],[77.54922297883242,22.42762007551122],[77.53797618844595,22.45520744806164],[77.52870785495175,22.483414844548417],[77.52145766677673,22.512121476569313],[77.51625667033973,22.541204417918898],[77.51312713710595,22.570539130977416],[77.51208246821717,22.6],[77.51312713710595,22.629460869022587],[77.51625667033973,22.658795582081105],[77.52145766677673,22.68787852343069],[77.52870785495175,22.716585155451586],[77.53797618844595,22.744792551938364],[77.54922297883242,22.77237992448878],[77.56240006562808,22.79922913973829],[77.57745102252427,22.82522522522523],[77.59431139901292,22.850256861720542],[77.61290899637345,22.87421685991384],[77.63316417683879,22.897002619414447],[77.65499020461657,22.91851656810205],[77.67829361730504,22.938666579945487],[77.70297462611347,22.95736636950056],[77.72892754317307,22.974535861397545],[77.7560412341086,22.990101533236235],[77.78419959393288,23.00399673042013],[77.81328204422624,23.016161951581662],[77.8431640494717,23.026545103376176],[77.8737176503352,23.035101723553637],[77.90481201160718,23.041795171352806],[77.93631398245898,23.04659678440262],[77.96808866661516,23.04948600145883],[78.0,23.05045045045045]]]},"properties":{"zone_type":"forest","zone_label":"Forest / Jungle","zone_color":"#22c55e","name":"Bori-Satpura Forest (MP)","state":"Madhya Pradesh","subtype":"reserve_forest","area_sqkm":7853.98,"source":"curated_research","osm_id":""}},{"type":"Feature","geometry":{"type":"Polygon","coordinates":[[[78.77,29.755225225225228],[78.79537178455178,29.75414070420545],[78.82049922494869,29.750897585676405],[78.84514033020366,29.74552710264239],[78.8690577930029,29.738080975790833],[78.89202127510501,29.728630915393776],[78.91380962562425,29.71726793069877],[78.93421301083438,29.704101453460076],[78.95303493498223,29.689258284051025],[78.97009413264912,29.672881370307127],[78.98522631443602,29.655128430860273],[78.99828574916023,29.636170436222073],[79.00914666732633,29.61618996224439],[79.01770447235523,29.59537943181407],[79.0238767479063,29.573939261715346],[79.0276040515919,29.55207593250666],[79.02885048743995,29.53],[79.0276040515919,29.50792406749334],[79.0238767479063,29.486060738284657],[79.01770447235523,29.464620568185932],[79.00914666732633,29.44381003775561],[78.99828574916023,29.42382956377793],[78.98522631443602,29.40487156913973],[78.97009413264912,29.387118629692875],[78.95303493498223,29.370741715948977],[78.93421301083438,29.355898546539926],[78.91380962562425,29.34273206930123],[78.89202127510501,29.331369084606226],[78.8690577930029,29.32191902420917],[78.84514033020366,29.31447289735761],[78.82049922494869,29.309102414323597],[78.79537178455178,29.30585929579455],[78.77,29.304774774774774],[78.74462821544822,29.30585929579455],[78.7195007750513,29.309102414323597],[78.69485966979633,29.31447289735761],[78.6709422069971,29.32191902420917],[78.64797872489498,29.331369084606226],[78.62619037437574,29.34273206930123],[78.60578698916561,29.355898546539926],[78.58696506501776,29.370741715948977],[78.56990586735087,29.387118629692875],[78.55477368556397,29.40487156913973],[78.54171425083976,29.42382956377793],[78.53085333267366,29.44381003775561],[78.52229552764476,29.464620568185932],[78.51612325209369,29.486060738284657],[78.5123959484081,29.50792406749334],[78.51114951256004,29.53],[78.5123959484081,29.552075932506657],[78.51612325209369,29.573939261715346],[78.52229552764476,29.59537943181407],[78.53085333267366,29.61618996224439],[78.54171425083976,29.636170436222073],[78.55477368556397,29.655128430860273],[78.56990586735087,29.672881370307127],[78.58696506501776,29.689258284051025],[78.60578698916561,29.704101453460076],[78.62619037437574,29.71726793069877],[78.64797872489498,29.728630915393776],[78.6709422069971,29.738080975790833],[78.69485966979633,29.74552710264239],[78.7195007750513,29.750897585676405],[78.74462821544822,29.75414070420545],[78.77,29.755225225225228]]]},"properties":{"zone_type":"parks","zone_label":"National Park / Wildlife Sanctuary","zone_color":"#10b981","name":"Corbett NP (Uttarakhand)","state":"Uttarakhand","subtype":"national_park","area_sqkm":1963.5,"source":"curated_research","osm_id":""}},{"type":"Feature","geometry":{"type":"Polygon","coordinates":[[[93.37,26.967387387387387],[93.41245796596425,26.96552201123337],[93.45450703850636,26.959943847363412],[93.49574226207142,26.95070661654491],[93.53576651891501,26.937899278360227],[93.57419435356427,26.921645174477288],[93.6106556849647,26.902100840801886],[93.64479937056315,26.87945449995133],[93.67629658800246,26.85392424856776],[93.70484400186055,26.82575595692826],[93.73016668493638,26.795220901079663],[93.75202076594913,26.762613150301963],[93.770195778152,26.72824673506035],[93.784516686242,26.692452622720197],[93.79484557204562,26.65557553015039],[93.80108296274622,26.61797060391145],[93.80316878886167,26.58],[93.80108296274622,26.542029396088548],[93.79484557204562,26.504424469849607],[93.784516686242,26.4675473772798],[93.770195778152,26.431753264939648],[93.75202076594913,26.397386849698034],[93.73016668493638,26.364779098920334],[93.70484400186055,26.334244043071738],[93.67629658800246,26.306075751432235],[93.64479937056315,26.280545500048667],[93.6106556849647,26.25789915919811],[93.57419435356427,26.23835482552271],[93.53576651891501,26.22210072163977],[93.49574226207142,26.209293383455087],[93.45450703850636,26.200056152636584],[93.41245796596425,26.194477988766625],[93.37,26.19261261261261],[93.32754203403576,26.194477988766625],[93.28549296149365,26.200056152636584],[93.24425773792859,26.209293383455087],[93.204233481085,26.22210072163977],[93.16580564643574,26.23835482552271],[93.12934431503531,26.25789915919811],[93.09520062943686,26.280545500048667],[93.06370341199755,26.306075751432235],[93.03515599813946,26.334244043071738],[93.00983331506363,26.364779098920334],[92.98797923405088,26.397386849698034],[92.96980422184801,26.431753264939648],[92.95548331375801,26.4675473772798],[92.94515442795439,26.504424469849607],[92.93891703725379,26.542029396088548],[92.93683121113834,26.58],[92.93891703725379,26.61797060391145],[92.94515442795439,26.65557553015039],[92.95548331375801,26.692452622720197],[92.96980422184801,26.72824673506035],[92.98797923405088,26.762613150301963],[93.00983331506363,26.795220901079663],[93.03515599813946,26.82575595692826],[93.06370341199755,26.85392424856776],[93.09520062943686,26.87945449995133],[93.12934431503531,26.902100840801886],[93.16580564643574,26.921645174477288],[93.204233481085,26.937899278360227],[93.24425773792859,26.95070661654491],[93.28549296149365,26.959943847363412],[93.32754203403576,26.96552201123337],[93.37,26.967387387387387]]]},"properties":{"zone_type":"parks","zone_label":"National Park / Wildlife Sanctuary","zone_color":"#10b981","name":"Kaziranga NP (Assam)","state":"Assam","subtype":"national_park","area_sqkm":5808.8,"source":"curated_research","osm_id":""}},{"type":"Feature","geometry":{"type":"Polygon","coordinates":[[[80.97,23.872162162162162],[80.98735998567562,23.871381307027924],[81.00455278519925,23.86904626168701],[81.02141282251293,23.865179513902522],[81.03777772624072,23.859818302569398],[81.05348989341373,23.85301425908352],[81.06839800727293,23.844832910103115],[81.0823584945323,23.835353046491257],[81.0952369080679,23.82466596451674],[81.10690922171736,23.81287458662113],[81.11726302471948,23.800092470219397],[81.1261986042914,23.786442714079893],[81.13362990591715,23.77205677281596],[81.1394853620997,23.75707319090613],[81.14370858159512,23.741636268435048],[81.14625889249102,23.725894671404795],[81.1471117338993,23.71],[81.14625889249102,23.694105328595207],[81.14370858159512,23.678363731564954],[81.1394853620997,23.66292680909387],[81.13362990591715,23.64794322718404],[81.1261986042914,23.63355728592011],[81.11726302471948,23.619907529780605],[81.10690922171736,23.60712541337887],[81.0952369080679,23.595334035483262],[81.0823584945323,23.584646953508745],[81.06839800727293,23.575167089896887],[81.05348989341373,23.566985740916483],[81.03777772624072,23.560181697430604],[81.02141282251293,23.55482048609748],[81.00455278519925,23.55095373831299],[80.98735998567562,23.548618692972077],[80.97,23.54783783783784],[80.95264001432437,23.548618692972077],[80.93544721480075,23.55095373831299],[80.91858717748707,23.55482048609748],[80.90222227375928,23.560181697430604],[80.88651010658627,23.566985740916483],[80.87160199272707,23.575167089896887],[80.8576415054677,23.584646953508745],[80.8447630919321,23.595334035483262],[80.83309077828264,23.60712541337887],[80.82273697528052,23.619907529780605],[80.8138013957086,23.63355728592011],[80.80637009408285,23.64794322718404],[80.80051463790029,23.66292680909387],[80.79629141840488,23.678363731564954],[80.79374110750898,23.694105328595207],[80.7928882661007,23.71],[80.79374110750898,23.725894671404795],[80.79629141840488,23.741636268435048],[80.80051463790029,23.75707319090613],[80.80637009408285,23.77205677281596],[80.8138013957086,23.786442714079893],[80.82273697528052,23.800092470219397],[80.83309077828264,23.81287458662113],[80.8447630919321,23.82466596451674],[80.8576415054677,23.835353046491257],[80.87160199272707,23.844832910103115],[80.88651010658627,23.85301425908352],[80.90222227375928,23.859818302569398],[80.91858717748707,23.865179513902522],[80.93544721480075,23.86904626168701],[80.95264001432437,23.871381307027924],[80.97,23.872162162162162]]]},"properties":{"zone_type":"parks","zone_label":"National Park / Wildlife Sanctuary","zone_color":"#10b981","name":"Bandhavgarh NP (MP)","state":"Madhya Pradesh","subtype":"national_park","area_sqkm":1017.88,"source":"curated_research","osm_id":""}},{"type":"Feature","geometry":{"type":"Polygon","coordinates":[[[80.61,22.585315315315317],[80.64339748127026,22.58379698588763],[80.67647332653895,22.579256619946964],[80.70890899733506,22.571737943699343],[80.74039212041768,22.56131336610716],[80.77061949610109,22.548083281551282],[80.7993000182335,22.53217510297828],[80.8261574777084,22.513742034844107],[80.85093322250928,22.492961597671435],[80.87338864866989,22.470033918429976],[80.89330749816094,22.44517980320438],[80.91049794157306,22.4186386107109],[80.92479442553895,22.390665947142146],[80.93605926710275,22.361531204539695],[80.94418397968224,22.331514966401482],[80.94909031785383,22.300906305509322],[80.95073103089888,22.27],[80.94909031785383,22.239093694490677],[80.94418397968224,22.208485033598517],[80.93605926710275,22.178468795460304],[80.92479442553895,22.149334052857853],[80.91049794157306,22.1213613892891],[80.89330749816094,22.09482019679562],[80.87338864866989,22.069966081570023],[80.85093322250928,22.047038402328564],[80.8261574777084,22.026257965155892],[80.7993000182335,22.00782489702172],[80.77061949610109,21.991916718448717],[80.74039212041768,21.97868663389284],[80.70890899733506,21.968262056300656],[80.67647332653895,21.960743380053035],[80.64339748127026,21.95620301411237],[80.61,21.954684684684683],[80.57660251872974,21.95620301411237],[80.54352667346105,21.960743380053035],[80.51109100266494,21.968262056300656],[80.47960787958232,21.97868663389284],[80.44938050389891,21.991916718448717],[80.4206999817665,22.00782489702172],[80.39384252229159,22.026257965155892],[80.36906677749072,22.047038402328564],[80.34661135133011,22.069966081570023],[80.32669250183906,22.09482019679562],[80.30950205842694,22.1213613892891],[80.29520557446105,22.149334052857853],[80.28394073289725,22.178468795460304],[80.27581602031776,22.208485033598517],[80.27090968214617,22.239093694490677],[80.26926896910112,22.27],[80.27090968214617,22.30090630550932],[80.27581602031776,22.331514966401482],[80.28394073289725,22.361531204539695],[80.29520557446105,22.390665947142146],[80.30950205842694,22.4186386107109],[80.32669250183906,22.44517980320438],[80.34661135133011,22.470033918429976],[80.36906677749072,22.49296159767143],[80.39384252229159,22.513742034844107],[80.4206999817665,22.53217510297828],[80.44938050389891,22.548083281551282],[80.47960787958232,22.56131336610716],[80.51109100266494,22.571737943699343],[80.54352667346105,22.579256619946964],[80.57660251872974,22.58379698588763],[80.61,22.585315315315317]]]},"properties":{"zone_type":"parks","zone_label":"National Park / Wildlife Sanctuary","zone_color":"#10b981","name":"Kanha NP (MP)","state":"Madhya Pradesh","subtype":"national_park","area_sqkm":3848.45,"source":"curated_research","osm_id":""}},{"type":"Feature","geometry":{"type":"Polygon","coordinates":[[[79.29,21.98324324324324],[79.31566763805951,21.982071960541884],[79.34108808273315,21.978569392530513],[79.36601652124249,21.972769270853778],[79.39021287909739,21.964727453854096],[79.41344413214466,21.954521388625274],[79.43548655071794,21.942249365154673],[79.45612785427677,21.928029569736882],[79.47516925578421,21.911998946775103],[79.49242737613461,21.894311879931696],[79.50773601019479,21.875138705329093],[79.52094772745018,21.854664071119835],[79.53193529184136,21.833085159223938],[79.54059288711682,21.81060978635919],[79.54683713590134,21.78745440265257],[79.55060790266566,21.76384200710719],[79.55186887286455,21.74],[79.55060790266566,21.716157992892807],[79.54683713590134,21.692545597347426],[79.54059288711682,21.669390213640806],[79.53193529184136,21.64691484077606],[79.52094772745018,21.625335928880162],[79.50773601019479,21.604861294670904],[79.49242737613461,21.5856881200683],[79.47516925578421,21.568001053224894],[79.45612785427677,21.551970430263115],[79.43548655071794,21.537750634845324],[79.41344413214466,21.525478611374723],[79.39021287909739,21.5152725461459],[79.36601652124249,21.50723072914622],[79.34108808273315,21.501430607469484],[79.31566763805951,21.497928039458113],[79.29,21.496756756756756],[79.2643323619405,21.497928039458113],[79.23891191726686,21.501430607469484],[79.21398347875753,21.50723072914622],[79.18978712090262,21.5152725461459],[79.16655586785535,21.525478611374723],[79.14451344928207,21.537750634845324],[79.12387214572324,21.551970430263115],[79.1048307442158,21.568001053224894],[79.0875726238654,21.5856881200683],[79.07226398980522,21.604861294670908],[79.05905227254983,21.625335928880162],[79.04806470815865,21.64691484077606],[79.0394071128832,21.669390213640806],[79.03316286409867,21.692545597347426],[79.02939209733435,21.716157992892807],[79.02813112713547,21.74],[79.02939209733435,21.76384200710719],[79.03316286409867,21.78745440265257],[79.0394071128832,21.81060978635919],[79.04806470815865,21.833085159223938],[79.05905227254983,21.854664071119835],[79.07226398980522,21.87513870532909],[79.0875726238654,21.894311879931696],[79.1048307442158,21.911998946775103],[79.12387214572324,21.928029569736882],[79.14451344928207,21.942249365154673],[79.16655586785535,21.954521388625274],[79.18978712090262,21.964727453854096],[79.21398347875753,21.972769270853778],[79.23891191726686,21.978569392530513],[79.2643323619405,21.982071960541884],[79.29,21.98324324324324]]]},"properties":{"zone_type":"parks","zone_label":"National Park / Wildlife Sanctuary","zone_color":"#10b981","name":"Pench NP (MP-Maharashtra)","state":"Madhya Pradesh","subtype":"national_park","area_sqkm":2290.22,"source":"curated_research","osm_id":""}},{"type":"Feature","geometry":{"type":"Polygon","coordinates":[[[76.5,26.23522522522523],[76.52456381672343,26.23414070420545],[76.54889107046388,26.230897585676406],[76.57274747646917,26.225527102642392],[76.59590328450825,26.218080975790834],[76.61813549149146,26.208630915393776],[76.63922998911217,26.19726793069877],[76.65898362582686,26.184101453460077],[76.67720616331556,26.169258284051025],[76.6937221085808,26.152881370307128],[76.70837240404111,26.135128430860274],[76.72101595934258,26.116170436222074],[76.73153101013595,26.09618996224439],[76.739816290734,26.07537943181407],[76.74579200935536,26.053939261715346],[76.74940061656304,26.03207593250666],[76.75060735949697,26.01],[76.74940061656304,25.987924067493342],[76.74579200935536,25.966060738284657],[76.739816290734,25.944620568185933],[76.73153101013595,25.92381003775561],[76.72101595934258,25.90382956377793],[76.70837240404111,25.88487156913973],[76.6937221085808,25.867118629692875],[76.67720616331556,25.850741715948978],[76.65898362582686,25.835898546539926],[76.63922998911217,25.82273206930123],[76.61813549149146,25.811369084606227],[76.59590328450825,25.80191902420917],[76.57274747646917,25.79447289735761],[76.54889107046388,25.789102414323597],[76.52456381672343,25.785859295794552],[76.5,25.784774774774775],[76.47543618327657,25.785859295794552],[76.45110892953612,25.789102414323597],[76.42725252353083,25.79447289735761],[76.40409671549175,25.80191902420917],[76.38186450850854,25.811369084606227],[76.36077001088783,25.82273206930123],[76.34101637417314,25.835898546539926],[76.32279383668444,25.850741715948978],[76.3062778914192,25.867118629692875],[76.29162759595889,25.88487156913973],[76.27898404065742,25.90382956377793],[76.26846898986405,25.92381003775561],[76.260183709266,25.944620568185933],[76.25420799064464,25.966060738284657],[76.25059938343696,25.987924067493342],[76.24939264050303,26.01],[76.25059938343696,26.032075932506658],[76.25420799064464,26.053939261715346],[76.260183709266,26.07537943181407],[76.26846898986405,26.09618996224439],[76.27898404065742,26.116170436222074],[76.29162759595889,26.135128430860274],[76.3062778914192,26.152881370307128],[76.32279383668444,26.169258284051025],[76.34101637417314,26.184101453460077],[76.36077001088783,26.19726793069877],[76.38186450850854,26.208630915393776],[76.40409671549175,26.218080975790834],[76.42725252353083,26.225527102642392],[76.45110892953612,26.230897585676406],[76.47543618327657,26.23414070420545],[76.5,26.23522522522523]]]},"properties":{"zone_type":"parks","zone_label":"National Park / Wildlife Sanctuary","zone_color":"#10b981","name":"Ranthambore NP (Rajasthan)","state":"Rajasthan","subtype":"national_park","area_sqkm":1963.5,"source":"curated_research","osm_id":""}},{"type":"Feature","geometry":{"type":"Polygon","coordinates":[[[76.38,27.57324324324324],[76.40683771429619,27.572071960541884],[76.43341696673272,27.568569392530513],[76.45948178457893,27.562769270853778],[76.48478114939049,27.554727453854095],[76.50907141445421,27.544521388625274],[76.53211865123912,27.532249365154673],[76.5537009022561,27.518029569736882],[76.57361031862976,27.501998946775103],[76.59165516179687,27.484311879931695],[76.60766165005337,27.46513870532909],[76.62147563216736,27.444664071119835],[76.63296407193957,27.423085159223938],[76.64201632941476,27.40060978635919],[76.648545226405,27.37745440265257],[76.6524878860632,27.35384200710719],[76.65380633842159,27.33],[76.6524878860632,27.306157992892807],[76.648545226405,27.282545597347426],[76.64201632941476,27.259390213640806],[76.63296407193957,27.23691484077606],[76.62147563216736,27.21533592888016],[76.60766165005337,27.194861294670904],[76.59165516179687,27.1756881200683],[76.57361031862976,27.158001053224893],[76.5537009022561,27.141970430263115],[76.53211865123912,27.127750634845324],[76.50907141445421,27.115478611374723],[76.48478114939049,27.1052725461459],[76.45948178457893,27.09723072914622],[76.43341696673272,27.091430607469484],[76.40683771429619,27.087928039458113],[76.38,27.086756756756756],[76.3531622857038,27.087928039458113],[76.32658303326727,27.091430607469484],[76.30051821542106,27.09723072914622],[76.2752188506095,27.1052725461459],[76.25092858554578,27.115478611374723],[76.22788134876087,27.127750634845324],[76.2062990977439,27.141970430263115],[76.18638968137023,27.158001053224893],[76.16834483820313,27.1756881200683],[76.15233834994662,27.194861294670908],[76.13852436783263,27.21533592888016],[76.12703592806042,27.23691484077606],[76.11798367058523,27.259390213640806],[76.11145477359499,27.282545597347426],[76.10751211393679,27.306157992892807],[76.1061936615784,27.33],[76.10751211393679,27.35384200710719],[76.11145477359499,27.37745440265257],[76.11798367058523,27.40060978635919],[76.12703592806042,27.423085159223938],[76.13852436783263,27.444664071119835],[76.15233834994662,27.46513870532909],[76.16834483820313,27.484311879931695],[76.18638968137023,27.501998946775103],[76.2062990977439,27.518029569736882],[76.22788134876087,27.532249365154673],[76.25092858554578,27.544521388625274],[76.2752188506095,27.554727453854095],[76.30051821542106,27.562769270853778],[76.32658303326727,27.568569392530513],[76.3531622857038,27.572071960541884],[76.38,27.57324324324324]]]},"properties":{"zone_type":"parks","zone_label":"National Park / Wildlife Sanctuary","zone_color":"#10b981","name":"Sariska Tiger Reserve (Rajasthan)","state":"Rajasthan","subtype":"national_park","area_sqkm":2290.22,"source":"curated_research","osm_id":""}},{"type":"Feature","geometry":{"type":"Polygon","coordinates":[[[88.9,22.4354954954955],[88.9523591282214,22.43310954925199],[89.0042140094156,22.42597468848809],[89.05506525272997,22.41415962581326],[89.10442313289326,22.397778146739828],[89.15181230653772,22.376988013866303],[89.19677639001563,22.3519894475373],[89.23888235462321,22.32302319761217],[89.27772469690382,22.290368224912253],[89.31292934386794,22.254339014675683],[89.34415725552046,22.215282547892595],[89.37110769000125,22.17357495968856],[89.39352109989369,22.129617916937658],[89.41118163180806,22.083834749990952],[89.42391920516783,22.03666637577376],[89.43161115017845,21.98856705151465],[89.43418338920465,21.94],[89.43161115017845,21.891432948485352],[89.42391920516783,21.843333624226243],[89.41118163180806,21.79616525000905],[89.39352109989369,21.750382083062345],[89.37110769000125,21.706425040311444],[89.34415725552046,21.664717452107407],[89.31292934386794,21.62566098532432],[89.27772469690382,21.58963177508775],[89.23888235462321,21.556976802387833],[89.19677639001563,21.528010552462703],[89.15181230653772,21.5030119861337],[89.10442313289326,21.482221853260175],[89.05506525272997,21.465840374186744],[89.0042140094156,21.454025311511913],[88.9523591282214,21.44689045074801],[88.9,21.444504504504504],[88.84764087177861,21.44689045074801],[88.7957859905844,21.454025311511913],[88.74493474727004,21.465840374186744],[88.69557686710675,21.482221853260175],[88.64818769346229,21.5030119861337],[88.60322360998438,21.528010552462703],[88.5611176453768,21.556976802387833],[88.5222753030962,21.58963177508775],[88.48707065613208,21.62566098532432],[88.45584274447955,21.664717452107407],[88.42889230999876,21.706425040311444],[88.40647890010632,21.750382083062345],[88.38881836819195,21.79616525000905],[88.37608079483218,21.843333624226243],[88.36838884982156,21.891432948485352],[88.36581661079536,21.94],[88.36838884982156,21.988567051514647],[88.37608079483218,22.03666637577376],[88.38881836819195,22.083834749990952],[88.40647890010632,22.129617916937658],[88.42889230999876,22.17357495968856],[88.45584274447955,22.215282547892595],[88.48707065613208,22.254339014675683],[88.5222753030962,22.290368224912253],[88.5611176453768,22.32302319761217],[88.60322360998438,22.3519894475373],[88.64818769346229,22.376988013866303],[88.69557686710675,22.397778146739828],[88.74493474727004,22.41415962581326],[88.7957859905844,22.42597468848809],[88.84764087177861,22.43310954925199],[88.9,22.4354954954955]]]},"properties":{"zone_type":"parks","zone_label":"National Park / Wildlife Sanctuary","zone_color":"#10b981","name":"Sundarbans NP (WB)","state":"West Bengal","subtype":"national_park","area_sqkm":9503.32,"source":"curated_research","osm_id":""}},{"type":"Feature","geometry":{"type":"Polygon","coordinates":[[[86.47,21.97027027027027],[86.49851166756994,21.96896884504654],[86.52674875219513,21.965077102811684],[86.55443931531465,21.958632523170866],[86.58131668166847,21.949697170948994],[86.60712200752593,21.938357098472526],[86.63160677349241,21.924721516838524],[86.6545351778869,21.90892174415209],[86.67568640764115,21.891109940861227],[86.6948567648502,21.87145764436855],[86.71186162849452,21.850154117032325],[86.72653723244142,21.827404523466484],[86.7387422426024,21.803427954693266],[86.74835911805766,21.77845531817688],[86.75529524303946,21.752727114058413],[86.75948381887254,21.72649111900799],[86.76088450728193,21.7],[86.75948381887254,21.67350888099201],[86.75529524303946,21.647272885941586],[86.74835911805766,21.621544681823117],[86.7387422426024,21.596572045306733],[86.72653723244142,21.572595476533515],[86.71186162849452,21.549845882967674],[86.6948567648502,21.528542355631448],[86.67568640764115,21.50889005913877],[86.6545351778869,21.49107825584791],[86.63160677349241,21.475278483161475],[86.60712200752593,21.461642901527473],[86.58131668166847,21.450302829051004],[86.55443931531465,21.441367476829132],[86.52674875219513,21.434922897188315],[86.49851166756994,21.43103115495346],[86.47,21.42972972972973],[86.44148833243005,21.43103115495346],[86.41325124780487,21.434922897188315],[86.38556068468534,21.441367476829132],[86.35868331833153,21.450302829051004],[86.33287799247407,21.461642901527473],[86.30839322650759,21.475278483161475],[86.2854648221131,21.49107825584791],[86.26431359235885,21.50889005913877],[86.2451432351498,21.528542355631448],[86.22813837150548,21.549845882967674],[86.21346276755858,21.572595476533515],[86.2012577573976,21.596572045306733],[86.19164088194233,21.621544681823117],[86.18470475696054,21.647272885941586],[86.18051618112746,21.67350888099201],[86.17911549271807,21.7],[86.18051618112746,21.72649111900799],[86.18470475696054,21.752727114058413],[86.19164088194233,21.77845531817688],[86.2012577573976,21.803427954693266],[86.21346276755858,21.827404523466484],[86.22813837150548,21.850154117032325],[86.2451432351498,21.87145764436855],[86.26431359235885,21.891109940861227],[86.2854648221131,21.90892174415209],[86.30839322650759,21.924721516838524],[86.33287799247407,21.938357098472526],[86.35868331833153,21.949697170948994],[86.38556068468534,21.958632523170866],[86.41325124780487,21.965077102811684],[86.44148833243005,21.96896884504654],[86.47,21.97027027027027]]]},"properties":{"zone_type":"parks","zone_label":"National Park / Wildlife Sanctuary","zone_color":"#10b981","name":"Simlipal NP (Odisha)","state":"Odisha","subtype":"national_park","area_sqkm":2827.43,"source":"curated_research","osm_id":""}},{"type":"Feature","geometry":{"type":"Polygon","coordinates":[[[76.18,12.242252252252252],[76.20527647928276,12.241037588710103],[76.23030953225248,12.237405295957572],[76.25485807692463,12.231390354959476],[76.27868569739441,12.22305069288573],[76.30156292065118,12.212466625241026],[76.32326942652904,12.199740082382624],[76.34359616951038,12.184993627875285],[76.36234739194857,12.168369278137147],[76.37934250932109,12.150027134743983],[76.39441784935713,12.130143842563504],[76.40742822829115,12.10891088856872],[76.4182483490618,12.086532757713716],[76.4267740079912,12.063224963631756],[76.43292309832324,12.039211973121185],[76.43663640095662,12.014725044407458],[76.43787815475704,11.99],[76.43663640095662,11.965274955592543],[76.43292309832324,11.940788026878815],[76.4267740079912,11.916775036368245],[76.4182483490618,11.893467242286285],[76.40742822829115,11.87108911143128],[76.39441784935713,11.849856157436497],[76.37934250932109,11.829972865256018],[76.36234739194857,11.811630721862853],[76.34359616951038,11.795006372124716],[76.32326942652904,11.780259917617377],[76.30156292065118,11.767533374758974],[76.27868569739441,11.75694930711427],[76.25485807692463,11.748609645040524],[76.23030953225248,11.742594704042428],[76.20527647928276,11.738962411289897],[76.18,11.737747747747749],[76.15472352071725,11.738962411289897],[76.12969046774754,11.742594704042428],[76.10514192307538,11.748609645040524],[76.0813143026056,11.75694930711427],[76.05843707934883,11.767533374758974],[76.03673057347098,11.780259917617377],[76.01640383048964,11.795006372124716],[75.99765260805144,11.811630721862853],[75.98065749067892,11.829972865256018],[75.96558215064289,11.849856157436497],[75.95257177170886,11.87108911143128],[75.94175165093822,11.893467242286285],[75.93322599200881,11.916775036368245],[75.92707690167677,11.940788026878815],[75.9233635990434,11.965274955592543],[75.92212184524297,11.99],[75.9233635990434,12.014725044407458],[75.92707690167677,12.039211973121185],[75.93322599200881,12.063224963631756],[75.94175165093822,12.086532757713716],[75.95257177170886,12.10891088856872],[75.96558215064289,12.130143842563504],[75.98065749067892,12.150027134743983],[75.99765260805144,12.168369278137147],[76.01640383048964,12.184993627875285],[76.03673057347098,12.199740082382624],[76.05843707934883,12.212466625241026],[76.0813143026056,12.22305069288573],[76.10514192307538,12.231390354959476],[76.12969046774754,12.237405295957572],[76.15472352071725,12.241037588710103],[76.18,12.242252252252252]]]},"properties":{"zone_type":"parks","zone_label":"National Park / Wildlife Sanctuary","zone_color":"#10b981","name":"Nagarhole NP (Karnataka)","state":"Karnataka","subtype":"national_park","area_sqkm":2463.01,"source":"curated_research","osm_id":""}},{"type":"Feature","geometry":{"type":"Polygon","coordinates":[[[76.63,11.868198198198199],[76.6498368714405,11.867243819700796],[76.66948270296511,11.864389875395235],[76.68874829447671,11.859663850325303],[76.70744810779742,11.85311125869593],[76.7254020535026,11.844795205546522],[76.74243722528048,11.834795779014918],[76.75838956511447,11.823209279044868],[76.77310544325154,11.8101472899649],[76.78644313774069,11.795735605870272],[76.79827419929289,11.780113019157039],[76.80848468831786,11.763429983875422],[76.81697627222468,11.745847166775063],[76.82366717241834,11.72753389999638],[76.82849295187238,11.708666550309502],[76.83140713569259,11.689426820605858],[76.83238165869574,11.67],[76.83140713569259,11.650573179394142],[76.82849295187238,11.631333449690498],[76.82366717241834,11.61246610000362],[76.81697627222468,11.594152833224937],[76.80848468831786,11.576570016124577],[76.79827419929289,11.559886980842961],[76.78644313774069,11.544264394129728],[76.77310544325154,11.5298527100351],[76.75838956511447,11.516790720955132],[76.74243722528048,11.505204220985082],[76.7254020535026,11.495204794453478],[76.70744810779742,11.48688874130407],[76.68874829447671,11.480336149674697],[76.66948270296511,11.475610124604765],[76.6498368714405,11.472756180299204],[76.63,11.471801801801801],[76.61016312855949,11.472756180299204],[76.59051729703488,11.475610124604765],[76.57125170552328,11.480336149674697],[76.55255189220257,11.48688874130407],[76.53459794649739,11.495204794453478],[76.51756277471951,11.505204220985082],[76.50161043488552,11.516790720955132],[76.48689455674845,11.5298527100351],[76.4735568622593,11.544264394129728],[76.4617258007071,11.559886980842961],[76.45151531168213,11.576570016124577],[76.44302372777531,11.594152833224937],[76.43633282758165,11.61246610000362],[76.43150704812761,11.631333449690496],[76.4285928643074,11.650573179394142],[76.42761834130425,11.67],[76.4285928643074,11.689426820605858],[76.43150704812761,11.708666550309502],[76.43633282758165,11.727533899996379],[76.44302372777531,11.745847166775063],[76.45151531168213,11.763429983875422],[76.4617258007071,11.780113019157039],[76.4735568622593,11.795735605870272],[76.48689455674845,11.8101472899649],[76.50161043488552,11.823209279044868],[76.51756277471951,11.834795779014918],[76.53459794649739,11.844795205546522],[76.55255189220257,11.85311125869593],[76.57125170552328,11.859663850325303],[76.59051729703488,11.864389875395235],[76.61016312855949,11.867243819700796],[76.63,11.868198198198199]]]},"properties":{"zone_type":"parks","zone_label":"National Park / Wildlife Sanctuary","zone_color":"#10b981","name":"Bandipur NP (Karnataka)","state":"Karnataka","subtype":"national_park","area_sqkm":1520.53,"source":"curated_research","osm_id":""}},{"type":"Feature","geometry":{"type":"Polygon","coordinates":[[[76.63,11.676126126126126],[76.64261803295254,11.675518794355053],[76.65511454735004,11.673702647978786],[76.66736919492753,11.67069517747974],[76.67926395672981,11.666525346442866],[76.69068427969835,11.661233312620514],[76.70152017988,11.654870041191312],[76.7116673016325,11.647496813937643],[76.72102792262638,11.639184639068574],[76.72951189496446,11.630013567371993],[76.73703751335528,11.620071921281752],[76.74353230197984,11.609455444284361],[76.74893371247326,11.59826637885686],[76.7531897262998,11.586612481815878],[76.75625935571969,11.574605986560593],[76.75811303852363,11.56236252220373],[76.75873292273288,11.55],[76.75811303852363,11.537637477796272],[76.75625935571969,11.525394013439408],[76.7531897262998,11.513387518184123],[76.74893371247326,11.501733621143142],[76.74353230197984,11.49054455571564],[76.73703751335528,11.479928078718249],[76.72951189496446,11.469986432628009],[76.72102792262638,11.460815360931427],[76.7116673016325,11.452503186062359],[76.70152017988,11.445129958808689],[76.69068427969835,11.438766687379488],[76.67926395672981,11.433474653557136],[76.66736919492753,11.429304822520262],[76.65511454735004,11.426297352021216],[76.64261803295254,11.424481205644948],[76.63,11.423873873873875],[76.61738196704745,11.424481205644948],[76.60488545264995,11.426297352021216],[76.59263080507246,11.429304822520262],[76.58073604327018,11.433474653557136],[76.56931572030165,11.438766687379488],[76.55847982011998,11.445129958808689],[76.54833269836749,11.452503186062359],[76.53897207737361,11.460815360931427],[76.53048810503553,11.469986432628009],[76.52296248664472,11.479928078718249],[76.51646769802015,11.49054455571564],[76.51106628752673,11.501733621143142],[76.5068102737002,11.513387518184123],[76.5037406442803,11.525394013439408],[76.50188696147636,11.537637477796272],[76.50126707726712,11.55],[76.50188696147636,11.56236252220373],[76.5037406442803,11.574605986560593],[76.5068102737002,11.586612481815878],[76.51106628752673,11.59826637885686],[76.51646769802015,11.609455444284361],[76.52296248664472,11.620071921281752],[76.53048810503553,11.630013567371993],[76.53897207737361,11.639184639068574],[76.54833269836749,11.647496813937643],[76.55847982011998,11.654870041191312],[76.56931572030165,11.661233312620514],[76.58073604327018,11.666525346442866],[76.59263080507246,11.67069517747974],[76.60488545264995,11.673702647978786],[76.61738196704745,11.675518794355053],[76.63,11.676126126126126]]]},"properties":{"zone_type":"parks","zone_label":"National Park / Wildlife Sanctuary","zone_color":"#10b981","name":"Mudumalai NP (Tamil Nadu)","state":"Tamil Nadu","subtype":"national_park","area_sqkm":615.75,"source":"curated_research","osm_id":""}},{"type":"Feature","geometry":{"type":"Polygon","coordinates":[[[77.19,9.640180180180181],[77.2079042330808,9.63931256336436],[77.2256360386096,9.636718068541123],[77.24302464960593,9.632421682113913],[77.25990260424034,9.626464780632665],[77.27610735858326,9.61890473231502],[77.29148285199196,9.609814344559018],[77.3058810100598,9.599281162768062],[77.31916317065377,9.58740662724082],[77.33120141930657,9.574305096245702],[77.34187982110289,9.560102744688217],[77.35109553719604,9.544936348977657],[77.35875981520222,9.528951969795513],[77.3647988439345,9.512303545451255],[77.36915446424491,9.495151409372276],[77.37178472912888,9.477660746005327],[77.37266430769768,9.46],[77.37178472912888,9.442339253994675],[77.36915446424491,9.424848590627725],[77.3647988439345,9.407696454548747],[77.35875981520222,9.39104803020449],[77.35109553719604,9.375063651022344],[77.34187982110289,9.359897255311784],[77.33120141930657,9.3456949037543],[77.31916317065377,9.332593372759181],[77.3058810100598,9.32071883723194],[77.29148285199196,9.310185655440984],[77.27610735858326,9.301095267684982],[77.25990260424034,9.293535219367337],[77.24302464960593,9.287578317886089],[77.2256360386096,9.283281931458879],[77.2079042330808,9.280687436635642],[77.19,9.27981981981982],[77.1720957669192,9.280687436635642],[77.1543639613904,9.283281931458879],[77.13697535039407,9.287578317886089],[77.12009739575966,9.293535219367337],[77.10389264141673,9.301095267684982],[77.08851714800804,9.310185655440984],[77.07411898994019,9.32071883723194],[77.06083682934623,9.332593372759181],[77.04879858069343,9.3456949037543],[77.0381201788971,9.359897255311784],[77.02890446280395,9.375063651022344],[77.02124018479778,9.39104803020449],[77.0152011560655,9.407696454548747],[77.01084553575508,9.424848590627725],[77.00821527087112,9.442339253994675],[77.00733569230232,9.46],[77.00821527087112,9.477660746005327],[77.01084553575508,9.495151409372276],[77.0152011560655,9.512303545451255],[77.02124018479778,9.528951969795513],[77.02890446280395,9.544936348977657],[77.0381201788971,9.560102744688217],[77.04879858069343,9.574305096245702],[77.06083682934623,9.58740662724082],[77.07411898994019,9.599281162768062],[77.08851714800804,9.609814344559018],[77.10389264141673,9.61890473231502],[77.12009739575966,9.626464780632665],[77.13697535039407,9.632421682113913],[77.1543639613904,9.636718068541123],[77.1720957669192,9.63931256336436],[77.19,9.640180180180181]]]},"properties":{"zone_type":"parks","zone_label":"National Park / Wildlife Sanctuary","zone_color":"#10b981","name":"Periyar NP (Kerala)","state":"Kerala","subtype":"national_park","area_sqkm":1256.64,"source":"curated_research","osm_id":""}},{"type":"Feature","geometry":{"type":"Polygon","coordinates":[[[76.46,11.051081081081081],[76.46809526075644,11.050690653513962],[76.47611255972649,11.049523130843506],[76.48397468593834,11.047589756951261],[76.4916059228187,11.044909151284699],[76.49893277738478,11.04150712954176],[76.50588468802182,11.037416455051558],[76.51239470403009,11.032676523245629],[76.51840013039669,11.02733298225837],[76.52384313158281,11.021437293310566],[76.52867128851157,11.015046235109699],[76.53283810339244,11.008221357039947],[76.53630344752025,11.001028386407981],[76.53903394773677,10.993536595453065],[76.54100330783221,10.985818134217524],[76.54219256179232,10.977947335702398],[76.54259025645135,10.97],[76.54219256179232,10.962052664297603],[76.54100330783221,10.954181865782477],[76.53903394773677,10.946463404546936],[76.53630344752025,10.93897161359202],[76.53283810339244,10.931778642960055],[76.52867128851157,10.924953764890303],[76.52384313158281,10.918562706689436],[76.51840013039669,10.912667017741631],[76.51239470403009,10.907323476754373],[76.50588468802182,10.902583544948444],[76.49893277738478,10.898492870458242],[76.4916059228187,10.895090848715302],[76.48397468593834,10.89241024304874],[76.47611255972649,10.890476869156496],[76.46809526075644,10.889309346486039],[76.46,10.88891891891892],[76.45190473924355,10.889309346486039],[76.4438874402735,10.890476869156496],[76.43602531406165,10.89241024304874],[76.42839407718128,10.895090848715302],[76.4210672226152,10.898492870458242],[76.41411531197816,10.902583544948444],[76.4076052959699,10.907323476754373],[76.4015998696033,10.912667017741631],[76.39615686841718,10.918562706689436],[76.39132871148841,10.924953764890303],[76.38716189660755,10.931778642960055],[76.38369655247973,10.93897161359202],[76.38096605226322,10.946463404546936],[76.37899669216777,10.954181865782477],[76.37780743820767,10.962052664297603],[76.37740974354864,10.97],[76.37780743820767,10.977947335702398],[76.37899669216777,10.985818134217524],[76.38096605226322,10.993536595453065],[76.38369655247973,11.001028386407981],[76.38716189660755,11.008221357039947],[76.39132871148841,11.015046235109699],[76.39615686841718,11.021437293310566],[76.4015998696033,11.02733298225837],[76.4076052959699,11.032676523245629],[76.41411531197816,11.037416455051558],[76.4210672226152,11.04150712954176],[76.42839407718128,11.044909151284699],[76.43602531406165,11.047589756951261],[76.4438874402735,11.049523130843506],[76.45190473924355,11.050690653513962],[76.46,11.051081081081081]]]},"properties":{"zone_type":"parks","zone_label":"National Park / Wildlife Sanctuary","zone_color":"#10b981","name":"Silent Valley NP (Kerala)","state":"Kerala","subtype":"national_park","area_sqkm":254.47,"source":"curated_research","osm_id":""}},{"type":"Feature","geometry":{"type":"Polygon","coordinates":[[[70.8,21.40828828828829],[70.83029197151082,21.406900101382977],[70.86029221477672,21.402748909665796],[70.88971181105525,21.39587469138226],[70.91826743355185,21.386343649012264],[70.94568407601179,21.374247571704032],[70.97169770118072,21.359702951294427],[70.99605778362776,21.3428498604289],[71.01852972244238,21.323850603585313],[71.03889710056939,21.302888153993123],[71.05696376902348,21.28016439150115],[71.07255573591118,21.255898158364253],[71.08552284206793,21.23032315167282],[71.09574020717292,21.20368567272201],[71.10310943241478,21.176242254995643],[71.10755954812602,21.148257193608522],[71.10904769725965,21.12],[71.10755954812602,21.09174280639148],[71.10310943241478,21.06375774500436],[71.09574020717292,21.036314327277992],[71.08552284206793,21.00967684832718],[71.07255573591118,20.98410184163575],[71.05696376902348,20.959835608498853],[71.03889710056939,20.93711184600688],[71.01852972244238,20.91614939641469],[70.99605778362776,20.897150139571103],[70.97169770118072,20.880297048705575],[70.94568407601179,20.86575242829597],[70.91826743355185,20.853656350987738],[70.88971181105525,20.84412530861774],[70.86029221477672,20.837251090334206],[70.83029197151082,20.833099898617025],[70.8,20.831711711711712],[70.76970802848918,20.833099898617025],[70.73970778522327,20.837251090334206],[70.71028818894474,20.84412530861774],[70.68173256644815,20.853656350987738],[70.65431592398821,20.86575242829597],[70.62830229881928,20.880297048705575],[70.60394221637223,20.897150139571103],[70.58147027755761,20.91614939641469],[70.56110289943061,20.93711184600688],[70.54303623097651,20.959835608498853],[70.52744426408881,20.98410184163575],[70.51447715793206,21.00967684832718],[70.50425979282707,21.036314327277992],[70.49689056758521,21.06375774500436],[70.49244045187397,21.09174280639148],[70.49095230274034,21.12],[70.49244045187397,21.148257193608522],[70.49689056758521,21.176242254995643],[70.50425979282707,21.20368567272201],[70.51447715793206,21.23032315167282],[70.52744426408881,21.255898158364253],[70.54303623097651,21.28016439150115],[70.56110289943061,21.302888153993123],[70.58147027755761,21.323850603585313],[70.60394221637223,21.3428498604289],[70.62830229881928,21.359702951294427],[70.65431592398821,21.374247571704032],[70.68173256644815,21.386343649012264],[70.71028818894474,21.39587469138226],[70.73970778522327,21.402748909665796],[70.76970802848918,21.406900101382977],[70.8,21.40828828828829]]]},"properties":{"zone_type":"parks","zone_label":"National Park / Wildlife Sanctuary","zone_color":"#10b981","name":"Gir NP (Gujarat)","state":"Gujarat","subtype":"national_park","area_sqkm":3216.99,"source":"curated_research","osm_id":""}},{"type":"Feature","geometry":{"type":"Polygon","coordinates":[[[71.91,22.07207207207207],[71.91761909125934,22.071725025345742],[71.92516480650482,22.07068722741645],[71.93256447637376,22.068968672845564],[71.9397468380002,22.066585912253064],[71.94664272131543,22.063561892926007],[71.95318571519344,22.059925737823608],[71.95931280702644,22.055712465107224],[71.96496498957063,22.050962650896327],[71.97008782921836,22.04572203849828],[71.97463199022334,22.040041097875285],[71.97855370983105,22.033974539591064],[71.98181521973781,22.027580787918204],[71.98438510982031,22.020921418180503],[71.98623863063219,22.01406056374891],[71.98735793175481,22.00706429840213],[71.9877322337065,22.0],[71.98735793175481,21.99293570159787],[71.98623863063219,21.98593943625109],[71.98438510982031,21.979078581819497],[71.98181521973781,21.972419212081796],[71.97855370983105,21.966025460408936],[71.97463199022334,21.959958902124715],[71.97008782921836,21.95427796150172],[71.96496498957063,21.949037349103673],[71.95931280702644,21.944287534892776],[71.95318571519344,21.940074262176392],[71.94664272131543,21.936438107073993],[71.9397468380002,21.933414087746936],[71.93256447637376,21.931031327154436],[71.92516480650482,21.92931277258355],[71.91761909125934,21.928274974654258],[71.91,21.92792792792793],[71.90238090874065,21.928274974654258],[71.89483519349517,21.92931277258355],[71.88743552362624,21.931031327154436],[71.88025316199979,21.933414087746936],[71.87335727868457,21.936438107073993],[71.86681428480655,21.940074262176392],[71.86068719297356,21.944287534892776],[71.85503501042936,21.949037349103673],[71.84991217078164,21.95427796150172],[71.84536800977665,21.959958902124715],[71.84144629016895,21.966025460408936],[71.83818478026218,21.972419212081796],[71.83561489017968,21.979078581819497],[71.8337613693678,21.98593943625109],[71.83264206824518,21.99293570159787],[71.8322677662935,22.0],[71.83264206824518,22.00706429840213],[71.8337613693678,22.01406056374891],[71.83561489017968,22.020921418180503],[71.83818478026218,22.027580787918204],[71.84144629016895,22.033974539591064],[71.84536800977665,22.040041097875285],[71.84991217078164,22.04572203849828],[71.85503501042936,22.050962650896327],[71.86068719297356,22.055712465107224],[71.86681428480655,22.059925737823608],[71.87335727868457,22.063561892926007],[71.88025316199979,22.066585912253064],[71.88743552362624,22.068968672845564],[71.89483519349517,22.07068722741645],[71.90238090874065,22.071725025345742],[71.91,22.07207207207207]]]},"properties":{"zone_type":"parks","zone_label":"National Park / Wildlife Sanctuary","zone_color":"#10b981","name":"Velavadar NP (Gujarat)","state":"Gujarat","subtype":"national_park","area_sqkm":201.06,"source":"curated_research","osm_id":""}},{"type":"Feature","geometry":{"type":"Polygon","coordinates":[[[80.0,24.90018018018018],[80.01944240398507,24.899312563364358],[80.03869756699144,24.896718068541123],[80.05758005127346,24.89242168211391],[80.07590800818527,24.886464780632664],[80.0935049294827,24.878904732315018],[80.11020134719422,24.869814344559018],[80.12583646569007,24.85928116276806],[80.14025971023213,24.84740662724082],[80.15333217709089,24.8343050962457],[80.16492797126438,24.820102744688217],[80.17493541891578,24.804936348977655],[80.18325814285359,24.788951969795512],[80.18981599069664,24.772303545451255],[80.1945458067853,24.755151409372274],[80.19740204040507,24.737660746005325],[80.1983571844648,24.72],[80.19740204040507,24.702339253994673],[80.1945458067853,24.684848590627723],[80.18981599069664,24.667696454548743],[80.18325814285359,24.651048030204485],[80.17493541891578,24.635063651022342],[80.16492797126438,24.61989725531178],[80.15333217709089,24.605694903754298],[80.14025971023213,24.59259337275918],[80.12583646569007,24.580718837231938],[80.11020134719422,24.57018565544098],[80.0935049294827,24.56109526768498],[80.07590800818527,24.553535219367333],[80.05758005127346,24.54757831788609],[80.03869756699144,24.543281931458875],[80.01944240398507,24.54068743663564],[80.0,24.53981981981982],[79.98055759601493,24.54068743663564],[79.96130243300856,24.543281931458875],[79.94241994872654,24.54757831788609],[79.92409199181473,24.553535219367333],[79.9064950705173,24.56109526768498],[79.88979865280578,24.57018565544098],[79.87416353430993,24.580718837231938],[79.85974028976787,24.59259337275918],[79.84666782290911,24.605694903754298],[79.83507202873562,24.61989725531178],[79.82506458108422,24.635063651022342],[79.81674185714641,24.65104803020449],[79.81018400930336,24.667696454548743],[79.8054541932147,24.684848590627723],[79.80259795959493,24.702339253994673],[79.8016428155352,24.72],[79.80259795959493,24.737660746005325],[79.8054541932147,24.755151409372274],[79.81018400930336,24.772303545451255],[79.81674185714641,24.788951969795512],[79.82506458108422,24.804936348977655],[79.83507202873562,24.820102744688214],[79.84666782290911,24.8343050962457],[79.85974028976787,24.84740662724082],[79.87416353430993,24.85928116276806],[79.88979865280578,24.869814344559018],[79.9064950705173,24.878904732315018],[79.92409199181473,24.886464780632664],[79.94241994872654,24.89242168211391],[79.96130243300856,24.896718068541123],[79.98055759601493,24.899312563364358],[80.0,24.90018018018018]]]},"properties":{"zone_type":"parks","zone_label":"National Park / Wildlife Sanctuary","zone_color":"#10b981","name":"Panna NP (MP)","state":"Madhya Pradesh","subtype":"national_park","area_sqkm":1256.64,"source":"curated_research","osm_id":""}},{"type":"Feature","geometry":{"type":"Polygon","coordinates":[[[78.42,22.75027027027027],[78.44866963705799,22.74896884504654],[78.47706316983869,22.745077102811685],[78.50490715309994,22.738632523170867],[78.53193343406187,22.729697170948995],[78.55788173486474,22.718357098472527],[78.58250215918704,22.704721516838525],[78.60555759888365,22.68892174415209],[78.62682601746691,22.67110994086123],[78.64610258843936,22.651457644368552],[78.6632016678849,22.630154117032326],[78.67795858232115,22.607404523466485],[78.69023121459514,22.583427954693267],[78.69990137254918,22.558455318176883],[78.7068759272759,22.532727114058414],[78.71108771000063,22.50649111900799],[78.71249615895333,22.48],[78.71108771000063,22.45350888099201],[78.7068759272759,22.427272885941587],[78.69990137254918,22.40154468182312],[78.69023121459514,22.376572045306734],[78.67795858232115,22.352595476533516],[78.6632016678849,22.329845882967675],[78.64610258843936,22.30854235563145],[78.62682601746691,22.288890059138772],[78.60555759888365,22.27107825584791],[78.58250215918704,22.255278483161476],[78.55788173486474,22.241642901527474],[78.53193343406187,22.230302829051006],[78.50490715309994,22.221367476829133],[78.47706316983869,22.214922897188316],[78.44866963705799,22.21103115495346],[78.42,22.20972972972973],[78.39133036294201,22.21103115495346],[78.36293683016132,22.214922897188316],[78.33509284690007,22.221367476829133],[78.30806656593813,22.230302829051006],[78.28211826513527,22.241642901527474],[78.25749784081296,22.255278483161476],[78.23444240111635,22.27107825584791],[78.21317398253309,22.288890059138772],[78.19389741156064,22.30854235563145],[78.1767983321151,22.329845882967675],[78.16204141767885,22.352595476533516],[78.14976878540486,22.376572045306734],[78.14009862745083,22.40154468182312],[78.1331240727241,22.427272885941587],[78.12891228999938,22.45350888099201],[78.12750384104667,22.48],[78.12891228999938,22.50649111900799],[78.1331240727241,22.532727114058414],[78.14009862745083,22.558455318176883],[78.14976878540486,22.583427954693267],[78.16204141767885,22.607404523466485],[78.1767983321151,22.630154117032326],[78.19389741156064,22.651457644368552],[78.21317398253309,22.67110994086123],[78.23444240111635,22.68892174415209],[78.25749784081296,22.704721516838525],[78.28211826513527,22.718357098472527],[78.30806656593813,22.729697170948995],[78.33509284690007,22.738632523170867],[78.36293683016132,22.745077102811685],[78.39133036294201,22.74896884504654],[78.42,22.75027027027027]]]},"properties":{"zone_type":"parks","zone_label":"National Park / Wildlife Sanctuary","zone_color":"#10b981","name":"Satpura NP (MP)","state":"Madhya Pradesh","subtype":"national_park","area_sqkm":2827.43,"source":"curated_research","osm_id":""}},{"type":"Feature","geometry":{"type":"Polygon","coordinates":[[[91.0,27.052342342342342],[91.03756373233304,27.050693870392283],[91.0747657053893,27.045764330228135],[91.11124764383156,27.037601196016432],[91.14665820664958,27.026283083202063],[91.18065637076603,27.011918991398538],[91.21291471527518,26.994647254662134],[91.24312257468522,26.974634209259317],[91.27098903079671,26.952072591757556],[91.29624571440395,26.927179682866836],[91.31864938983712,26.900195214907612],[91.33798429745467,26.87137906305755],[91.35406423152672,26.84100874261147],[91.36673433349797,26.809376736357386],[91.37587258336026,26.776787677807324],[91.38139097477193,26.74355541741012],[91.38323636260705,26.71],[91.38139097477193,26.67644458258988],[91.37587258336026,26.643212322192678],[91.36673433349797,26.610623263642616],[91.35406423152672,26.57899125738853],[91.33798429745467,26.548620936942452],[91.31864938983712,26.51980478509239],[91.29624571440395,26.492820317133166],[91.27098903079671,26.467927408242446],[91.24312257468522,26.445365790740684],[91.21291471527518,26.425352745337868],[91.18065637076603,26.408081008601464],[91.14665820664958,26.39371691679794],[91.11124764383156,26.38239880398357],[91.0747657053893,26.374235669771867],[91.03756373233304,26.36930612960772],[91.0,26.36765765765766],[90.96243626766696,26.36930612960772],[90.9252342946107,26.374235669771867],[90.88875235616844,26.38239880398357],[90.85334179335042,26.39371691679794],[90.81934362923397,26.408081008601464],[90.78708528472482,26.425352745337868],[90.75687742531478,26.445365790740684],[90.72901096920329,26.467927408242446],[90.70375428559605,26.492820317133166],[90.68135061016288,26.51980478509239],[90.66201570254533,26.548620936942452],[90.64593576847328,26.57899125738853],[90.63326566650203,26.610623263642616],[90.62412741663974,26.643212322192678],[90.61860902522807,26.67644458258988],[90.61676363739295,26.71],[90.61860902522807,26.74355541741012],[90.62412741663974,26.776787677807324],[90.63326566650203,26.809376736357382],[90.64593576847328,26.84100874261147],[90.66201570254533,26.87137906305755],[90.68135061016288,26.900195214907612],[90.70375428559605,26.927179682866836],[90.72901096920329,26.952072591757556],[90.75687742531478,26.974634209259317],[90.78708528472482,26.994647254662134],[90.81934362923397,27.011918991398538],[90.85334179335042,27.026283083202063],[90.88875235616844,27.037601196016432],[90.9252342946107,27.045764330228135],[90.96243626766696,27.050693870392283],[91.0,27.052342342342342]]]},"properties":{"zone_type":"parks","zone_label":"National Park / Wildlife Sanctuary","zone_color":"#10b981","name":"Manas NP (Assam)","state":"Assam","subtype":"national_park","area_sqkm":4536.46,"source":"curated_research","osm_id":""}},{"type":"Feature","geometry":{"type":"Polygon","coordinates":[[[92.79,27.096126126126126],[92.80387108431057,27.09551879435505],[92.81760858249652,27.093702647978784],[92.83108019494064,27.090695177479738],[92.84415618265076,27.086525346442865],[92.85671061671718,27.081233312620512],[92.86862259107687,27.07487004119131],[92.87977738690502,27.06749681393764],[92.89006757741997,27.059184639068572],[92.89939406246185,27.05001356737199],[92.90766702288134,27.04007192128175],[92.91480678554716,27.02945544428436],[92.92074459064182,27.018266378856858],[92.92542325385634,27.00661248181588],[92.92879771710635,26.994605986560593],[92.93083548246607,26.982362522203726],[92.93151692514112,26.97],[92.93083548246607,26.957637477796272],[92.92879771710635,26.945394013439405],[92.92542325385634,26.93338751818412],[92.92074459064182,26.92173362114314],[92.91480678554716,26.91054455571564],[92.90766702288134,26.899928078718247],[92.89939406246185,26.889986432628007],[92.89006757741997,26.880815360931425],[92.87977738690502,26.872503186062357],[92.86862259107687,26.865129958808687],[92.85671061671718,26.858766687379486],[92.84415618265076,26.853474653557132],[92.83108019494064,26.84930482252026],[92.81760858249652,26.846297352021214],[92.80387108431057,26.844481205644946],[92.79,26.84387387387387],[92.77612891568944,26.844481205644946],[92.7623914175035,26.846297352021214],[92.74891980505937,26.84930482252026],[92.73584381734925,26.853474653557132],[92.72328938328283,26.858766687379486],[92.71137740892314,26.865129958808687],[92.700222613095,26.872503186062357],[92.68993242258004,26.880815360931425],[92.68060593753816,26.889986432628007],[92.67233297711867,26.899928078718247],[92.66519321445286,26.91054455571564],[92.6592554093582,26.92173362114314],[92.65457674614368,26.93338751818412],[92.65120228289366,26.945394013439405],[92.64916451753395,26.957637477796272],[92.64848307485889,26.97],[92.64916451753395,26.982362522203726],[92.65120228289366,26.994605986560593],[92.65457674614368,27.00661248181588],[92.6592554093582,27.018266378856858],[92.66519321445286,27.02945544428436],[92.67233297711867,27.04007192128175],[92.68060593753816,27.05001356737199],[92.68993242258004,27.059184639068572],[92.700222613095,27.06749681393764],[92.71137740892314,27.07487004119131],[92.72328938328283,27.081233312620512],[92.73584381734925,27.086525346442865],[92.74891980505937,27.090695177479738],[92.7623914175035,27.093702647978784],[92.77612891568944,27.09551879435505],[92.79,27.096126126126126]]]},"properties":{"zone_type":"parks","zone_label":"National Park / Wildlife Sanctuary","zone_color":"#10b981","name":"Nameri NP (Assam)","state":"Assam","subtype":"national_park","area_sqkm":615.75,"source":"curated_research","osm_id":""}},{"type":"Feature","geometry":{"type":"Polygon","coordinates":[[[95.25,27.832162162162163],[95.26794716490777,27.831381307027925],[95.28572148880657,27.82904626168701],[95.3031517952408,27.825179513902523],[95.32007022083114,27.8198183025694],[95.33631383189059,27.81301425908352],[95.351726193565,27.804832910103116],[95.36615887638618,27.795353046491257],[95.37947288572887,27.78466596451674],[95.3915400004049,27.772874586621132],[95.4022440075034,27.760092470219398],[95.4114818215846,27.746442714079894],[95.41916447744902,27.732056772815962],[95.42521798692087,27.71707319090613],[95.42958405139478,27.70163626843505],[95.43222062328313,27.685894671404796],[95.43310231095735,27.67],[95.43222062328313,27.654105328595207],[95.42958405139478,27.638363731564954],[95.42521798692087,27.622926809093872],[95.41916447744902,27.60794322718404],[95.4114818215846,27.59355728592011],[95.4022440075034,27.579907529780606],[95.3915400004049,27.56712541337887],[95.37947288572887,27.555334035483263],[95.36615887638618,27.544646953508746],[95.351726193565,27.535167089896888],[95.33631383189059,27.526985740916484],[95.32007022083114,27.520181697430605],[95.3031517952408,27.51482048609748],[95.28572148880657,27.510953738312992],[95.26794716490777,27.508618692972078],[95.25,27.50783783783784],[95.23205283509223,27.508618692972078],[95.21427851119343,27.510953738312992],[95.1968482047592,27.51482048609748],[95.17992977916886,27.520181697430605],[95.16368616810941,27.526985740916484],[95.148273806435,27.535167089896888],[95.13384112361382,27.544646953508746],[95.12052711427113,27.555334035483263],[95.1084599995951,27.56712541337887],[95.0977559924966,27.579907529780606],[95.0885181784154,27.59355728592011],[95.08083552255098,27.60794322718404],[95.07478201307913,27.622926809093872],[95.07041594860522,27.638363731564954],[95.06777937671687,27.654105328595207],[95.06689768904265,27.67],[95.06777937671687,27.685894671404796],[95.07041594860522,27.70163626843505],[95.07478201307913,27.71707319090613],[95.08083552255098,27.732056772815962],[95.0885181784154,27.746442714079894],[95.0977559924966,27.760092470219398],[95.1084599995951,27.772874586621132],[95.12052711427113,27.78466596451674],[95.13384112361382,27.795353046491257],[95.148273806435,27.804832910103116],[95.16368616810941,27.81301425908352],[95.17992977916886,27.8198183025694],[95.1968482047592,27.825179513902523],[95.21427851119343,27.82904626168701],[95.23205283509223,27.831381307027925],[95.25,27.832162162162163]]]},"properties":{"zone_type":"parks","zone_label":"National Park / Wildlife Sanctuary","zone_color":"#10b981","name":"Dibru-Saikhowa NP (Assam)","state":"Assam","subtype":"national_park","area_sqkm":1017.88,"source":"curated_research","osm_id":""}},{"type":"Feature","geometry":{"type":"Polygon","coordinates":[[[89.5,26.898198198198198],[89.52174551464226,26.897243819700794],[89.5432816080912,26.894389875395234],[89.5644008759941,26.889663850325302],[89.58489992825608,26.88311125869593],[89.60458134779792,26.87479520554652],[89.62325559179048,26.86479577901492],[89.64074281705575,26.853209279044865],[89.65687461205492,26.8401472899649],[89.67149561878362,26.82573560587027],[89.68446502895439,26.810113019157036],[89.69565794005749,26.793429983875424],[89.70496655824032,26.775847166775062],[89.71230123642118,26.75753389999638],[89.71759133763963,26.738666550309503],[89.7207859153291,26.719426820605857],[89.72185420396009,26.7],[89.7207859153291,26.68057317939414],[89.71759133763963,26.661333449690495],[89.71230123642118,26.64246610000362],[89.70496655824032,26.624152833224937],[89.69565794005749,26.606570016124575],[89.68446502895439,26.589886980842962],[89.67149561878362,26.574264394129727],[89.65687461205492,26.5598527100351],[89.64074281705575,26.546790720955133],[89.62325559179048,26.53520422098508],[89.60458134779792,26.52520479445348],[89.58489992825608,26.51688874130407],[89.5644008759941,26.510336149674696],[89.5432816080912,26.505610124604765],[89.52174551464226,26.502756180299205],[89.5,26.5018018018018],[89.47825448535774,26.502756180299205],[89.4567183919088,26.505610124604765],[89.4355991240059,26.510336149674696],[89.41510007174392,26.51688874130407],[89.39541865220208,26.52520479445348],[89.37674440820952,26.53520422098508],[89.35925718294425,26.546790720955133],[89.34312538794508,26.5598527100351],[89.32850438121638,26.574264394129727],[89.31553497104561,26.589886980842962],[89.30434205994251,26.606570016124575],[89.29503344175968,26.624152833224937],[89.28769876357882,26.64246610000362],[89.28240866236037,26.661333449690495],[89.2792140846709,26.68057317939414],[89.27814579603991,26.7],[89.2792140846709,26.719426820605857],[89.28240866236037,26.738666550309503],[89.28769876357882,26.75753389999638],[89.29503344175968,26.775847166775062],[89.30434205994251,26.793429983875424],[89.31553497104561,26.810113019157036],[89.32850438121638,26.82573560587027],[89.34312538794508,26.8401472899649],[89.35925718294425,26.853209279044865],[89.37674440820952,26.86479577901492],[89.39541865220208,26.87479520554652],[89.41510007174392,26.88311125869593],[89.4355991240059,26.889663850325302],[89.4567183919088,26.894389875395234],[89.47825448535774,26.897243819700794],[89.5,26.898198198198198]]]},"properties":{"zone_type":"parks","zone_label":"National Park / Wildlife Sanctuary","zone_color":"#10b981","name":"Buxa Tiger Reserve (WB)","state":"West Bengal","subtype":"national_park","area_sqkm":1520.53,"source":"curated_research","osm_id":""}},{"type":"Feature","geometry":{"type":"Polygon","coordinates":[[[84.26,27.635135135135137],[84.27493280466095,27.63448442252327],[84.28972179824991,27.63253855140584],[84.30422455467414,27.629316261585434],[84.31830140446125,27.6248485854745],[84.33181677985262,27.619178549236263],[84.34464052039496,27.612360758419264],[84.35664912645667,27.604460872076046],[84.36772694859683,27.595554970430616],[84.37776730133245,27.585728822184276],[84.38667349057809,27.57507705851616],[84.3943597448627,27.563702261733244],[84.40075204135576,27.551713977346633],[84.40578881874767,27.53922765908844],[84.40942157011877,27.526363557029207],[84.41161531008748,27.513245559503996],[84.4123489117387,27.5],[84.41161531008748,27.486754440496004],[84.40942157011877,27.473636442970793],[84.40578881874767,27.46077234091156],[84.40075204135576,27.448286022653367],[84.3943597448627,27.436297738266756],[84.38667349057809,27.42492294148384],[84.37776730133245,27.414271177815724],[84.36772694859683,27.404445029569384],[84.35664912645667,27.395539127923954],[84.34464052039496,27.387639241580736],[84.33181677985262,27.380821450763737],[84.31830140446125,27.3751514145255],[84.30422455467414,27.370683738414566],[84.28972179824991,27.36746144859416],[84.27493280466095,27.36551557747673],[84.26,27.364864864864863],[84.24506719533906,27.36551557747673],[84.2302782017501,27.36746144859416],[84.21577544532587,27.370683738414566],[84.20169859553876,27.3751514145255],[84.1881832201474,27.380821450763737],[84.17535947960505,27.387639241580736],[84.16335087354334,27.395539127923954],[84.15227305140318,27.404445029569384],[84.14223269866756,27.414271177815724],[84.13332650942192,27.42492294148384],[84.12564025513731,27.436297738266756],[84.11924795864425,27.448286022653367],[84.11421118125234,27.46077234091156],[84.11057842988124,27.473636442970793],[84.10838468991253,27.486754440496004],[84.1076510882613,27.5],[84.10838468991253,27.513245559503993],[84.11057842988124,27.526363557029207],[84.11421118125234,27.53922765908844],[84.11924795864425,27.551713977346633],[84.12564025513731,27.563702261733244],[84.13332650942192,27.57507705851616],[84.14223269866756,27.585728822184276],[84.15227305140318,27.595554970430616],[84.16335087354334,27.604460872076046],[84.17535947960505,27.612360758419264],[84.1881832201474,27.619178549236263],[84.20169859553876,27.6248485854745],[84.21577544532587,27.629316261585434],[84.2302782017501,27.63253855140584],[84.24506719533906,27.63448442252327],[84.26,27.635135135135137]]]},"properties":{"zone_type":"parks","zone_label":"National Park / Wildlife Sanctuary","zone_color":"#10b981","name":"Valmiki NP (Bihar)","state":"Bihar","subtype":"national_park","area_sqkm":706.86,"source":"curated_research","osm_id":""}},{"type":"Feature","geometry":{"type":"Polygon","coordinates":[[[80.69,28.6981981981982],[80.71210564669936,28.697243819700795],[80.73399840393684,28.694389875395235],[80.75546743249242,28.689663850325303],[80.77630597388496,28.68311125869593],[80.79631334156934,28.67479520554652],[80.81529685365764,28.66479577901492],[80.83307368855098,28.653209279044866],[80.84947264561154,28.6401472899649],[80.86433579391824,28.625735605870272],[80.87751999322788,28.610113019157037],[80.88889827249388,28.593429983875424],[80.8983610526669,28.575847166775063],[80.905817202001,28.55753389999638],[80.91119491370215,28.538666550309504],[80.9144423974669,28.519426820605858],[80.91552837825137,28.5],[80.9144423974669,28.480573179394142],[80.91119491370215,28.461333449690496],[80.905817202001,28.44246610000362],[80.8983610526669,28.424152833224937],[80.88889827249388,28.406570016124576],[80.87751999322788,28.389886980842963],[80.86433579391824,28.374264394129728],[80.84947264561154,28.3598527100351],[80.83307368855098,28.346790720955134],[80.81529685365764,28.33520422098508],[80.79631334156934,28.32520479445348],[80.77630597388496,28.31688874130407],[80.75546743249242,28.310336149674697],[80.73399840393684,28.305610124604765],[80.71210564669936,28.302756180299205],[80.69,28.3018018018018],[80.66789435330064,28.302756180299205],[80.64600159606316,28.305610124604765],[80.62453256750757,28.310336149674697],[80.60369402611504,28.31688874130407],[80.58368665843065,28.32520479445348],[80.56470314634235,28.33520422098508],[80.54692631144901,28.346790720955134],[80.53052735438845,28.3598527100351],[80.51566420608175,28.374264394129728],[80.50248000677212,28.389886980842963],[80.49110172750612,28.406570016124576],[80.4816389473331,28.424152833224937],[80.47418279799899,28.44246610000362],[80.46880508629785,28.461333449690496],[80.4655576025331,28.480573179394142],[80.46447162174863,28.5],[80.4655576025331,28.519426820605858],[80.46880508629785,28.538666550309504],[80.47418279799899,28.55753389999638],[80.4816389473331,28.575847166775063],[80.49110172750612,28.593429983875424],[80.50248000677212,28.610113019157037],[80.51566420608175,28.625735605870272],[80.53052735438845,28.6401472899649],[80.54692631144901,28.653209279044866],[80.56470314634235,28.66479577901492],[80.58368665843065,28.67479520554652],[80.60369402611504,28.68311125869593],[80.62453256750757,28.689663850325303],[80.64600159606316,28.694389875395235],[80.66789435330064,28.697243819700795],[80.69,28.6981981981982]]]},"properties":{"zone_type":"parks","zone_label":"National Park / Wildlife Sanctuary","zone_color":"#10b981","name":"Dudhwa NP (UP)","state":"Uttar Pradesh","subtype":"national_park","area_sqkm":1520.53,"source":"curated_research","osm_id":""}},{"type":"Feature","geometry":{"type":"Polygon","coordinates":[[[78.27,30.14522522522523],[78.29547058330641,30.14414070420545],[78.32069587097195,30.140897585676406],[78.34543292968684,30.135527102642392],[78.369443528053,30.128080975790834],[78.39249643088266,30.118630915393776],[78.41436962611957,30.10726793069877],[78.43485246293646,30.094101453460077],[78.45374768041776,30.079258284051026],[78.47087330728995,30.062881370307128],[78.4860644144044,30.045128430860274],[78.49917470309532,30.026170436222074],[78.5100779141158,30.00618996224439],[78.5186690435834,29.98537943181407],[78.52486535422496,29.963939261715346],[78.52860717218176,29.94207593250666],[78.5298584617014,29.92],[78.52860717218176,29.897924067493342],[78.52486535422496,29.876060738284657],[78.5186690435834,29.854620568185933],[78.5100779141158,29.83381003775561],[78.49917470309532,29.81382956377793],[78.4860644144044,29.79487156913973],[78.47087330728995,29.777118629692875],[78.45374768041776,29.760741715948978],[78.43485246293646,29.745898546539927],[78.41436962611957,29.732732069301232],[78.39249643088266,29.721369084606227],[78.369443528053,29.71191902420917],[78.34543292968684,29.70447289735761],[78.32069587097195,29.699102414323598],[78.29547058330641,29.695859295794552],[78.27,29.694774774774775],[78.24452941669358,29.695859295794552],[78.21930412902805,29.699102414323598],[78.19456707031317,29.70447289735761],[78.170556471947,29.71191902420917],[78.14750356911733,29.721369084606227],[78.12563037388043,29.732732069301232],[78.10514753706353,29.745898546539927],[78.08625231958223,29.760741715948978],[78.06912669271004,29.777118629692875],[78.0539355855956,29.79487156913973],[78.04082529690467,29.81382956377793],[78.0299220858842,29.83381003775561],[78.02133095641659,29.854620568185933],[78.01513464577503,29.876060738284657],[78.01139282781823,29.897924067493342],[78.0101415382986,29.92],[78.01139282781823,29.942075932506658],[78.01513464577503,29.963939261715346],[78.02133095641659,29.98537943181407],[78.0299220858842,30.00618996224439],[78.04082529690467,30.026170436222074],[78.0539355855956,30.045128430860274],[78.06912669271004,30.062881370307128],[78.08625231958223,30.079258284051026],[78.10514753706353,30.094101453460077],[78.12563037388043,30.10726793069877],[78.14750356911733,30.118630915393776],[78.170556471947,30.128080975790834],[78.19456707031316,30.135527102642392],[78.21930412902805,30.140897585676406],[78.24452941669358,30.14414070420545],[78.27,30.14522522522523]]]},"properties":{"zone_type":"parks","zone_label":"National Park / Wildlife Sanctuary","zone_color":"#10b981","name":"Rajaji NP (Uttarakhand)","state":"Uttarakhand","subtype":"national_park","area_sqkm":1963.5,"source":"curated_research","osm_id":""}},{"type":"Feature","geometry":{"type":"Polygon","coordinates":[[[79.61,30.784054054054053],[79.61616370088377,30.783793769009307],[79.62226804195862,30.783015420562336],[79.62825423508302,30.781726504634175],[79.63406462994477,30.7799394341898],[79.63964326926511,30.777671419694506],[79.64493642769774,30.774944303367704],[79.64989312923348,30.77178434883042],[79.65446563812687,30.768221988172247],[79.65860991861771,30.76429152887371],[79.6622860590194,30.760030823406467],[79.66545865609025,30.755480904693297],[79.66809715598616,30.750685590938655],[79.6701761485108,30.745691063635377],[79.67167561182964,30.74054542281168],[79.67258110529126,30.7352982238016],[79.67288390849859,30.73],[79.67258110529126,30.7247017761984],[79.67167561182964,30.71945457718832],[79.6701761485108,30.714308936364624],[79.66809715598616,30.709314409061346],[79.66545865609025,30.704519095306704],[79.6622860590194,30.699969176593534],[79.65860991861771,30.69570847112629],[79.65446563812687,30.691778011827754],[79.64989312923348,30.688215651169582],[79.64493642769774,30.685055696632297],[79.63964326926511,30.682328580305494],[79.63406462994477,30.6800605658102],[79.62825423508302,30.678273495365826],[79.62226804195862,30.676984579437665],[79.61616370088377,30.676206230990694],[79.61,30.675945945945948],[79.60383629911622,30.676206230990694],[79.59773195804138,30.676984579437665],[79.59174576491698,30.678273495365826],[79.58593537005522,30.6800605658102],[79.58035673073489,30.682328580305494],[79.57506357230226,30.685055696632297],[79.57010687076652,30.688215651169582],[79.56553436187313,30.691778011827754],[79.56139008138229,30.69570847112629],[79.5577139409806,30.699969176593534],[79.55454134390975,30.704519095306704],[79.55190284401384,30.709314409061346],[79.5498238514892,30.714308936364624],[79.54832438817036,30.71945457718832],[79.54741889470874,30.7247017761984],[79.54711609150141,30.73],[79.54741889470874,30.7352982238016],[79.54832438817036,30.74054542281168],[79.5498238514892,30.745691063635377],[79.55190284401384,30.750685590938655],[79.55454134390975,30.755480904693297],[79.5577139409806,30.760030823406467],[79.56139008138229,30.76429152887371],[79.56553436187313,30.768221988172247],[79.57010687076652,30.77178434883042],[79.57506357230226,30.774944303367704],[79.58035673073489,30.777671419694506],[79.58593537005522,30.7799394341898],[79.59174576491698,30.781726504634175],[79.59773195804138,30.783015420562336],[79.60383629911622,30.783793769009307],[79.61,30.784054054054053]]]},"properties":{"zone_type":"parks","zone_label":"National Park / Wildlife Sanctuary","zone_color":"#10b981","name":"Valley of Flowers NP (Uttarakhand)","state":"Uttarakhand","subtype":"national_park","area_sqkm":113.1,"source":"curated_research","osm_id":""}},{"type":"Feature","geometry":{"type":"Polygon","coordinates":[[[79.97,30.70027027027027],[80.00072329632508,30.69896884504654],[80.03115071051148,30.695077102811684],[80.06098920992727,30.688632523170867],[80.08995143351171,30.679697170948995],[80.1177584592193,30.668357098472526],[80.14414249019163,30.654721516838524],[80.16884943378744,30.63892174415209],[80.19164134863372,30.621109940861228],[80.21229873613117,30.60145764436855],[80.23062265434572,30.580154117032325],[80.24643663392807,30.557404523466484],[80.25958837761007,30.533427954693266],[80.26995122691058,30.508455318176882],[80.27742538192591,30.482727114058413],[80.2819388624575,30.45649111900799],[80.28344820122047,30.43],[80.2819388624575,30.40350888099201],[80.27742538192591,30.377272885941586],[80.26995122691058,30.351544681823118],[80.25958837761007,30.326572045306733],[80.24643663392807,30.302595476533515],[80.23062265434572,30.279845882967674],[80.21229873613117,30.258542355631448],[80.19164134863372,30.23889005913877],[80.16884943378744,30.22107825584791],[80.14414249019163,30.205278483161475],[80.1177584592193,30.191642901527473],[80.08995143351171,30.180302829051005],[80.06098920992727,30.171367476829133],[80.03115071051148,30.164922897188315],[80.00072329632508,30.16103115495346],[79.97,30.15972972972973],[79.93927670367492,30.16103115495346],[79.90884928948851,30.164922897188315],[79.87901079007273,30.171367476829133],[79.85004856648828,30.180302829051005],[79.8222415407807,30.191642901527473],[79.79585750980837,30.205278483161475],[79.77115056621255,30.22107825584791],[79.74835865136627,30.23889005913877],[79.72770126386882,30.258542355631448],[79.70937734565427,30.279845882967674],[79.69356336607193,30.302595476533515],[79.68041162238993,30.326572045306733],[79.67004877308942,30.351544681823118],[79.66257461807409,30.377272885941586],[79.6580611375425,30.40350888099201],[79.65655179877953,30.43],[79.6580611375425,30.45649111900799],[79.66257461807409,30.482727114058413],[79.67004877308942,30.508455318176882],[79.68041162238993,30.533427954693266],[79.69356336607193,30.557404523466484],[79.70937734565427,30.580154117032325],[79.72770126386882,30.60145764436855],[79.74835865136627,30.621109940861228],[79.77115056621255,30.63892174415209],[79.79585750980837,30.654721516838524],[79.8222415407807,30.668357098472526],[79.85004856648828,30.679697170948995],[79.87901079007273,30.688632523170867],[79.90884928948851,30.695077102811684],[79.93927670367492,30.69896884504654],[79.97,30.70027027027027]]]},"properties":{"zone_type":"parks","zone_label":"National Park / Wildlife Sanctuary","zone_color":"#10b981","name":"Nanda Devi NP (Uttarakhand)","state":"Uttarakhand","subtype":"national_park","area_sqkm":2827.43,"source":"curated_research","osm_id":""}},{"type":"Feature","geometry":{"type":"Polygon","coordinates":[[[77.55,32.020270270270274],[77.58115311306221,32.01896884504654],[77.61200620461561,32.01507710281168],[77.64226214252251,32.00863252317087],[77.67162954556132,31.999697170948995],[77.6998255895869,31.988357098472527],[77.72657873128175,31.974721516838525],[77.7516313232666,31.95892174415209],[77.7747420953855,31.941109940861228],[77.79568847826931,31.92145764436855],[77.81426874680042,31.900154117032326],[77.83030396283584,31.877404523466485],[77.84363969847941,31.853427954693267],[77.85414752330685,31.828455318176882],[77.86172624122088,31.802727114058413],[77.86630286502506,31.77649111900799],[77.86783331933033,31.75],[77.86630286502506,31.72350888099201],[77.86172624122088,31.697272885941587],[77.85414752330685,31.671544681823118],[77.84363969847941,31.646572045306733],[77.83030396283584,31.622595476533515],[77.81426874680042,31.599845882967674],[77.79568847826931,31.57854235563145],[77.7747420953855,31.558890059138772],[77.7516313232666,31.54107825584791],[77.72657873128175,31.525278483161475],[77.6998255895869,31.511642901527473],[77.67162954556132,31.500302829051005],[77.64226214252251,31.491367476829133],[77.61200620461561,31.484922897188316],[77.58115311306221,31.48103115495346],[77.55,31.47972972972973],[77.51884688693778,31.48103115495346],[77.48799379538438,31.484922897188316],[77.45773785747748,31.491367476829133],[77.42837045443868,31.500302829051005],[77.4001744104131,31.511642901527473],[77.37342126871825,31.525278483161475],[77.3483686767334,31.54107825584791],[77.32525790461449,31.558890059138772],[77.30431152173068,31.57854235563145],[77.28573125319957,31.599845882967674],[77.26969603716415,31.622595476533515],[77.25636030152059,31.646572045306733],[77.24585247669314,31.671544681823118],[77.23827375877912,31.697272885941587],[77.23369713497493,31.72350888099201],[77.23216668066966,31.75],[77.23369713497493,31.77649111900799],[77.23827375877912,31.802727114058413],[77.24585247669314,31.828455318176882],[77.25636030152059,31.853427954693267],[77.26969603716415,31.877404523466485],[77.28573125319957,31.900154117032326],[77.30431152173068,31.92145764436855],[77.32525790461449,31.941109940861228],[77.3483686767334,31.95892174415209],[77.37342126871825,31.974721516838525],[77.4001744104131,31.988357098472527],[77.42837045443868,31.999697170948995],[77.45773785747748,32.00863252317087],[77.48799379538438,32.01507710281168],[77.51884688693778,32.01896884504654],[77.55,32.020270270270274]]]},"properties":{"zone_type":"parks","zone_label":"National Park / Wildlife Sanctuary","zone_color":"#10b981","name":"Great Himalayan NP (HP)","state":"Himachal Pradesh","subtype":"national_park","area_sqkm":2827.43,"source":"curated_research","osm_id":""}},{"type":"Feature","geometry":{"type":"Polygon","coordinates":[[[77.9,32.160270270270274],[77.93120038299226,32.15896884504654],[77.96210028924042,32.15507710281168],[77.99240213575573,32.14863252317087],[78.02181409919157,32.139697170949],[78.05005292626183,32.12835709847253],[78.07684666162491,32.11472151683853],[78.10193726696234,32.09892174415209],[78.12508310602877,32.08110994086123],[78.1460612717412,32.06145764436855],[78.164669732896,32.04015411703232],[78.18072927983981,32.01740452346649],[78.19408525035654,31.993427954693267],[78.20460901914898,31.968455318176883],[78.21219923657077,31.942727114058414],[78.21678280467894,31.91649111900799],[78.21831558120695,31.89],[78.21678280467894,31.86350888099201],[78.21219923657077,31.837272885941587],[78.20460901914898,31.81154468182312],[78.19408525035654,31.786572045306734],[78.18072927983981,31.762595476533516],[78.164669732896,31.739845882967675],[78.1460612717412,31.71854235563145],[78.12508310602877,31.698890059138773],[78.10193726696234,31.68107825584791],[78.07684666162491,31.665278483161476],[78.05005292626183,31.651642901527474],[78.02181409919157,31.640302829051006],[77.99240213575573,31.631367476829134],[77.96210028924042,31.624922897188316],[77.93120038299226,31.62103115495346],[77.9,31.61972972972973],[77.86879961700775,31.62103115495346],[77.83789971075959,31.624922897188316],[77.80759786424429,31.631367476829134],[77.77818590080844,31.640302829051006],[77.74994707373818,31.651642901527474],[77.7231533383751,31.665278483161476],[77.69806273303767,31.68107825584791],[77.67491689397124,31.698890059138773],[77.65393872825881,31.71854235563145],[77.63533026710401,31.739845882967675],[77.6192707201602,31.762595476533516],[77.60591474964347,31.786572045306734],[77.59539098085104,31.81154468182312],[77.58780076342924,31.837272885941587],[77.58321719532107,31.86350888099201],[77.58168441879306,31.89],[77.58321719532107,31.91649111900799],[77.58780076342924,31.942727114058414],[77.59539098085104,31.968455318176883],[77.60591474964347,31.993427954693267],[77.6192707201602,32.01740452346649],[77.63533026710401,32.04015411703232],[77.65393872825881,32.06145764436855],[77.67491689397124,32.08110994086123],[77.69806273303767,32.09892174415209],[77.7231533383751,32.11472151683853],[77.74994707373818,32.12835709847253],[77.77818590080844,32.139697170949],[77.80759786424429,32.14863252317087],[77.83789971075959,32.15507710281168],[77.86879961700775,32.15896884504654],[77.9,32.160270270270274]]]},"properties":{"zone_type":"parks","zone_label":"National Park / Wildlife Sanctuary","zone_color":"#10b981","name":"Pin Valley NP (HP)","state":"Himachal Pradesh","subtype":"national_park","area_sqkm":2827.43,"source":"curated_research","osm_id":""}},{"type":"Feature","geometry":{"type":"Polygon","coordinates":[[[77.72,34.6509009009009],[77.82620199309761,34.6465628168218],[77.93138120294579,34.63359034270561],[78.03452469625687,34.612108410569554],[78.1346391448063,34.58232390316332],[78.23076039172645,34.54452366157509],[78.32196273686424,34.49907172279509],[78.40736785177971,34.4464058138403],[78.48615323852906,34.387033136204096],[78.5575601507694,34.32152548122851],[78.6209009009009,34.25051372344108],[78.67556548287419,34.17468174488829],[78.72102744688216,34.09475984897756],[78.7568489693594,34.01151772725627],[78.7826850694624,33.92575704686138],[78.79828693142375,33.83830373002663],[78.80350430078387,33.75],[78.79828693142375,33.66169626997337],[78.7826850694624,33.57424295313862],[78.7568489693594,33.48848227274373],[78.72102744688216,33.40524015102244],[78.67556548287419,33.32531825511171],[78.6209009009009,33.24948627655892],[78.5575601507694,33.17847451877149],[78.48615323852906,33.112966863795904],[78.40736785177971,33.0535941861597],[78.32196273686424,33.00092827720491],[78.23076039172645,32.95547633842491],[78.1346391448063,32.91767609683668],[78.03452469625687,32.887891589430446],[77.93138120294579,32.86640965729439],[77.82620199309761,32.8534371831782],[77.72,32.8490990990991],[77.61379800690239,32.8534371831782],[77.50861879705421,32.86640965729439],[77.40547530374313,32.887891589430446],[77.3053608551937,32.91767609683668],[77.20923960827355,32.95547633842491],[77.11803726313576,33.00092827720491],[77.03263214822029,33.0535941861597],[76.95384676147094,33.112966863795904],[76.8824398492306,33.17847451877149],[76.81909909909909,33.24948627655892],[76.7644345171258,33.32531825511171],[76.71897255311784,33.40524015102244],[76.6831510306406,33.48848227274373],[76.6573149305376,33.57424295313862],[76.64171306857625,33.66169626997337],[76.63649569921613,33.75],[76.64171306857625,33.83830373002663],[76.6573149305376,33.92575704686138],[76.68315103064059,34.01151772725627],[76.71897255311784,34.09475984897756],[76.7644345171258,34.17468174488829],[76.81909909909909,34.25051372344108],[76.8824398492306,34.32152548122851],[76.95384676147094,34.387033136204096],[77.03263214822029,34.4464058138403],[77.11803726313576,34.49907172279509],[77.20923960827355,34.54452366157509],[77.3053608551937,34.58232390316332],[77.40547530374313,34.612108410569554],[77.50861879705421,34.63359034270561],[77.61379800690239,34.6465628168218],[77.72,34.6509009009009]]]},"properties":{"zone_type":"parks","zone_label":"National Park / Wildlife Sanctuary","zone_color":"#10b981","name":"Hemis NP (Ladakh)","state":"Ladakh","subtype":"national_park","area_sqkm":31415.93,"source":"curated_research","osm_id":""}},{"type":"Feature","geometry":{"type":"Polygon","coordinates":[[[74.95,34.258108108108104],[74.96280427969776,34.25758753801861],[74.97548524718252,34.25603084112467],[74.98792077780524,34.25345300926835],[74.9999911106081,34.2498788683796],[75.01158000168788,34.24534283938901],[75.02257584368834,34.239888606735406],[75.03287274064012,34.233568697660836],[75.04237152779666,34.22644397634449],[75.05098072664511,34.218583057747416],[75.0586174258943,34.21006164681293],[75.0652080799558,34.20096180938659],[75.07068921722816,34.19137118187731],[75.0750080513632,34.18138212727075],[75.07812298962725,34.17109084562336],[75.08000403346205,34.1605964476032],[75.08063306738715,34.15],[75.08000403346205,34.1394035523968],[75.07812298962725,34.128909154376636],[75.0750080513632,34.118617872729246],[75.07068921722816,34.10862881812269],[75.0652080799558,34.099038190613406],[75.0586174258943,34.089938353187065],[75.05098072664511,34.08141694225258],[75.04237152779666,34.073556023655506],[75.03287274064012,34.06643130233916],[75.02257584368834,34.06011139326459],[75.01158000168788,34.05465716061099],[74.9999911106081,34.0501211316204],[74.98792077780524,34.04654699073165],[74.97548524718252,34.04396915887533],[74.96280427969776,34.042412461981385],[74.95,34.04189189189189],[74.93719572030224,34.042412461981385],[74.92451475281749,34.04396915887533],[74.91207922219476,34.04654699073165],[74.90000888939191,34.0501211316204],[74.88841999831213,34.05465716061099],[74.87742415631166,34.06011139326459],[74.86712725935989,34.06643130233916],[74.85762847220334,34.073556023655506],[74.8490192733549,34.08141694225258],[74.84138257410571,34.089938353187065],[74.83479192004421,34.099038190613406],[74.82931078277184,34.10862881812269],[74.82499194863681,34.118617872729246],[74.82187701037276,34.128909154376636],[74.81999596653796,34.1394035523968],[74.81936693261285,34.15],[74.81999596653796,34.1605964476032],[74.82187701037276,34.17109084562336],[74.82499194863681,34.18138212727075],[74.82931078277184,34.19137118187731],[74.83479192004421,34.20096180938659],[74.84138257410571,34.21006164681293],[74.8490192733549,34.218583057747416],[74.85762847220334,34.22644397634449],[74.86712725935989,34.233568697660836],[74.87742415631166,34.239888606735406],[74.88841999831213,34.24534283938901],[74.90000888939191,34.2498788683796],[74.91207922219476,34.25345300926835],[74.92451475281749,34.25603084112467],[74.93719572030224,34.25758753801861],[74.95,34.258108108108104]]]},"properties":{"zone_type":"parks","zone_label":"National Park / Wildlife Sanctuary","zone_color":"#10b981","name":"Dachigam NP (J&K)","state":"Jammu and Kashmir","subtype":"national_park","area_sqkm":452.39,"source":"curated_research","osm_id":""}},{"type":"Feature","geometry":{"type":"Polygon","coordinates":[[[94.15,25.88009009009009],[94.15980722432954,25.87965628168218],[94.16951999972761,25.87835903427056],[94.17904478685759,25.876210841056956],[94.18828985681263,25.873232390316332],[94.1971661745152,25.869452366157507],[94.20558825617354,25.86490717227951],[94.2134749925373,25.859640581384028],[94.22075043002395,25.853703313620407],[94.22734450219338,25.84715254812285],[94.23319370452586,25.840051372344107],[94.23824170600545,25.832468174488827],[94.24243989161839,25.824475984897756],[94.24574783054226,25.816151772725625],[94.2481336655169,25.807575704686137],[94.24957441964732,25.798830373002662],[94.2500562176836,25.79],[94.24957441964732,25.781169626997336],[94.2481336655169,25.77242429531386],[94.24574783054226,25.763848227274373],[94.24243989161839,25.755524015102242],[94.23824170600545,25.74753182551117],[94.23319370452586,25.73994862765589],[94.22734450219338,25.73284745187715],[94.22075043002395,25.72629668637959],[94.2134749925373,25.72035941861597],[94.20558825617354,25.71509282772049],[94.1971661745152,25.71054763384249],[94.18828985681263,25.706767609683666],[94.17904478685759,25.703789158943042],[94.16951999972761,25.70164096572944],[94.15980722432954,25.700343718317818],[94.15,25.69990990990991],[94.14019277567047,25.700343718317818],[94.1304800002724,25.70164096572944],[94.12095521314242,25.703789158943042],[94.11171014318738,25.706767609683666],[94.10283382548481,25.71054763384249],[94.09441174382647,25.71509282772049],[94.08652500746271,25.72035941861597],[94.07924956997606,25.72629668637959],[94.07265549780664,25.73284745187715],[94.06680629547415,25.73994862765589],[94.06175829399456,25.74753182551117],[94.05756010838162,25.755524015102242],[94.05425216945775,25.763848227274373],[94.05186633448311,25.77242429531386],[94.0504255803527,25.781169626997336],[94.0499437823164,25.79],[94.0504255803527,25.798830373002662],[94.05186633448311,25.807575704686137],[94.05425216945775,25.816151772725625],[94.05756010838162,25.824475984897756],[94.06175829399456,25.832468174488827],[94.06680629547415,25.840051372344107],[94.07265549780664,25.84715254812285],[94.07924956997606,25.853703313620407],[94.08652500746271,25.859640581384028],[94.09441174382647,25.86490717227951],[94.10283382548481,25.869452366157507],[94.11171014318738,25.873232390316332],[94.12095521314242,25.876210841056956],[94.1304800002724,25.87835903427056],[94.14019277567047,25.87965628168218],[94.15,25.88009009009009]]]},"properties":{"zone_type":"parks","zone_label":"National Park / Wildlife Sanctuary","zone_color":"#10b981","name":"Intanki NP (Nagaland)","state":"Nagaland","subtype":"national_park","area_sqkm":314.16,"source":"curated_research","osm_id":""}},{"type":"Feature","geometry":{"type":"Polygon","coordinates":[[[93.87,24.53306306306306],[93.87679126413413,24.532759397177525],[93.88351712468216,24.531851323989393],[93.89011280793028,24.53034758873987],[93.89651479384325,24.52826267322143],[93.90266142779706,24.525616656310255],[93.90849351434663,24.522435020595655],[93.91395488731035,24.51874840696882],[93.91899295068107,24.514592319534287],[93.92355918515447,24.510006783685995],[93.92760961539642,24.505035960640875],[93.93110523354946,24.49972772214218],[93.93401237489991,24.494133189428428],[93.93630304208735,24.48830624090794],[93.93795517473455,24.482302993280296],[93.938952861901,24.476181261101864],[93.93928649531385,24.47],[93.938952861901,24.463818738898134],[93.93795517473455,24.4576970067197],[93.93630304208735,24.45169375909206],[93.93401237489991,24.44586681057157],[93.93110523354946,24.44027227785782],[93.92760961539642,24.434964039359123],[93.92355918515447,24.429993216314003],[93.91899295068107,24.42540768046571],[93.91395488731035,24.421251593031176],[93.90849351434663,24.417564979404343],[93.90266142779707,24.414383343689742],[93.89651479384325,24.411737326778567],[93.89011280793028,24.40965241126013],[93.88351712468216,24.408148676010605],[93.87679126413413,24.407240602822473],[93.87,24.406936936936937],[93.86320873586588,24.407240602822473],[93.85648287531785,24.408148676010605],[93.84988719206973,24.40965241126013],[93.84348520615676,24.411737326778567],[93.83733857220295,24.414383343689742],[93.83150648565338,24.417564979404343],[93.82604511268966,24.421251593031176],[93.82100704931894,24.42540768046571],[93.81644081484554,24.429993216314003],[93.81239038460359,24.434964039359123],[93.80889476645055,24.44027227785782],[93.8059876251001,24.44586681057157],[93.80369695791266,24.45169375909206],[93.80204482526545,24.4576970067197],[93.80104713809901,24.463818738898134],[93.80071350468616,24.47],[93.80104713809901,24.476181261101864],[93.80204482526545,24.482302993280296],[93.80369695791266,24.48830624090794],[93.8059876251001,24.494133189428428],[93.80889476645055,24.49972772214218],[93.81239038460359,24.505035960640875],[93.81644081484554,24.510006783685995],[93.82100704931894,24.514592319534284],[93.82604511268966,24.51874840696882],[93.83150648565338,24.522435020595655],[93.83733857220294,24.525616656310255],[93.84348520615676,24.52826267322143],[93.84988719206973,24.53034758873987],[93.85648287531785,24.531851323989393],[93.86320873586588,24.532759397177525],[93.87,24.53306306306306]]]},"properties":{"zone_type":"parks","zone_label":"National Park / Wildlife Sanctuary","zone_color":"#10b981","name":"Keibul Lamjao NP (Manipur)","state":"Manipur","subtype":"national_park","area_sqkm":153.94,"source":"curated_research","osm_id":""}},{"type":"Feature","geometry":{"type":"Polygon","coordinates":[[[90.38,25.57711711711712],[90.39271421836493,25.576553166186834],[90.40530599185672,25.57486674455173],[90.41765405481326,25.57207409337404],[90.42963948863814,25.56820210741123],[90.44114686705174,25.563288076004763],[90.45206536770935,25.557379323963364],[90.46228983948099,25.55053275579924],[90.47172181511422,25.542814307706532],[90.48027045952766,25.534298312559706],[90.48785344460244,25.525066784047343],[90.494397742047,25.515208626835477],[90.49984032669948,25.504818780367085],[90.50412878349447,25.493997304543317],[90.5072218122487,25.48284841609198],[90.50908962540446,25.471479484903462],[90.50971423490002,25.46],[90.50908962540446,25.44852051509654],[90.5072218122487,25.437151583908022],[90.50412878349447,25.426002695456685],[90.49984032669948,25.415181219632917],[90.494397742047,25.404791373164525],[90.48785344460244,25.39493321595266],[90.48027045952766,25.385701687440296],[90.47172181511422,25.37718569229347],[90.46228983948099,25.369467244200763],[90.45206536770935,25.362620676036638],[90.44114686705174,25.35671192399524],[90.42963948863814,25.35179789258877],[90.41765405481326,25.34792590662596],[90.40530599185672,25.34513325544827],[90.39271421836493,25.343446833813168],[90.38,25.342882882882883],[90.36728578163506,25.343446833813168],[90.35469400814327,25.34513325544827],[90.34234594518674,25.34792590662596],[90.33036051136185,25.35179789258877],[90.31885313294825,25.35671192399524],[90.30793463229064,25.362620676036638],[90.297710160519,25.369467244200763],[90.28827818488577,25.37718569229347],[90.27972954047233,25.385701687440296],[90.27214655539755,25.39493321595266],[90.26560225795299,25.404791373164525],[90.2601596733005,25.415181219632917],[90.25587121650553,25.426002695456685],[90.25277818775129,25.437151583908022],[90.25091037459553,25.44852051509654],[90.25028576509997,25.46],[90.25091037459553,25.471479484903462],[90.25277818775129,25.48284841609198],[90.25587121650553,25.493997304543317],[90.2601596733005,25.504818780367085],[90.26560225795299,25.515208626835477],[90.27214655539755,25.525066784047343],[90.27972954047233,25.534298312559706],[90.28827818488577,25.542814307706532],[90.297710160519,25.55053275579924],[90.30793463229064,25.557379323963364],[90.31885313294825,25.563288076004763],[90.33036051136185,25.56820210741123],[90.34234594518674,25.57207409337404],[90.35469400814327,25.57486674455173],[90.36728578163506,25.576553166186834],[90.38,25.57711711711712]]]},"properties":{"zone_type":"parks","zone_label":"National Park / Wildlife Sanctuary","zone_color":"#10b981","name":"Nokrek NP (Meghalaya)","state":"Meghalaya","subtype":"national_park","area_sqkm":530.93,"source":"curated_research","osm_id":""}},{"type":"Feature","geometry":{"type":"Polygon","coordinates":[[[93.3,23.308108108108108],[93.31152871307481,23.307587538018616],[93.32294639834048,23.306030841124674],[93.33414309724635,23.303453009268345],[93.34501097946122,23.299878868379597],[93.35544538133838,23.29534283938901],[93.36534581388372,23.28988860673541],[93.37461693051971,23.283568697660836],[93.38316944532502,23.276443976344492],[93.39092099290683,23.26858305774742],[93.39779692162445,23.26006164681293],[93.4037310125256,23.250961809386595],[93.408666117071,23.241371181877305],[93.41255470750605,23.231382127270752],[93.41535933457915,23.221090845623365],[93.41705298819844,23.210596447603194],[93.4176193575537,23.2],[93.41705298819844,23.189403552396804],[93.41535933457915,23.178909154376633],[93.41255470750605,23.168617872729246],[93.408666117071,23.158628818122693],[93.4037310125256,23.149038190613403],[93.39779692162445,23.13993835318707],[93.39092099290683,23.131416942252578],[93.38316944532502,23.123556023655507],[93.37461693051971,23.116431302339162],[93.36534581388372,23.11011139326459],[93.35544538133838,23.104657160610987],[93.34501097946122,23.1001211316204],[93.33414309724635,23.096546990731653],[93.32294639834048,23.093969158875325],[93.31152871307481,23.092412461981382],[93.3,23.09189189189189],[93.28847128692519,23.092412461981382],[93.27705360165952,23.093969158875325],[93.26585690275364,23.096546990731653],[93.25498902053877,23.1001211316204],[93.24455461866161,23.104657160610987],[93.23465418611627,23.11011139326459],[93.22538306948029,23.116431302339162],[93.21683055467497,23.123556023655507],[93.20907900709318,23.131416942252578],[93.20220307837555,23.13993835318707],[93.1962689874744,23.149038190613403],[93.191333882929,23.158628818122693],[93.18744529249395,23.168617872729246],[93.18464066542084,23.178909154376633],[93.18294701180156,23.189403552396804],[93.18238064244629,23.2],[93.18294701180156,23.210596447603194],[93.18464066542084,23.221090845623365],[93.18744529249395,23.231382127270752],[93.191333882929,23.241371181877305],[93.1962689874744,23.250961809386595],[93.20220307837555,23.26006164681293],[93.20907900709318,23.26858305774742],[93.21683055467497,23.276443976344492],[93.22538306948029,23.283568697660836],[93.23465418611627,23.28988860673541],[93.24455461866161,23.29534283938901],[93.25498902053877,23.299878868379597],[93.26585690275364,23.303453009268345],[93.27705360165952,23.306030841124674],[93.28847128692519,23.307587538018616],[93.3,23.308108108108108]]]},"properties":{"zone_type":"parks","zone_label":"National Park / Wildlife Sanctuary","zone_color":"#10b981","name":"Murlen NP (Mizoram)","state":"Mizoram","subtype":"national_park","area_sqkm":452.39,"source":"curated_research","osm_id":""}},{"type":"Feature","geometry":{"type":"Polygon","coordinates":[[[92.91,12.62009009009009],[92.9190458214407,12.619656281682179],[92.92800452667599,12.618359034270561],[92.93678983847713,12.616210841056954],[92.9453171494889,12.613232390316332],[92.95350433704478,12.609452366157509],[92.96127255405302,12.604907172279509],[92.96854698833731,12.59964058138403],[92.97525758311886,12.59370331362041],[92.98133971170157,12.58715254812285],[92.98673479986233,12.580051372344109],[92.99139088995291,12.572468174488828],[92.99526314128045,12.564475984897756],[92.9983142619479,12.556151772725627],[93.00051486799529,12.547575704686137],[93.00184376638343,12.538830373002662],[93.00228815909439,12.53],[93.00184376638343,12.521169626997336],[93.00051486799529,12.512424295313862],[92.9983142619479,12.503848227274371],[92.99526314128045,12.495524015102244],[92.99139088995291,12.487531825511171],[92.98673479986233,12.47994862765589],[92.98133971170157,12.472847451877149],[92.97525758311886,12.46629668637959],[92.96854698833731,12.460359418615969],[92.96127255405302,12.45509282772049],[92.95350433704478,12.45054763384249],[92.9453171494889,12.446767609683667],[92.93678983847713,12.443789158943044],[92.92800452667599,12.441640965729437],[92.9190458214407,12.44034371831782],[92.91,12.43990990990991],[92.90095417855929,12.44034371831782],[92.891995473324,12.441640965729437],[92.88321016152287,12.443789158943044],[92.87468285051109,12.446767609683667],[92.86649566295522,12.45054763384249],[92.85872744594697,12.45509282772049],[92.85145301166268,12.460359418615969],[92.84474241688113,12.46629668637959],[92.83866028829843,12.472847451877149],[92.83326520013766,12.47994862765589],[92.82860911004708,12.487531825511171],[92.82473685871955,12.495524015102244],[92.8216857380521,12.503848227274371],[92.8194851320047,12.512424295313862],[92.81815623361656,12.521169626997336],[92.8177118409056,12.53],[92.81815623361656,12.538830373002662],[92.8194851320047,12.547575704686137],[92.8216857380521,12.556151772725627],[92.82473685871955,12.564475984897756],[92.82860911004708,12.572468174488828],[92.83326520013766,12.580051372344107],[92.83866028829843,12.58715254812285],[92.84474241688113,12.59370331362041],[92.85145301166268,12.59964058138403],[92.85872744594697,12.604907172279509],[92.86649566295522,12.609452366157509],[92.87468285051109,12.613232390316332],[92.88321016152287,12.616210841056954],[92.891995473324,12.618359034270561],[92.90095417855929,12.619656281682179],[92.91,12.62009009009009]]]},"properties":{"zone_type":"parks","zone_label":"National Park / Wildlife Sanctuary","zone_color":"#10b981","name":"Middle Button NP (Andaman)","state":"Andaman and Nicobar","subtype":"national_park","area_sqkm":314.16,"source":"curated_research","osm_id":""}},{"type":"Feature","geometry":{"type":"Polygon","coordinates":[[[93.0,13.216126126126126],[93.0126923258097,13.215518794355052],[93.02526241758352,13.213702647978785],[93.03758921846617,13.210695177479739],[93.04955401462664,13.206525346442865],[93.06104157853726,13.201233312620513],[93.07194127867785,13.194870041191312],[93.08214814497768,13.187496813937642],[93.09156387973462,13.179184639068573],[93.1000978042758,13.170013567371992],[93.1076677322428,13.160071921281752],[93.11420076109113,13.14945544428436],[93.11963397418165,13.138266378856859],[93.12391504670222,13.126612481815878],[93.12700274958421,13.114605986560592],[93.12886734656092,13.102362522203729],[93.1294908805442,13.09],[93.12886734656092,13.077637477796271],[93.12700274958421,13.065394013439407],[93.12391504670222,13.053387518184122],[93.11963397418165,13.041733621143141],[93.11420076109113,13.03054455571564],[93.1076677322428,13.019928078718248],[93.1000978042758,13.009986432628008],[93.09156387973462,13.000815360931426],[93.08214814497768,12.992503186062358],[93.07194127867785,12.985129958808688],[93.06104157853726,12.978766687379487],[93.04955401462664,12.973474653557135],[93.03758921846617,12.969304822520261],[93.02526241758352,12.966297352021215],[93.0126923258097,12.964481205644947],[93.0,12.963873873873874],[92.9873076741903,12.964481205644947],[92.97473758241648,12.966297352021215],[92.96241078153383,12.969304822520261],[92.95044598537336,12.973474653557135],[92.93895842146274,12.978766687379487],[92.92805872132215,12.985129958808688],[92.91785185502232,12.992503186062358],[92.90843612026538,13.000815360931426],[92.8999021957242,13.009986432628008],[92.8923322677572,13.019928078718248],[92.88579923890887,13.03054455571564],[92.88036602581835,13.041733621143141],[92.87608495329778,13.053387518184122],[92.87299725041579,13.065394013439407],[92.87113265343908,13.077637477796271],[92.8705091194558,13.09],[92.87113265343908,13.102362522203729],[92.87299725041579,13.114605986560592],[92.87608495329778,13.126612481815878],[92.88036602581835,13.138266378856859],[92.88579923890887,13.14945544428436],[92.8923322677572,13.160071921281752],[92.8999021957242,13.170013567371992],[92.90843612026538,13.179184639068573],[92.91785185502232,13.187496813937642],[92.92805872132215,13.194870041191312],[92.93895842146274,13.201233312620513],[92.95044598537336,13.206525346442865],[92.96241078153383,13.210695177479739],[92.97473758241648,13.213702647978785],[92.9873076741903,13.215518794355052],[93.0,13.216126126126126]]]},"properties":{"zone_type":"parks","zone_label":"National Park / Wildlife Sanctuary","zone_color":"#10b981","name":"Mahatma Gandhi NP (Andaman)","state":"Andaman and Nicobar","subtype":"national_park","area_sqkm":615.75,"source":"curated_research","osm_id":""}},{"type":"Feature","geometry":{"type":"Polygon","coordinates":[[[96.4,28.045495495495498],[96.4547785227571,28.04310954925199],[96.50902949839505,28.03597468848809],[96.56223046036187,28.024159625813258],[96.61386905431122,28.007778146739827],[96.66344797235483,27.986988013866302],[96.71048974240935,27.9619894475373],[96.75454132651352,27.93302319761217],[96.79517848383135,27.900368224912253],[96.83200985632337,27.864339014675682],[96.86468073773837,27.825282547892595],[96.89287648962862,27.783574959688558],[96.91632557149005,27.739617916937657],[96.93480215584576,27.693834749990952],[96.94812830308808,27.64666637577376],[96.95617567513426,27.59856705151465],[96.95886677139234,27.55],[96.95617567513426,27.501432948485352],[96.94812830308808,27.453333624226243],[96.93480215584576,27.40616525000905],[96.91632557149005,27.360382083062344],[96.89287648962862,27.316425040311444],[96.86468073773837,27.274717452107407],[96.83200985632337,27.23566098532432],[96.79517848383136,27.19963177508775],[96.75454132651352,27.166976802387833],[96.71048974240935,27.138010552462703],[96.66344797235483,27.1130119861337],[96.61386905431122,27.092221853260174],[96.56223046036187,27.075840374186743],[96.50902949839505,27.064025311511912],[96.4547785227571,27.05689045074801],[96.4,27.054504504504504],[96.34522147724292,27.05689045074801],[96.29097050160496,27.064025311511912],[96.23776953963814,27.075840374186743],[96.18613094568879,27.092221853260174],[96.13655202764518,27.1130119861337],[96.08951025759066,27.138010552462703],[96.0454586734865,27.166976802387833],[96.00482151616866,27.19963177508775],[95.96799014367664,27.23566098532432],[95.93531926226164,27.274717452107407],[95.90712351037139,27.316425040311444],[95.88367442850996,27.360382083062344],[95.86519784415425,27.40616525000905],[95.85187169691193,27.453333624226243],[95.84382432486575,27.501432948485352],[95.84113322860767,27.55],[95.84382432486575,27.598567051514646],[95.85187169691193,27.64666637577376],[95.86519784415425,27.693834749990952],[95.88367442850996,27.739617916937657],[95.90712351037139,27.783574959688558],[95.93531926226164,27.825282547892595],[95.96799014367664,27.864339014675682],[96.00482151616865,27.900368224912253],[96.0454586734865,27.93302319761217],[96.08951025759066,27.9619894475373],[96.13655202764518,27.986988013866302],[96.18613094568879,28.007778146739827],[96.23776953963814,28.024159625813258],[96.29097050160496,28.03597468848809],[96.34522147724292,28.04310954925199],[96.4,28.045495495495498]]]},"properties":{"zone_type":"parks","zone_label":"National Park / Wildlife Sanctuary","zone_color":"#10b981","name":"Namdapha NP (Arunachal)","state":"Arunachal Pradesh","subtype":"national_park","area_sqkm":9503.32,"source":"curated_research","osm_id":""}},{"type":"Feature","geometry":{"type":"Polygon","coordinates":[[[95.87,29.14036036036036],[95.91029949565826,29.13862512672872],[95.95021088514339,29.133436137082246],[95.98934979995686,29.124843364227825],[96.02733931095351,29.11292956126533],[96.06381355837526,29.09780946463004],[96.09842127528057,29.079628689118035],[96.13082917043718,29.058562325536123],[96.16072513809874,29.03481325448164],[96.18782126375389,29.008610192491403],[96.2118565969003,28.980205489376434],[96.23259966414075,28.949872697955314],[96.24985069839839,28.917903939591024],[96.26344356278292,28.88460709090251],[96.27324735057974,28.850302818744552],[96.27916764595304,28.815321492010654],[96.28114743322203,28.78],[96.27916764595304,28.74467850798935],[96.27324735057974,28.70969718125545],[96.26344356278292,28.675392909097493],[96.24985069839839,28.642096060408978],[96.23259966414075,28.61012730204469],[96.2118565969003,28.579794510623568],[96.18782126375389,28.5513898075086],[96.16072513809874,28.52518674551836],[96.13082917043718,28.50143767446388],[96.09842127528057,28.480371310881967],[96.06381355837526,28.462190535369963],[96.02733931095351,28.447070438734674],[95.98934979995686,28.435156635772177],[95.95021088514339,28.426563862917757],[95.91029949565826,28.421374873271283],[95.87,28.41963963963964],[95.82970050434174,28.421374873271283],[95.78978911485662,28.426563862917757],[95.75065020004315,28.435156635772177],[95.7126606890465,28.447070438734674],[95.67618644162475,28.462190535369963],[95.64157872471944,28.480371310881967],[95.60917082956283,28.50143767446388],[95.57927486190127,28.52518674551836],[95.55217873624612,28.5513898075086],[95.5281434030997,28.579794510623568],[95.50740033585926,28.61012730204469],[95.49014930160162,28.642096060408978],[95.47655643721708,28.675392909097493],[95.46675264942027,28.70969718125545],[95.46083235404697,28.74467850798935],[95.45885256677798,28.78],[95.46083235404697,28.815321492010654],[95.46675264942027,28.850302818744552],[95.47655643721708,28.88460709090251],[95.49014930160162,28.917903939591024],[95.50740033585926,28.949872697955314],[95.5281434030997,28.980205489376434],[95.55217873624612,29.008610192491403],[95.57927486190127,29.03481325448164],[95.60917082956283,29.058562325536123],[95.64157872471944,29.079628689118035],[95.67618644162475,29.09780946463004],[95.7126606890465,29.11292956126533],[95.75065020004315,29.124843364227825],[95.78978911485662,29.133436137082246],[95.82970050434174,29.13862512672872],[95.87,29.14036036036036]]]},"properties":{"zone_type":"parks","zone_label":"National Park / Wildlife Sanctuary","zone_color":"#10b981","name":"Mouling NP (Arunachal)","state":"Arunachal Pradesh","subtype":"national_park","area_sqkm":5026.55,"source":"curated_research","osm_id":""}},{"type":"Feature","geometry":{"type":"Polygon","coordinates":[[[72.91,19.31810810810811],[72.9212212589991,19.317587538018618],[72.93233445113988,19.316030841124675],[72.94323255030693,19.313453009268347],[72.95381060184776,19.3098788683796],[72.96396673334348,19.305342839389013],[72.9736031356959,19.29988860673541],[72.98262700508255,19.293568697660838],[72.9909514367083,19.286443976344493],[72.99849626174598,19.278583057747422],[73.00518881940609,19.27006164681293],[73.0109646566998,19.260961809386597],[73.0157681491566,19.251371181877307],[73.01955303651826,19.241382127270754],[73.02228286825049,19.231090845623367],[73.02393135458139,19.220596447603196],[73.02448261968647,19.21],[73.02393135458139,19.199403552396806],[73.02228286825049,19.188909154376635],[73.01955303651826,19.178617872729248],[73.0157681491566,19.168628818122695],[73.0109646566998,19.159038190613405],[73.00518881940609,19.14993835318707],[72.99849626174598,19.14141694225258],[72.9909514367083,19.13355602365551],[72.98262700508255,19.126431302339164],[72.9736031356959,19.12011139326459],[72.96396673334348,19.11465716061099],[72.95381060184776,19.110121131620403],[72.94323255030693,19.106546990731655],[72.93233445113988,19.103969158875326],[72.9212212589991,19.102412461981384],[72.91,19.101891891891892],[72.8987787410009,19.102412461981384],[72.88766554886011,19.103969158875326],[72.87676744969306,19.106546990731655],[72.86618939815223,19.110121131620403],[72.85603326665651,19.11465716061099],[72.8463968643041,19.12011139326459],[72.83737299491744,19.126431302339164],[72.82904856329169,19.13355602365551],[72.82150373825401,19.14141694225258],[72.8148111805939,19.14993835318707],[72.8090353433002,19.159038190613405],[72.8042318508434,19.168628818122695],[72.80044696348173,19.178617872729248],[72.79771713174951,19.188909154376635],[72.7960686454186,19.199403552396806],[72.79551738031353,19.21],[72.7960686454186,19.220596447603196],[72.79771713174951,19.231090845623367],[72.80044696348173,19.241382127270754],[72.8042318508434,19.251371181877307],[72.8090353433002,19.260961809386597],[72.8148111805939,19.27006164681293],[72.82150373825401,19.278583057747422],[72.82904856329169,19.286443976344493],[72.83737299491744,19.293568697660838],[72.8463968643041,19.29988860673541],[72.85603326665651,19.305342839389013],[72.86618939815223,19.3098788683796],[72.87676744969306,19.313453009268347],[72.88766554886011,19.316030841124675],[72.8987787410009,19.317587538018618],[72.91,19.31810810810811]]]},"properties":{"zone_type":"parks","zone_label":"National Park / Wildlife Sanctuary","zone_color":"#10b981","name":"Sanjay Gandhi NP (Maharashtra)","state":"Maharashtra","subtype":"national_park","area_sqkm":452.39,"source":"curated_research","osm_id":""}},{"type":"Feature","geometry":{"type":"Polygon","coordinates":[[[79.39,20.332162162162163],[79.40693311695355,20.331381307027925],[79.42370315873426,20.32904626168701],[79.44014862067233,20.325179513902523],[79.45611112397931,20.3198183025694],[79.47143694102235,20.31301425908352],[79.48597847580538,20.304832910103116],[79.49959568539924,20.295353046491257],[79.51215742863161,20.28466596451674],[79.5235427290482,20.272874586621132],[79.53364193998219,20.260092470219398],[79.54235780051148,20.246442714079894],[79.54960637213459,20.232056772815962],[79.55531784714432,20.21707319090613],[79.55943722091413,20.20163626843505],[79.56192482162274,20.185894671404796],[79.56275669231545,20.17],[79.56192482162274,20.154105328595207],[79.55943722091413,20.138363731564954],[79.55531784714432,20.122926809093872],[79.54960637213459,20.10794322718404],[79.54235780051148,20.09355728592011],[79.53364193998219,20.079907529780606],[79.5235427290482,20.06712541337887],[79.51215742863161,20.055334035483263],[79.49959568539924,20.044646953508746],[79.48597847580538,20.035167089896888],[79.47143694102235,20.026985740916484],[79.45611112397931,20.020181697430605],[79.44014862067233,20.01482048609748],[79.42370315873426,20.010953738312992],[79.40693311695355,20.008618692972078],[79.39,20.00783783783784],[79.37306688304645,20.008618692972078],[79.35629684126575,20.010953738312992],[79.33985137932767,20.01482048609748],[79.32388887602069,20.020181697430605],[79.30856305897765,20.026985740916484],[79.29402152419462,20.035167089896888],[79.28040431460076,20.044646953508746],[79.26784257136839,20.055334035483263],[79.2564572709518,20.06712541337887],[79.24635806001781,20.079907529780606],[79.23764219948852,20.09355728592011],[79.23039362786541,20.10794322718404],[79.22468215285568,20.122926809093872],[79.22056277908587,20.138363731564954],[79.21807517837726,20.154105328595207],[79.21724330768456,20.17],[79.21807517837726,20.185894671404796],[79.22056277908587,20.20163626843505],[79.22468215285568,20.21707319090613],[79.23039362786541,20.232056772815962],[79.23764219948852,20.246442714079894],[79.24635806001781,20.260092470219398],[79.2564572709518,20.272874586621132],[79.26784257136839,20.28466596451674],[79.28040431460076,20.295353046491257],[79.29402152419462,20.304832910103116],[79.30856305897765,20.31301425908352],[79.32388887602069,20.3198183025694],[79.33985137932767,20.325179513902523],[79.35629684126575,20.32904626168701],[79.37306688304645,20.331381307027925],[79.39,20.332162162162163]]]},"properties":{"zone_type":"parks","zone_label":"National Park / Wildlife Sanctuary","zone_color":"#10b981","name":"Tadoba NP (Maharashtra)","state":"Maharashtra","subtype":"national_park","area_sqkm":1017.88,"source":"curated_research","osm_id":""}},{"type":"Feature","geometry":{"type":"Polygon","coordinates":[[[80.07,20.38810810810811],[80.08129673225172,20.387587538018618],[80.09248467079642,20.386030841124676],[80.10345606967,20.383453009268347],[80.1141052683037,20.3798788683796],[80.12432970909325,20.375342839389013],[80.13403092508459,20.36988860673541],[80.14311548826448,20.36356869766084],[80.15149590932342,20.356443976344494],[80.15909148022537,20.348583057747422],[80.1658290514704,20.34006164681293],[80.17164373656426,20.330961809386597],[80.1764795369109,20.321371181877307],[80.18028988110946,20.311382127270754],[80.18303807346234,20.301090845623367],[80.18469764737489,20.290596447603196],[80.1852526202431,20.28],[80.18469764737489,20.269403552396806],[80.18303807346234,20.258909154376635],[80.18028988110946,20.24861787272925],[80.1764795369109,20.238628818122695],[80.17164373656426,20.229038190613405],[80.1658290514704,20.21993835318707],[80.15909148022537,20.21141694225258],[80.15149590932342,20.20355602365551],[80.14311548826448,20.196431302339164],[80.13403092508459,20.19011139326459],[80.12432970909325,20.18465716061099],[80.1141052683037,20.180121131620403],[80.10345606967,20.176546990731655],[80.09248467079642,20.173969158875327],[80.08129673225172,20.172412461981384],[80.07,20.171891891891892],[80.05870326774827,20.172412461981384],[80.04751532920356,20.173969158875327],[80.03654393032998,20.176546990731655],[80.02589473169628,20.180121131620403],[80.01567029090674,20.18465716061099],[80.0059690749154,20.19011139326459],[79.9968845117355,20.196431302339164],[79.98850409067657,20.20355602365551],[79.98090851977462,20.21141694225258],[79.97417094852959,20.21993835318707],[79.96835626343572,20.229038190613405],[79.96352046308908,20.238628818122695],[79.95971011889053,20.24861787272925],[79.95696192653764,20.258909154376635],[79.9553023526251,20.269403552396806],[79.95474737975688,20.28],[79.9553023526251,20.290596447603196],[79.95696192653764,20.301090845623367],[79.95971011889053,20.311382127270754],[79.96352046308908,20.321371181877307],[79.96835626343572,20.330961809386597],[79.97417094852959,20.34006164681293],[79.98090851977462,20.348583057747422],[79.98850409067657,20.356443976344494],[79.9968845117355,20.36356869766084],[80.0059690749154,20.36988860673541],[80.01567029090674,20.375342839389013],[80.02589473169628,20.3798788683796],[80.03654393032998,20.383453009268347],[80.04751532920356,20.386030841124676],[80.05870326774827,20.387587538018618],[80.07,20.38810810810811]]]},"properties":{"zone_type":"parks","zone_label":"National Park / Wildlife Sanctuary","zone_color":"#10b981","name":"Navegaon NP (Maharashtra)","state":"Maharashtra","subtype":"national_park","area_sqkm":452.39,"source":"curated_research","osm_id":""}},{"type":"Feature","geometry":{"type":"Polygon","coordinates":[[[77.33,21.49216216216216],[77.3470635061877,21.491381307027922],[77.36396268148295,21.489046261687008],[77.38053477758963,21.48517951390252],[77.396620196163,21.479818302569395],[77.41206402582903,21.473014259083516],[77.42671753406556,21.464832910103112],[77.44043959957784,21.455353046491254],[77.45309807137377,21.444665964516737],[77.46457104145013,21.43287458662113],[77.47474801883331,21.420092470219394],[77.4835309936678,21.40644271407989],[77.49083538110469,21.39205677281596],[77.49659083589998,21.377073190906128],[77.50074192987773,21.361636268435046],[77.50324868573375,21.345894671404793],[77.50408696203877,21.33],[77.50324868573375,21.314105328595204],[77.50074192987773,21.29836373156495],[77.49659083589998,21.28292680909387],[77.49083538110469,21.267943227184038],[77.4835309936678,21.253557285920106],[77.47474801883331,21.239907529780602],[77.46457104145013,21.227125413378868],[77.45309807137377,21.21533403548326],[77.44043959957784,21.204646953508743],[77.42671753406556,21.195167089896884],[77.41206402582903,21.18698574091648],[77.396620196163,21.1801816974306],[77.38053477758963,21.174820486097477],[77.36396268148295,21.17095373831299],[77.3470635061877,21.168618692972075],[77.33,21.167837837837837],[77.3129364938123,21.168618692972075],[77.29603731851705,21.17095373831299],[77.27946522241037,21.174820486097477],[77.263379803837,21.1801816974306],[77.24793597417097,21.18698574091648],[77.23328246593444,21.195167089896884],[77.21956040042215,21.204646953508743],[77.20690192862622,21.21533403548326],[77.19542895854987,21.227125413378868],[77.18525198116669,21.239907529780602],[77.1764690063322,21.253557285920106],[77.16916461889531,21.267943227184038],[77.16340916410002,21.28292680909387],[77.15925807012226,21.29836373156495],[77.15675131426624,21.314105328595204],[77.15591303796123,21.33],[77.15675131426624,21.345894671404793],[77.15925807012226,21.361636268435046],[77.16340916410002,21.377073190906128],[77.16916461889531,21.39205677281596],[77.1764690063322,21.40644271407989],[77.18525198116669,21.420092470219394],[77.19542895854987,21.43287458662113],[77.20690192862622,21.444665964516737],[77.21956040042215,21.455353046491254],[77.23328246593444,21.464832910103112],[77.24793597417097,21.473014259083516],[77.263379803837,21.479818302569395],[77.27946522241037,21.48517951390252],[77.29603731851705,21.489046261687008],[77.3129364938123,21.491381307027922],[77.33,21.49216216216216]]]},"properties":{"zone_type":"parks","zone_label":"National Park / Wildlife Sanctuary","zone_color":"#10b981","name":"Gugamal NP (Maharashtra)","state":"Maharashtra","subtype":"national_park","area_sqkm":1017.88,"source":"curated_research","osm_id":""}},{"type":"Feature","geometry":{"type":"Polygon","coordinates":[[[79.83,16.835135135135136],[79.84382882483474,16.834484422523268],[79.85752447052673,16.83253855140584],[79.87095504052112,16.829316261585433],[79.883991191087,16.8248485854745],[79.89650737696815,16.819178549236263],[79.90838306045244,16.812360758419263],[79.91950387221603,16.804460872076046],[79.9297627127624,16.795554970430615],[79.93906078384902,16.785728822184275],[79.94730853996847,16.77507705851616],[79.95442655072067,16.763702261733243],[79.96034626577095,16.751713977346633],[79.96501067502733,16.73922765908844],[79.96837485767887,16.726363557029206],[79.97040641480757,16.713245559503996],[79.97108578140771,16.7],[79.97040641480757,16.686754440496003],[79.96837485767887,16.673636442970793],[79.96501067502733,16.66077234091156],[79.96034626577095,16.648286022653366],[79.95442655072067,16.636297738266755],[79.94730853996847,16.624922941483838],[79.93906078384902,16.614271177815723],[79.9297627127624,16.604445029569384],[79.91950387221603,16.595539127923953],[79.90838306045244,16.587639241580735],[79.89650737696815,16.580821450763736],[79.883991191087,16.5751514145255],[79.87095504052112,16.570683738414566],[79.85752447052673,16.56746144859416],[79.84382882483474,16.56551557747673],[79.83,16.564864864864862],[79.81617117516525,16.56551557747673],[79.80247552947327,16.56746144859416],[79.78904495947887,16.570683738414566],[79.77600880891299,16.5751514145255],[79.76349262303185,16.580821450763736],[79.75161693954756,16.587639241580735],[79.74049612778397,16.595539127923953],[79.7302372872376,16.604445029569384],[79.72093921615098,16.614271177815723],[79.71269146003152,16.624922941483838],[79.70557344927933,16.636297738266755],[79.69965373422905,16.648286022653366],[79.69498932497267,16.66077234091156],[79.69162514232113,16.673636442970793],[79.68959358519243,16.686754440496003],[79.68891421859229,16.7],[79.68959358519243,16.713245559503992],[79.69162514232113,16.726363557029206],[79.69498932497267,16.73922765908844],[79.69965373422905,16.751713977346633],[79.70557344927933,16.763702261733243],[79.71269146003152,16.77507705851616],[79.72093921615098,16.785728822184275],[79.7302372872376,16.795554970430615],[79.74049612778397,16.804460872076046],[79.75161693954756,16.812360758419263],[79.76349262303185,16.819178549236263],[79.77600880891299,16.8248485854745],[79.78904495947887,16.829316261585433],[79.80247552947327,16.83253855140584],[79.81617117516525,16.834484422523268],[79.83,16.835135135135136]]]},"properties":{"zone_type":"parks","zone_label":"National Park / Wildlife Sanctuary","zone_color":"#10b981","name":"Rajiv Gandhi NP (Telangana)","state":"Telangana","subtype":"national_park","area_sqkm":706.86,"source":"curated_research","osm_id":""}},{"type":"Feature","geometry":{"type":"Polygon","coordinates":[[[79.39,14.872162162162162],[79.40643329824398,14.871381307027924],[79.42270833484251,14.86904626168701],[79.43866837229632,14.865179513902522],[79.45415970672008,14.8598183025694],[79.46903314809485,14.853014259083517],[79.48314545704956,14.844832910103117],[79.4963607243344,14.835353046491255],[79.5085516797012,14.824665964516738],[79.51960091758555,14.812874586621133],[79.52940202778649,14.800092470219395],[79.53786062025493,14.786442714079893],[79.54489523412148,14.772056772815962],[79.5504381222091,14.75707319090613],[79.55443590347544,14.741636268435048],[79.5568500771015,14.725894671404795],[79.55765739327556,14.71],[79.5568500771015,14.694105328595207],[79.55443590347544,14.678363731564954],[79.5504381222091,14.662926809093872],[79.54489523412148,14.64794322718404],[79.53786062025493,14.633557285920109],[79.52940202778649,14.619907529780606],[79.51960091758555,14.607125413378869],[79.5085516797012,14.595334035483264],[79.4963607243344,14.584646953508747],[79.48314545704956,14.575167089896885],[79.46903314809485,14.566985740916484],[79.45415970672008,14.560181697430602],[79.43866837229632,14.55482048609748],[79.42270833484251,14.550953738312991],[79.40643329824398,14.548618692972077],[79.39,14.54783783783784],[79.37356670175602,14.548618692972077],[79.35729166515749,14.550953738312991],[79.34133162770368,14.55482048609748],[79.32584029327992,14.560181697430602],[79.31096685190515,14.566985740916484],[79.29685454295044,14.575167089896885],[79.2836392756656,14.584646953508747],[79.2714483202988,14.595334035483264],[79.26039908241445,14.607125413378869],[79.25059797221351,14.619907529780606],[79.24213937974507,14.633557285920109],[79.23510476587852,14.64794322718404],[79.2295618777909,14.662926809093872],[79.22556409652456,14.678363731564954],[79.2231499228985,14.694105328595207],[79.22234260672444,14.71],[79.2231499228985,14.725894671404795],[79.22556409652456,14.741636268435048],[79.2295618777909,14.75707319090613],[79.23510476587852,14.772056772815962],[79.24213937974507,14.786442714079893],[79.25059797221351,14.800092470219395],[79.26039908241445,14.812874586621133],[79.2714483202988,14.824665964516738],[79.2836392756656,14.835353046491255],[79.29685454295044,14.844832910103117],[79.31096685190515,14.853014259083517],[79.32584029327992,14.8598183025694],[79.34133162770368,14.865179513902522],[79.35729166515749,14.86904626168701],[79.37356670175602,14.871381307027924],[79.39,14.872162162162162]]]},"properties":{"zone_type":"parks","zone_label":"National Park / Wildlife Sanctuary","zone_color":"#10b981","name":"Sri Lankamalleswara WS (AP)","state":"Andhra Pradesh","subtype":"sanctuary","area_sqkm":1017.88,"source":"curated_research","osm_id":""}},{"type":"Feature","geometry":{"type":"Polygon","coordinates":[[[77.05,10.5181981981982],[77.0697462645317,10.517243819700797],[77.08930236174156,10.514389875395235],[77.108479955723,10.509663850325303],[77.12709435576241,10.503111258695931],[77.14496629501178,10.494795205546522],[77.16192365692633,10.484795779014918],[77.17780313284099,10.473209279044868],[77.19245179472207,10.460147289964901],[77.20572856794793,10.445735605870272],[77.21750558993455,10.430113019157039],[77.22766944152222,10.413429983875423],[77.23612223926405,10.395847166775063],[77.24278257809699,10.37753389999638],[77.24758631531718,10.358666550309502],[77.2504871883092,10.339426820605858],[77.25145726008036,10.32],[77.2504871883092,10.300573179394142],[77.24758631531718,10.281333449690498],[77.24278257809699,10.26246610000362],[77.23612223926405,10.244152833224938],[77.22766944152222,10.226570016124578],[77.21750558993455,10.209886980842962],[77.20572856794793,10.194264394129728],[77.19245179472207,10.1798527100351],[77.17780313284099,10.166790720955133],[77.16192365692633,10.155204220985082],[77.14496629501178,10.145204794453479],[77.12709435576241,10.13688874130407],[77.108479955723,10.130336149674697],[77.08930236174156,10.125610124604766],[77.0697462645317,10.122756180299204],[77.05,10.121801801801801],[77.03025373546829,10.122756180299204],[77.01069763825843,10.125610124604766],[76.991520044277,10.130336149674697],[76.97290564423758,10.13688874130407],[76.95503370498821,10.145204794453479],[76.93807634307366,10.155204220985082],[76.922196867159,10.166790720955133],[76.90754820527792,10.1798527100351],[76.89427143205207,10.194264394129728],[76.88249441006545,10.209886980842962],[76.87233055847777,10.226570016124578],[76.86387776073595,10.244152833224938],[76.857217421903,10.26246610000362],[76.85241368468282,10.281333449690496],[76.8495128116908,10.300573179394142],[76.84854273991964,10.32],[76.8495128116908,10.339426820605858],[76.85241368468282,10.358666550309502],[76.857217421903,10.37753389999638],[76.86387776073595,10.395847166775063],[76.87233055847777,10.413429983875423],[76.88249441006545,10.430113019157039],[76.89427143205207,10.445735605870272],[76.90754820527792,10.460147289964901],[76.922196867159,10.473209279044868],[76.93807634307366,10.484795779014918],[76.95503370498821,10.494795205546522],[76.97290564423758,10.503111258695931],[76.991520044277,10.509663850325303],[77.01069763825843,10.514389875395235],[77.03025373546829,10.517243819700797],[77.05,10.5181981981982]]]},"properties":{"zone_type":"parks","zone_label":"National Park / Wildlife Sanctuary","zone_color":"#10b981","name":"Indira Gandhi NP (Tamil Nadu)","state":"Tamil Nadu","subtype":"national_park","area_sqkm":1520.53,"source":"curated_research","osm_id":""}},{"type":"Feature","geometry":{"type":"Polygon","coordinates":[[[78.15,9.325225225225225],[78.17235732613392,9.32414070420545],[78.1944993389954,9.320897585676402],[78.21621279889655,9.315527102642388],[78.23728859334872,9.30808097579083],[78.25752375093015,9.298630915393773],[78.27672339601166,9.287267930698771],[78.29470262551553,9.274101453460075],[78.31128828963317,9.259258284051024],[78.3263206593525,9.242881370307128],[78.33965496473559,9.22512843086027],[78.35116278913233,9.206170436222072],[78.36073330590295,9.18618996224439],[78.36827434573918,9.165379431814067],[78.37371328430505,9.143939261715344],[78.37699774164895,9.122075932506657],[78.37809608665118,9.1],[78.37699774164895,9.077924067493342],[78.37371328430505,9.056060738284655],[78.36827434573918,9.034620568185932],[78.36073330590295,9.01381003775561],[78.35116278913233,8.993829563777927],[78.33965496473559,8.97487156913973],[78.3263206593525,8.957118629692872],[78.31128828963317,8.940741715948976],[78.29470262551553,8.925898546539925],[78.27672339601166,8.912732069301228],[78.25752375093015,8.901369084606227],[78.23728859334872,8.89191902420917],[78.21621279889655,8.884472897357611],[78.1944993389954,8.879102414323597],[78.17235732613392,8.87585929579455],[78.15,8.874774774774774],[78.12764267386609,8.87585929579455],[78.10550066100461,8.879102414323597],[78.08378720110346,8.884472897357611],[78.06271140665129,8.89191902420917],[78.04247624906986,8.901369084606227],[78.02327660398835,8.912732069301228],[78.00529737448448,8.925898546539925],[77.98871171036684,8.940741715948976],[77.97367934064751,8.957118629692872],[77.96034503526442,8.97487156913973],[77.94883721086768,8.993829563777927],[77.93926669409706,9.01381003775561],[77.93172565426083,9.034620568185932],[77.92628671569496,9.056060738284655],[77.92300225835106,9.077924067493342],[77.92190391334883,9.1],[77.92300225835106,9.122075932506657],[77.92628671569496,9.143939261715344],[77.93172565426083,9.165379431814067],[77.93926669409706,9.18618996224439],[77.94883721086768,9.206170436222072],[77.96034503526442,9.22512843086027],[77.97367934064751,9.242881370307128],[77.98871171036684,9.259258284051024],[78.00529737448448,9.274101453460075],[78.02327660398835,9.287267930698771],[78.04247624906986,9.298630915393773],[78.06271140665129,9.30808097579083],[78.08378720110346,9.315527102642388],[78.10550066100461,9.320897585676402],[78.12764267386609,9.32414070420545],[78.15,9.325225225225225]]]},"properties":{"zone_type":"parks","zone_label":"National Park / Wildlife Sanctuary","zone_color":"#10b981","name":"Gulf of Mannar NP (Tamil Nadu)","state":"Tamil Nadu","subtype":"marine_park","area_sqkm":1963.5,"source":"curated_research","osm_id":""}},{"type":"Feature","geometry":{"type":"Polygon","coordinates":[[[77.08,10.313063063063064],[77.08628150961302,10.312759397177526],[77.09250252485464,10.311851323989393],[77.09860313394734,10.31034758873987],[77.10452458469061,10.308262673221433],[77.1102098502768,10.305616656310256],[77.11560417849046,10.302435020595656],[77.12065561900202,10.298748406968821],[77.12531552367798,10.294592319534287],[77.12953901508892,10.290006783685996],[77.13328541870379,10.285035960640876],[77.13651865460777,10.27972772214218],[77.13920758497163,10.27413318942843],[77.14132631392606,10.26830624090794],[77.142854436953,10.262302993280297],[77.14377723739236,10.256181261101863],[77.14408582817144,10.25],[77.14377723739236,10.243818738898137],[77.142854436953,10.237697006719703],[77.14132631392606,10.23169375909206],[77.13920758497163,10.22586681057157],[77.13651865460777,10.22027227785782],[77.13328541870379,10.214964039359124],[77.12953901508892,10.209993216314004],[77.12531552367798,10.205407680465713],[77.12065561900202,10.201251593031179],[77.11560417849046,10.197564979404344],[77.1102098502768,10.194383343689744],[77.10452458469061,10.191737326778567],[77.09860313394734,10.18965241126013],[77.09250252485464,10.188148676010607],[77.08628150961302,10.187240602822474],[77.08,10.186936936936936],[77.07371849038698,10.187240602822474],[77.06749747514536,10.188148676010607],[77.06139686605266,10.18965241126013],[77.05547541530939,10.191737326778567],[77.0497901497232,10.194383343689744],[77.04439582150954,10.197564979404344],[77.03934438099797,10.201251593031179],[77.03468447632201,10.205407680465713],[77.03046098491107,10.209993216314004],[77.0267145812962,10.214964039359124],[77.02348134539223,10.22027227785782],[77.02079241502837,10.22586681057157],[77.01867368607394,10.23169375909206],[77.017145563047,10.237697006719703],[77.01622276260764,10.243818738898137],[77.01591417182856,10.25],[77.01622276260764,10.256181261101863],[77.017145563047,10.262302993280297],[77.01867368607394,10.26830624090794],[77.02079241502837,10.27413318942843],[77.02348134539223,10.27972772214218],[77.0267145812962,10.285035960640876],[77.03046098491107,10.290006783685996],[77.03468447632201,10.294592319534287],[77.03934438099797,10.298748406968821],[77.04439582150954,10.302435020595656],[77.0497901497232,10.305616656310256],[77.05547541530939,10.308262673221433],[77.06139686605266,10.31034758873987],[77.06749747514536,10.311851323989393],[77.07371849038698,10.312759397177526],[77.08,10.313063063063064]]]},"properties":{"zone_type":"parks","zone_label":"National Park / Wildlife Sanctuary","zone_color":"#10b981","name":"Eravikulam NP (Kerala)","state":"Kerala","subtype":"national_park","area_sqkm":153.94,"source":"curated_research","osm_id":""}},{"type":"Feature","geometry":{"type":"Polygon","coordinates":[[[77.26,9.784054054054055],[77.26537555048716,9.783793769009309],[77.27069933148455,9.783015420562338],[77.27592007207089,9.781726504634173],[77.28098749366039,9.7799394341898],[77.28585279421303,9.777671419694506],[77.29046911822479,9.774944303367706],[77.29479200797196,9.771784348830419],[77.2987798316631,9.768221988172247],[77.30239418437611,9.764291528873711],[77.30560025791857,9.760030823406465],[77.30836717604963,9.755480904693298],[77.31066829183514,9.750685590938653],[77.31248144427218,9.745691063635377],[77.3137891717116,9.740545422811683],[77.31457888002329,9.735298223801598],[77.3148429638845,9.73],[77.31457888002329,9.724701776198403],[77.3137891717116,9.719454577188317],[77.31248144427218,9.714308936364624],[77.31066829183514,9.709314409061347],[77.30836717604963,9.704519095306702],[77.30560025791857,9.699969176593536],[77.30239418437611,9.69570847112629],[77.2987798316631,9.691778011827754],[77.29479200797196,9.688215651169582],[77.29046911822479,9.685055696632295],[77.28585279421303,9.682328580305494],[77.28098749366039,9.680060565810201],[77.27592007207089,9.678273495365827],[77.27069933148455,9.676984579437663],[77.26537555048716,9.676206230990692],[77.26,9.675945945945946],[77.25462444951285,9.676206230990692],[77.24930066851546,9.676984579437663],[77.24407992792912,9.678273495365827],[77.23901250633962,9.680060565810201],[77.23414720578698,9.682328580305494],[77.22953088177522,9.685055696632295],[77.22520799202805,9.688215651169582],[77.22122016833691,9.691778011827754],[77.2176058156239,9.69570847112629],[77.21439974208144,9.699969176593536],[77.21163282395038,9.704519095306702],[77.20933170816487,9.709314409061347],[77.20751855572783,9.714308936364624],[77.2062108282884,9.719454577188317],[77.20542111997672,9.724701776198403],[77.20515703611551,9.73],[77.20542111997672,9.735298223801598],[77.2062108282884,9.740545422811683],[77.20751855572783,9.745691063635377],[77.20933170816487,9.750685590938653],[77.21163282395038,9.755480904693298],[77.21439974208144,9.760030823406465],[77.2176058156239,9.764291528873711],[77.22122016833691,9.768221988172247],[77.22520799202805,9.771784348830419],[77.22953088177522,9.774944303367706],[77.23414720578698,9.777671419694506],[77.23901250633962,9.7799394341898],[77.24407992792912,9.781726504634173],[77.24930066851546,9.783015420562338],[77.25462444951285,9.783793769009309],[77.26,9.784054054054055]]]},"properties":{"zone_type":"parks","zone_label":"National Park / Wildlife Sanctuary","zone_color":"#10b981","name":"Mathikettan Shola NP (Kerala)","state":"Kerala","subtype":"national_park","area_sqkm":113.1,"source":"curated_research","osm_id":""}},{"type":"Feature","geometry":{"type":"Polygon","coordinates":[[[75.0,31.22072072072072],[75.081987689443,31.21725025345744],[75.16318579261761,31.20687227416449],[75.2428123274029,31.189686728455644],[75.32010044674058,31.16585912253066],[75.39430582379144,31.135618929260076],[75.46471382020971,31.099257378236068],[75.53064636850094,31.057124651072243],[75.59146850218269,31.009626508963276],[75.64659447085884,30.957220384982808],[75.69549338131614,30.900410978752866],[75.73769431031602,30.83974539591063],[75.7727908398428,30.775807879182047],[75.80044497113147,30.709214181805017],[75.8203903797804,30.640605637489102],[75.83243498060105,30.570642984021305],[75.83646277750326,30.5],[75.83243498060105,30.429357015978695],[75.8203903797804,30.359394362510898],[75.80044497113147,30.290785818194983],[75.7727908398428,30.224192120817953],[75.73769431031602,30.16025460408937],[75.69549338131614,30.099589021247134],[75.64659447085884,30.042779615017192],[75.59146850218269,29.990373491036724],[75.53064636850094,29.942875348927757],[75.46471382020971,29.900742621763932],[75.39430582379144,29.864381070739924],[75.32010044674058,29.83414087746934],[75.2428123274029,29.810313271544356],[75.16318579261761,29.79312772583551],[75.081987689443,29.78274974654256],[75.0,29.77927927927928],[74.918012310557,29.78274974654256],[74.83681420738239,29.79312772583551],[74.7571876725971,29.810313271544352],[74.67989955325942,29.83414087746934],[74.60569417620856,29.864381070739924],[74.53528617979029,29.900742621763932],[74.46935363149906,29.942875348927757],[74.40853149781731,29.990373491036724],[74.35340552914116,30.042779615017192],[74.30450661868386,30.099589021247134],[74.26230568968398,30.16025460408937],[74.2272091601572,30.224192120817953],[74.19955502886853,30.290785818194983],[74.1796096202196,30.359394362510898],[74.16756501939895,30.429357015978695],[74.16353722249674,30.5],[74.16756501939895,30.570642984021305],[74.1796096202196,30.640605637489102],[74.19955502886853,30.709214181805017],[74.2272091601572,30.775807879182047],[74.26230568968398,30.83974539591063],[74.30450661868386,30.900410978752866],[74.35340552914116,30.957220384982808],[74.40853149781731,31.009626508963276],[74.46935363149906,31.057124651072243],[74.53528617979029,31.099257378236068],[74.60569417620856,31.135618929260076],[74.67989955325942,31.16585912253066],[74.7571876725971,31.189686728455644],[74.83681420738239,31.20687227416449],[74.918012310557,31.21725025345744],[75.0,31.22072072072072]]]},"properties":{"zone_type":"agricultural","zone_label":"Agricultural / Farmland","zone_color":"#f59e0b","name":"Punjab Wheat Belt","state":"Punjab","subtype":"wheat","area_sqkm":20106.19,"source":"curated_research","osm_id":""}},{"type":"Feature","geometry":{"type":"Polygon","coordinates":[[[76.0,30.13063063063063],[76.0710199419697,30.12759397177526],[76.14135592307477,30.11851323989393],[76.21033056936761,30.10347588739869],[76.27727961729909,30.082626732214326],[76.34155831093949,30.056166563102565],[76.40254761133079,30.02435020595656],[76.45966015817007,29.98748406968821],[76.51234592641036,29.945923195342868],[76.56009752330256,29.900067836859957],[76.60245507486489,29.85035960640876],[76.63901065472083,29.7972772214218],[76.66941221265306,29.74133189428429],[76.6933669650395,29.68306240907939],[76.71064421451968,29.623029932802964],[76.72107757173637,29.56181261101864],[76.72456655775615,29.5],[76.72107757173637,29.43818738898136],[76.71064421451968,29.376970067197036],[76.6933669650395,29.31693759092061],[76.66941221265306,29.25866810571571],[76.63901065472083,29.2027227785782],[76.60245507486489,29.14964039359124],[76.56009752330256,29.099932163140043],[76.51234592641036,29.054076804657132],[76.45966015817007,29.01251593031179],[76.40254761133079,28.97564979404344],[76.34155831093949,28.943833436897435],[76.27727961729909,28.917373267785674],[76.21033056936761,28.89652411260131],[76.14135592307477,28.88148676010607],[76.0710199419697,28.87240602822474],[76.0,28.86936936936937],[75.9289800580303,28.87240602822474],[75.85864407692523,28.88148676010607],[75.78966943063239,28.89652411260131],[75.72272038270091,28.917373267785674],[75.65844168906051,28.943833436897435],[75.59745238866921,28.97564979404344],[75.54033984182993,29.01251593031179],[75.48765407358964,29.054076804657132],[75.43990247669744,29.099932163140043],[75.39754492513511,29.14964039359124],[75.36098934527917,29.2027227785782],[75.33058778734694,29.25866810571571],[75.3066330349605,29.31693759092061],[75.28935578548032,29.376970067197036],[75.27892242826363,29.43818738898136],[75.27543344224385,29.5],[75.27892242826363,29.56181261101864],[75.28935578548032,29.623029932802964],[75.3066330349605,29.68306240907939],[75.33058778734694,29.74133189428429],[75.36098934527917,29.7972772214218],[75.39754492513511,29.85035960640876],[75.43990247669744,29.900067836859957],[75.48765407358964,29.945923195342868],[75.54033984182993,29.98748406968821],[75.59745238866921,30.02435020595656],[75.65844168906051,30.056166563102565],[75.72272038270091,30.082626732214326],[75.78966943063237,30.10347588739869],[75.85864407692523,30.11851323989393],[75.9289800580303,30.12759397177526],[76.0,30.13063063063063]]]},"properties":{"zone_type":"agricultural","zone_label":"Agricultural / Farmland","zone_color":"#f59e0b","name":"Haryana Wheat Zone","state":"Haryana","subtype":"wheat","area_sqkm":15393.8,"source":"curated_research","osm_id":""}},{"type":"Feature","geometry":{"type":"Polygon","coordinates":[[[80.0,28.9009009009009],[80.1000101599923,28.8965628168218],[80.19905716747274,28.883590342705613],[80.29618714561472,28.862108410569558],[80.39046467963206,28.83232390316332],[80.48098182533484,28.794523661575095],[80.56686685312823,28.749071722795087],[80.64729264324505,28.696405813840304],[80.72148465136127,28.637033136204096],[80.78872836788125,28.57152548122851],[80.84837619905575,28.500513723441085],[80.89985370366375,28.424681744888286],[80.94266512519538,28.34475984897756],[80.9763981662582,28.261517727256273],[81.00072795922644,28.175757046861378],[81.01542019489378,28.08830373002663],[81.02033337899914,28.0],[81.01542019489378,27.91169626997337],[81.00072795922644,27.824242953138622],[80.9763981662582,27.738482272743727],[80.94266512519538,27.65524015102244],[80.89985370366375,27.575318255111714],[80.84837619905575,27.499486276558915],[80.78872836788125,27.42847451877149],[80.72148465136127,27.362966863795904],[80.64729264324505,27.303594186159696],[80.56686685312823,27.250928277204913],[80.48098182533484,27.205476338424905],[80.39046467963206,27.16767609683668],[80.29618714561472,27.137891589430442],[80.19905716747274,27.116409657294387],[80.1000101599923,27.1034371831782],[80.0,27.0990990990991],[79.8999898400077,27.1034371831782],[79.80094283252726,27.116409657294387],[79.70381285438528,27.137891589430442],[79.60953532036794,27.16767609683668],[79.51901817466516,27.205476338424905],[79.43313314687177,27.250928277204913],[79.35270735675495,27.303594186159696],[79.27851534863873,27.362966863795904],[79.21127163211875,27.42847451877149],[79.15162380094425,27.499486276558915],[79.10014629633625,27.575318255111714],[79.05733487480462,27.655240151022443],[79.0236018337418,27.738482272743727],[78.99927204077356,27.824242953138622],[78.98457980510622,27.91169626997337],[78.97966662100086,28.0],[78.98457980510622,28.08830373002663],[78.99927204077356,28.175757046861378],[79.0236018337418,28.261517727256273],[79.05733487480462,28.34475984897756],[79.10014629633625,28.424681744888286],[79.15162380094425,28.50051372344108],[79.21127163211875,28.57152548122851],[79.27851534863873,28.637033136204096],[79.35270735675495,28.696405813840304],[79.43313314687177,28.749071722795087],[79.51901817466516,28.794523661575095],[79.60953532036794,28.83232390316332],[79.70381285438528,28.862108410569558],[79.80094283252726,28.883590342705613],[79.8999898400077,28.8965628168218],[80.0,28.9009009009009]]]},"properties":{"zone_type":"agricultural","zone_label":"Agricultural / Farmland","zone_color":"#f59e0b","name":"UP Gangetic Plains (North)","state":"Uttar Pradesh","subtype":"wheat_rice","area_sqkm":31415.93,"source":"curated_research","osm_id":""}},{"type":"Feature","geometry":{"type":"Polygon","coordinates":[[[82.0,26.9009009009009],[82.09824690137883,26.8965628168218],[82.19554763139016,26.883590342705613],[82.29096513081399,26.862108410569558],[82.38358047697037,26.83232390316332],[82.4725017334471,26.794523661575095],[82.55687253993501,26.749071722795087],[82.63588035944585,26.696405813840304],[82.70876430348767,26.637033136204096],[82.77482245983693,26.57152548122851],[82.8334186523369,26.500513723441085],[82.8839885676219,26.424681744888286],[82.9260451897634,26.34475984897756],[82.95918349049967,26.261517727256273],[82.9830843298794,26.175757046861378],[82.99751752975384,26.08830373002663],[83.00234409051819,26.0],[82.99751752975384,25.91169626997337],[82.9830843298794,25.824242953138622],[82.95918349049967,25.738482272743727],[82.9260451897634,25.65524015102244],[82.8839885676219,25.575318255111714],[82.8334186523369,25.499486276558915],[82.77482245983693,25.42847451877149],[82.70876430348767,25.362966863795904],[82.63588035944585,25.303594186159696],[82.55687253993501,25.250928277204913],[82.4725017334471,25.205476338424905],[82.38358047697037,25.16767609683668],[82.29096513081399,25.137891589430442],[82.19554763139016,25.116409657294387],[82.09824690137883,25.1034371831782],[82.0,25.0990990990991],[81.90175309862117,25.1034371831782],[81.80445236860984,25.116409657294387],[81.70903486918601,25.137891589430442],[81.61641952302963,25.16767609683668],[81.5274982665529,25.205476338424905],[81.44312746006499,25.250928277204913],[81.36411964055415,25.303594186159696],[81.29123569651233,25.362966863795904],[81.22517754016307,25.42847451877149],[81.1665813476631,25.499486276558915],[81.1160114323781,25.575318255111714],[81.0739548102366,25.655240151022443],[81.04081650950033,25.738482272743727],[81.0169156701206,25.824242953138622],[81.00248247024616,25.91169626997337],[80.99765590948181,26.0],[81.00248247024616,26.08830373002663],[81.0169156701206,26.175757046861378],[81.04081650950033,26.261517727256273],[81.0739548102366,26.34475984897756],[81.1160114323781,26.424681744888286],[81.1665813476631,26.50051372344108],[81.22517754016307,26.57152548122851],[81.29123569651233,26.637033136204096],[81.36411964055415,26.696405813840304],[81.44312746006499,26.749071722795087],[81.5274982665529,26.794523661575095],[81.61641952302963,26.83232390316332],[81.70903486918601,26.862108410569558],[81.80445236860984,26.883590342705613],[81.90175309862117,26.8965628168218],[82.0,26.9009009009009]]]},"properties":{"zone_type":"agricultural","zone_label":"Agricultural / Farmland","zone_color":"#f59e0b","name":"UP Gangetic Plains (East)","state":"Uttar Pradesh","subtype":"rice_wheat","area_sqkm":31415.93,"source":"curated_research","osm_id":""}},{"type":"Feature","geometry":{"type":"Polygon","coordinates":[[[86.0,26.31081081081081],[86.08805080074092,26.306906535139618],[86.17525362413723,26.295231308435053],[86.26076865932971,26.2758975695126],[86.34377234978221,26.249091512846988],[86.42346532458123,26.215071295417584],[86.49908009681484,26.174164550515577],[86.56988845489118,26.126765232456272],[86.6352084756142,26.073329822583688],[86.69441109147678,26.01437293310566],[86.74692614892473,25.950462351096974],[86.79224789924717,25.882213570399458],[86.82993986921309,25.810283864079803],[86.85963906454722,25.735365954530646],[86.88105946576324,25.65818134217524],[86.89399478268787,25.579473357023968],[86.89832044114794,25.5],[86.89399478268787,25.420526642976032],[86.88105946576324,25.34181865782476],[86.85963906454722,25.264634045469354],[86.82993986921309,25.189716135920197],[86.79224789924717,25.117786429600542],[86.74692614892473,25.049537648903026],[86.69441109147678,24.98562706689434],[86.6352084756142,24.926670177416312],[86.56988845489118,24.873234767543728],[86.49908009681484,24.825835449484423],[86.42346532458123,24.784928704582416],[86.34377234978221,24.750908487153012],[86.26076865932971,24.7241024304874],[86.17525362413723,24.704768691564947],[86.08805080074092,24.693093464860382],[86.0,24.68918918918919],[85.91194919925908,24.693093464860382],[85.82474637586277,24.704768691564947],[85.73923134067029,24.7241024304874],[85.65622765021779,24.750908487153012],[85.57653467541877,24.784928704582416],[85.50091990318516,24.825835449484423],[85.43011154510882,24.873234767543728],[85.3647915243858,24.926670177416312],[85.30558890852322,24.98562706689434],[85.25307385107527,25.049537648903026],[85.20775210075283,25.117786429600542],[85.17006013078691,25.189716135920197],[85.14036093545278,25.264634045469354],[85.11894053423676,25.34181865782476],[85.10600521731213,25.420526642976032],[85.10167955885206,25.5],[85.10600521731213,25.579473357023968],[85.11894053423676,25.65818134217524],[85.14036093545278,25.735365954530646],[85.17006013078691,25.810283864079803],[85.20775210075283,25.882213570399458],[85.25307385107527,25.950462351096974],[85.30558890852322,26.01437293310566],[85.3647915243858,26.073329822583688],[85.43011154510882,26.126765232456272],[85.50091990318516,26.174164550515577],[85.57653467541877,26.215071295417584],[85.65622765021779,26.249091512846988],[85.73923134067029,26.2758975695126],[85.82474637586277,26.295231308435053],[85.91194919925908,26.306906535139618],[86.0,26.31081081081081]]]},"properties":{"zone_type":"agricultural","zone_label":"Agricultural / Farmland","zone_color":"#f59e0b","name":"Bihar Paddy Belt","state":"Bihar","subtype":"rice","area_sqkm":25446.9,"source":"curated_research","osm_id":""}},{"type":"Feature","geometry":{"type":"Polygon","coordinates":[[[88.5,23.13063063063063],[88.56690548804629,23.12759397177526],[88.63316663966843,23.11851323989393],[88.69814532375426,23.10347588739869],[88.76121576005511,23.082626732214326],[88.82177054579155,23.056166563102565],[88.87922650527435,23.02435020595656],[88.93303030620507,22.98748406968821],[88.98266378856859,22.945923195342868],[89.02764895479731,22.900067836859957],[89.06755257314909,22.85035960640876],[89.10199034996565,22.7972772214218],[89.13063063063063,22.74133189428429],[89.15319759358488,22.68306240907939],[89.16947390663877,22.623029932802964],[89.17930282000006,22.56181261101864],[89.18258967586007,22.5],[89.17930282000006,22.43818738898136],[89.16947390663877,22.376970067197036],[89.15319759358488,22.31693759092061],[89.13063063063063,22.25866810571571],[89.10199034996565,22.2027227785782],[89.06755257314909,22.14964039359124],[89.02764895479731,22.099932163140043],[88.98266378856859,22.054076804657132],[88.93303030620507,22.01251593031179],[88.87922650527435,21.97564979404344],[88.82177054579155,21.943833436897435],[88.76121576005511,21.917373267785674],[88.69814532375426,21.89652411260131],[88.63316663966843,21.88148676010607],[88.56690548804629,21.87240602822474],[88.5,21.86936936936937],[88.43309451195371,21.87240602822474],[88.36683336033157,21.88148676010607],[88.30185467624574,21.89652411260131],[88.23878423994489,21.917373267785674],[88.17822945420845,21.943833436897435],[88.12077349472565,21.97564979404344],[88.06696969379493,22.01251593031179],[88.01733621143141,22.054076804657132],[87.97235104520269,22.099932163140043],[87.93244742685091,22.14964039359124],[87.89800965003435,22.2027227785782],[87.86936936936937,22.25866810571571],[87.84680240641512,22.31693759092061],[87.83052609336123,22.376970067197036],[87.82069717999994,22.43818738898136],[87.81741032413993,22.5],[87.82069717999994,22.56181261101864],[87.83052609336123,22.623029932802964],[87.84680240641512,22.68306240907939],[87.86936936936937,22.74133189428429],[87.89800965003435,22.7972772214218],[87.93244742685091,22.85035960640876],[87.97235104520269,22.900067836859957],[88.01733621143141,22.945923195342868],[88.06696969379493,22.98748406968821],[88.12077349472565,23.02435020595656],[88.17822945420845,23.056166563102565],[88.23878423994489,23.082626732214326],[88.30185467624574,23.10347588739869],[88.36683336033157,23.11851323989393],[88.43309451195371,23.12759397177526],[88.5,23.13063063063063]]]},"properties":{"zone_type":"agricultural","zone_label":"Agricultural / Farmland","zone_color":"#f59e0b","name":"West Bengal Rice Delta","state":"West Bengal","subtype":"rice","area_sqkm":15393.8,"source":"curated_research","osm_id":""}},{"type":"Feature","geometry":{"type":"Polygon","coordinates":[[[80.5,16.72072072072072],[80.57348985642494,16.71725025345744],[80.64627196535888,16.70687227416449],[80.71764539530601,16.689686728455644],[80.78692278111927,16.66585912253066],[80.8534369437024,16.635618929260076],[80.9165473153094,16.599257378236068],[80.97564610856205,16.557124651072243],[81.03016416977462,16.509626508963276],[81.07957646021505,16.457220384982808],[81.12340711251488,16.400410978752866],[81.16123401353221,16.33974539591063],[81.19269286953194,16.275807879182047],[81.21748071453364,16.209214181805017],[81.23535882803952,16.140605637489102],[81.24615503404337,16.070642984021305],[81.24976535917953,16.0],[81.24615503404337,15.929357015978695],[81.23535882803952,15.859394362510898],[81.21748071453364,15.790785818194982],[81.19269286953194,15.724192120817953],[81.16123401353221,15.66025460408937],[81.12340711251488,15.599589021247134],[81.07957646021505,15.542779615017192],[81.03016416977462,15.490373491036722],[80.97564610856205,15.442875348927757],[80.9165473153094,15.400742621763932],[80.8534369437024,15.364381070739924],[80.78692278111927,15.334140877469343],[80.71764539530601,15.310313271544354],[80.64627196535888,15.29312772583551],[80.57348985642494,15.28274974654256],[80.5,15.27927927927928],[80.42651014357506,15.28274974654256],[80.35372803464112,15.29312772583551],[80.28235460469399,15.310313271544354],[80.21307721888073,15.334140877469343],[80.1465630562976,15.364381070739924],[80.0834526846906,15.400742621763932],[80.02435389143795,15.442875348927757],[79.96983583022538,15.490373491036722],[79.92042353978495,15.542779615017192],[79.87659288748512,15.599589021247134],[79.83876598646779,15.66025460408937],[79.80730713046806,15.724192120817953],[79.78251928546636,15.790785818194982],[79.76464117196048,15.859394362510898],[79.75384496595663,15.929357015978695],[79.75023464082047,16.0],[79.75384496595663,16.070642984021305],[79.76464117196048,16.140605637489102],[79.78251928546636,16.209214181805017],[79.80730713046806,16.275807879182047],[79.83876598646779,16.33974539591063],[79.87659288748512,16.400410978752866],[79.92042353978495,16.457220384982808],[79.96983583022538,16.509626508963276],[80.02435389143795,16.557124651072243],[80.0834526846906,16.599257378236068],[80.1465630562976,16.635618929260076],[80.21307721888073,16.66585912253066],[80.28235460469399,16.689686728455644],[80.35372803464112,16.70687227416449],[80.42651014357506,16.71725025345744],[80.5,16.72072072072072]]]},"properties":{"zone_type":"agricultural","zone_label":"Agricultural / Farmland","zone_color":"#f59e0b","name":"Andhra Rice Bowl (Krishna)","state":"Andhra Pradesh","subtype":"rice","area_sqkm":20106.19,"source":"curated_research","osm_id":""}},{"type":"Feature","geometry":{"type":"Polygon","coordinates":[[[81.8,17.04054054054054],[81.8552577675336,17.03793769009308],[81.90998337255888,17.03015420562337],[81.96364977758341,17.017265046341734],[82.01574014578974,16.999394341897993],[82.06575281845653,16.976714196945057],[82.11320614620634,16.949443033677053],[82.15764312755228,16.917843488304182],[82.19863581007226,16.88221988172246],[82.23578941182475,16.842915288737107],[82.26874612331466,16.80030823406465],[82.29718855339434,16.754809046932973],[82.32084278591391,16.706855909386537],[82.33948101768351,16.656910636353764],[82.3529237523425,16.605454228116827],[82.36104152900757,16.55298223801598],[82.36375616905178,16.5],[82.36104152900757,16.44701776198402],[82.3529237523425,16.394545771883173],[82.33948101768351,16.343089363646236],[82.32084278591391,16.293144090613463],[82.29718855339434,16.245190953067027],[82.26874612331466,16.19969176593535],[82.23578941182475,16.157084711262893],[82.19863581007226,16.11778011827754],[82.15764312755228,16.082156511695818],[82.11320614620634,16.050556966322947],[82.06575281845653,16.023285803054943],[82.01574014578974,16.000605658102007],[81.96364977758341,15.982734953658266],[81.90998337255888,15.969845794376631],[81.8552577675336,15.962062309906921],[81.8,15.95945945945946],[81.7447422324664,15.962062309906921],[81.69001662744111,15.969845794376631],[81.63635022241658,15.982734953658266],[81.58425985421027,16.000605658102007],[81.53424718154346,16.023285803054943],[81.48679385379366,16.050556966322947],[81.44235687244772,16.082156511695818],[81.40136418992773,16.11778011827754],[81.36421058817524,16.157084711262893],[81.33125387668534,16.19969176593535],[81.30281144660566,16.245190953067027],[81.27915721408608,16.293144090613467],[81.26051898231648,16.343089363646236],[81.24707624765749,16.394545771883173],[81.23895847099243,16.44701776198402],[81.23624383094821,16.5],[81.23895847099243,16.55298223801598],[81.24707624765749,16.605454228116827],[81.26051898231648,16.656910636353764],[81.27915721408608,16.706855909386537],[81.30281144660566,16.754809046932973],[81.33125387668534,16.80030823406465],[81.36421058817524,16.842915288737107],[81.40136418992773,16.88221988172246],[81.44235687244772,16.917843488304182],[81.48679385379366,16.949443033677053],[81.53424718154346,16.976714196945057],[81.58425985421027,16.999394341897993],[81.63635022241658,17.017265046341734],[81.69001662744111,17.03015420562337],[81.7447422324664,17.03793769009308],[81.8,17.04054054054054]]]},"properties":{"zone_type":"agricultural","zone_label":"Agricultural / Farmland","zone_color":"#f59e0b","name":"Godavari Delta Rice (AP)","state":"Andhra Pradesh","subtype":"rice","area_sqkm":11309.73,"source":"curated_research","osm_id":""}},{"type":"Feature","geometry":{"type":"Polygon","coordinates":[[[79.5,11.430630630630631],[79.5629272251806,11.42759397177526],[79.6252484267832,11.41851323989393],[79.68636341756812,11.403475887398692],[79.74568362676526,11.382626732214325],[79.8026377683323,11.356166563102567],[79.85667734275168,11.324350205956561],[79.90728191938068,11.287484069688213],[79.95396414848311,11.245923195342868],[79.9962744546736,11.200067836859958],[80.03380536657437,11.15035960640876],[80.06619544098733,11.097277221421802],[80.09313274378968,11.041331894284292],[80.11435785402999,10.983062409079391],[80.12966636229382,10.923029932802965],[80.13891083927811,10.861812611018642],[80.14200225561598,10.8],[80.13891083927811,10.738187388981359],[80.12966636229382,10.676970067197036],[80.11435785402999,10.61693759092061],[80.09313274378968,10.55866810571571],[80.06619544098733,10.5027227785782],[80.03380536657437,10.449640393591242],[79.9962744546736,10.399932163140043],[79.95396414848311,10.354076804657133],[79.90728191938068,10.312515930311788],[79.85667734275168,10.27564979404344],[79.8026377683323,10.243833436897434],[79.74568362676526,10.217373267785677],[79.68636341756812,10.19652411260131],[79.6252484267832,10.181486760106072],[79.5629272251806,10.172406028224742],[79.5,10.16936936936937],[79.4370727748194,10.172406028224742],[79.3747515732168,10.181486760106072],[79.31363658243188,10.19652411260131],[79.25431637323474,10.217373267785675],[79.1973622316677,10.243833436897434],[79.14332265724832,10.27564979404344],[79.09271808061932,10.312515930311788],[79.04603585151689,10.354076804657133],[79.0037255453264,10.399932163140043],[78.96619463342563,10.449640393591242],[78.93380455901267,10.5027227785782],[78.90686725621032,10.55866810571571],[78.88564214597001,10.61693759092061],[78.87033363770618,10.676970067197036],[78.86108916072189,10.738187388981359],[78.85799774438402,10.8],[78.86108916072189,10.861812611018642],[78.87033363770618,10.923029932802965],[78.88564214597001,10.983062409079391],[78.90686725621032,11.041331894284292],[78.93380455901267,11.097277221421802],[78.96619463342563,11.150359606408758],[79.0037255453264,11.200067836859958],[79.04603585151689,11.245923195342868],[79.09271808061932,11.287484069688213],[79.14332265724832,11.324350205956561],[79.1973622316677,11.356166563102567],[79.25431637323474,11.382626732214327],[79.31363658243188,11.403475887398692],[79.3747515732168,11.41851323989393],[79.4370727748194,11.42759397177526],[79.5,11.430630630630631]]]},"properties":{"zone_type":"agricultural","zone_label":"Agricultural / Farmland","zone_color":"#f59e0b","name":"Cauvery Delta Rice (TN)","state":"Tamil Nadu","subtype":"rice","area_sqkm":15393.8,"source":"curated_research","osm_id":""}},{"type":"Feature","geometry":{"type":"Polygon","coordinates":[[[76.5,20.81081081081081],[76.58457378004896,20.806906535139618],[76.6683330683633,20.795231308435053],[76.75047121720908,20.7758975695126],[76.83019719131167,20.749091512846988],[76.90674318595777,20.715071295417584],[76.97937202137464,20.674164550515577],[77.04738424217427,20.626765232456272],[77.11012485349112,20.573329822583688],[77.16698962894067,20.51437293310566],[77.2174309296499,20.450462351096974],[77.26096297831896,20.382213570399458],[77.29716653752212,20.310283864079803],[77.32569294719339,20.235365954530646],[77.34626748241352,20.15818134217524],[77.35869199916114,20.079473357023968],[77.36284684254804,20.0],[77.35869199916114,19.920526642976032],[77.34626748241352,19.84181865782476],[77.32569294719339,19.764634045469354],[77.29716653752212,19.689716135920197],[77.26096297831896,19.617786429600542],[77.2174309296499,19.549537648903026],[77.16698962894067,19.48562706689434],[77.11012485349112,19.426670177416312],[77.04738424217427,19.373234767543728],[76.97937202137464,19.325835449484423],[76.90674318595777,19.284928704582416],[76.83019719131167,19.250908487153012],[76.75047121720908,19.2241024304874],[76.6683330683633,19.204768691564947],[76.58457378004896,19.193093464860382],[76.5,19.18918918918919],[76.41542621995104,19.193093464860382],[76.3316669316367,19.204768691564947],[76.24952878279092,19.2241024304874],[76.16980280868833,19.250908487153012],[76.09325681404223,19.284928704582416],[76.02062797862536,19.325835449484423],[75.95261575782573,19.373234767543728],[75.88987514650888,19.426670177416312],[75.83301037105933,19.48562706689434],[75.7825690703501,19.549537648903026],[75.73903702168104,19.617786429600542],[75.70283346247788,19.689716135920197],[75.67430705280661,19.764634045469354],[75.65373251758648,19.84181865782476],[75.64130800083886,19.920526642976032],[75.63715315745196,20.0],[75.64130800083886,20.079473357023968],[75.65373251758648,20.15818134217524],[75.67430705280661,20.235365954530646],[75.70283346247788,20.310283864079803],[75.73903702168104,20.382213570399458],[75.7825690703501,20.450462351096974],[75.83301037105933,20.51437293310566],[75.88987514650888,20.573329822583688],[75.95261575782573,20.626765232456272],[76.02062797862536,20.674164550515577],[76.09325681404223,20.715071295417584],[76.16980280868833,20.749091512846988],[76.24952878279092,20.7758975695126],[76.3316669316367,20.795231308435053],[76.41542621995104,20.806906535139618],[76.5,20.81081081081081]]]},"properties":{"zone_type":"agricultural","zone_label":"Agricultural / Farmland","zone_color":"#f59e0b","name":"Central Maharashtra Cotton","state":"Maharashtra","subtype":"cotton","area_sqkm":25446.9,"source":"curated_research","osm_id":""}},{"type":"Feature","geometry":{"type":"Polygon","coordinates":[[[78.5,21.22072072072072],[78.57541911122395,21.21725025345744],[78.65011189517853,21.20687227416449],[78.72335901952303,21.189686728455644],[78.79445507440907,21.16585912253066],[78.86271536596304,21.135618929260076],[78.92748251026238,21.099257378236068],[78.9881327643022,21.057124651072243],[79.04408203298127,21.009626508963276],[79.09479149425722,20.957220384982808],[79.13977278829739,20.900410978752866],[79.17859272065087,20.83974539591063],[79.21087743414796,20.775807879182047],[79.23631600934908,20.709214181805017],[79.25466345886889,20.640605637489102],[79.26574308673878,20.570642984021305],[79.26944819008563,20.5],[79.26574308673878,20.429357015978695],[79.25466345886889,20.359394362510898],[79.23631600934908,20.290785818194983],[79.21087743414796,20.224192120817953],[79.17859272065087,20.16025460408937],[79.13977278829739,20.099589021247134],[79.09479149425722,20.042779615017192],[79.04408203298127,19.990373491036724],[78.9881327643022,19.942875348927757],[78.92748251026238,19.900742621763932],[78.86271536596304,19.864381070739924],[78.79445507440907,19.83414087746934],[78.72335901952303,19.810313271544356],[78.65011189517853,19.79312772583551],[78.57541911122395,19.78274974654256],[78.5,19.77927927927928],[78.42458088877605,19.78274974654256],[78.34988810482147,19.79312772583551],[78.27664098047697,19.810313271544352],[78.20554492559093,19.83414087746934],[78.13728463403696,19.864381070739924],[78.07251748973762,19.900742621763932],[78.0118672356978,19.942875348927757],[77.95591796701873,19.990373491036724],[77.90520850574278,20.042779615017192],[77.86022721170261,20.099589021247134],[77.82140727934913,20.16025460408937],[77.78912256585204,20.224192120817953],[77.76368399065092,20.290785818194983],[77.74533654113111,20.359394362510898],[77.73425691326122,20.429357015978695],[77.73055180991437,20.5],[77.73425691326122,20.570642984021305],[77.74533654113111,20.640605637489102],[77.76368399065092,20.709214181805017],[77.78912256585204,20.775807879182047],[77.82140727934913,20.83974539591063],[77.86022721170261,20.900410978752866],[77.90520850574278,20.957220384982808],[77.95591796701873,21.009626508963276],[78.0118672356978,21.057124651072243],[78.07251748973762,21.099257378236068],[78.13728463403696,21.135618929260076],[78.20554492559093,21.16585912253066],[78.27664098047697,21.189686728455644],[78.34988810482147,21.20687227416449],[78.42458088877605,21.21725025345744],[78.5,21.22072072072072]]]},"properties":{"zone_type":"agricultural","zone_label":"Agricultural / Farmland","zone_color":"#f59e0b","name":"Vidarbha Cotton Zone (MH)","state":"Maharashtra","subtype":"cotton_soybean","area_sqkm":20106.19,"source":"curated_research","osm_id":""}},{"type":"Feature","geometry":{"type":"Polygon","coordinates":[[[71.5,23.22072072072072],[71.57646341491004,23.21725025345744],[71.65219044533535,23.20687227416449],[71.7264517985763,23.189686728455644],[71.79853229720584,23.16585912253066],[71.86773776661892,23.135618929260076],[71.93340172031354,23.099257378236068],[71.99489177852007,23.057124651072243],[72.0516157583641,23.009626508963276],[72.10302737691121,22.957220384982808],[72.1486315121704,22.900410978752866],[72.1879889713893,22.83974539591063],[72.22072072072072,22.775807879182047],[72.24651153552557,22.709214181805017],[72.2651130361586,22.640605637489102],[72.27634608000008,22.570642984021305],[72.28010248669722,22.5],[72.27634608000008,22.429357015978695],[72.2651130361586,22.359394362510898],[72.24651153552557,22.290785818194983],[72.22072072072072,22.224192120817953],[72.1879889713893,22.16025460408937],[72.1486315121704,22.099589021247134],[72.10302737691121,22.042779615017192],[72.0516157583641,21.990373491036724],[71.99489177852007,21.942875348927757],[71.93340172031354,21.900742621763932],[71.86773776661892,21.864381070739924],[71.79853229720584,21.83414087746934],[71.7264517985763,21.810313271544356],[71.65219044533535,21.79312772583551],[71.57646341491004,21.78274974654256],[71.5,21.77927927927928],[71.42353658508996,21.78274974654256],[71.34780955466465,21.79312772583551],[71.2735482014237,21.810313271544352],[71.20146770279416,21.83414087746934],[71.13226223338108,21.864381070739924],[71.06659827968646,21.900742621763932],[71.00510822147993,21.942875348927757],[70.9483842416359,21.990373491036724],[70.89697262308879,22.042779615017192],[70.8513684878296,22.099589021247134],[70.8120110286107,22.16025460408937],[70.77927927927928,22.224192120817953],[70.75348846447443,22.290785818194983],[70.7348869638414,22.359394362510898],[70.72365391999992,22.429357015978695],[70.71989751330278,22.5],[70.72365391999992,22.570642984021305],[70.7348869638414,22.640605637489102],[70.75348846447443,22.709214181805017],[70.77927927927928,22.775807879182047],[70.8120110286107,22.83974539591063],[70.8513684878296,22.900410978752866],[70.89697262308879,22.957220384982808],[70.9483842416359,23.009626508963276],[71.00510822147993,23.057124651072243],[71.06659827968646,23.099257378236068],[71.13226223338108,23.135618929260076],[71.20146770279416,23.16585912253066],[71.2735482014237,23.189686728455644],[71.34780955466465,23.20687227416449],[71.42353658508996,23.21725025345744],[71.5,23.22072072072072]]]},"properties":{"zone_type":"agricultural","zone_label":"Agricultural / Farmland","zone_color":"#f59e0b","name":"Gujarat Cotton & Groundnut","state":"Gujarat","subtype":"cotton_groundnut","area_sqkm":20106.19,"source":"curated_research","osm_id":""}},{"type":"Feature","geometry":{"type":"Polygon","coordinates":[[[74.0,26.9009009009009],[74.09824690137883,26.8965628168218],[74.19554763139016,26.883590342705613],[74.29096513081399,26.862108410569558],[74.38358047697037,26.83232390316332],[74.4725017334471,26.794523661575095],[74.55687253993501,26.749071722795087],[74.63588035944585,26.696405813840304],[74.70876430348767,26.637033136204096],[74.77482245983693,26.57152548122851],[74.8334186523369,26.500513723441085],[74.8839885676219,26.424681744888286],[74.9260451897634,26.34475984897756],[74.95918349049967,26.261517727256273],[74.9830843298794,26.175757046861378],[74.99751752975384,26.08830373002663],[75.00234409051819,26.0],[74.99751752975384,25.91169626997337],[74.9830843298794,25.824242953138622],[74.95918349049967,25.738482272743727],[74.9260451897634,25.65524015102244],[74.8839885676219,25.575318255111714],[74.8334186523369,25.499486276558915],[74.77482245983693,25.42847451877149],[74.70876430348767,25.362966863795904],[74.63588035944585,25.303594186159696],[74.55687253993501,25.250928277204913],[74.4725017334471,25.205476338424905],[74.38358047697037,25.16767609683668],[74.29096513081399,25.137891589430442],[74.19554763139016,25.116409657294387],[74.09824690137883,25.1034371831782],[74.0,25.0990990990991],[73.90175309862117,25.1034371831782],[73.80445236860984,25.116409657294387],[73.70903486918601,25.137891589430442],[73.61641952302963,25.16767609683668],[73.5274982665529,25.205476338424905],[73.44312746006499,25.250928277204913],[73.36411964055415,25.303594186159696],[73.29123569651233,25.362966863795904],[73.22517754016307,25.42847451877149],[73.1665813476631,25.499486276558915],[73.1160114323781,25.575318255111714],[73.0739548102366,25.655240151022443],[73.04081650950033,25.738482272743727],[73.0169156701206,25.824242953138622],[73.00248247024616,25.91169626997337],[72.99765590948181,26.0],[73.00248247024616,26.08830373002663],[73.0169156701206,26.175757046861378],[73.04081650950033,26.261517727256273],[73.0739548102366,26.34475984897756],[73.1160114323781,26.424681744888286],[73.1665813476631,26.50051372344108],[73.22517754016307,26.57152548122851],[73.29123569651233,26.637033136204096],[73.36411964055415,26.696405813840304],[73.44312746006499,26.749071722795087],[73.5274982665529,26.794523661575095],[73.61641952302963,26.83232390316332],[73.70903486918601,26.862108410569558],[73.80445236860984,26.883590342705613],[73.90175309862117,26.8965628168218],[74.0,26.9009009009009]]]},"properties":{"zone_type":"agricultural","zone_label":"Agricultural / Farmland","zone_color":"#f59e0b","name":"Rajasthan Kharif Crops","state":"Rajasthan","subtype":"bajra_jowar","area_sqkm":31415.93,"source":"curated_research","osm_id":""}},{"type":"Feature","geometry":{"type":"Polygon","coordinates":[[[77.0,23.9009009009009],[77.09592967347803,23.8965628168218],[77.19093549175996,23.883590342705613],[77.2841024968803,23.862108410569558],[77.37453343964945,23.83232390316332],[77.46135742065398,23.794523661575095],[77.54373827749399,23.749071722795087],[77.62088263748414,23.696405813840304],[77.69204755826637,23.637033136204096],[77.75654768275079,23.57152548122851],[77.8137618394793,23.500513723441085],[77.86313902484616,23.424681744888286],[77.90420370956396,23.34475984897756],[77.93656041827063,23.261517727256273],[77.95989753817335,23.175757046861378],[77.97399032005009,23.08830373002663],[77.97870304270748,23.0],[77.97399032005009,22.91169626997337],[77.95989753817335,22.824242953138622],[77.93656041827063,22.738482272743727],[77.90420370956396,22.65524015102244],[77.86313902484616,22.575318255111714],[77.8137618394793,22.499486276558915],[77.75654768275079,22.42847451877149],[77.69204755826637,22.362966863795904],[77.62088263748414,22.303594186159696],[77.54373827749399,22.250928277204913],[77.46135742065398,22.205476338424905],[77.37453343964945,22.16767609683668],[77.2841024968803,22.137891589430442],[77.19093549175996,22.116409657294387],[77.09592967347803,22.1034371831782],[77.0,22.0990990990991],[76.90407032652197,22.1034371831782],[76.80906450824003,22.116409657294387],[76.7158975031197,22.137891589430442],[76.62546656035055,22.16767609683668],[76.53864257934602,22.205476338424905],[76.45626172250601,22.250928277204913],[76.37911736251586,22.303594186159696],[76.30795244173363,22.362966863795904],[76.24345231724921,22.42847451877149],[76.1862381605207,22.499486276558915],[76.13686097515384,22.575318255111714],[76.09579629043604,22.655240151022443],[76.06343958172937,22.738482272743727],[76.04010246182665,22.824242953138622],[76.02600967994991,22.91169626997337],[76.02129695729252,23.0],[76.02600967994991,23.08830373002663],[76.04010246182665,23.175757046861378],[76.06343958172937,23.261517727256273],[76.09579629043604,23.34475984897756],[76.13686097515384,23.424681744888286],[76.1862381605207,23.50051372344108],[76.24345231724921,23.57152548122851],[76.30795244173363,23.637033136204096],[76.37911736251586,23.696405813840304],[76.45626172250601,23.749071722795087],[76.53864257934602,23.794523661575095],[76.62546656035055,23.83232390316332],[76.7158975031197,23.862108410569558],[76.80906450824003,23.883590342705613],[76.90407032652197,23.8965628168218],[77.0,23.9009009009009]]]},"properties":{"zone_type":"agricultural","zone_label":"Agricultural / Farmland","zone_color":"#f59e0b","name":"MP Soybean Belt","state":"Madhya Pradesh","subtype":"soybean_wheat","area_sqkm":31415.93,"source":"curated_research","osm_id":""}},{"type":"Feature","geometry":{"type":"Polygon","coordinates":[[[81.5,21.72072072072072],[81.57566887867,21.71725025345744],[81.6506090246736,21.70687227416449],[81.72409872343832,21.689686728455644],[81.79543022899149,21.66585912253066],[81.8639165799409,21.635618929260076],[81.92889821528844,21.599257378236068],[81.98974932636312,21.557124651072243],[82.04588388370072,21.509626508963276],[82.0967612808278,21.457220384982808],[82.14189154059761,21.400410978752866],[82.18084003393786,21.33974539591063],[82.21323166556625,21.275807879182047],[82.23875448636316,21.209214181805017],[82.25716269761212,21.140605637489102],[82.26827901817583,21.070642984021305],[82.27199639181048,21.0],[82.26827901817583,20.929357015978695],[82.25716269761212,20.859394362510898],[82.23875448636316,20.790785818194983],[82.21323166556625,20.724192120817953],[82.18084003393786,20.66025460408937],[82.14189154059761,20.599589021247134],[82.0967612808278,20.542779615017192],[82.04588388370072,20.490373491036724],[81.98974932636312,20.442875348927757],[81.92889821528844,20.400742621763932],[81.8639165799409,20.364381070739924],[81.79543022899149,20.33414087746934],[81.72409872343832,20.310313271544356],[81.6506090246736,20.29312772583551],[81.57566887867,20.28274974654256],[81.5,20.27927927927928],[81.42433112133,20.28274974654256],[81.3493909753264,20.29312772583551],[81.27590127656168,20.310313271544352],[81.20456977100851,20.33414087746934],[81.1360834200591,20.364381070739924],[81.07110178471156,20.400742621763932],[81.01025067363688,20.442875348927757],[80.95411611629928,20.490373491036724],[80.9032387191722,20.542779615017192],[80.85810845940239,20.599589021247134],[80.81915996606214,20.66025460408937],[80.78676833443375,20.724192120817953],[80.76124551363684,20.790785818194983],[80.74283730238788,20.859394362510898],[80.73172098182417,20.929357015978695],[80.72800360818952,21.0],[80.73172098182417,21.070642984021305],[80.74283730238788,21.140605637489102],[80.76124551363684,21.209214181805017],[80.78676833443375,21.275807879182047],[80.81915996606214,21.33974539591063],[80.85810845940239,21.400410978752866],[80.9032387191722,21.457220384982808],[80.95411611629928,21.509626508963276],[81.01025067363688,21.557124651072243],[81.07110178471156,21.599257378236068],[81.1360834200591,21.635618929260076],[81.20456977100851,21.66585912253066],[81.27590127656168,21.689686728455644],[81.3493909753264,21.70687227416449],[81.42433112133,21.71725025345744],[81.5,21.72072072072072]]]},"properties":{"zone_type":"agricultural","zone_label":"Agricultural / Farmland","zone_color":"#f59e0b","name":"Chhattisgarh Rice Bowl","state":"Chhattisgarh","subtype":"rice","area_sqkm":20106.19,"source":"curated_research","osm_id":""}},{"type":"Feature","geometry":{"type":"Polygon","coordinates":[[[83.0,21.22072072072072],[83.07541911122395,21.21725025345744],[83.15011189517853,21.20687227416449],[83.22335901952303,21.189686728455644],[83.29445507440907,21.16585912253066],[83.36271536596304,21.135618929260076],[83.42748251026238,21.099257378236068],[83.4881327643022,21.057124651072243],[83.54408203298127,21.009626508963276],[83.59479149425722,20.957220384982808],[83.63977278829739,20.900410978752866],[83.67859272065087,20.83974539591063],[83.71087743414796,20.775807879182047],[83.73631600934908,20.709214181805017],[83.75466345886889,20.640605637489102],[83.76574308673878,20.570642984021305],[83.76944819008563,20.5],[83.76574308673878,20.429357015978695],[83.75466345886889,20.359394362510898],[83.73631600934908,20.290785818194983],[83.71087743414796,20.224192120817953],[83.67859272065087,20.16025460408937],[83.63977278829739,20.099589021247134],[83.59479149425722,20.042779615017192],[83.54408203298127,19.990373491036724],[83.4881327643022,19.942875348927757],[83.42748251026238,19.900742621763932],[83.36271536596304,19.864381070739924],[83.29445507440907,19.83414087746934],[83.22335901952303,19.810313271544356],[83.15011189517853,19.79312772583551],[83.07541911122395,19.78274974654256],[83.0,19.77927927927928],[82.92458088877605,19.78274974654256],[82.84988810482147,19.79312772583551],[82.77664098047697,19.810313271544352],[82.70554492559093,19.83414087746934],[82.63728463403696,19.864381070739924],[82.57251748973762,19.900742621763932],[82.5118672356978,19.942875348927757],[82.45591796701873,19.990373491036724],[82.40520850574278,20.042779615017192],[82.36022721170261,20.099589021247134],[82.32140727934913,20.16025460408937],[82.28912256585204,20.224192120817953],[82.26368399065092,20.290785818194983],[82.24533654113111,20.359394362510898],[82.23425691326122,20.429357015978695],[82.23055180991437,20.5],[82.23425691326122,20.570642984021305],[82.24533654113111,20.640605637489102],[82.26368399065092,20.709214181805017],[82.28912256585204,20.775807879182047],[82.32140727934913,20.83974539591063],[82.36022721170261,20.900410978752866],[82.40520850574278,20.957220384982808],[82.45591796701873,21.009626508963276],[82.5118672356978,21.057124651072243],[82.57251748973762,21.099257378236068],[82.63728463403696,21.135618929260076],[82.70554492559093,21.16585912253066],[82.77664098047697,21.189686728455644],[82.84988810482147,21.20687227416449],[82.92458088877605,21.21725025345744],[83.0,21.22072072072072]]]},"properties":{"zone_type":"agricultural","zone_label":"Agricultural / Farmland","zone_color":"#f59e0b","name":"Odisha Rice Belt","state":"Odisha","subtype":"rice","area_sqkm":20106.19,"source":"curated_research","osm_id":""}},{"type":"Feature","geometry":{"type":"Polygon","coordinates":[[[84.5,23.54054054054054],[84.55755780408681,23.53793769009308],[84.61456129505598,23.53015420562337],[84.67046149812818,23.517265046341734],[84.72472006378968,23.499394341897993],[84.77681445239239,23.476714196945057],[84.8262429664964,23.449443033677053],[84.87252958249049,23.417843488304182],[84.91522853495982,23.38221988172246],[84.95392860965048,23.342915288737107],[84.98825710368759,23.30030823406465],[85.0178834149077,23.254809046932973],[85.04252222573837,23.206855909386537],[85.06193625096238,23.156910636353764],[85.07593852290401,23.105454228116827],[85.08439419203005,23.05298223801598],[85.08722182562448,23.0],[85.08439419203005,22.94701776198402],[85.07593852290401,22.894545771883173],[85.06193625096238,22.843089363646236],[85.04252222573837,22.793144090613463],[85.0178834149077,22.745190953067027],[84.98825710368759,22.69969176593535],[84.95392860965048,22.657084711262893],[84.91522853495982,22.61778011827754],[84.87252958249049,22.582156511695818],[84.8262429664964,22.550556966322947],[84.77681445239239,22.523285803054943],[84.72472006378968,22.500605658102007],[84.67046149812818,22.482734953658266],[84.61456129505598,22.46984579437663],[84.55755780408681,22.46206230990692],[84.5,22.45945945945946],[84.44244219591319,22.46206230990692],[84.38543870494402,22.46984579437663],[84.32953850187182,22.482734953658266],[84.27527993621032,22.500605658102007],[84.22318554760761,22.523285803054943],[84.1737570335036,22.550556966322947],[84.12747041750951,22.582156511695818],[84.08477146504018,22.61778011827754],[84.04607139034952,22.657084711262893],[84.01174289631241,22.69969176593535],[83.9821165850923,22.745190953067027],[83.95747777426163,22.793144090613467],[83.93806374903762,22.843089363646236],[83.92406147709599,22.894545771883173],[83.91560580796995,22.94701776198402],[83.91277817437552,23.0],[83.91560580796995,23.05298223801598],[83.92406147709599,23.105454228116827],[83.93806374903762,23.156910636353764],[83.95747777426163,23.206855909386537],[83.9821165850923,23.254809046932973],[84.01174289631241,23.30030823406465],[84.04607139034952,23.342915288737107],[84.08477146504018,23.38221988172246],[84.12747041750951,23.417843488304182],[84.1737570335036,23.449443033677053],[84.22318554760761,23.476714196945057],[84.27527993621032,23.499394341897993],[84.32953850187182,23.517265046341734],[84.38543870494402,23.53015420562337],[84.44244219591319,23.53793769009308],[84.5,23.54054054054054]]]},"properties":{"zone_type":"agricultural","zone_label":"Agricultural / Farmland","zone_color":"#f59e0b","name":"Jharkhand Paddy Fields","state":"Jharkhand","subtype":"rice","area_sqkm":11309.73,"source":"curated_research","osm_id":""}},{"type":"Feature","geometry":{"type":"Polygon","coordinates":[[[76.5,16.22072072072072],[76.57330920664253,16.21725025345744],[76.6459124055502,16.20687227416449],[76.71711038822859,16.189686728455644],[76.78621747918373,16.16585912253066],[76.85256813935194,16.135618929260076],[76.91552337560483,16.099257378236068],[76.97447689460247,16.057124651072243],[77.02886094172965,16.009626508963276],[77.07815176888316,15.957220384982808],[77.12187467845241,15.900410978752866],[77.1596085949169,15.83974539591063],[77.1909901200336,15.775807879182047],[77.21571703256075,15.709214181805018],[77.23355119881361,15.640605637489102],[77.24432086602202,15.570642984021305],[77.24792231640347,15.5],[77.24432086602202,15.429357015978695],[77.23355119881361,15.359394362510898],[77.21571703256075,15.290785818194982],[77.1909901200336,15.224192120817953],[77.1596085949169,15.16025460408937],[77.12187467845241,15.099589021247134],[77.07815176888316,15.042779615017192],[77.02886094172965,14.990373491036722],[76.97447689460247,14.942875348927757],[76.91552337560483,14.900742621763932],[76.85256813935194,14.864381070739924],[76.78621747918373,14.834140877469343],[76.71711038822859,14.810313271544354],[76.6459124055502,14.79312772583551],[76.57330920664253,14.78274974654256],[76.5,14.77927927927928],[76.42669079335747,14.78274974654256],[76.3540875944498,14.79312772583551],[76.28288961177141,14.810313271544354],[76.21378252081627,14.834140877469343],[76.14743186064806,14.864381070739924],[76.08447662439517,14.900742621763932],[76.02552310539753,14.942875348927757],[75.97113905827035,14.990373491036722],[75.92184823111684,15.042779615017192],[75.87812532154759,15.099589021247134],[75.8403914050831,15.16025460408937],[75.8090098799664,15.224192120817953],[75.78428296743925,15.290785818194982],[75.76644880118639,15.359394362510898],[75.75567913397798,15.429357015978695],[75.75207768359653,15.5],[75.75567913397798,15.570642984021305],[75.76644880118639,15.640605637489102],[75.78428296743925,15.709214181805018],[75.8090098799664,15.775807879182047],[75.8403914050831,15.83974539591063],[75.87812532154759,15.900410978752866],[75.92184823111684,15.957220384982808],[75.97113905827035,16.009626508963276],[76.02552310539753,16.057124651072243],[76.08447662439517,16.099257378236068],[76.14743186064806,16.135618929260076],[76.21378252081627,16.16585912253066],[76.28288961177141,16.189686728455644],[76.3540875944498,16.20687227416449],[76.42669079335747,16.21725025345744],[76.5,16.22072072072072]]]},"properties":{"zone_type":"agricultural","zone_label":"Agricultural / Farmland","zone_color":"#f59e0b","name":"Karnataka Maize & Ragi Belt","state":"Karnataka","subtype":"maize_ragi","area_sqkm":20106.19,"source":"curated_research","osm_id":""}},{"type":"Feature","geometry":{"type":"Polygon","coordinates":[[[76.5,10.63063063063063],[76.56276617017848,10.627593971775259],[76.62492786782664,10.618513239893929],[76.68588644181513,10.603475887398691],[76.74505482775307,10.582626732214324],[76.80186320173915,10.556166563102567],[76.85576446807727,10.52435020595656],[76.90623952810716,10.487484069688213],[76.95280227940827,10.445923195342868],[76.99500429723177,10.400067836859957],[77.03243915307607,10.350359606408759],[77.06474632881537,10.297277221421801],[77.09161468868646,10.241331894284292],[77.112785475696,10.18306240907939],[77.12805480359197,10.123029932802964],[77.13727562039966,10.061812611018642],[77.14035912461263,10.0],[77.13727562039966,9.938187388981358],[77.12805480359197,9.876970067197036],[77.112785475696,9.81693759092061],[77.09161468868646,9.75866810571571],[77.06474632881537,9.702722778578199],[77.03243915307607,9.649640393591241],[76.99500429723177,9.599932163140043],[76.95280227940827,9.554076804657132],[76.90623952810716,9.512515930311787],[76.85576446807727,9.47564979404344],[76.80186320173915,9.443833436897433],[76.74505482775307,9.417373267785676],[76.68588644181513,9.396524112601309],[76.62492786782664,9.381486760106071],[76.56276617017848,9.372406028224741],[76.5,9.36936936936937],[76.43723382982152,9.372406028224741],[76.37507213217336,9.381486760106071],[76.31411355818487,9.396524112601309],[76.25494517224693,9.417373267785674],[76.19813679826085,9.443833436897433],[76.14423553192273,9.47564979404344],[76.09376047189284,9.512515930311787],[76.04719772059173,9.554076804657132],[76.00499570276823,9.599932163140043],[75.96756084692393,9.649640393591241],[75.93525367118463,9.702722778578199],[75.90838531131354,9.75866810571571],[75.887214524304,9.81693759092061],[75.87194519640803,9.876970067197036],[75.86272437960034,9.938187388981358],[75.85964087538737,10.0],[75.86272437960034,10.061812611018642],[75.87194519640803,10.123029932802964],[75.887214524304,10.18306240907939],[75.90838531131355,10.241331894284292],[75.93525367118463,10.297277221421801],[75.96756084692393,10.350359606408757],[76.00499570276823,10.400067836859957],[76.04719772059173,10.445923195342868],[76.09376047189284,10.487484069688213],[76.14423553192273,10.52435020595656],[76.19813679826085,10.556166563102567],[76.25494517224693,10.582626732214326],[76.31411355818487,10.603475887398691],[76.37507213217336,10.618513239893929],[76.43723382982152,10.627593971775259],[76.5,10.63063063063063]]]},"properties":{"zone_type":"agricultural","zone_label":"Agricultural / Farmland","zone_color":"#f59e0b","name":"Kerala Coconut Plantation","state":"Kerala","subtype":"coconut_rubber","area_sqkm":15393.8,"source":"curated_research","osm_id":""}},{"type":"Feature","geometry":{"type":"Polygon","coordinates":[[[94.0,27.13063063063063],[94.069069435336,27.12759397177526],[94.13747369425253,27.11851323989393],[94.20455400634265,27.10347588739869],[94.26966435153108,27.082626732214326],[94.33217768160074,27.056166563102565],[94.3914919590098,27.02435020595656],[94.4470359548423,26.98748406968821],[94.49827475005499,26.945923195342868],[94.54471488703994,26.900067836859957],[94.58590912189126,26.85035960640876],[94.62146073160827,26.7972772214218],[94.65102733475487,26.74133189428429],[94.67432418878006,26.68306240907939],[94.6911269322442,26.623029932802964],[94.70127374554241,26.56181261101864],[94.70466690931582,26.5],[94.70127374554241,26.43818738898136],[94.6911269322442,26.376970067197036],[94.67432418878006,26.31693759092061],[94.65102733475487,26.25866810571571],[94.62146073160827,26.2027227785782],[94.58590912189126,26.14964039359124],[94.54471488703994,26.099932163140043],[94.49827475005499,26.054076804657132],[94.4470359548423,26.01251593031179],[94.3914919590098,25.97564979404344],[94.33217768160074,25.943833436897435],[94.26966435153108,25.917373267785674],[94.20455400634265,25.89652411260131],[94.13747369425253,25.88148676010607],[94.069069435336,25.87240602822474],[94.0,25.86936936936937],[93.930930564664,25.87240602822474],[93.86252630574747,25.88148676010607],[93.79544599365735,25.89652411260131],[93.73033564846892,25.917373267785674],[93.66782231839926,25.943833436897435],[93.6085080409902,25.97564979404344],[93.5529640451577,26.01251593031179],[93.50172524994501,26.054076804657132],[93.45528511296006,26.099932163140043],[93.41409087810874,26.14964039359124],[93.37853926839173,26.2027227785782],[93.34897266524513,26.25866810571571],[93.32567581121994,26.31693759092061],[93.3088730677558,26.376970067197036],[93.29872625445759,26.43818738898136],[93.29533309068418,26.5],[93.29872625445759,26.56181261101864],[93.3088730677558,26.623029932802964],[93.32567581121994,26.68306240907939],[93.34897266524513,26.74133189428429],[93.37853926839173,26.7972772214218],[93.41409087810874,26.85035960640876],[93.45528511296006,26.900067836859957],[93.50172524994501,26.945923195342868],[93.5529640451577,26.98748406968821],[93.6085080409902,27.02435020595656],[93.66782231839926,27.056166563102565],[93.73033564846892,27.082626732214326],[93.79544599365735,27.10347588739869],[93.86252630574747,27.11851323989393],[93.930930564664,27.12759397177526],[94.0,27.13063063063063]]]},"properties":{"zone_type":"agricultural","zone_label":"Agricultural / Farmland","zone_color":"#f59e0b","name":"Assam Tea Gardens","state":"Assam","subtype":"tea","area_sqkm":15393.8,"source":"curated_research","osm_id":""}},{"type":"Feature","geometry":{"type":"Polygon","coordinates":[[[88.3,27.225225225225227],[88.32477639827246,27.22414070420545],[88.34931418628541,27.220897585676404],[88.37337705172655,27.21552710264239],[88.3967332560476,27.208080975790832],[88.4191578662331,27.198630915393775],[88.4404349210285,27.18726793069877],[88.46035951076483,27.174101453460075],[88.47873975075109,27.159258284051024],[88.49539862922852,27.142881370307126],[88.51017571209073,27.125128430860272],[88.52292868795176,27.106170436222072],[88.5335347386826,27.08618996224439],[88.54189172221686,27.06537943181407],[88.54791915623471,27.043939261715344],[88.55155899325162,27.02207593250666],[88.55277617964738,27.0],[88.55155899325162,26.97792406749334],[88.54791915623471,26.956060738284656],[88.54189172221686,26.93462056818593],[88.5335347386826,26.91381003775561],[88.52292868795176,26.893829563777928],[88.51017571209073,26.874871569139728],[88.49539862922852,26.857118629692874],[88.47873975075109,26.840741715948976],[88.46035951076483,26.825898546539925],[88.4404349210285,26.81273206930123],[88.4191578662331,26.801369084606225],[88.3967332560476,26.791919024209168],[88.37337705172655,26.78447289735761],[88.34931418628541,26.779102414323596],[88.32477639827246,26.77585929579455],[88.3,26.774774774774773],[88.27522360172753,26.77585929579455],[88.25068581371458,26.779102414323596],[88.22662294827344,26.78447289735761],[88.2032667439524,26.791919024209168],[88.18084213376689,26.801369084606225],[88.1595650789715,26.81273206930123],[88.13964048923516,26.825898546539925],[88.1212602492489,26.840741715948976],[88.10460137077148,26.857118629692874],[88.08982428790927,26.874871569139728],[88.07707131204823,26.893829563777928],[88.06646526131739,26.91381003775561],[88.05810827778313,26.93462056818593],[88.05208084376528,26.956060738284656],[88.04844100674838,26.97792406749334],[88.04722382035261,27.0],[88.04844100674838,27.022075932506656],[88.05208084376528,27.043939261715344],[88.05810827778313,27.06537943181407],[88.06646526131739,27.08618996224439],[88.07707131204823,27.106170436222072],[88.08982428790927,27.125128430860272],[88.10460137077148,27.142881370307126],[88.1212602492489,27.159258284051024],[88.13964048923516,27.174101453460075],[88.1595650789715,27.18726793069877],[88.18084213376689,27.198630915393775],[88.2032667439524,27.208080975790832],[88.22662294827344,27.21552710264239],[88.25068581371458,27.220897585676404],[88.27522360172753,27.22414070420545],[88.3,27.225225225225227]]]},"properties":{"zone_type":"agricultural","zone_label":"Agricultural / Farmland","zone_color":"#f59e0b","name":"Darjeeling Tea (WB)","state":"West Bengal","subtype":"tea","area_sqkm":1963.5,"source":"curated_research","osm_id":""}},{"type":"Feature","geometry":{"type":"Polygon","coordinates":[[[77.8,29.13063063063063],[77.87033614858888,29.12759397177526],[77.9399949216172,29.11851323989393],[78.00830546702133,29.10347588739869],[78.0746099169067,29.082626732214326],[78.13826972317521,29.056166563102565],[78.1986718070925,29.02435020595656],[78.25523446357131,28.98748406968821],[78.30741296330946,28.945923195342868],[78.3547047988308,28.900067836859957],[78.39665452390689,28.85035960640876],[78.43285813975324,28.7972772214218],[78.46296698575831,28.74133189428429],[78.48669109727591,28.68306240907939],[78.5038019981432,28.623029932802964],[78.51413490103106,28.56181261101864],[78.51759029443615,28.5],[78.51413490103106,28.43818738898136],[78.5038019981432,28.376970067197036],[78.48669109727591,28.31693759092061],[78.46296698575831,28.25866810571571],[78.43285813975324,28.2027227785782],[78.39665452390689,28.14964039359124],[78.3547047988308,28.099932163140043],[78.30741296330946,28.054076804657132],[78.25523446357131,28.01251593031179],[78.1986718070925,27.97564979404344],[78.13826972317521,27.943833436897435],[78.0746099169067,27.917373267785674],[78.00830546702133,27.89652411260131],[77.9399949216172,27.88148676010607],[77.87033614858888,27.87240602822474],[77.8,27.86936936936937],[77.72966385141112,27.87240602822474],[77.6600050783828,27.88148676010607],[77.59169453297866,27.89652411260131],[77.5253900830933,27.917373267785674],[77.46173027682478,27.943833436897435],[77.4013281929075,27.97564979404344],[77.34476553642868,28.01251593031179],[77.29258703669053,28.054076804657132],[77.2452952011692,28.099932163140043],[77.2033454760931,28.14964039359124],[77.16714186024676,28.2027227785782],[77.13703301424168,28.25866810571571],[77.11330890272409,28.31693759092061],[77.09619800185679,28.376970067197036],[77.08586509896894,28.43818738898136],[77.08240970556385,28.5],[77.08586509896894,28.56181261101864],[77.09619800185679,28.623029932802964],[77.11330890272409,28.68306240907939],[77.13703301424168,28.74133189428429],[77.16714186024676,28.7972772214218],[77.2033454760931,28.85035960640876],[77.2452952011692,28.900067836859957],[77.29258703669053,28.945923195342868],[77.34476553642868,28.98748406968821],[77.4013281929075,29.02435020595656],[77.46173027682478,29.056166563102565],[77.5253900830933,29.082626732214326],[77.59169453297866,29.10347588739869],[77.6600050783828,29.11851323989393],[77.72966385141112,29.12759397177526],[77.8,29.13063063063063]]]},"properties":{"zone_type":"agricultural","zone_label":"Agricultural / Farmland","zone_color":"#f59e0b","name":"Sugarcane Belt (UP Western)","state":"Uttar Pradesh","subtype":"sugarcane","area_sqkm":15393.8,"source":"curated_research","osm_id":""}},{"type":"Feature","geometry":{"type":"Polygon","coordinates":[[[74.5,18.54054054054054],[74.5557088218294,18.53793769009308],[74.61088113725104,18.53015420562337],[74.66498560670718,18.517265046341734],[74.71750117458039,18.499394341897993],[74.76792208724417,18.476714196945057],[74.81576276374668,18.449443033677053],[74.86056247222082,18.417843488304182],[74.90188976698398,18.38221988172246],[74.9393466435958,18.342915288737107],[74.97257237185846,18.30030823406465],[75.00124696984581,18.254809046932973],[75.02509428550407,18.206855909386537],[75.04388465614718,18.156910636353764],[75.05743712023401,18.105454228116827],[75.06562116012687,18.05298223801598],[75.06835795904772,18.0],[75.06562116012687,17.94701776198402],[75.05743712023401,17.894545771883173],[75.04388465614718,17.843089363646236],[75.02509428550407,17.793144090613463],[75.00124696984581,17.745190953067027],[74.97257237185846,17.69969176593535],[74.9393466435958,17.657084711262893],[74.90188976698398,17.61778011827754],[74.86056247222082,17.582156511695818],[74.81576276374668,17.550556966322947],[74.76792208724417,17.523285803054943],[74.71750117458039,17.500605658102007],[74.66498560670718,17.482734953658266],[74.61088113725104,17.46984579437663],[74.5557088218294,17.46206230990692],[74.5,17.45945945945946],[74.4442911781706,17.46206230990692],[74.38911886274896,17.46984579437663],[74.33501439329282,17.482734953658266],[74.28249882541961,17.500605658102007],[74.23207791275583,17.523285803054943],[74.18423723625332,17.550556966322947],[74.13943752777918,17.582156511695818],[74.09811023301602,17.61778011827754],[74.0606533564042,17.657084711262893],[74.02742762814154,17.69969176593535],[73.99875303015419,17.745190953067027],[73.97490571449593,17.793144090613467],[73.95611534385282,17.843089363646236],[73.94256287976599,17.894545771883173],[73.93437883987313,17.94701776198402],[73.93164204095228,18.0],[73.93437883987313,18.05298223801598],[73.94256287976599,18.105454228116827],[73.95611534385282,18.156910636353764],[73.97490571449593,18.206855909386537],[73.99875303015419,18.254809046932973],[74.02742762814154,18.30030823406465],[74.0606533564042,18.342915288737107],[74.09811023301602,18.38221988172246],[74.13943752777918,18.417843488304182],[74.18423723625332,18.449443033677053],[74.23207791275583,18.476714196945057],[74.28249882541961,18.499394341897993],[74.33501439329282,18.517265046341734],[74.38911886274896,18.53015420562337],[74.4442911781706,18.53793769009308],[74.5,18.54054054054054]]]},"properties":{"zone_type":"agricultural","zone_label":"Agricultural / Farmland","zone_color":"#f59e0b","name":"Sugarcane Belt (Maharashtra)","state":"Maharashtra","subtype":"sugarcane","area_sqkm":11309.73,"source":"curated_research","osm_id":""}},{"type":"Feature","geometry":{"type":"Polygon","coordinates":[[[78.5,18.22072072072072],[78.5740712262332,18.21725025345744],[78.64742910606631,18.20687227416449],[78.71936716301506,18.189686728455644],[78.7891925942657,18.16585912253066],[78.8562329427448,18.135618929260076],[78.91984257324852,18.099257378236068],[78.97940889026256,18.057124651072243],[79.03435823759183,18.009626508963276],[79.08416142298316,17.957220384982808],[79.12833881453604,17.900410978752866],[79.16646495982,17.83974539591063],[79.1981726832141,17.775807879182047],[79.22315662200883,17.709214181805017],[79.24117616721598,17.640605637489102],[79.25205778076476,17.570642984021305],[79.25569666676815,17.5],[79.25205778076476,17.429357015978695],[79.24117616721598,17.359394362510898],[79.22315662200883,17.290785818194983],[79.1981726832141,17.224192120817953],[79.16646495982,17.16025460408937],[79.12833881453604,17.099589021247134],[79.08416142298316,17.042779615017192],[79.03435823759183,16.990373491036724],[78.97940889026256,16.942875348927757],[78.91984257324852,16.900742621763932],[78.8562329427448,16.864381070739924],[78.7891925942657,16.83414087746934],[78.71936716301506,16.810313271544356],[78.64742910606631,16.79312772583551],[78.5740712262332,16.78274974654256],[78.5,16.77927927927928],[78.4259287737668,16.78274974654256],[78.35257089393369,16.79312772583551],[78.28063283698494,16.810313271544352],[78.2108074057343,16.83414087746934],[78.1437670572552,16.864381070739924],[78.08015742675148,16.900742621763932],[78.02059110973744,16.942875348927757],[77.96564176240817,16.990373491036724],[77.91583857701684,17.042779615017192],[77.87166118546396,17.099589021247134],[77.83353504018,17.16025460408937],[77.8018273167859,17.224192120817953],[77.77684337799117,17.290785818194983],[77.75882383278402,17.359394362510898],[77.74794221923524,17.429357015978695],[77.74430333323185,17.5],[77.74794221923524,17.570642984021305],[77.75882383278402,17.640605637489102],[77.77684337799117,17.709214181805017],[77.8018273167859,17.775807879182047],[77.83353504018,17.83974539591063],[77.87166118546396,17.900410978752866],[77.91583857701684,17.957220384982808],[77.96564176240817,18.009626508963276],[78.02059110973744,18.057124651072243],[78.08015742675148,18.099257378236068],[78.1437670572552,18.135618929260076],[78.2108074057343,18.16585912253066],[78.28063283698494,18.189686728455644],[78.35257089393369,18.20687227416449],[78.4259287737668,18.21725025345744],[78.5,18.22072072072072]]]},"properties":{"zone_type":"agricultural","zone_label":"Agricultural / Farmland","zone_color":"#f59e0b","name":"Telangana Cotton Zone","state":"Telangana","subtype":"cotton","area_sqkm":20106.19,"source":"curated_research","osm_id":""}},{"type":"Feature","geometry":{"type":"Polygon","coordinates":[[[78.0,29.86036036036036],[78.04058282398267,29.858625126728718],[78.08077481318558,29.853436137082245],[78.1201888967815,29.844843364227824],[78.15844549559948,29.832929561265328],[78.19517617767971,29.817809464630038],[78.23002720647474,29.799628689118034],[78.26266294752575,29.77856232553612],[78.29276910080593,29.75481325448164],[78.32005572760146,29.728610192491402],[78.34426004277994,29.700205489376433],[78.36514894555476,29.669872697955313],[78.38252126437318,29.637903939591023],[78.39620969430828,29.60460709090251],[78.40608240829695,29.57030281874455],[78.41204432670649,29.535321492010652],[78.41403803300351,29.5],[78.41204432670649,29.464678507989348],[78.40608240829695,29.42969718125545],[78.39620969430828,29.39539290909749],[78.38252126437318,29.362096060408977],[78.36514894555476,29.330127302044687],[78.34426004277994,29.299794510623567],[78.32005572760146,29.271389807508598],[78.29276910080593,29.24518674551836],[78.26266294752575,29.22143767446388],[78.23002720647474,29.200371310881966],[78.19517617767971,29.182190535369962],[78.15844549559948,29.167070438734672],[78.1201888967815,29.155156635772176],[78.08077481318558,29.146563862917755],[78.04058282398267,29.141374873271282],[78.0,29.13963963963964],[77.95941717601733,29.141374873271282],[77.91922518681442,29.146563862917755],[77.8798111032185,29.155156635772176],[77.84155450440052,29.167070438734672],[77.80482382232029,29.182190535369962],[77.76997279352526,29.200371310881966],[77.73733705247425,29.22143767446388],[77.70723089919407,29.24518674551836],[77.67994427239854,29.271389807508598],[77.65573995722006,29.299794510623567],[77.63485105444524,29.330127302044687],[77.61747873562682,29.362096060408977],[77.60379030569172,29.39539290909749],[77.59391759170305,29.42969718125545],[77.58795567329351,29.464678507989348],[77.58596196699649,29.5],[77.58795567329351,29.535321492010652],[77.59391759170305,29.57030281874455],[77.60379030569172,29.60460709090251],[77.61747873562682,29.637903939591023],[77.63485105444524,29.669872697955313],[77.65573995722006,29.700205489376433],[77.67994427239854,29.728610192491402],[77.70723089919407,29.75481325448164],[77.73733705247425,29.77856232553612],[77.76997279352526,29.799628689118034],[77.80482382232029,29.817809464630038],[77.84155450440052,29.832929561265328],[77.8798111032185,29.844843364227824],[77.91922518681442,29.853436137082245],[77.95941717601733,29.858625126728718],[78.0,29.86036036036036]]]},"properties":{"zone_type":"agricultural","zone_label":"Agricultural / Farmland","zone_color":"#f59e0b","name":"Potato Belt (UP Hills)","state":"Uttar Pradesh","subtype":"potato","area_sqkm":5026.55,"source":"curated_research","osm_id":""}},{"type":"Feature","geometry":{"type":"Polygon","coordinates":[[[74.0,18.86036036036036],[74.03724624163569,18.858625126728718],[74.07413378160356,18.853436137082245],[74.11030737272895,18.844843364227824],[74.1454186435548,18.832929561265328],[74.17912945334932,18.817809464630038],[74.21111514858596,18.799628689118034],[74.24106768953443,18.77856232553612],[74.26869861685168,18.75481325448164],[74.29374182960305,18.728610192491402],[74.31595614795972,18.700205489376433],[74.33512763589235,18.669872697955313],[74.35107166149191,18.637903939591023],[74.36363467507603,18.60460709090251],[74.37269568795624,18.57030281874455],[74.37816743762522,18.535321492010652],[74.37999722814254,18.5],[74.37816743762522,18.464678507989348],[74.37269568795624,18.42969718125545],[74.36363467507603,18.39539290909749],[74.35107166149191,18.362096060408977],[74.33512763589235,18.330127302044687],[74.31595614795972,18.299794510623567],[74.29374182960305,18.271389807508598],[74.26869861685168,18.24518674551836],[74.24106768953443,18.22143767446388],[74.21111514858596,18.200371310881966],[74.17912945334932,18.182190535369962],[74.1454186435548,18.167070438734672],[74.11030737272895,18.155156635772176],[74.07413378160356,18.146563862917755],[74.03724624163569,18.141374873271282],[74.0,18.13963963963964],[73.96275375836431,18.141374873271282],[73.92586621839644,18.146563862917755],[73.88969262727105,18.155156635772176],[73.8545813564452,18.167070438734672],[73.82087054665068,18.182190535369962],[73.78888485141404,18.200371310881966],[73.75893231046557,18.22143767446388],[73.73130138314832,18.24518674551836],[73.70625817039695,18.271389807508598],[73.68404385204028,18.299794510623567],[73.66487236410765,18.330127302044687],[73.64892833850809,18.362096060408977],[73.63636532492397,18.39539290909749],[73.62730431204376,18.42969718125545],[73.62183256237478,18.464678507989348],[73.62000277185746,18.5],[73.62183256237478,18.535321492010652],[73.62730431204376,18.57030281874455],[73.63636532492397,18.60460709090251],[73.64892833850809,18.637903939591023],[73.66487236410765,18.669872697955313],[73.68404385204028,18.700205489376433],[73.70625817039695,18.728610192491402],[73.73130138314832,18.75481325448164],[73.75893231046557,18.77856232553612],[73.78888485141404,18.799628689118034],[73.82087054665068,18.817809464630038],[73.8545813564452,18.832929561265328],[73.88969262727105,18.844843364227824],[73.92586621839644,18.853436137082245],[73.96275375836431,18.858625126728718],[74.0,18.86036036036036]]]},"properties":{"zone_type":"agricultural","zone_label":"Agricultural / Farmland","zone_color":"#f59e0b","name":"Onion Belt (Maharashtra)","state":"Maharashtra","subtype":"onion","area_sqkm":5026.55,"source":"curated_research","osm_id":""}},{"type":"Feature","geometry":{"type":"Polygon","coordinates":[[[70.8,22.75045045045045],[70.84772092654879,22.7482814084109],[70.894982274488,22.741795171352805],[70.94132889120131,22.731054205284778],[70.9863144334341,22.71616195158166],[71.02950566582311,22.697261830787546],[71.07048663318967,22.674535861397544],[71.10886266641559,22.64820290692015],[71.14426418332242,22.61851656810205],[71.1763502479499,22.585762740614257],[71.20481185395566,22.55025686172054],[71.22937490051515,22.512340872444145],[71.24980283206249,22.47237992448878],[71.26589891644981,22.430758863628135],[71.27750813958548,22.38787852343069],[71.28451869830444,22.344151865013316],[71.28686307709387,22.3],[71.28451869830444,22.255848134986685],[71.27750813958548,22.212121476569312],[71.26589891644981,22.169241136371866],[71.24980283206249,22.12762007551122],[71.22937490051515,22.087659127555856],[71.20481185395566,22.04974313827946],[71.1763502479499,22.014237259385744],[71.14426418332242,21.981483431897953],[71.10886266641559,21.95179709307985],[71.07048663318967,21.925464138602457],[71.02950566582311,21.902738169212455],[70.9863144334341,21.88383804841834],[70.94132889120131,21.868945794715223],[70.894982274488,21.858204828647196],[70.84772092654879,21.8517185915891],[70.8,21.84954954954955],[70.7522790734512,21.8517185915891],[70.705017725512,21.858204828647196],[70.65867110879869,21.868945794715223],[70.61368556656589,21.88383804841834],[70.57049433417689,21.902738169212455],[70.52951336681032,21.925464138602457],[70.4911373335844,21.95179709307985],[70.45573581667757,21.981483431897953],[70.4236497520501,22.014237259385744],[70.39518814604433,22.04974313827946],[70.37062509948484,22.087659127555856],[70.35019716793751,22.12762007551122],[70.33410108355018,22.169241136371866],[70.32249186041452,22.212121476569312],[70.31548130169556,22.255848134986685],[70.31313692290612,22.3],[70.31548130169556,22.344151865013316],[70.32249186041452,22.38787852343069],[70.33410108355018,22.430758863628135],[70.35019716793751,22.47237992448878],[70.37062509948484,22.512340872444145],[70.39518814604433,22.55025686172054],[70.4236497520501,22.585762740614257],[70.45573581667757,22.61851656810205],[70.4911373335844,22.64820290692015],[70.52951336681032,22.674535861397544],[70.57049433417689,22.697261830787546],[70.61368556656589,22.71616195158166],[70.65867110879869,22.731054205284778],[70.705017725512,22.741795171352805],[70.7522790734512,22.7482814084109],[70.8,22.75045045045045]]]},"properties":{"zone_type":"agricultural","zone_label":"Agricultural / Farmland","zone_color":"#f59e0b","name":"Groundnut Zone (Rajkot/Gujarat)","state":"Gujarat","subtype":"groundnut","area_sqkm":7853.98,"source":"curated_research","osm_id":""}},{"type":"Feature","geometry":{"type":"Polygon","coordinates":[[[77.72,11.51018018018018],[77.73801176050954,11.50931256336436],[77.75585005791915,11.506718068541122],[77.77334309967335,11.502421682113912],[77.79032241821741,11.496464780632664],[77.80662449343188,11.488904732315019],[77.82209232742085,11.479814344559017],[77.83657695648739,11.46928116276806],[77.84993888573553,11.45740662724082],[77.86204943248221,11.444305096245701],[77.87279196554196,11.430102744688217],[77.88206302844897,11.414936348977657],[77.88977333579935,11.398951969795512],[77.89584863311842,11.382303545451254],[77.90023041197193,11.365151409372276],[77.90287647343419,11.347660746005326],[77.90376133448683,11.33],[77.90287647343419,11.312339253994674],[77.90023041197193,11.294848590627725],[77.89584863311842,11.277696454548746],[77.88977333579935,11.261048030204488],[77.88206302844897,11.245063651022344],[77.87279196554196,11.229897255311784],[77.86204943248221,11.215694903754299],[77.84993888573553,11.20259337275918],[77.83657695648739,11.19071883723194],[77.82209232742085,11.180185655440983],[77.80662449343188,11.171095267684981],[77.79032241821741,11.163535219367336],[77.77334309967335,11.157578317886088],[77.75585005791915,11.153281931458878],[77.73801176050954,11.150687436635641],[77.72,11.14981981981982],[77.70198823949046,11.150687436635641],[77.68414994208085,11.153281931458878],[77.66665690032664,11.157578317886088],[77.64967758178258,11.163535219367336],[77.63337550656811,11.171095267684981],[77.61790767257915,11.180185655440983],[77.6034230435126,11.19071883723194],[77.59006111426447,11.20259337275918],[77.57795056751779,11.215694903754299],[77.56720803445803,11.229897255311784],[77.55793697155103,11.245063651022344],[77.55022666420065,11.261048030204488],[77.54415136688158,11.277696454548746],[77.53976958802807,11.294848590627725],[77.53712352656581,11.312339253994674],[77.53623866551317,11.33],[77.53712352656581,11.347660746005326],[77.53976958802807,11.365151409372276],[77.54415136688158,11.382303545451254],[77.55022666420065,11.398951969795512],[77.55793697155103,11.414936348977657],[77.56720803445803,11.430102744688217],[77.57795056751779,11.444305096245701],[77.59006111426447,11.45740662724082],[77.6034230435126,11.46928116276806],[77.61790767257915,11.479814344559017],[77.63337550656811,11.488904732315019],[77.64967758178258,11.496464780632664],[77.66665690032664,11.502421682113912],[77.68414994208085,11.506718068541122],[77.70198823949046,11.50931256336436],[77.72,11.51018018018018]]]},"properties":{"zone_type":"agricultural","zone_label":"Agricultural / Farmland","zone_color":"#f59e0b","name":"Turmeric Belt (Erode, TN)","state":"Tamil Nadu","subtype":"turmeric","area_sqkm":1256.64,"source":"curated_research","osm_id":""}},{"type":"Feature","geometry":{"type":"Polygon","coordinates":[[[76.9,9.06036036036036],[76.93573263576236,9.05862512672872],[76.97112114670888,9.053436137082244],[77.00582472213382,9.044843364227821],[77.03950914763494,9.032929561265329],[77.07185002378087,9.017809464630037],[77.10253589025501,8.999628689118033],[77.13127122538863,8.97856232553612],[77.15777929219603,8.954813254481637],[77.18180480350308,8.928610192491403],[77.20311638050224,8.900205489376432],[77.22150878105688,8.869872697955314],[77.23680487629538,8.837903939591023],[77.24885735645887,8.804607090902508],[77.25755014957483,8.77030281874455],[77.2627995392936,8.735321492010652],[77.26455497112256,8.7],[77.2627995392936,8.664678507989347],[77.25755014957483,8.629697181255448],[77.24885735645887,8.595392909097491],[77.23680487629538,8.562096060408976],[77.22150878105688,8.530127302044685],[77.20311638050224,8.499794510623566],[77.18180480350308,8.471389807508595],[77.15777929219603,8.445186745518361],[77.13127122538863,8.421437674463878],[77.10253589025501,8.400371310881965],[77.07185002378087,8.382190535369961],[77.03950914763494,8.36707043873467],[77.00582472213382,8.355156635772177],[76.97112114670888,8.346563862917755],[76.93573263576236,8.34137487327128],[76.9,8.339639639639639],[76.86426736423765,8.34137487327128],[76.82887885329113,8.346563862917755],[76.79417527786619,8.355156635772175],[76.76049085236507,8.36707043873467],[76.72814997621914,8.382190535369961],[76.697464109745,8.400371310881965],[76.66872877461138,8.421437674463878],[76.64222070780399,8.445186745518361],[76.61819519649693,8.471389807508595],[76.59688361949777,8.499794510623566],[76.57849121894313,8.530127302044685],[76.56319512370463,8.562096060408976],[76.55114264354114,8.595392909097491],[76.54244985042519,8.629697181255448],[76.53720046070642,8.664678507989347],[76.53544502887745,8.7],[76.53720046070642,8.735321492010652],[76.54244985042519,8.77030281874455],[76.55114264354114,8.804607090902508],[76.56319512370463,8.837903939591023],[76.57849121894313,8.869872697955314],[76.59688361949777,8.900205489376432],[76.61819519649693,8.928610192491403],[76.64222070780399,8.954813254481637],[76.66872877461138,8.97856232553612],[76.697464109745,8.999628689118033],[76.72814997621914,9.017809464630037],[76.76049085236507,9.032929561265329],[76.79417527786619,9.044843364227821],[76.82887885329113,9.053436137082244],[76.86426736423765,9.05862512672872],[76.9,9.06036036036036]]]},"properties":{"zone_type":"agricultural","zone_label":"Agricultural / Farmland","zone_color":"#f59e0b","name":"Pepper Plantation (Kerala)","state":"Kerala","subtype":"pepper_spices","area_sqkm":5026.55,"source":"curated_research","osm_id":""}},{"type":"Feature","geometry":{"type":"Polygon","coordinates":[[[78.5,15.04054054054054],[78.55472537018764,15.037937690093079],[78.60892370514443,15.030154205623369],[78.66207304527694,15.017265046341734],[78.71366153338529,14.999394341897993],[78.76319234412786,14.976714196945057],[78.81018846872091,14.949443033677051],[78.85419730879391,14.917843488304182],[78.89479503515929,14.882219881722458],[78.93159066951915,14.842915288737105],[78.9642298498001,14.80030823406465],[78.99239824285362,14.754809046932971],[79.0158245716562,14.706855909386535],[79.03428322785533,14.656910636353764],[79.0475964445013,14.605454228116827],[79.05563600804004,14.552982238015979],[79.05832449307982,14.5],[79.05563600804004,14.447017761984021],[79.0475964445013,14.394545771883173],[79.03428322785533,14.343089363646236],[79.0158245716562,14.293144090613465],[78.99239824285362,14.245190953067029],[78.9642298498001,14.19969176593535],[78.93159066951915,14.157084711262895],[78.89479503515929,14.117780118277542],[78.85419730879391,14.082156511695818],[78.81018846872091,14.050556966322949],[78.76319234412786,14.023285803054943],[78.71366153338529,14.000605658102007],[78.66207304527694,13.982734953658266],[78.60892370514443,13.969845794376631],[78.55472537018764,13.962062309906921],[78.5,13.95945945945946],[78.44527462981236,13.962062309906921],[78.39107629485557,13.969845794376631],[78.33792695472306,13.982734953658266],[78.28633846661471,14.000605658102007],[78.23680765587214,14.023285803054943],[78.18981153127909,14.050556966322949],[78.14580269120609,14.082156511695818],[78.10520496484071,14.117780118277542],[78.06840933048085,14.157084711262893],[78.0357701501999,14.19969176593535],[78.00760175714638,14.245190953067029],[77.9841754283438,14.293144090613465],[77.96571677214467,14.343089363646236],[77.9524035554987,14.394545771883173],[77.94436399195996,14.447017761984021],[77.94167550692018,14.5],[77.94436399195996,14.552982238015979],[77.9524035554987,14.605454228116827],[77.96571677214467,14.656910636353762],[77.9841754283438,14.706855909386535],[78.00760175714638,14.754809046932971],[78.0357701501999,14.80030823406465],[78.06840933048085,14.842915288737105],[78.10520496484071,14.882219881722458],[78.14580269120609,14.917843488304182],[78.18981153127909,14.949443033677051],[78.23680765587214,14.976714196945057],[78.28633846661471,14.999394341897993],[78.33792695472306,15.017265046341734],[78.39107629485557,15.030154205623369],[78.44527462981236,15.037937690093079],[78.5,15.04054054054054]]]},"properties":{"zone_type":"agricultural","zone_label":"Agricultural / Farmland","zone_color":"#f59e0b","name":"Mango Belt (AP)","state":"Andhra Pradesh","subtype":"mango","area_sqkm":11309.73,"source":"curated_research","osm_id":""}},{"type":"Feature","geometry":{"type":"Polygon","coordinates":[[[86.41,24.02027027027027],[86.44854136002162,24.01795807064157],[86.48642326668758,24.01106103413218],[86.52299755007199,23.999697170948995],[86.55763841404583,23.98406091994174],[86.58975314382224,23.964419821700332],[86.61879224747086,23.941109940861228],[86.6442588578771,23.914530115948303],[86.66571723427626,23.885135135135137],[86.68280021789873,23.853427954693267],[86.69521551415845,23.81995109327095],[86.70275069389423,23.785277349248663],[86.70527682809166,23.75],[86.70275069389423,23.714722650751337],[86.69521551415845,23.68004890672905],[86.68280021789873,23.646572045306733],[86.66571723427626,23.614864864864863],[86.6442588578771,23.585469884051697],[86.61879224747086,23.558890059138772],[86.58975314382224,23.535580178299668],[86.55763841404583,23.51593908005826],[86.52299755007199,23.500302829051005],[86.48642326668758,23.48893896586782],[86.44854136002162,23.48204192935843],[86.41,23.47972972972973],[86.37145863997837,23.48204192935843],[86.33357673331241,23.48893896586782],[86.297002449928,23.500302829051005],[86.26236158595417,23.51593908005826],[86.23024685617776,23.535580178299668],[86.20120775252913,23.558890059138772],[86.17574114212289,23.585469884051697],[86.15428276572374,23.614864864864863],[86.13719978210126,23.646572045306733],[86.12478448584154,23.68004890672905],[86.11724930610576,23.714722650751337],[86.11472317190834,23.75],[86.11724930610576,23.785277349248663],[86.12478448584154,23.81995109327095],[86.13719978210126,23.853427954693267],[86.15428276572374,23.885135135135137],[86.17574114212289,23.914530115948303],[86.20120775252913,23.941109940861228],[86.23024685617776,23.964419821700332],[86.26236158595417,23.98406091994174],[86.297002449928,23.999697170948995],[86.33357673331241,24.01106103413218],[86.37145863997837,24.01795807064157],[86.41,24.02027027027027]]]},"properties":{"zone_type":"mining","zone_label":"Mining / Quarry Area","zone_color":"#f97316","name":"Jharia Coalfield (Jharkhand)","state":"Jharkhand","subtype":"coal","area_sqkm":2827.43,"source":"curated_research","osm_id":""}},{"type":"Feature","geometry":{"type":"Polygon","coordinates":[[[87.11,23.865225225225227],[87.1420907502073,23.863298392201308],[87.17363241878131,23.85755086177682],[87.20408531902774,23.848080975790833],[87.23292839338022,23.835050766618117],[87.25966812883978,23.818683184750277],[87.28384700111904,23.799258284051025],[87.30505130300966,23.777108429956918],[87.32291822302734,23.752612612612612],[87.33714205321695,23.72618996224439],[87.34747941990035,23.698292577725795],[87.3537534478675,23.669397791040552],[87.35585678676043,23.64],[87.3537534478675,23.61060220895945],[87.34747941990035,23.581707422274206],[87.33714205321695,23.55381003775561],[87.32291822302734,23.52738738738739],[87.30505130300966,23.502891570043083],[87.28384700111904,23.480741715948977],[87.25966812883978,23.461316815249724],[87.23292839338022,23.444949233381884],[87.20408531902774,23.43191902420917],[87.17363241878131,23.422449138223183],[87.1420907502073,23.416701607798693],[87.11,23.414774774774774],[87.0779092497927,23.416701607798693],[87.04636758121869,23.422449138223183],[87.01591468097226,23.43191902420917],[86.98707160661978,23.444949233381884],[86.96033187116022,23.461316815249724],[86.93615299888096,23.480741715948977],[86.91494869699034,23.502891570043083],[86.89708177697266,23.52738738738739],[86.88285794678305,23.55381003775561],[86.87252058009965,23.581707422274206],[86.8662465521325,23.61060220895945],[86.86414321323957,23.64],[86.8662465521325,23.669397791040552],[86.87252058009965,23.698292577725795],[86.88285794678305,23.72618996224439],[86.89708177697266,23.752612612612612],[86.91494869699034,23.777108429956918],[86.93615299888096,23.799258284051025],[86.96033187116022,23.818683184750277],[86.98707160661978,23.835050766618117],[87.01591468097226,23.848080975790833],[87.04636758121869,23.85755086177682],[87.0779092497927,23.863298392201308],[87.11,23.865225225225227]]]},"properties":{"zone_type":"mining","zone_label":"Mining / Quarry Area","zone_color":"#f97316","name":"Raniganj Coalfield (WB)","state":"West Bengal","subtype":"coal","area_sqkm":1963.5,"source":"curated_research","osm_id":""}},{"type":"Feature","geometry":{"type":"Polygon","coordinates":[[[82.7,24.515315315315316],[82.74512224511558,24.51261774908183],[82.78947243610698,24.504571206487544],[82.83229172891014,24.49131336610716],[82.87284747355345,24.473071073265363],[82.9104457500019,24.45015645865039],[82.94444324132122,24.422961597671435],[82.97425824100907,24.391951801939687],[82.9993806061545,24.357657657657658],[83.01938048612465,24.320665947142146],[83.0339156774282,24.281609608816108],[83.04273747891203,24.241156907456773],[83.04569494710691,24.2],[83.04273747891203,24.158843092543226],[83.0339156774282,24.11839039118389],[83.01938048612465,24.079334052857853],[82.9993806061545,24.04234234234234],[82.97425824100907,24.00804819806031],[82.94444324132122,23.977038402328564],[82.9104457500019,23.94984354134961],[82.87284747355345,23.926928926734636],[82.83229172891014,23.908686633892838],[82.78947243610698,23.895428793512455],[82.74512224511558,23.88738225091817],[82.7,23.884684684684682],[82.65487775488442,23.88738225091817],[82.61052756389303,23.895428793512455],[82.56770827108987,23.908686633892838],[82.52715252644656,23.926928926734636],[82.48955424999811,23.94984354134961],[82.45555675867878,23.977038402328564],[82.42574175899094,24.00804819806031],[82.4006193938455,24.04234234234234],[82.38061951387536,24.079334052857853],[82.36608432257181,24.11839039118389],[82.35726252108797,24.158843092543226],[82.3543050528931,24.2],[82.35726252108797,24.241156907456773],[82.36608432257181,24.281609608816108],[82.38061951387536,24.320665947142146],[82.4006193938455,24.357657657657658],[82.42574175899094,24.391951801939687],[82.45555675867878,24.42296159767143],[82.48955424999811,24.45015645865039],[82.52715252644656,24.473071073265363],[82.56770827108987,24.49131336610716],[82.61052756389303,24.504571206487544],[82.65487775488442,24.51261774908183],[82.7,24.515315315315316]]]},"properties":{"zone_type":"mining","zone_label":"Mining / Quarry Area","zone_color":"#f97316","name":"Singrauli Coalfield (MP-UP)","state":"Madhya Pradesh","subtype":"coal","area_sqkm":3848.45,"source":"curated_research","osm_id":""}},{"type":"Feature","geometry":{"type":"Polygon","coordinates":[[[82.7,22.57522522522523],[82.73178558013937,22.57329839220131],[82.76302730018995,22.56755086177682],[82.79319060565979,22.558080975790833],[82.82175939402947,22.545050766618118],[82.84824484540924,22.528683184750278],[82.87219378638281,22.509258284051025],[82.89319644393024,22.48710842995692],[82.91089345675785,22.462612612612613],[82.92498202406962,22.43618996224439],[82.93522108657275,22.408292577725796],[82.94143545106903,22.379397791040553],[82.94351878805895,22.35],[82.94143545106903,22.32060220895945],[82.93522108657275,22.291707422274207],[82.92498202406962,22.26381003775561],[82.91089345675785,22.23738738738739],[82.89319644393024,22.212891570043084],[82.87219378638281,22.190741715948977],[82.84824484540924,22.171316815249725],[82.82175939402947,22.154949233381885],[82.79319060565979,22.14191902420917],[82.76302730018995,22.132449138223183],[82.73178558013937,22.126701607798694],[82.7,22.124774774774774],[82.66821441986063,22.126701607798694],[82.63697269981006,22.132449138223183],[82.60680939434022,22.14191902420917],[82.57824060597054,22.154949233381885],[82.55175515459077,22.171316815249725],[82.5278062136172,22.190741715948977],[82.50680355606977,22.212891570043084],[82.48910654324216,22.23738738738739],[82.47501797593038,22.26381003775561],[82.46477891342725,22.291707422274207],[82.45856454893098,22.32060220895945],[82.45648121194105,22.35],[82.45856454893098,22.379397791040553],[82.46477891342725,22.408292577725796],[82.47501797593038,22.43618996224439],[82.48910654324216,22.462612612612613],[82.50680355606977,22.48710842995692],[82.5278062136172,22.509258284051025],[82.55175515459077,22.528683184750278],[82.57824060597054,22.545050766618118],[82.60680939434022,22.558080975790833],[82.63697269981006,22.56755086177682],[82.66821441986063,22.57329839220131],[82.7,22.57522522522523]]]},"properties":{"zone_type":"mining","zone_label":"Mining / Quarry Area","zone_color":"#f97316","name":"Korba Coalfield (CG)","state":"Chhattisgarh","subtype":"coal","area_sqkm":1963.5,"source":"curated_research","osm_id":""}},{"type":"Feature","geometry":{"type":"Polygon","coordinates":[[[85.23,21.22027027027027],[85.26777451654159,21.21795807064157],[85.30490270063208,21.21106103413218],[85.34074927874781,21.199697170948994],[85.37470090599865,21.18406091994174],[85.40617666062919,21.16441982170033],[85.43463798375096,21.141109940861227],[85.45959789423439,21.114530115948302],[85.4806293210909,21.085135135135136],[85.49737241077598,21.053427954693266],[85.50954068438304,21.01995109327095],[85.51692593937699,20.985277349248662],[85.5194018119973,20.95],[85.51692593937699,20.914722650751337],[85.50954068438304,20.880048906729048],[85.49737241077598,20.846572045306733],[85.4806293210909,20.814864864864866],[85.45959789423439,20.785469884051697],[85.43463798375096,20.75889005913877],[85.40617666062919,20.735580178299667],[85.37470090599865,20.71593908005826],[85.34074927874781,20.700302829051004],[85.30490270063208,20.68893896586782],[85.26777451654159,20.68204192935843],[85.23,20.67972972972973],[85.19222548345842,20.68204192935843],[85.15509729936792,20.68893896586782],[85.1192507212522,20.700302829051004],[85.08529909400136,20.71593908005826],[85.05382333937082,20.735580178299667],[85.02536201624905,20.75889005913877],[85.00040210576562,20.785469884051697],[84.9793706789091,20.814864864864862],[84.96262758922403,20.846572045306733],[84.95045931561697,20.880048906729048],[84.94307406062302,20.914722650751337],[84.94059818800271,20.95],[84.94307406062302,20.985277349248662],[84.95045931561697,21.01995109327095],[84.96262758922403,21.053427954693266],[84.9793706789091,21.085135135135136],[85.00040210576562,21.114530115948302],[85.02536201624905,21.141109940861227],[85.05382333937082,21.16441982170033],[85.08529909400136,21.18406091994174],[85.1192507212522,21.199697170948994],[85.15509729936792,21.21106103413218],[85.19222548345842,21.21795807064157],[85.23,21.22027027027027]]]},"properties":{"zone_type":"mining","zone_label":"Mining / Quarry Area","zone_color":"#f97316","name":"Talcher Coalfield (Odisha)","state":"Odisha","subtype":"coal","area_sqkm":2827.43,"source":"curated_research","osm_id":""}},{"type":"Feature","geometry":{"type":"Polygon","coordinates":[[[83.8,21.88018018018018],[83.82531203140753,21.878638713761045],[83.85019096693988,21.874040689421452],[83.87421112111231,21.866464780632665],[83.8969615024273,21.856040613294493],[83.91805284555296,21.84294654780022],[83.93712427176077,21.82740662724082],[83.95384946366072,21.809686743965536],[83.9679422485823,21.79009009009009],[83.97916149506827,21.768951969795513],[83.98731523870065,21.746634062180632],[83.99226396666528,21.72351823283244],[83.99392300485461,21.7],[83.99226396666528,21.67648176716756],[83.98731523870065,21.653365937819366],[83.97916149506827,21.63104803020449],[83.9679422485823,21.60990990990991],[83.95384946366072,21.590313256034463],[83.93712427176077,21.57259337275918],[83.91805284555296,21.557053452199778],[83.8969615024273,21.543959386705506],[83.87421112111231,21.533535219367334],[83.85019096693988,21.525959310578546],[83.82531203140753,21.521361286238953],[83.8,21.51981981981982],[83.77468796859246,21.521361286238953],[83.74980903306012,21.525959310578546],[83.72578887888768,21.533535219367334],[83.70303849757269,21.543959386705506],[83.68194715444703,21.557053452199778],[83.66287572823923,21.57259337275918],[83.64615053633928,21.590313256034463],[83.63205775141769,21.60990990990991],[83.62083850493173,21.63104803020449],[83.61268476129935,21.653365937819366],[83.60773603333472,21.67648176716756],[83.60607699514539,21.7],[83.60773603333472,21.72351823283244],[83.61268476129935,21.746634062180632],[83.62083850493173,21.768951969795513],[83.63205775141769,21.79009009009009],[83.64615053633928,21.809686743965536],[83.66287572823923,21.82740662724082],[83.68194715444703,21.84294654780022],[83.70303849757269,21.856040613294493],[83.72578887888768,21.866464780632665],[83.74980903306012,21.874040689421452],[83.77468796859246,21.878638713761045],[83.8,21.88018018018018]]]},"properties":{"zone_type":"mining","zone_label":"Mining / Quarry Area","zone_color":"#f97316","name":"Ib Valley Coalfield (Odisha)","state":"Odisha","subtype":"coal","area_sqkm":1256.64,"source":"curated_research","osm_id":""}},{"type":"Feature","geometry":{"type":"Polygon","coordinates":[[[78.5,20.68018018018018],[78.52510828559062,20.678638713761046],[78.54978696145345,20.674040689421453],[78.57361376860227,20.666464780632666],[78.5961810237607,20.656040613294493],[78.61710259493617,20.64294654780022],[78.63602050824531,20.62740662724082],[78.65261107294637,20.609686743965536],[78.66659041987752,20.59009009009009],[78.67771935853699,20.568951969795513],[78.68580746969877,20.546634062180633],[78.69071636353844,20.52351823283244],[78.69236204752141,20.5],[78.69071636353844,20.47648176716756],[78.68580746969877,20.453365937819367],[78.67771935853699,20.431048030204487],[78.66659041987752,20.40990990990991],[78.65261107294637,20.390313256034464],[78.63602050824531,20.37259337275918],[78.61710259493617,20.35705345219978],[78.5961810237607,20.343959386705507],[78.57361376860227,20.333535219367334],[78.54978696145345,20.325959310578547],[78.52510828559062,20.321361286238954],[78.5,20.31981981981982],[78.47489171440938,20.321361286238954],[78.45021303854655,20.325959310578547],[78.42638623139773,20.333535219367334],[78.4038189762393,20.343959386705507],[78.38289740506383,20.35705345219978],[78.36397949175469,20.37259337275918],[78.34738892705363,20.390313256034464],[78.33340958012248,20.40990990990991],[78.32228064146301,20.43104803020449],[78.31419253030123,20.453365937819367],[78.30928363646156,20.47648176716756],[78.30763795247859,20.5],[78.30928363646156,20.52351823283244],[78.31419253030123,20.546634062180633],[78.32228064146301,20.568951969795513],[78.33340958012248,20.59009009009009],[78.34738892705363,20.609686743965536],[78.36397949175469,20.62740662724082],[78.38289740506383,20.64294654780022],[78.4038189762393,20.656040613294493],[78.42638623139773,20.666464780632666],[78.45021303854655,20.674040689421453],[78.47489171440938,20.678638713761046],[78.5,20.68018018018018]]]},"properties":{"zone_type":"mining","zone_label":"Mining / Quarry Area","zone_color":"#f97316","name":"Wardha Valley Coalfield (MH)","state":"Maharashtra","subtype":"coal","area_sqkm":1256.64,"source":"curated_research","osm_id":""}},{"type":"Feature","geometry":{"type":"Polygon","coordinates":[[[80.7,18.225225225225227],[80.7309106667552,18.223298392201308],[80.76129244343215,18.217550861776818],[80.7906254894085,18.208080975790832],[80.81840790813494,18.195050766618117],[80.84416433472433,18.178683184750277],[80.86745406957667,18.159258284051024],[80.88787861887151,18.137108429956918],[80.90508851290767,18.11261261261261],[80.9187892856267,18.08618996224439],[80.9287465130088,18.058292577725794],[80.93478982413282,18.02939779104055],[80.93681581626988,18.0],[80.93478982413282,17.97060220895945],[80.9287465130088,17.941707422274206],[80.9187892856267,17.91381003775561],[80.90508851290767,17.88738738738739],[80.88787861887151,17.862891570043082],[80.86745406957667,17.840741715948976],[80.84416433472433,17.821316815249723],[80.81840790813494,17.804949233381883],[80.7906254894085,17.791919024209168],[80.76129244343215,17.782449138223182],[80.7309106667552,17.776701607798692],[80.7,17.774774774774773],[80.66908933324481,17.776701607798692],[80.63870755656785,17.782449138223182],[80.60937451059151,17.791919024209168],[80.58159209186506,17.804949233381883],[80.55583566527568,17.821316815249723],[80.53254593042334,17.840741715948976],[80.5121213811285,17.862891570043082],[80.49491148709234,17.88738738738739],[80.4812107143733,17.91381003775561],[80.4712534869912,17.941707422274206],[80.46521017586718,17.97060220895945],[80.46318418373012,18.0],[80.46521017586718,18.02939779104055],[80.4712534869912,18.058292577725794],[80.4812107143733,18.08618996224439],[80.49491148709234,18.11261261261261],[80.5121213811285,18.137108429956918],[80.53254593042334,18.159258284051024],[80.55583566527568,18.178683184750277],[80.58159209186506,18.195050766618117],[80.60937451059151,18.208080975790832],[80.63870755656785,18.217550861776818],[80.66908933324481,18.223298392201308],[80.7,18.225225225225227]]]},"properties":{"zone_type":"mining","zone_label":"Mining / Quarry Area","zone_color":"#f97316","name":"Godavari Valley Coalfield (AP)","state":"Andhra Pradesh","subtype":"coal","area_sqkm":1963.5,"source":"curated_research","osm_id":""}},{"type":"Feature","geometry":{"type":"Polygon","coordinates":[[[78.05,15.965135135135135],[78.06833398560077,15.963979035320785],[78.08635427162477,15.96053051706609],[78.10375252598197,15.954848585474497],[78.1202310597166,15.94703045997087],[78.13550792054775,15.937209910850166],[78.14932171715105,15.925554970430614],[78.16143609163672,15.912265057974151],[78.17164376369855,15.897567567567569],[78.17977007723749,15.881713977346633],[78.18567598877583,15.864975546635476],[78.18926044652973,15.847638674624331],[78.1904621194332,15.83],[78.18926044652973,15.812361325375669],[78.18567598877583,15.795024453364524],[78.17977007723749,15.778286022653367],[78.17164376369855,15.762432432432433],[78.16143609163672,15.747734942025849],[78.14932171715105,15.734445029569386],[78.13550792054775,15.722790089149834],[78.1202310597166,15.71296954002913],[78.10375252598197,15.705151414525503],[78.08635427162477,15.69946948293391],[78.06833398560077,15.696020964679215],[78.05,15.694864864864865],[78.03166601439922,15.696020964679215],[78.01364572837522,15.69946948293391],[77.99624747401802,15.705151414525503],[77.97976894028339,15.71296954002913],[77.96449207945224,15.722790089149834],[77.95067828284894,15.734445029569386],[77.93856390836328,15.747734942025849],[77.92835623630144,15.762432432432432],[77.9202299227625,15.778286022653367],[77.91432401122417,15.795024453364524],[77.91073955347026,15.812361325375669],[77.90953788056679,15.83],[77.91073955347026,15.847638674624331],[77.91432401122417,15.864975546635476],[77.9202299227625,15.881713977346633],[77.92835623630144,15.897567567567569],[77.93856390836328,15.912265057974151],[77.95067828284894,15.925554970430614],[77.96449207945224,15.937209910850166],[77.97976894028339,15.94703045997087],[77.99624747401802,15.954848585474497],[78.01364572837522,15.96053051706609],[78.03166601439922,15.963979035320785],[78.05,15.965135135135135]]]},"properties":{"zone_type":"mining","zone_label":"Mining / Quarry Area","zone_color":"#f97316","name":"Kurnool Limestone Mines (AP)","state":"Andhra Pradesh","subtype":"limestone","area_sqkm":706.86,"source":"curated_research","osm_id":""}},{"type":"Feature","geometry":{"type":"Polygon","coordinates":[[[73.7,24.44009009009009],[73.71290730063099,24.439319356880524],[73.72559375376962,24.437020344710728],[73.73784229068531,24.433232390316334],[73.7494433355155,24.428020306647248],[73.76019839116674,24.421473273900112],[73.76992343565497,24.41370331362041],[73.77845207077272,24.404843371982768],[73.78563836920851,24.39504504504505],[73.79135937140371,24.384475984897758],[73.79551718942459,24.37331703109032],[73.79804068185204,24.361759116416223],[73.798886671031,24.35],[73.79804068185204,24.33824088358378],[73.79551718942459,24.326682968909683],[73.79135937140371,24.315524015102245],[73.78563836920851,24.304954954954958],[73.77845207077272,24.295156628017235],[73.76992343565497,24.286296686379593],[73.76019839116674,24.27852672609989],[73.7494433355155,24.271979693352755],[73.73784229068531,24.26676760968367],[73.72559375376962,24.262979655289275],[73.71290730063099,24.26068064311948],[73.7,24.25990990990991],[73.68709269936902,24.26068064311948],[73.67440624623039,24.262979655289275],[73.66215770931471,24.26676760968367],[73.65055666448451,24.271979693352755],[73.63980160883327,24.27852672609989],[73.63007656434503,24.286296686379593],[73.62154792922729,24.295156628017235],[73.61436163079149,24.304954954954955],[73.60864062859629,24.315524015102245],[73.60448281057542,24.326682968909683],[73.60195931814796,24.33824088358378],[73.601113328969,24.35],[73.60195931814796,24.361759116416223],[73.60448281057542,24.37331703109032],[73.60864062859629,24.384475984897758],[73.61436163079149,24.39504504504505],[73.62154792922729,24.404843371982768],[73.63007656434503,24.41370331362041],[73.63980160883327,24.421473273900112],[73.65055666448451,24.428020306647248],[73.66215770931471,24.433232390316334],[73.67440624623039,24.437020344710728],[73.68709269936902,24.439319356880524],[73.7,24.44009009009009]]]},"properties":{"zone_type":"mining","zone_label":"Mining / Quarry Area","zone_color":"#f97316","name":"Zawar Silver-Lead Mines (Raj)","state":"Rajasthan","subtype":"silver_lead","area_sqkm":314.16,"source":"curated_research","osm_id":""}},{"type":"Feature","geometry":{"type":"Polygon","coordinates":[[[73.83,25.52207207207207],[73.84041827605228,25.52145548550442],[73.8506582925128,25.51961627576858],[73.86054483986088,25.516585912253063],[73.86990875653031,25.512416245317798],[73.87858982331069,25.50717861912009],[73.8864395047426,25.500962650896327],[73.89332349060037,25.493874697586214],[73.89912399397738,25.486036036036037],[73.90374176665264,25.477580787918203],[73.9070977972554,25.468653624872253],[73.90913466317157,25.459407293132976],[73.9098175130606,25.45],[73.90913466317157,25.440592706867022],[73.9070977972554,25.431346375127745],[73.90374176665264,25.422419212081795],[73.89912399397738,25.413963963963962],[73.89332349060037,25.406125302413784],[73.8864395047426,25.399037349103672],[73.87858982331069,25.39282138087991],[73.86990875653031,25.3875837546822],[73.86054483986088,25.383414087746935],[73.8506582925128,25.380383724231418],[73.84041827605228,25.37854451449558],[73.83,25.377927927927928],[73.81958172394772,25.37854451449558],[73.80934170748719,25.380383724231418],[73.79945516013912,25.383414087746935],[73.79009124346969,25.3875837546822],[73.7814101766893,25.39282138087991],[73.7735604952574,25.399037349103672],[73.76667650939963,25.406125302413784],[73.76087600602261,25.413963963963962],[73.75625823334735,25.422419212081795],[73.7529022027446,25.431346375127745],[73.75086533682843,25.440592706867022],[73.7501824869394,25.45],[73.75086533682843,25.459407293132976],[73.7529022027446,25.468653624872253],[73.75625823334735,25.477580787918203],[73.76087600602261,25.486036036036037],[73.76667650939963,25.493874697586214],[73.7735604952574,25.500962650896327],[73.7814101766893,25.50717861912009],[73.79009124346969,25.512416245317798],[73.79945516013912,25.516585912253063],[73.80934170748719,25.51961627576858],[73.81958172394772,25.52145548550442],[73.83,25.52207207207207]]]},"properties":{"zone_type":"mining","zone_label":"Mining / Quarry Area","zone_color":"#f97316","name":"Rajpura Dariba Mines (Raj)","state":"Rajasthan","subtype":"silver_lead","area_sqkm":201.06,"source":"curated_research","osm_id":""}},{"type":"Feature","geometry":{"type":"Polygon","coordinates":[[[74.64,26.04207207207207],[74.65046390179752,26.041455485504418],[74.66074876333415,26.03961627576858],[74.67067860777749,26.036585912253063],[74.68008353273603,26.032416245317798],[74.68880261733622,26.02717861912009],[74.69668667562314,26.020962650896326],[74.70360080917362,26.013874697586214],[74.70942671524567,26.006036036036036],[74.71406471097114,25.997580787918203],[74.7174354389573,25.988653624872253],[74.71948122511371,25.979407293132976],[74.72016706547208,25.97],[74.71948122511371,25.960592706867022],[74.7174354389573,25.951346375127745],[74.71406471097114,25.942419212081795],[74.70942671524567,25.93396396396396],[74.70360080917362,25.926125302413784],[74.69668667562314,25.91903734910367],[74.68880261733622,25.912821380879908],[74.68008353273603,25.9075837546822],[74.67067860777749,25.903414087746935],[74.66074876333415,25.900383724231418],[74.65046390179752,25.89854451449558],[74.64,25.897927927927928],[74.62953609820248,25.89854451449558],[74.61925123666585,25.900383724231418],[74.60932139222251,25.903414087746935],[74.59991646726397,25.9075837546822],[74.59119738266378,25.912821380879908],[74.58331332437686,25.91903734910367],[74.57639919082638,25.926125302413784],[74.57057328475433,25.93396396396396],[74.56593528902886,25.942419212081795],[74.5625645610427,25.951346375127745],[74.56051877488629,25.960592706867022],[74.55983293452792,25.97],[74.56051877488629,25.979407293132976],[74.5625645610427,25.988653624872253],[74.56593528902886,25.997580787918203],[74.57057328475433,26.006036036036036],[74.57639919082638,26.013874697586214],[74.58331332437686,26.020962650896326],[74.59119738266378,26.02717861912009],[74.59991646726397,26.032416245317798],[74.60932139222251,26.036585912253063],[74.61925123666585,26.03961627576858],[74.62953609820248,26.041455485504418],[74.64,26.04207207207207]]]},"properties":{"zone_type":"mining","zone_label":"Mining / Quarry Area","zone_color":"#f97316","name":"Rampur Agucha Zinc (Raj)","state":"Rajasthan","subtype":"zinc","area_sqkm":201.06,"source":"curated_research","osm_id":""}},{"type":"Feature","geometry":{"type":"Polygon","coordinates":[[[76.6,15.278108108108109],[76.61462040762679,15.277183228256629],[76.62899065602554,15.274424413652872],[76.64286486626196,15.269878868379598],[76.65600564675226,15.263624367976696],[76.66818815509893,15.255767928680134],[76.67920394520652,15.24644397634449],[76.68886453385215,15.235812046379321],[76.69700462568566,15.224054054054054],[76.70348494147895,15.211371181877308],[76.70819460123207,15.19798043730838],[76.7110530213609,15.184110939699465],[76.71201129350452,15.17],[76.7110530213609,15.155889060300535],[76.70819460123207,15.142019562691619],[76.70348494147895,15.128628818122692],[76.69700462568566,15.115945945945946],[76.68886453385215,15.104187953620679],[76.67920394520652,15.093556023655509],[76.66818815509893,15.084232071319866],[76.65600564675226,15.076375632023304],[76.64286486626196,15.070121131620402],[76.62899065602554,15.065575586347128],[76.61462040762679,15.062816771743371],[76.6,15.061891891891891],[76.5853795923732,15.062816771743371],[76.57100934397445,15.065575586347128],[76.55713513373803,15.070121131620402],[76.54399435324773,15.076375632023304],[76.53181184490106,15.084232071319866],[76.52079605479346,15.093556023655509],[76.51113546614783,15.104187953620679],[76.50299537431432,15.115945945945946],[76.49651505852104,15.128628818122692],[76.49180539876792,15.142019562691619],[76.48894697863909,15.155889060300535],[76.48798870649547,15.17],[76.48894697863909,15.184110939699465],[76.49180539876792,15.19798043730838],[76.49651505852104,15.211371181877308],[76.50299537431432,15.224054054054054],[76.51113546614783,15.235812046379321],[76.52079605479346,15.24644397634449],[76.53181184490106,15.255767928680134],[76.54399435324773,15.263624367976696],[76.55713513373803,15.269878868379598],[76.57100934397445,15.274424413652872],[76.5853795923732,15.277183228256629],[76.6,15.278108108108109]]]},"properties":{"zone_type":"mining","zone_label":"Mining / Quarry Area","zone_color":"#f97316","name":"Donimalai Iron Ore (Karnataka)","state":"Karnataka","subtype":"iron_ore","area_sqkm":452.39,"source":"curated_research","osm_id":""}},{"type":"Feature","geometry":{"type":"Polygon","coordinates":[[[76.7,15.23018018018018],[76.72435357011918,15.228638713761047],[76.74829044390154,15.224040689421454],[76.7714010548001,15.216464780632664],[76.79328997385493,15.206040613294494],[76.81358267559222,15.192946547800224],[76.83193194625906,15.17740662724082],[76.84802382474696,15.159686743965535],[76.86158297455349,15.14009009009009],[76.87237739486615,15.118951969795512],[76.8802223901606,15.096634062180636],[76.8849837303923,15.073518232832443],[76.88657994770983,15.05],[76.8849837303923,15.026481767167558],[76.8802223901606,15.003365937819366],[76.87237739486615,14.981048030204489],[76.86158297455349,14.95990990990991],[76.84802382474696,14.940313256034466],[76.83193194625906,14.92259337275918],[76.81358267559222,14.907053452199778],[76.79328997385493,14.893959386705507],[76.7714010548001,14.883535219367337],[76.74829044390154,14.875959310578548],[76.72435357011918,14.871361286238955],[76.7,14.86981981981982],[76.67564642988083,14.871361286238955],[76.65170955609847,14.875959310578548],[76.62859894519991,14.883535219367337],[76.60671002614508,14.893959386705507],[76.58641732440779,14.907053452199778],[76.56806805374094,14.92259337275918],[76.55197617525305,14.940313256034466],[76.53841702544652,14.95990990990991],[76.52762260513386,14.981048030204489],[76.51977760983941,15.003365937819366],[76.5150162696077,15.026481767167558],[76.51342005229017,15.05],[76.5150162696077,15.073518232832443],[76.51977760983941,15.096634062180636],[76.52762260513386,15.118951969795512],[76.53841702544652,15.14009009009009],[76.55197617525305,15.159686743965535],[76.56806805374094,15.17740662724082],[76.58641732440779,15.192946547800224],[76.60671002614508,15.206040613294494],[76.62859894519991,15.216464780632664],[76.65170955609847,15.224040689421454],[76.67564642988083,15.228638713761047],[76.7,15.23018018018018]]]},"properties":{"zone_type":"mining","zone_label":"Mining / Quarry Area","zone_color":"#f97316","name":"Bellary-Hospet Iron Belt (KA)","state":"Karnataka","subtype":"iron_ore","area_sqkm":1256.64,"source":"curated_research","osm_id":""}},{"type":"Feature","geometry":{"type":"Polygon","coordinates":[[[75.2,13.365135135135136],[75.21811958275227,13.363979035320785],[75.23592913441995,13.36053051706609],[75.25312392863626,13.354848585474498],[75.26940975770486,13.34703045997087],[75.28450796657513,13.337209910850166],[75.29816022070725,13.325554970430614],[75.31013292624792,13.312265057974152],[75.32022122688588,13.297567567567569],[75.32825250900018,13.281713977346634],[75.33408935512719,13.264975546635476],[75.33763189521139,13.247638674624332],[75.33881951540974,13.23],[75.33763189521139,13.212361325375669],[75.33408935512719,13.195024453364525],[75.32825250900018,13.178286022653367],[75.32022122688588,13.162432432432432],[75.31013292624792,13.14773494202585],[75.29816022070725,13.134445029569386],[75.28450796657513,13.122790089149834],[75.26940975770486,13.11296954002913],[75.25312392863626,13.105151414525503],[75.23592913441995,13.09946948293391],[75.21811958275227,13.096020964679216],[75.2,13.094864864864865],[75.18188041724774,13.096020964679216],[75.16407086558006,13.09946948293391],[75.14687607136375,13.105151414525503],[75.13059024229514,13.11296954002913],[75.11549203342487,13.122790089149834],[75.10183977929276,13.134445029569386],[75.08986707375209,13.14773494202585],[75.07977877311413,13.162432432432432],[75.07174749099983,13.178286022653367],[75.06591064487282,13.195024453364525],[75.06236810478862,13.212361325375669],[75.06118048459027,13.23],[75.06236810478862,13.247638674624332],[75.06591064487282,13.264975546635476],[75.07174749099983,13.281713977346634],[75.07977877311413,13.297567567567569],[75.08986707375209,13.312265057974152],[75.10183977929276,13.325554970430614],[75.11549203342487,13.337209910850166],[75.13059024229514,13.34703045997087],[75.14687607136375,13.354848585474498],[75.16407086558006,13.36053051706609],[75.18188041724774,13.363979035320785],[75.2,13.365135135135136]]]},"properties":{"zone_type":"mining","zone_label":"Mining / Quarry Area","zone_color":"#f97316","name":"Kudremukh Iron Ore (Karnataka)","state":"Karnataka","subtype":"iron_ore","area_sqkm":706.86,"source":"curated_research","osm_id":""}},{"type":"Feature","geometry":{"type":"Polygon","coordinates":[[[81.32,18.712162162162162],[81.34232634361793,18.710774842384943],[81.36427067730654,18.70663662047931],[81.38545752743227,18.699818302569398],[81.40552438111538,18.690436551965046],[81.42412788892578,18.678651893020202],[81.44094973968696,18.66466596451674],[81.45570210686847,18.648718069568982],[81.46813257337774,18.63108108108108],[81.4780284504864,18.61205677281596],[81.48522041699349,18.591970655962573],[81.48958541635807,18.5711664095492],[81.49104876223079,18.55],[81.48958541635807,18.5288335904508],[81.48522041699349,18.50802934403743],[81.4780284504864,18.48794322718404],[81.46813257337774,18.46891891891892],[81.45570210686847,18.45128193043102],[81.44094973968696,18.43533403548326],[81.42412788892578,18.4213481069798],[81.40552438111538,18.409563448034955],[81.38545752743227,18.400181697430604],[81.36427067730654,18.393363379520693],[81.34232634361793,18.38922515761506],[81.32,18.38783783783784],[81.29767365638206,18.38922515761506],[81.27572932269345,18.393363379520693],[81.25454247256772,18.400181697430604],[81.2344756188846,18.409563448034955],[81.2158721110742,18.4213481069798],[81.19905026031303,18.43533403548326],[81.18429789313151,18.45128193043102],[81.17186742662224,18.46891891891892],[81.16197154951358,18.48794322718404],[81.1547795830065,18.50802934403743],[81.15041458364192,18.5288335904508],[81.1489512377692,18.55],[81.15041458364192,18.5711664095492],[81.1547795830065,18.591970655962573],[81.16197154951358,18.61205677281596],[81.17186742662224,18.63108108108108],[81.18429789313151,18.648718069568982],[81.19905026031303,18.66466596451674],[81.2158721110742,18.678651893020202],[81.2344756188846,18.690436551965046],[81.25454247256772,18.699818302569398],[81.27572932269345,18.70663662047931],[81.29767365638206,18.710774842384943],[81.32,18.712162162162162]]]},"properties":{"zone_type":"mining","zone_label":"Mining / Quarry Area","zone_color":"#f97316","name":"Bailadila Iron Ore (CG)","state":"Chhattisgarh","subtype":"iron_ore","area_sqkm":1017.88,"source":"curated_research","osm_id":""}},{"type":"Feature","geometry":{"type":"Polygon","coordinates":[[[85.38,22.28018018018018],[85.40538316901261,22.278638713761048],[85.43033202496586,22.274040689421454],[85.45441968601729,22.266464780632667],[85.47723400560791,22.256040613294495],[85.49838462440424,22.242946547800223],[85.51750964945458,22.22740662724082],[85.53428184627788,22.209686743965538],[85.54841423793634,22.19009009009009],[85.55966501529048,22.168951969795515],[85.56784167442045,22.146634062180635],[85.57280431042152,22.123518232832442],[85.57446801121583,22.1],[85.57280431042152,22.07648176716756],[85.56784167442045,22.05336593781937],[85.55966501529048,22.031048030204488],[85.54841423793634,22.00990990990991],[85.53428184627788,21.990313256034465],[85.51750964945458,21.97259337275918],[85.49838462440424,21.95705345219978],[85.47723400560791,21.943959386705508],[85.45441968601729,21.933535219367336],[85.43033202496586,21.92595931057855],[85.40538316901261,21.921361286238955],[85.38,21.91981981981982],[85.35461683098738,21.921361286238955],[85.32966797503413,21.92595931057855],[85.3055803139827,21.933535219367336],[85.28276599439208,21.943959386705508],[85.26161537559575,21.95705345219978],[85.24249035054541,21.97259337275918],[85.22571815372211,21.990313256034465],[85.21158576206365,22.00990990990991],[85.20033498470951,22.03104803020449],[85.19215832557954,22.05336593781937],[85.18719568957847,22.07648176716756],[85.18553198878416,22.1],[85.18719568957847,22.123518232832442],[85.19215832557954,22.146634062180635],[85.20033498470951,22.168951969795515],[85.21158576206365,22.19009009009009],[85.22571815372211,22.209686743965538],[85.24249035054541,22.22740662724082],[85.26161537559575,22.242946547800223],[85.28276599439208,22.256040613294495],[85.3055803139827,22.266464780632667],[85.32966797503413,22.274040689421454],[85.35461683098738,22.278638713761048],[85.38,22.28018018018018]]]},"properties":{"zone_type":"mining","zone_label":"Mining / Quarry Area","zone_color":"#f97316","name":"Barbil Iron Ore Region (Odisha)","state":"Odisha","subtype":"iron_ore","area_sqkm":1256.64,"source":"curated_research","osm_id":""}},{"type":"Feature","geometry":{"type":"Polygon","coordinates":[[[85.52,22.27810810810811],[85.5352374719854,22.27718322825663],[85.5502142266005,22.274424413652874],[85.5646740074215,22.2698788683796],[85.57836940358955,22.263624367976696],[85.59106608307913,22.255767928680136],[85.60254680218397,22.246443976344494],[85.61261512261716,22.235812046379323],[85.62109877262459,22.224054054054054],[85.62785259460256,22.211371181877308],[85.63276102878447,22.19798043730838],[85.63574009050063,22.184110939699465],[85.6367388071791,22.17],[85.63574009050063,22.155889060300538],[85.63276102878447,22.142019562691623],[85.62785259460256,22.128628818122696],[85.62109877262459,22.11594594594595],[85.61261512261716,22.10418795362068],[85.60254680218397,22.09355602365551],[85.59106608307913,22.084232071319867],[85.57836940358955,22.076375632023307],[85.5646740074215,22.070121131620404],[85.5502142266005,22.06557558634713],[85.5352374719854,22.062816771743375],[85.52,22.061891891891893],[85.5047625280146,22.062816771743375],[85.48978577339949,22.06557558634713],[85.47532599257849,22.070121131620404],[85.46163059641044,22.076375632023307],[85.44893391692086,22.084232071319867],[85.43745319781603,22.09355602365551],[85.42738487738283,22.10418795362068],[85.4189012273754,22.11594594594595],[85.41214740539743,22.128628818122696],[85.40723897121552,22.142019562691623],[85.40425990949936,22.155889060300538],[85.40326119282089,22.17],[85.40425990949936,22.184110939699465],[85.40723897121552,22.19798043730838],[85.41214740539743,22.211371181877308],[85.4189012273754,22.224054054054054],[85.42738487738283,22.235812046379323],[85.43745319781603,22.246443976344494],[85.44893391692086,22.255767928680136],[85.46163059641044,22.263624367976696],[85.47532599257849,22.2698788683796],[85.48978577339949,22.274424413652874],[85.5047625280146,22.27718322825663],[85.52,22.27810810810811]]]},"properties":{"zone_type":"mining","zone_label":"Mining / Quarry Area","zone_color":"#f97316","name":"Noamundi Iron Ore (Jharkhand)","state":"Jharkhand","subtype":"iron_ore","area_sqkm":452.39,"source":"curated_research","osm_id":""}},{"type":"Feature","geometry":{"type":"Polygon","coordinates":[[[85.6,22.635135135135137],[85.61909196383687,22.633979035320785],[85.6378572588792,22.63053051706609],[85.65597480572609,22.6248485854745],[85.67313460812785,22.61703045997087],[85.68904305710782,22.607209910850166],[85.70342795469327,22.595554970430616],[85.71604317129825,22.58226505797415],[85.72667285706909,22.56756756756757],[85.73513513513512,22.551713977346633],[85.74128521357247,22.534975546635476],[85.7450178628339,22.51763867462433],[85.74626921625573,22.5],[85.7450178628339,22.48236132537567],[85.74128521357247,22.465024453364524],[85.73513513513512,22.448286022653367],[85.72667285706909,22.43243243243243],[85.71604317129825,22.41773494202585],[85.70342795469327,22.404445029569384],[85.68904305710782,22.392790089149834],[85.67313460812785,22.38296954002913],[85.65597480572609,22.3751514145255],[85.6378572588792,22.36946948293391],[85.61909196383687,22.366020964679215],[85.6,22.364864864864863],[85.58090803616312,22.366020964679215],[85.5621427411208,22.36946948293391],[85.5440251942739,22.3751514145255],[85.52686539187214,22.38296954002913],[85.51095694289216,22.392790089149834],[85.49657204530672,22.404445029569384],[85.48395682870174,22.41773494202585],[85.4733271429309,22.43243243243243],[85.46486486486486,22.448286022653367],[85.45871478642752,22.465024453364524],[85.45498213716608,22.48236132537567],[85.45373078374426,22.5],[85.45498213716608,22.51763867462433],[85.45871478642752,22.534975546635476],[85.46486486486486,22.551713977346633],[85.4733271429309,22.56756756756757],[85.48395682870174,22.58226505797415],[85.49657204530672,22.595554970430616],[85.51095694289216,22.607209910850166],[85.52686539187214,22.61703045997087],[85.5440251942739,22.6248485854745],[85.5621427411208,22.63053051706609],[85.58090803616312,22.633979035320785],[85.6,22.635135135135137]]]},"properties":{"zone_type":"mining","zone_label":"Mining / Quarry Area","zone_color":"#f97316","name":"Kolhan Iron Ore Fields (JH)","state":"Jharkhand","subtype":"iron_ore","area_sqkm":706.86,"source":"curated_research","osm_id":""}},{"type":"Feature","geometry":{"type":"Polygon","coordinates":[[[74.1,15.27027027027027],[74.13652179938514,15.267958070641571],[74.17241870065705,15.261061034132181],[74.20707649788247,15.249697170948997],[74.2399021865419,15.23406091994174],[74.27033411000139,15.214419821700334],[74.2978515696132,15.19110994086123],[74.32198373401413,15.164530115948303],[74.34231769518055,15.135135135135135],[74.35850553339928,15.103427954693268],[74.37027027027027,15.069951093270952],[74.37741060788386,15.035277349248663],[74.3798043730838,15.0],[74.37741060788386,14.964722650751337],[74.37027027027027,14.930048906729048],[74.35850553339928,14.896572045306732],[74.34231769518055,14.864864864864865],[74.32198373401413,14.835469884051697],[74.2978515696132,14.80889005913877],[74.27033411000139,14.785580178299666],[74.2399021865419,14.76593908005826],[74.20707649788247,14.750302829051003],[74.17241870065706,14.738938965867819],[74.13652179938514,14.732041929358429],[74.1,14.72972972972973],[74.06347820061485,14.732041929358429],[74.02758129934294,14.738938965867819],[73.99292350211752,14.750302829051003],[73.96009781345809,14.76593908005826],[73.9296658899986,14.785580178299666],[73.90214843038679,14.80889005913877],[73.87801626598586,14.835469884051697],[73.85768230481943,14.864864864864865],[73.84149446660071,14.896572045306733],[73.82972972972972,14.930048906729048],[73.82258939211613,14.964722650751337],[73.82019562691619,15.0],[73.82258939211613,15.035277349248663],[73.82972972972972,15.069951093270952],[73.84149446660071,15.103427954693268],[73.85768230481943,15.135135135135135],[73.87801626598586,15.164530115948303],[73.90214843038679,15.19110994086123],[73.9296658899986,15.214419821700334],[73.96009781345809,15.23406091994174],[73.99292350211752,15.249697170948997],[74.02758129934294,15.261061034132181],[74.06347820061485,15.267958070641571],[74.1,15.27027027027027]]]},"properties":{"zone_type":"mining","zone_label":"Mining / Quarry Area","zone_color":"#f97316","name":"Goa Iron Ore Mining Zone","state":"Goa","subtype":"iron_ore","area_sqkm":2827.43,"source":"curated_research","osm_id":""}},{"type":"Feature","geometry":{"type":"Polygon","coordinates":[[[80.19,24.755045045045048],[80.19647218205567,24.754659678440262],[80.20283362328193,24.753510172355366],[80.2089754776557,24.751616195158167],[80.21479265634578,24.749010153323624],[80.22018562581195,24.745736636950056],[80.22506211085145,24.741851656810205],[80.22933867345323,24.737421685991386],[80.23294214044549,24.732522522522522],[80.2358108555089,24.727237992448877],[80.23789573413339,24.72165851554516],[80.23916110346765,24.715879558208112],[80.23958531269156,24.71],[80.23916110346765,24.70412044179189],[80.23789573413339,24.698341484454843],[80.2358108555089,24.692762007551124],[80.23294214044549,24.68747747747748],[80.22933867345323,24.682578314008616],[80.22506211085145,24.678148343189797],[80.22018562581195,24.674263363049945],[80.21479265634578,24.670989846676378],[80.2089754776557,24.668383804841834],[80.20283362328193,24.666489827644636],[80.19647218205567,24.66534032155974],[80.19,24.664954954954954],[80.18352781794432,24.66534032155974],[80.17716637671806,24.666489827644636],[80.1710245223443,24.668383804841834],[80.16520734365422,24.670989846676378],[80.15981437418804,24.674263363049945],[80.15493788914854,24.678148343189797],[80.15066132654677,24.682578314008616],[80.14705785955451,24.68747747747748],[80.1441891444911,24.692762007551124],[80.1421042658666,24.698341484454843],[80.14083889653234,24.70412044179189],[80.14041468730844,24.71],[80.14083889653234,24.715879558208112],[80.1421042658666,24.72165851554516],[80.1441891444911,24.727237992448877],[80.14705785955451,24.732522522522522],[80.15066132654677,24.737421685991386],[80.15493788914854,24.741851656810205],[80.15981437418804,24.745736636950056],[80.16520734365422,24.749010153323624],[80.1710245223443,24.751616195158167],[80.17716637671806,24.753510172355366],[80.18352781794432,24.754659678440262],[80.19,24.755045045045048]]]},"properties":{"zone_type":"mining","zone_label":"Mining / Quarry Area","zone_color":"#f97316","name":"Panna Diamond Mines (MP)","state":"Madhya Pradesh","subtype":"diamond","area_sqkm":78.54,"source":"curated_research","osm_id":""}},{"type":"Feature","geometry":{"type":"Polygon","coordinates":[[[83.5,20.79009009009009],[83.51257062531661,20.789319356880522],[83.52492616374882,20.787020344710726],[83.53685520860844,20.783232390316332],[83.54815365063058,20.778020306647246],[83.55862817033972,20.77147327390011],[83.56809954579954,20.763703313620407],[83.57640571914997,20.754843371982766],[83.58340456946209,20.745045045045046],[83.58897634446659,20.734475984897756],[83.59302570954836,20.723317031090318],[83.59548337894816,20.71175911641622],[83.59630730126116,20.7],[83.59548337894816,20.688240883583777],[83.59302570954836,20.67668296890968],[83.58897634446659,20.665524015102243],[83.58340456946209,20.654954954954952],[83.57640571914997,20.645156628017233],[83.56809954579954,20.63629668637959],[83.55862817033972,20.62852672609989],[83.54815365063058,20.621979693352753],[83.53685520860844,20.616767609683667],[83.52492616374882,20.612979655289273],[83.51257062531661,20.610680643119476],[83.5,20.60990990990991],[83.48742937468339,20.610680643119476],[83.47507383625118,20.612979655289273],[83.46314479139156,20.616767609683667],[83.45184634936942,20.621979693352753],[83.44137182966028,20.62852672609989],[83.43190045420046,20.63629668637959],[83.42359428085003,20.645156628017233],[83.41659543053791,20.654954954954952],[83.41102365553341,20.665524015102243],[83.40697429045164,20.67668296890968],[83.40451662105184,20.688240883583777],[83.40369269873884,20.7],[83.40451662105184,20.71175911641622],[83.40697429045164,20.723317031090318],[83.41102365553341,20.734475984897756],[83.41659543053791,20.745045045045046],[83.42359428085003,20.754843371982766],[83.43190045420046,20.763703313620407],[83.44137182966028,20.77147327390011],[83.45184634936942,20.778020306647246],[83.46314479139156,20.783232390316332],[83.47507383625118,20.787020344710726],[83.48742937468339,20.789319356880522],[83.5,20.79009009009009]]]},"properties":{"zone_type":"mining","zone_label":"Mining / Quarry Area","zone_color":"#f97316","name":"Balangir Chromite (Odisha)","state":"Odisha","subtype":"chromite","area_sqkm":314.16,"source":"curated_research","osm_id":""}},{"type":"Feature","geometry":{"type":"Polygon","coordinates":[[[85.9,20.99009009009009],[85.91258730474907,20.98931935688052],[85.92495923722403,20.987020344710725],[85.93690411023006,20.98323239031633],[85.94821754367831,20.978020306647245],[85.9587059615858,20.97147327390011],[85.96818990421419,20.963703313620407],[85.97650709867565,20.954843371982765],[85.98351523546701,20.945045045045045],[85.98909440342472,20.934475984897755],[85.99314914143821,20.923317031090317],[85.99561007181586,20.91175911641622],[85.99643508735662,20.9],[85.99561007181586,20.888240883583777],[85.99314914143821,20.87668296890968],[85.98909440342472,20.865524015102242],[85.98351523546701,20.854954954954955],[85.97650709867565,20.845156628017232],[85.96818990421419,20.83629668637959],[85.9587059615858,20.828526726099888],[85.94821754367831,20.821979693352752],[85.93690411023006,20.816767609683666],[85.92495923722403,20.812979655289272],[85.91258730474907,20.810680643119476],[85.9,20.80990990990991],[85.88741269525094,20.810680643119476],[85.87504076277598,20.812979655289272],[85.86309588976995,20.816767609683666],[85.8517824563217,20.821979693352752],[85.8412940384142,20.828526726099888],[85.83181009578583,20.83629668637959],[85.82349290132436,20.845156628017232],[85.816484764533,20.85495495495495],[85.8109055965753,20.865524015102242],[85.8068508585618,20.87668296890968],[85.80438992818415,20.888240883583777],[85.8035649126434,20.9],[85.80438992818415,20.91175911641622],[85.8068508585618,20.923317031090317],[85.8109055965753,20.934475984897755],[85.816484764533,20.945045045045045],[85.82349290132436,20.954843371982765],[85.83181009578583,20.963703313620407],[85.8412940384142,20.97147327390011],[85.8517824563217,20.978020306647245],[85.86309588976995,20.98323239031633],[85.87504076277598,20.987020344710725],[85.88741269525094,20.98931935688052],[85.9,20.99009009009009]]]},"properties":{"zone_type":"mining","zone_label":"Mining / Quarry Area","zone_color":"#f97316","name":"Sukinda Chromite Valley (Odisha)","state":"Odisha","subtype":"chromite","area_sqkm":314.16,"source":"curated_research","osm_id":""}},{"type":"Feature","geometry":{"type":"Polygon","coordinates":[[[82.7,18.935135135135138],[82.71863274537623,18.933979035320785],[82.7369466793131,18.930530517066092],[82.75462844532336,18.9248485854745],[82.77137550348829,18.91703045997087],[82.7869013069995,18.907209910850167],[82.80094020505435,18.895554970430616],[82.8132519882148,18.882265057974152],[82.82362599845752,18.86756756756757],[82.83188473359102,18.851713977346634],[82.83788688436744,18.834975546635476],[82.84152975232286,18.81763867462433],[82.84275100697657,18.8],[82.84152975232286,18.78236132537567],[82.83788688436744,18.765024453364525],[82.83188473359102,18.748286022653367],[82.82362599845752,18.732432432432432],[82.8132519882148,18.71773494202585],[82.80094020505435,18.704445029569385],[82.7869013069995,18.692790089149835],[82.77137550348829,18.68296954002913],[82.75462844532336,18.6751514145255],[82.7369466793131,18.66946948293391],[82.71863274537623,18.666020964679216],[82.7,18.664864864864864],[82.68136725462378,18.666020964679216],[82.6630533206869,18.66946948293391],[82.64537155467664,18.6751514145255],[82.62862449651172,18.68296954002913],[82.61309869300051,18.692790089149835],[82.59905979494566,18.704445029569385],[82.5867480117852,18.71773494202585],[82.57637400154249,18.732432432432432],[82.56811526640898,18.748286022653367],[82.56211311563257,18.765024453364525],[82.55847024767715,18.78236132537567],[82.55724899302344,18.8],[82.55847024767715,18.81763867462433],[82.56211311563257,18.834975546635476],[82.56811526640898,18.851713977346634],[82.57637400154249,18.86756756756757],[82.5867480117852,18.882265057974152],[82.59905979494566,18.895554970430616],[82.61309869300051,18.907209910850167],[82.62862449651172,18.91703045997087],[82.64537155467664,18.9248485854745],[82.6630533206869,18.930530517066092],[82.68136725462378,18.933979035320785],[82.7,18.935135135135138]]]},"properties":{"zone_type":"mining","zone_label":"Mining / Quarry Area","zone_color":"#f97316","name":"Bauxite Mines Koraput (Odisha)","state":"Odisha","subtype":"bauxite","area_sqkm":706.86,"source":"curated_research","osm_id":""}},{"type":"Feature","geometry":{"type":"Polygon","coordinates":[[[79.98,14.63018018018018],[80.00428651814602,14.628638713761045],[80.02815748723305,14.624040689421452],[80.05120446836175,14.616464780632663],[80.07303312129517,14.606040613294493],[80.09326995172958,14.592946547800222],[80.11156870188553,14.57740662724082],[80.12761627507449,14.559686743965534],[80.14113809286995,14.54009009009009],[80.15190279322049,14.518951969795511],[80.15972618911857,14.496634062180634],[80.16447442009132,14.473518232832442],[80.16606624259033,14.45],[80.16447442009132,14.426481767167557],[80.15972618911857,14.403365937819364],[80.15190279322049,14.381048030204488],[80.14113809286995,14.35990990990991],[80.12761627507449,14.340313256034465],[80.11156870188553,14.32259337275918],[80.09326995172958,14.307053452199776],[80.07303312129517,14.293959386705506],[80.05120446836175,14.283535219367336],[80.02815748723305,14.275959310578546],[80.00428651814602,14.271361286238953],[79.98,14.26981981981982],[79.95571348185399,14.271361286238953],[79.93184251276696,14.275959310578546],[79.90879553163826,14.283535219367336],[79.88696687870484,14.293959386705506],[79.86673004827043,14.307053452199776],[79.84843129811448,14.32259337275918],[79.83238372492552,14.340313256034465],[79.81886190713006,14.35990990990991],[79.80809720677952,14.381048030204488],[79.80027381088144,14.403365937819364],[79.79552557990868,14.426481767167557],[79.79393375740968,14.45],[79.79552557990868,14.473518232832442],[79.80027381088144,14.496634062180634],[79.80809720677952,14.518951969795511],[79.81886190713006,14.54009009009009],[79.83238372492552,14.559686743965534],[79.84843129811448,14.57740662724082],[79.86673004827043,14.592946547800222],[79.88696687870484,14.606040613294493],[79.90879553163826,14.616464780632663],[79.93184251276696,14.624040689421452],[79.95571348185399,14.628638713761045],[79.98,14.63018018018018]]]},"properties":{"zone_type":"mining","zone_label":"Mining / Quarry Area","zone_color":"#f97316","name":"Nellore Mica Belt (AP)","state":"Andhra Pradesh","subtype":"mica","area_sqkm":1256.64,"source":"curated_research","osm_id":""}},{"type":"Feature","geometry":{"type":"Polygon","coordinates":[[[81.5,22.20810810810811],[81.51522990140757,22.20718322825663],[81.53019921497952,22.204424413652873],[81.54465181161038,22.1998788683796],[81.55834040336475,22.193624367976696],[81.57103077464254,22.185767928680136],[81.58250578967275,22.176443976344494],[81.59256910776672,22.165812046379322],[81.60104854276182,22.154054054054054],[81.60779900917429,22.141371181877307],[81.61270500465227,22.12798043730838],[81.61568258625292,22.114110939699465],[81.6166808067295,22.1],[81.61568258625292,22.085889060300538],[81.61270500465227,22.072019562691622],[81.60779900917429,22.058628818122695],[81.60104854276182,22.04594594594595],[81.59256910776672,22.03418795362068],[81.58250578967275,22.02355602365551],[81.57103077464254,22.014232071319867],[81.55834040336475,22.006375632023307],[81.54465181161038,22.000121131620404],[81.53019921497952,21.99557558634713],[81.51522990140757,21.992816771743374],[81.5,21.991891891891893],[81.48477009859243,21.992816771743374],[81.46980078502048,21.99557558634713],[81.45534818838962,22.000121131620404],[81.44165959663525,22.006375632023307],[81.42896922535746,22.014232071319867],[81.41749421032725,22.02355602365551],[81.40743089223328,22.03418795362068],[81.39895145723818,22.04594594594595],[81.39220099082571,22.058628818122695],[81.38729499534773,22.072019562691622],[81.38431741374708,22.085889060300538],[81.3833191932705,22.1],[81.38431741374708,22.114110939699465],[81.38729499534773,22.12798043730838],[81.39220099082571,22.141371181877307],[81.39895145723818,22.154054054054054],[81.40743089223328,22.165812046379322],[81.41749421032725,22.176443976344494],[81.42896922535746,22.185767928680136],[81.44165959663525,22.193624367976696],[81.45534818838962,22.1998788683796],[81.46980078502048,22.204424413652873],[81.48477009859243,22.20718322825663],[81.5,22.20810810810811]]]},"properties":{"zone_type":"mining","zone_label":"Mining / Quarry Area","zone_color":"#f97316","name":"Mandav Hills Coal (CG)","state":"Chhattisgarh","subtype":"coal","area_sqkm":452.39,"source":"curated_research","osm_id":""}},{"type":"Feature","geometry":{"type":"Polygon","coordinates":[[[83.85,23.19009009009009],[83.8627841287146,23.189319356880524],[83.87534951744246,23.187020344710728],[83.88748116889867,23.183232390316334],[83.8989715071633,23.178020306647248],[83.90962392936287,23.171473273900112],[83.91925616960017,23.16370331362041],[83.9277034175742,23.154843371982768],[83.93482113853004,23.14504504504505],[83.9404875462888,23.134475984897758],[83.94460568704265,23.12331703109032],[83.94710509826156,23.111759116416223],[83.94794301432658,23.1],[83.94710509826156,23.08824088358378],[83.94460568704265,23.076682968909683],[83.9404875462888,23.065524015102245],[83.93482113853004,23.054954954954958],[83.9277034175742,23.045156628017235],[83.91925616960017,23.036296686379593],[83.90962392936287,23.02852672609989],[83.8989715071633,23.021979693352755],[83.88748116889867,23.01676760968367],[83.87534951744246,23.012979655289275],[83.8627841287146,23.01068064311948],[83.85,23.00990990990991],[83.8372158712854,23.01068064311948],[83.82465048255753,23.012979655289275],[83.81251883110131,23.01676760968367],[83.80102849283669,23.021979693352755],[83.79037607063712,23.02852672609989],[83.78074383039981,23.036296686379593],[83.7722965824258,23.045156628017235],[83.76517886146995,23.054954954954955],[83.7595124537112,23.065524015102245],[83.75539431295734,23.076682968909683],[83.75289490173843,23.08824088358378],[83.7520569856734,23.1],[83.75289490173843,23.111759116416223],[83.75539431295734,23.12331703109032],[83.7595124537112,23.134475984897758],[83.76517886146995,23.14504504504505],[83.7722965824258,23.154843371982768],[83.78074383039981,23.16370331362041],[83.79037607063712,23.171473273900112],[83.80102849283669,23.178020306647248],[83.81251883110131,23.183232390316334],[83.82465048255753,23.187020344710728],[83.8372158712854,23.189319356880524],[83.85,23.19009009009009]]]},"properties":{"zone_type":"mining","zone_label":"Mining / Quarry Area","zone_color":"#f97316","name":"Bisrampur Coal Area (CG)","state":"Chhattisgarh","subtype":"coal","area_sqkm":314.16,"source":"curated_research","osm_id":""}},{"type":"Feature","geometry":{"type":"Polygon","coordinates":[[[95.64,27.58009009009009],[95.65325581138946,27.57931935688052],[95.66628481217083,27.577020344710725],[95.67886407252844,27.57323239031633],[95.69077835782993,27.568020306647245],[95.70182381135054,27.56147327390011],[95.71181144231812,27.553703313620407],[95.72057035959776,27.544843371982765],[95.72795069568636,27.535045045045045],[95.73382617098721,27.524475984897755],[95.73809625448897,27.513317031090317],[95.74068788387898,27.50175911641622],[95.74155671565987,27.49],[95.74068788387898,27.478240883583776],[95.73809625448897,27.46668296890968],[95.73382617098721,27.45552401510224],[95.72795069568636,27.44495495495495],[95.72057035959776,27.435156628017232],[95.71181144231812,27.42629668637959],[95.70182381135054,27.418526726099888],[95.69077835782993,27.41197969335275],[95.67886407252844,27.406767609683666],[95.66628481217083,27.402979655289272],[95.65325581138946,27.400680643119475],[95.64,27.39990990990991],[95.62674418861054,27.400680643119475],[95.61371518782917,27.402979655289272],[95.60113592747156,27.406767609683666],[95.58922164217007,27.41197969335275],[95.57817618864946,27.418526726099888],[95.56818855768188,27.42629668637959],[95.55942964040224,27.435156628017232],[95.55204930431364,27.44495495495495],[95.54617382901279,27.45552401510224],[95.54190374551104,27.46668296890968],[95.53931211612102,27.478240883583776],[95.53844328434013,27.49],[95.53931211612102,27.50175911641622],[95.54190374551104,27.513317031090317],[95.54617382901279,27.524475984897755],[95.55204930431364,27.535045045045045],[95.55942964040224,27.544843371982765],[95.56818855768188,27.553703313620407],[95.57817618864946,27.56147327390011],[95.58922164217007,27.568020306647245],[95.60113592747156,27.57323239031633],[95.61371518782917,27.577020344710725],[95.62674418861054,27.57931935688052],[95.64,27.58009009009009]]]},"properties":{"zone_type":"mining","zone_label":"Mining / Quarry Area","zone_color":"#f97316","name":"Makum Coalfield (Assam)","state":"Assam","subtype":"coal","area_sqkm":314.16,"source":"curated_research","osm_id":""}},{"type":"Feature","geometry":{"type":"Polygon","coordinates":[[[86.2,22.872072072072072],[86.21020465252003,22.87145548550442],[86.22023470060617,22.869616275768582],[86.22991852735483,22.866585912253065],[86.23909043980545,22.8624162453178],[86.2475935039931,22.85717861912009],[86.25528223013201,22.850962650896328],[86.26202506198622,22.843874697586216],[86.26770662783326,22.836036036036038],[86.27222971450625,22.827580787918205],[86.27551693073818,22.818653624872255],[86.27751203134792,22.809407293132978],[86.27818087961091,22.8],[86.27751203134792,22.790592706867024],[86.27551693073818,22.781346375127747],[86.27222971450625,22.772419212081797],[86.26770662783326,22.763963963963963],[86.26202506198622,22.756125302413786],[86.25528223013201,22.749037349103673],[86.2475935039931,22.74282138087991],[86.23909043980545,22.737583754682202],[86.22991852735483,22.733414087746937],[86.22023470060617,22.73038372423142],[86.21020465252003,22.72854451449558],[86.2,22.72792792792793],[86.18979534747997,22.72854451449558],[86.17976529939384,22.73038372423142],[86.17008147264518,22.733414087746937],[86.16090956019455,22.737583754682202],[86.1524064960069,22.74282138087991],[86.144717769868,22.749037349103673],[86.13797493801378,22.756125302413786],[86.13229337216674,22.763963963963963],[86.12777028549375,22.772419212081797],[86.12448306926183,22.781346375127747],[86.12248796865208,22.790592706867024],[86.12181912038909,22.8],[86.12248796865208,22.809407293132978],[86.12448306926183,22.818653624872255],[86.12777028549375,22.827580787918205],[86.13229337216674,22.836036036036038],[86.13797493801378,22.843874697586216],[86.144717769868,22.850962650896328],[86.1524064960069,22.85717861912009],[86.16090956019455,22.8624162453178],[86.17008147264518,22.866585912253065],[86.17976529939384,22.869616275768582],[86.18979534747997,22.87145548550442],[86.2,22.872072072072072]]]},"properties":{"zone_type":"mining","zone_label":"Mining / Quarry Area","zone_color":"#f97316","name":"Subarnarekha Uranium (Jharkhand)","state":"Jharkhand","subtype":"uranium","area_sqkm":201.06,"source":"curated_research","osm_id":""}},{"type":"Feature","geometry":{"type":"Polygon","coordinates":[[[75.78,28.08810810810811],[75.79597866299873,28.087183228256627],[75.81168392664344,28.084424413652872],[75.82684706951882,28.0798788683796],[75.84120864604628,28.073624367976695],[75.85452292566964,28.065767928680135],[75.86656209737315,28.056443976344493],[75.87712016759104,28.04581204637932],[75.88601648481466,28.034054054054053],[75.89309883058978,28.021371181877306],[75.89824602401659,28.00798043730838],[75.90136999518847,27.994110939699464],[75.90241729209257,27.98],[75.90136999518847,27.965889060300537],[75.89824602401659,27.95201956269162],[75.89309883058978,27.938628818122694],[75.88601648481466,27.925945945945948],[75.87712016759104,27.91418795362068],[75.86656209737315,27.903556023655508],[75.85452292566964,27.894232071319866],[75.84120864604628,27.886375632023306],[75.82684706951882,27.880121131620403],[75.81168392664344,27.87557558634713],[75.79597866299873,27.872816771743373],[75.78,27.87189189189189],[75.76402133700127,27.872816771743373],[75.74831607335656,27.87557558634713],[75.73315293048118,27.880121131620403],[75.71879135395372,27.886375632023306],[75.70547707433036,27.894232071319866],[75.69343790262685,27.903556023655508],[75.68287983240896,27.91418795362068],[75.67398351518534,27.925945945945948],[75.66690116941022,27.938628818122694],[75.66175397598342,27.95201956269162],[75.65863000481153,27.965889060300537],[75.65758270790744,27.98],[75.65863000481153,27.994110939699464],[75.66175397598342,28.00798043730838],[75.66690116941022,28.021371181877306],[75.67398351518534,28.034054054054053],[75.68287983240896,28.04581204637932],[75.69343790262685,28.056443976344493],[75.70547707433036,28.065767928680135],[75.71879135395372,28.073624367976695],[75.73315293048118,28.0798788683796],[75.74831607335656,28.084424413652872],[75.76402133700127,28.087183228256627],[75.78,28.08810810810811]]]},"properties":{"zone_type":"mining","zone_label":"Mining / Quarry Area","zone_color":"#f97316","name":"Khetri Copper Belt (Rajasthan)","state":"Rajasthan","subtype":"copper","area_sqkm":452.39,"source":"curated_research","osm_id":""}},{"type":"Feature","geometry":{"type":"Polygon","coordinates":[[[86.45,22.66207207207207],[86.46018902271861,22.66145548550442],[86.47020370843357,22.65961627576858],[86.47987270309571,22.656585912253064],[86.4890305675256,22.6524162453178],[86.49752060812382,22.64717861912009],[86.50519755794183,22.640962650896327],[86.5119300622398,22.633874697586215],[86.5176029260026,22.626036036036037],[86.5221190849584,22.617580787918204],[86.5254012663754,22.608653624872254],[86.52739331121953,22.599407293132977],[86.5280611350512,22.59],[86.52739331121953,22.580592706867023],[86.5254012663754,22.571346375127746],[86.5221190849584,22.562419212081796],[86.5176029260026,22.553963963963962],[86.5119300622398,22.546125302413785],[86.50519755794183,22.539037349103673],[86.49752060812382,22.53282138087991],[86.4890305675256,22.5275837546822],[86.47987270309571,22.523414087746936],[86.47020370843357,22.52038372423142],[86.46018902271861,22.51854451449558],[86.45,22.51792792792793],[86.4398109772814,22.51854451449558],[86.42979629156643,22.52038372423142],[86.4201272969043,22.523414087746936],[86.4109694324744,22.5275837546822],[86.40247939187618,22.53282138087991],[86.39480244205818,22.539037349103673],[86.3880699377602,22.546125302413785],[86.38239707399741,22.553963963963962],[86.3778809150416,22.562419212081796],[86.37459873362461,22.571346375127746],[86.37260668878048,22.580592706867023],[86.3719388649488,22.59],[86.37260668878048,22.599407293132977],[86.37459873362461,22.608653624872254],[86.3778809150416,22.617580787918204],[86.38239707399741,22.626036036036037],[86.3880699377602,22.633874697586215],[86.39480244205818,22.640962650896327],[86.40247939187618,22.64717861912009],[86.4109694324744,22.6524162453178],[86.4201272969043,22.656585912253064],[86.42979629156643,22.65961627576858],[86.4398109772814,22.66145548550442],[86.45,22.66207207207207]]]},"properties":{"zone_type":"mining","zone_label":"Mining / Quarry Area","zone_color":"#f97316","name":"Ghatsila Copper Mines (JH)","state":"Jharkhand","subtype":"copper","area_sqkm":201.06,"source":"curated_research","osm_id":""}},{"type":"Feature","geometry":{"type":"Polygon","coordinates":[[[74.63,24.67009009009009],[74.64293089664457,24.66931935688052],[74.65564054206244,24.667020344710725],[74.66791147069671,24.66323239031633],[74.67953372355633,24.658020306647245],[74.69030844067254,24.65147327390011],[74.70005126364819,24.643703313620406],[74.70859549008095,24.634843371982765],[74.71579492588764,24.625045045045045],[74.72152638672553,24.614475984897755],[74.72569180571064,24.603317031090317],[74.72821991136927,24.59175911641622],[74.72906744711266,24.58],[74.72821991136927,24.568240883583776],[74.72569180571064,24.55668296890968],[74.72152638672553,24.54552401510224],[74.71579492588764,24.534954954954955],[74.70859549008095,24.525156628017232],[74.70005126364819,24.51629668637959],[74.69030844067254,24.508526726099888],[74.67953372355633,24.50197969335275],[74.66791147069671,24.496767609683666],[74.65564054206244,24.492979655289272],[74.64293089664457,24.490680643119475],[74.63,24.48990990990991],[74.61706910335542,24.490680643119475],[74.60435945793755,24.492979655289272],[74.59208852930328,24.496767609683666],[74.58046627644366,24.50197969335275],[74.56969155932745,24.508526726099888],[74.5599487363518,24.51629668637959],[74.55140450991904,24.525156628017232],[74.54420507411236,24.53495495495495],[74.53847361327446,24.54552401510224],[74.53430819428935,24.55668296890968],[74.53178008863073,24.568240883583776],[74.53093255288734,24.58],[74.53178008863073,24.59175911641622],[74.53430819428935,24.603317031090317],[74.53847361327446,24.614475984897755],[74.54420507411236,24.625045045045045],[74.55140450991904,24.634843371982765],[74.5599487363518,24.643703313620406],[74.56969155932745,24.65147327390011],[74.58046627644366,24.658020306647245],[74.59208852930328,24.66323239031633],[74.60435945793755,24.667020344710725],[74.61706910335542,24.66931935688052],[74.63,24.67009009009009]]]},"properties":{"zone_type":"mining","zone_label":"Mining / Quarry Area","zone_color":"#f97316","name":"Berach River Marble Mines (Raj)","state":"Rajasthan","subtype":"marble","area_sqkm":314.16,"source":"curated_research","osm_id":""}},{"type":"Feature","geometry":{"type":"Polygon","coordinates":[[[84.5,21.815315315315317],[84.54423487783667,21.81261774908183],[84.58771288464932,21.804571206487545],[84.62969009968702,21.79131336610716],[84.66944828116219,21.773071073265363],[84.70630715556673,21.75015645865039],[84.73963605734038,21.722961597671436],[84.76886471973326,21.691951801939688],[84.79349303222813,21.65765765765766],[84.81309959756993,21.620665947142147],[84.8273489419897,21.58160960881611],[84.83599725525376,21.541156907456774],[84.83889656232438,21.5],[84.83599725525376,21.458843092543226],[84.8273489419897,21.41839039118389],[84.81309959756993,21.379334052857853],[84.79349303222813,21.34234234234234],[84.76886471973326,21.308048198060312],[84.73963605734038,21.277038402328564],[84.70630715556673,21.24984354134961],[84.66944828116219,21.226928926734637],[84.62969009968702,21.20868663389284],[84.58771288464932,21.195428793512455],[84.54423487783667,21.18738225091817],[84.5,21.184684684684683],[84.45576512216333,21.18738225091817],[84.41228711535068,21.195428793512455],[84.37030990031298,21.20868663389284],[84.33055171883781,21.226928926734637],[84.29369284443327,21.24984354134961],[84.26036394265962,21.277038402328564],[84.23113528026674,21.308048198060312],[84.20650696777187,21.34234234234234],[84.18690040243007,21.379334052857853],[84.1726510580103,21.41839039118389],[84.16400274474624,21.458843092543226],[84.16110343767562,21.5],[84.16400274474624,21.541156907456774],[84.1726510580103,21.58160960881611],[84.18690040243007,21.620665947142147],[84.20650696777187,21.65765765765766],[84.23113528026674,21.691951801939688],[84.26036394265962,21.722961597671432],[84.29369284443327,21.75015645865039],[84.33055171883781,21.773071073265363],[84.37030990031298,21.79131336610716],[84.41228711535068,21.804571206487545],[84.45576512216333,21.81261774908183],[84.5,21.815315315315317]]]},"properties":{"zone_type":"mining","zone_label":"Mining / Quarry Area","zone_color":"#f97316","name":"Mahanadi Coalfields (Odisha)","state":"Odisha","subtype":"coal","area_sqkm":3848.45,"source":"curated_research","osm_id":""}},{"type":"Feature","geometry":{"type":"Polygon","coordinates":[[[82.8,24.09009009009009],[82.81287195543237,24.089319356880523],[82.82552366813852,24.087020344710727],[82.8377386638063,24.083232390316333],[82.84930794047324,24.078020306647247],[82.86003354460793,24.07147327390011],[82.86973195814994,24.063703313620408],[82.87823723855466,24.054843371982766],[82.88540385811623,24.045045045045047],[82.89110919398703,24.034475984897757],[82.89525562628846,24.02331703109032],[82.89777220841425,24.011759116416222],[82.8986158809465,24.0],[82.89777220841425,23.988240883583778],[82.89525562628846,23.97668296890968],[82.89110919398703,23.965524015102243],[82.88540385811623,23.954954954954957],[82.87823723855466,23.945156628017234],[82.86973195814994,23.936296686379592],[82.86003354460793,23.92852672609989],[82.84930794047324,23.921979693352753],[82.8377386638063,23.916767609683667],[82.82552366813852,23.912979655289273],[82.81287195543237,23.910680643119477],[82.8,23.90990990990991],[82.78712804456762,23.910680643119477],[82.77447633186148,23.912979655289273],[82.76226133619369,23.916767609683667],[82.75069205952676,23.921979693352753],[82.73996645539206,23.92852672609989],[82.73026804185005,23.936296686379592],[82.72176276144533,23.945156628017234],[82.71459614188376,23.954954954954953],[82.70889080601296,23.965524015102243],[82.70474437371153,23.97668296890968],[82.70222779158574,23.988240883583778],[82.7013841190535,24.0],[82.70222779158574,24.011759116416222],[82.70474437371153,24.02331703109032],[82.70889080601296,24.034475984897757],[82.71459614188376,24.045045045045047],[82.72176276144533,24.054843371982766],[82.73026804185005,24.063703313620408],[82.73996645539206,24.07147327390011],[82.75069205952676,24.078020306647247],[82.76226133619369,24.083232390316333],[82.77447633186148,24.087020344710727],[82.78712804456762,24.089319356880523],[82.8,24.09009009009009]]]},"properties":{"zone_type":"mining","zone_label":"Mining / Quarry Area","zone_color":"#f97316","name":"Sasan Ultra Mega Coal (MP)","state":"Madhya Pradesh","subtype":"coal","area_sqkm":314.16,"source":"curated_research","osm_id":""}}]}