{"type":"FeatureCollection","name":"India National Park / Wildlife Sanctuary","crs":{"type":"name","properties":{"name":"EPSG:4326"}},"features":[{"type":"Feature","geometry":{"type":"Polygon","coordinates":[[[78.77,29.755225225225228],[78.79537178455178,29.75414070420545],[78.82049922494869,29.750897585676405],[78.84514033020366,29.74552710264239],[78.8690577930029,29.738080975790833],[78.89202127510501,29.728630915393776],[78.91380962562425,29.71726793069877],[78.93421301083438,29.704101453460076],[78.95303493498223,29.689258284051025],[78.97009413264912,29.672881370307127],[78.98522631443602,29.655128430860273],[78.99828574916023,29.636170436222073],[79.00914666732633,29.61618996224439],[79.01770447235523,29.59537943181407],[79.0238767479063,29.573939261715346],[79.0276040515919,29.55207593250666],[79.02885048743995,29.53],[79.0276040515919,29.50792406749334],[79.0238767479063,29.486060738284657],[79.01770447235523,29.464620568185932],[79.00914666732633,29.44381003775561],[78.99828574916023,29.42382956377793],[78.98522631443602,29.40487156913973],[78.97009413264912,29.387118629692875],[78.95303493498223,29.370741715948977],[78.93421301083438,29.355898546539926],[78.91380962562425,29.34273206930123],[78.89202127510501,29.331369084606226],[78.8690577930029,29.32191902420917],[78.84514033020366,29.31447289735761],[78.82049922494869,29.309102414323597],[78.79537178455178,29.30585929579455],[78.77,29.304774774774774],[78.74462821544822,29.30585929579455],[78.7195007750513,29.309102414323597],[78.69485966979633,29.31447289735761],[78.6709422069971,29.32191902420917],[78.64797872489498,29.331369084606226],[78.62619037437574,29.34273206930123],[78.60578698916561,29.355898546539926],[78.58696506501776,29.370741715948977],[78.56990586735087,29.387118629692875],[78.55477368556397,29.40487156913973],[78.54171425083976,29.42382956377793],[78.53085333267366,29.44381003775561],[78.52229552764476,29.464620568185932],[78.51612325209369,29.486060738284657],[78.5123959484081,29.50792406749334],[78.51114951256004,29.53],[78.5123959484081,29.552075932506657],[78.51612325209369,29.573939261715346],[78.52229552764476,29.59537943181407],[78.53085333267366,29.61618996224439],[78.54171425083976,29.636170436222073],[78.55477368556397,29.655128430860273],[78.56990586735087,29.672881370307127],[78.58696506501776,29.689258284051025],[78.60578698916561,29.704101453460076],[78.62619037437574,29.71726793069877],[78.64797872489498,29.728630915393776],[78.6709422069971,29.738080975790833],[78.69485966979633,29.74552710264239],[78.7195007750513,29.750897585676405],[78.74462821544822,29.75414070420545],[78.77,29.755225225225228]]]},"properties":{"zone_type":"parks","zone_label":"National Park / Wildlife Sanctuary","zone_color":"#10b981","name":"Corbett NP (Uttarakhand)","state":"Uttarakhand","subtype":"national_park","area_sqkm":1963.5,"source":"curated_research","osm_id":""}},{"type":"Feature","geometry":{"type":"Polygon","coordinates":[[[93.37,26.967387387387387],[93.41245796596425,26.96552201123337],[93.45450703850636,26.959943847363412],[93.49574226207142,26.95070661654491],[93.53576651891501,26.937899278360227],[93.57419435356427,26.921645174477288],[93.6106556849647,26.902100840801886],[93.64479937056315,26.87945449995133],[93.67629658800246,26.85392424856776],[93.70484400186055,26.82575595692826],[93.73016668493638,26.795220901079663],[93.75202076594913,26.762613150301963],[93.770195778152,26.72824673506035],[93.784516686242,26.692452622720197],[93.79484557204562,26.65557553015039],[93.80108296274622,26.61797060391145],[93.80316878886167,26.58],[93.80108296274622,26.542029396088548],[93.79484557204562,26.504424469849607],[93.784516686242,26.4675473772798],[93.770195778152,26.431753264939648],[93.75202076594913,26.397386849698034],[93.73016668493638,26.364779098920334],[93.70484400186055,26.334244043071738],[93.67629658800246,26.306075751432235],[93.64479937056315,26.280545500048667],[93.6106556849647,26.25789915919811],[93.57419435356427,26.23835482552271],[93.53576651891501,26.22210072163977],[93.49574226207142,26.209293383455087],[93.45450703850636,26.200056152636584],[93.41245796596425,26.194477988766625],[93.37,26.19261261261261],[93.32754203403576,26.194477988766625],[93.28549296149365,26.200056152636584],[93.24425773792859,26.209293383455087],[93.204233481085,26.22210072163977],[93.16580564643574,26.23835482552271],[93.12934431503531,26.25789915919811],[93.09520062943686,26.280545500048667],[93.06370341199755,26.306075751432235],[93.03515599813946,26.334244043071738],[93.00983331506363,26.364779098920334],[92.98797923405088,26.397386849698034],[92.96980422184801,26.431753264939648],[92.95548331375801,26.4675473772798],[92.94515442795439,26.504424469849607],[92.93891703725379,26.542029396088548],[92.93683121113834,26.58],[92.93891703725379,26.61797060391145],[92.94515442795439,26.65557553015039],[92.95548331375801,26.692452622720197],[92.96980422184801,26.72824673506035],[92.98797923405088,26.762613150301963],[93.00983331506363,26.795220901079663],[93.03515599813946,26.82575595692826],[93.06370341199755,26.85392424856776],[93.09520062943686,26.87945449995133],[93.12934431503531,26.902100840801886],[93.16580564643574,26.921645174477288],[93.204233481085,26.937899278360227],[93.24425773792859,26.95070661654491],[93.28549296149365,26.959943847363412],[93.32754203403576,26.96552201123337],[93.37,26.967387387387387]]]},"properties":{"zone_type":"parks","zone_label":"National Park / Wildlife Sanctuary","zone_color":"#10b981","name":"Kaziranga NP (Assam)","state":"Assam","subtype":"national_park","area_sqkm":5808.8,"source":"curated_research","osm_id":""}},{"type":"Feature","geometry":{"type":"Polygon","coordinates":[[[80.97,23.872162162162162],[80.98735998567562,23.871381307027924],[81.00455278519925,23.86904626168701],[81.02141282251293,23.865179513902522],[81.03777772624072,23.859818302569398],[81.05348989341373,23.85301425908352],[81.06839800727293,23.844832910103115],[81.0823584945323,23.835353046491257],[81.0952369080679,23.82466596451674],[81.10690922171736,23.81287458662113],[81.11726302471948,23.800092470219397],[81.1261986042914,23.786442714079893],[81.13362990591715,23.77205677281596],[81.1394853620997,23.75707319090613],[81.14370858159512,23.741636268435048],[81.14625889249102,23.725894671404795],[81.1471117338993,23.71],[81.14625889249102,23.694105328595207],[81.14370858159512,23.678363731564954],[81.1394853620997,23.66292680909387],[81.13362990591715,23.64794322718404],[81.1261986042914,23.63355728592011],[81.11726302471948,23.619907529780605],[81.10690922171736,23.60712541337887],[81.0952369080679,23.595334035483262],[81.0823584945323,23.584646953508745],[81.06839800727293,23.575167089896887],[81.05348989341373,23.566985740916483],[81.03777772624072,23.560181697430604],[81.02141282251293,23.55482048609748],[81.00455278519925,23.55095373831299],[80.98735998567562,23.548618692972077],[80.97,23.54783783783784],[80.95264001432437,23.548618692972077],[80.93544721480075,23.55095373831299],[80.91858717748707,23.55482048609748],[80.90222227375928,23.560181697430604],[80.88651010658627,23.566985740916483],[80.87160199272707,23.575167089896887],[80.8576415054677,23.584646953508745],[80.8447630919321,23.595334035483262],[80.83309077828264,23.60712541337887],[80.82273697528052,23.619907529780605],[80.8138013957086,23.63355728592011],[80.80637009408285,23.64794322718404],[80.80051463790029,23.66292680909387],[80.79629141840488,23.678363731564954],[80.79374110750898,23.694105328595207],[80.7928882661007,23.71],[80.79374110750898,23.725894671404795],[80.79629141840488,23.741636268435048],[80.80051463790029,23.75707319090613],[80.80637009408285,23.77205677281596],[80.8138013957086,23.786442714079893],[80.82273697528052,23.800092470219397],[80.83309077828264,23.81287458662113],[80.8447630919321,23.82466596451674],[80.8576415054677,23.835353046491257],[80.87160199272707,23.844832910103115],[80.88651010658627,23.85301425908352],[80.90222227375928,23.859818302569398],[80.91858717748707,23.865179513902522],[80.93544721480075,23.86904626168701],[80.95264001432437,23.871381307027924],[80.97,23.872162162162162]]]},"properties":{"zone_type":"parks","zone_label":"National Park / Wildlife Sanctuary","zone_color":"#10b981","name":"Bandhavgarh NP (MP)","state":"Madhya Pradesh","subtype":"national_park","area_sqkm":1017.88,"source":"curated_research","osm_id":""}},{"type":"Feature","geometry":{"type":"Polygon","coordinates":[[[80.61,22.585315315315317],[80.64339748127026,22.58379698588763],[80.67647332653895,22.579256619946964],[80.70890899733506,22.571737943699343],[80.74039212041768,22.56131336610716],[80.77061949610109,22.548083281551282],[80.7993000182335,22.53217510297828],[80.8261574777084,22.513742034844107],[80.85093322250928,22.492961597671435],[80.87338864866989,22.470033918429976],[80.89330749816094,22.44517980320438],[80.91049794157306,22.4186386107109],[80.92479442553895,22.390665947142146],[80.93605926710275,22.361531204539695],[80.94418397968224,22.331514966401482],[80.94909031785383,22.300906305509322],[80.95073103089888,22.27],[80.94909031785383,22.239093694490677],[80.94418397968224,22.208485033598517],[80.93605926710275,22.178468795460304],[80.92479442553895,22.149334052857853],[80.91049794157306,22.1213613892891],[80.89330749816094,22.09482019679562],[80.87338864866989,22.069966081570023],[80.85093322250928,22.047038402328564],[80.8261574777084,22.026257965155892],[80.7993000182335,22.00782489702172],[80.77061949610109,21.991916718448717],[80.74039212041768,21.97868663389284],[80.70890899733506,21.968262056300656],[80.67647332653895,21.960743380053035],[80.64339748127026,21.95620301411237],[80.61,21.954684684684683],[80.57660251872974,21.95620301411237],[80.54352667346105,21.960743380053035],[80.51109100266494,21.968262056300656],[80.47960787958232,21.97868663389284],[80.44938050389891,21.991916718448717],[80.4206999817665,22.00782489702172],[80.39384252229159,22.026257965155892],[80.36906677749072,22.047038402328564],[80.34661135133011,22.069966081570023],[80.32669250183906,22.09482019679562],[80.30950205842694,22.1213613892891],[80.29520557446105,22.149334052857853],[80.28394073289725,22.178468795460304],[80.27581602031776,22.208485033598517],[80.27090968214617,22.239093694490677],[80.26926896910112,22.27],[80.27090968214617,22.30090630550932],[80.27581602031776,22.331514966401482],[80.28394073289725,22.361531204539695],[80.29520557446105,22.390665947142146],[80.30950205842694,22.4186386107109],[80.32669250183906,22.44517980320438],[80.34661135133011,22.470033918429976],[80.36906677749072,22.49296159767143],[80.39384252229159,22.513742034844107],[80.4206999817665,22.53217510297828],[80.44938050389891,22.548083281551282],[80.47960787958232,22.56131336610716],[80.51109100266494,22.571737943699343],[80.54352667346105,22.579256619946964],[80.57660251872974,22.58379698588763],[80.61,22.585315315315317]]]},"properties":{"zone_type":"parks","zone_label":"National Park / Wildlife Sanctuary","zone_color":"#10b981","name":"Kanha NP (MP)","state":"Madhya Pradesh","subtype":"national_park","area_sqkm":3848.45,"source":"curated_research","osm_id":""}},{"type":"Feature","geometry":{"type":"Polygon","coordinates":[[[79.29,21.98324324324324],[79.31566763805951,21.982071960541884],[79.34108808273315,21.978569392530513],[79.36601652124249,21.972769270853778],[79.39021287909739,21.964727453854096],[79.41344413214466,21.954521388625274],[79.43548655071794,21.942249365154673],[79.45612785427677,21.928029569736882],[79.47516925578421,21.911998946775103],[79.49242737613461,21.894311879931696],[79.50773601019479,21.875138705329093],[79.52094772745018,21.854664071119835],[79.53193529184136,21.833085159223938],[79.54059288711682,21.81060978635919],[79.54683713590134,21.78745440265257],[79.55060790266566,21.76384200710719],[79.55186887286455,21.74],[79.55060790266566,21.716157992892807],[79.54683713590134,21.692545597347426],[79.54059288711682,21.669390213640806],[79.53193529184136,21.64691484077606],[79.52094772745018,21.625335928880162],[79.50773601019479,21.604861294670904],[79.49242737613461,21.5856881200683],[79.47516925578421,21.568001053224894],[79.45612785427677,21.551970430263115],[79.43548655071794,21.537750634845324],[79.41344413214466,21.525478611374723],[79.39021287909739,21.5152725461459],[79.36601652124249,21.50723072914622],[79.34108808273315,21.501430607469484],[79.31566763805951,21.497928039458113],[79.29,21.496756756756756],[79.2643323619405,21.497928039458113],[79.23891191726686,21.501430607469484],[79.21398347875753,21.50723072914622],[79.18978712090262,21.5152725461459],[79.16655586785535,21.525478611374723],[79.14451344928207,21.537750634845324],[79.12387214572324,21.551970430263115],[79.1048307442158,21.568001053224894],[79.0875726238654,21.5856881200683],[79.07226398980522,21.604861294670908],[79.05905227254983,21.625335928880162],[79.04806470815865,21.64691484077606],[79.0394071128832,21.669390213640806],[79.03316286409867,21.692545597347426],[79.02939209733435,21.716157992892807],[79.02813112713547,21.74],[79.02939209733435,21.76384200710719],[79.03316286409867,21.78745440265257],[79.0394071128832,21.81060978635919],[79.04806470815865,21.833085159223938],[79.05905227254983,21.854664071119835],[79.07226398980522,21.87513870532909],[79.0875726238654,21.894311879931696],[79.1048307442158,21.911998946775103],[79.12387214572324,21.928029569736882],[79.14451344928207,21.942249365154673],[79.16655586785535,21.954521388625274],[79.18978712090262,21.964727453854096],[79.21398347875753,21.972769270853778],[79.23891191726686,21.978569392530513],[79.2643323619405,21.982071960541884],[79.29,21.98324324324324]]]},"properties":{"zone_type":"parks","zone_label":"National Park / Wildlife Sanctuary","zone_color":"#10b981","name":"Pench NP (MP-Maharashtra)","state":"Madhya Pradesh","subtype":"national_park","area_sqkm":2290.22,"source":"curated_research","osm_id":""}},{"type":"Feature","geometry":{"type":"Polygon","coordinates":[[[76.5,26.23522522522523],[76.52456381672343,26.23414070420545],[76.54889107046388,26.230897585676406],[76.57274747646917,26.225527102642392],[76.59590328450825,26.218080975790834],[76.61813549149146,26.208630915393776],[76.63922998911217,26.19726793069877],[76.65898362582686,26.184101453460077],[76.67720616331556,26.169258284051025],[76.6937221085808,26.152881370307128],[76.70837240404111,26.135128430860274],[76.72101595934258,26.116170436222074],[76.73153101013595,26.09618996224439],[76.739816290734,26.07537943181407],[76.74579200935536,26.053939261715346],[76.74940061656304,26.03207593250666],[76.75060735949697,26.01],[76.74940061656304,25.987924067493342],[76.74579200935536,25.966060738284657],[76.739816290734,25.944620568185933],[76.73153101013595,25.92381003775561],[76.72101595934258,25.90382956377793],[76.70837240404111,25.88487156913973],[76.6937221085808,25.867118629692875],[76.67720616331556,25.850741715948978],[76.65898362582686,25.835898546539926],[76.63922998911217,25.82273206930123],[76.61813549149146,25.811369084606227],[76.59590328450825,25.80191902420917],[76.57274747646917,25.79447289735761],[76.54889107046388,25.789102414323597],[76.52456381672343,25.785859295794552],[76.5,25.784774774774775],[76.47543618327657,25.785859295794552],[76.45110892953612,25.789102414323597],[76.42725252353083,25.79447289735761],[76.40409671549175,25.80191902420917],[76.38186450850854,25.811369084606227],[76.36077001088783,25.82273206930123],[76.34101637417314,25.835898546539926],[76.32279383668444,25.850741715948978],[76.3062778914192,25.867118629692875],[76.29162759595889,25.88487156913973],[76.27898404065742,25.90382956377793],[76.26846898986405,25.92381003775561],[76.260183709266,25.944620568185933],[76.25420799064464,25.966060738284657],[76.25059938343696,25.987924067493342],[76.24939264050303,26.01],[76.25059938343696,26.032075932506658],[76.25420799064464,26.053939261715346],[76.260183709266,26.07537943181407],[76.26846898986405,26.09618996224439],[76.27898404065742,26.116170436222074],[76.29162759595889,26.135128430860274],[76.3062778914192,26.152881370307128],[76.32279383668444,26.169258284051025],[76.34101637417314,26.184101453460077],[76.36077001088783,26.19726793069877],[76.38186450850854,26.208630915393776],[76.40409671549175,26.218080975790834],[76.42725252353083,26.225527102642392],[76.45110892953612,26.230897585676406],[76.47543618327657,26.23414070420545],[76.5,26.23522522522523]]]},"properties":{"zone_type":"parks","zone_label":"National Park / Wildlife Sanctuary","zone_color":"#10b981","name":"Ranthambore NP (Rajasthan)","state":"Rajasthan","subtype":"national_park","area_sqkm":1963.5,"source":"curated_research","osm_id":""}},{"type":"Feature","geometry":{"type":"Polygon","coordinates":[[[76.38,27.57324324324324],[76.40683771429619,27.572071960541884],[76.43341696673272,27.568569392530513],[76.45948178457893,27.562769270853778],[76.48478114939049,27.554727453854095],[76.50907141445421,27.544521388625274],[76.53211865123912,27.532249365154673],[76.5537009022561,27.518029569736882],[76.57361031862976,27.501998946775103],[76.59165516179687,27.484311879931695],[76.60766165005337,27.46513870532909],[76.62147563216736,27.444664071119835],[76.63296407193957,27.423085159223938],[76.64201632941476,27.40060978635919],[76.648545226405,27.37745440265257],[76.6524878860632,27.35384200710719],[76.65380633842159,27.33],[76.6524878860632,27.306157992892807],[76.648545226405,27.282545597347426],[76.64201632941476,27.259390213640806],[76.63296407193957,27.23691484077606],[76.62147563216736,27.21533592888016],[76.60766165005337,27.194861294670904],[76.59165516179687,27.1756881200683],[76.57361031862976,27.158001053224893],[76.5537009022561,27.141970430263115],[76.53211865123912,27.127750634845324],[76.50907141445421,27.115478611374723],[76.48478114939049,27.1052725461459],[76.45948178457893,27.09723072914622],[76.43341696673272,27.091430607469484],[76.40683771429619,27.087928039458113],[76.38,27.086756756756756],[76.3531622857038,27.087928039458113],[76.32658303326727,27.091430607469484],[76.30051821542106,27.09723072914622],[76.2752188506095,27.1052725461459],[76.25092858554578,27.115478611374723],[76.22788134876087,27.127750634845324],[76.2062990977439,27.141970430263115],[76.18638968137023,27.158001053224893],[76.16834483820313,27.1756881200683],[76.15233834994662,27.194861294670908],[76.13852436783263,27.21533592888016],[76.12703592806042,27.23691484077606],[76.11798367058523,27.259390213640806],[76.11145477359499,27.282545597347426],[76.10751211393679,27.306157992892807],[76.1061936615784,27.33],[76.10751211393679,27.35384200710719],[76.11145477359499,27.37745440265257],[76.11798367058523,27.40060978635919],[76.12703592806042,27.423085159223938],[76.13852436783263,27.444664071119835],[76.15233834994662,27.46513870532909],[76.16834483820313,27.484311879931695],[76.18638968137023,27.501998946775103],[76.2062990977439,27.518029569736882],[76.22788134876087,27.532249365154673],[76.25092858554578,27.544521388625274],[76.2752188506095,27.554727453854095],[76.30051821542106,27.562769270853778],[76.32658303326727,27.568569392530513],[76.3531622857038,27.572071960541884],[76.38,27.57324324324324]]]},"properties":{"zone_type":"parks","zone_label":"National Park / Wildlife Sanctuary","zone_color":"#10b981","name":"Sariska Tiger Reserve (Rajasthan)","state":"Rajasthan","subtype":"national_park","area_sqkm":2290.22,"source":"curated_research","osm_id":""}},{"type":"Feature","geometry":{"type":"Polygon","coordinates":[[[88.9,22.4354954954955],[88.9523591282214,22.43310954925199],[89.0042140094156,22.42597468848809],[89.05506525272997,22.41415962581326],[89.10442313289326,22.397778146739828],[89.15181230653772,22.376988013866303],[89.19677639001563,22.3519894475373],[89.23888235462321,22.32302319761217],[89.27772469690382,22.290368224912253],[89.31292934386794,22.254339014675683],[89.34415725552046,22.215282547892595],[89.37110769000125,22.17357495968856],[89.39352109989369,22.129617916937658],[89.41118163180806,22.083834749990952],[89.42391920516783,22.03666637577376],[89.43161115017845,21.98856705151465],[89.43418338920465,21.94],[89.43161115017845,21.891432948485352],[89.42391920516783,21.843333624226243],[89.41118163180806,21.79616525000905],[89.39352109989369,21.750382083062345],[89.37110769000125,21.706425040311444],[89.34415725552046,21.664717452107407],[89.31292934386794,21.62566098532432],[89.27772469690382,21.58963177508775],[89.23888235462321,21.556976802387833],[89.19677639001563,21.528010552462703],[89.15181230653772,21.5030119861337],[89.10442313289326,21.482221853260175],[89.05506525272997,21.465840374186744],[89.0042140094156,21.454025311511913],[88.9523591282214,21.44689045074801],[88.9,21.444504504504504],[88.84764087177861,21.44689045074801],[88.7957859905844,21.454025311511913],[88.74493474727004,21.465840374186744],[88.69557686710675,21.482221853260175],[88.64818769346229,21.5030119861337],[88.60322360998438,21.528010552462703],[88.5611176453768,21.556976802387833],[88.5222753030962,21.58963177508775],[88.48707065613208,21.62566098532432],[88.45584274447955,21.664717452107407],[88.42889230999876,21.706425040311444],[88.40647890010632,21.750382083062345],[88.38881836819195,21.79616525000905],[88.37608079483218,21.843333624226243],[88.36838884982156,21.891432948485352],[88.36581661079536,21.94],[88.36838884982156,21.988567051514647],[88.37608079483218,22.03666637577376],[88.38881836819195,22.083834749990952],[88.40647890010632,22.129617916937658],[88.42889230999876,22.17357495968856],[88.45584274447955,22.215282547892595],[88.48707065613208,22.254339014675683],[88.5222753030962,22.290368224912253],[88.5611176453768,22.32302319761217],[88.60322360998438,22.3519894475373],[88.64818769346229,22.376988013866303],[88.69557686710675,22.397778146739828],[88.74493474727004,22.41415962581326],[88.7957859905844,22.42597468848809],[88.84764087177861,22.43310954925199],[88.9,22.4354954954955]]]},"properties":{"zone_type":"parks","zone_label":"National Park / Wildlife Sanctuary","zone_color":"#10b981","name":"Sundarbans NP (WB)","state":"West Bengal","subtype":"national_park","area_sqkm":9503.32,"source":"curated_research","osm_id":""}},{"type":"Feature","geometry":{"type":"Polygon","coordinates":[[[86.47,21.97027027027027],[86.49851166756994,21.96896884504654],[86.52674875219513,21.965077102811684],[86.55443931531465,21.958632523170866],[86.58131668166847,21.949697170948994],[86.60712200752593,21.938357098472526],[86.63160677349241,21.924721516838524],[86.6545351778869,21.90892174415209],[86.67568640764115,21.891109940861227],[86.6948567648502,21.87145764436855],[86.71186162849452,21.850154117032325],[86.72653723244142,21.827404523466484],[86.7387422426024,21.803427954693266],[86.74835911805766,21.77845531817688],[86.75529524303946,21.752727114058413],[86.75948381887254,21.72649111900799],[86.76088450728193,21.7],[86.75948381887254,21.67350888099201],[86.75529524303946,21.647272885941586],[86.74835911805766,21.621544681823117],[86.7387422426024,21.596572045306733],[86.72653723244142,21.572595476533515],[86.71186162849452,21.549845882967674],[86.6948567648502,21.528542355631448],[86.67568640764115,21.50889005913877],[86.6545351778869,21.49107825584791],[86.63160677349241,21.475278483161475],[86.60712200752593,21.461642901527473],[86.58131668166847,21.450302829051004],[86.55443931531465,21.441367476829132],[86.52674875219513,21.434922897188315],[86.49851166756994,21.43103115495346],[86.47,21.42972972972973],[86.44148833243005,21.43103115495346],[86.41325124780487,21.434922897188315],[86.38556068468534,21.441367476829132],[86.35868331833153,21.450302829051004],[86.33287799247407,21.461642901527473],[86.30839322650759,21.475278483161475],[86.2854648221131,21.49107825584791],[86.26431359235885,21.50889005913877],[86.2451432351498,21.528542355631448],[86.22813837150548,21.549845882967674],[86.21346276755858,21.572595476533515],[86.2012577573976,21.596572045306733],[86.19164088194233,21.621544681823117],[86.18470475696054,21.647272885941586],[86.18051618112746,21.67350888099201],[86.17911549271807,21.7],[86.18051618112746,21.72649111900799],[86.18470475696054,21.752727114058413],[86.19164088194233,21.77845531817688],[86.2012577573976,21.803427954693266],[86.21346276755858,21.827404523466484],[86.22813837150548,21.850154117032325],[86.2451432351498,21.87145764436855],[86.26431359235885,21.891109940861227],[86.2854648221131,21.90892174415209],[86.30839322650759,21.924721516838524],[86.33287799247407,21.938357098472526],[86.35868331833153,21.949697170948994],[86.38556068468534,21.958632523170866],[86.41325124780487,21.965077102811684],[86.44148833243005,21.96896884504654],[86.47,21.97027027027027]]]},"properties":{"zone_type":"parks","zone_label":"National Park / Wildlife Sanctuary","zone_color":"#10b981","name":"Simlipal NP (Odisha)","state":"Odisha","subtype":"national_park","area_sqkm":2827.43,"source":"curated_research","osm_id":""}},{"type":"Feature","geometry":{"type":"Polygon","coordinates":[[[76.18,12.242252252252252],[76.20527647928276,12.241037588710103],[76.23030953225248,12.237405295957572],[76.25485807692463,12.231390354959476],[76.27868569739441,12.22305069288573],[76.30156292065118,12.212466625241026],[76.32326942652904,12.199740082382624],[76.34359616951038,12.184993627875285],[76.36234739194857,12.168369278137147],[76.37934250932109,12.150027134743983],[76.39441784935713,12.130143842563504],[76.40742822829115,12.10891088856872],[76.4182483490618,12.086532757713716],[76.4267740079912,12.063224963631756],[76.43292309832324,12.039211973121185],[76.43663640095662,12.014725044407458],[76.43787815475704,11.99],[76.43663640095662,11.965274955592543],[76.43292309832324,11.940788026878815],[76.4267740079912,11.916775036368245],[76.4182483490618,11.893467242286285],[76.40742822829115,11.87108911143128],[76.39441784935713,11.849856157436497],[76.37934250932109,11.829972865256018],[76.36234739194857,11.811630721862853],[76.34359616951038,11.795006372124716],[76.32326942652904,11.780259917617377],[76.30156292065118,11.767533374758974],[76.27868569739441,11.75694930711427],[76.25485807692463,11.748609645040524],[76.23030953225248,11.742594704042428],[76.20527647928276,11.738962411289897],[76.18,11.737747747747749],[76.15472352071725,11.738962411289897],[76.12969046774754,11.742594704042428],[76.10514192307538,11.748609645040524],[76.0813143026056,11.75694930711427],[76.05843707934883,11.767533374758974],[76.03673057347098,11.780259917617377],[76.01640383048964,11.795006372124716],[75.99765260805144,11.811630721862853],[75.98065749067892,11.829972865256018],[75.96558215064289,11.849856157436497],[75.95257177170886,11.87108911143128],[75.94175165093822,11.893467242286285],[75.93322599200881,11.916775036368245],[75.92707690167677,11.940788026878815],[75.9233635990434,11.965274955592543],[75.92212184524297,11.99],[75.9233635990434,12.014725044407458],[75.92707690167677,12.039211973121185],[75.93322599200881,12.063224963631756],[75.94175165093822,12.086532757713716],[75.95257177170886,12.10891088856872],[75.96558215064289,12.130143842563504],[75.98065749067892,12.150027134743983],[75.99765260805144,12.168369278137147],[76.01640383048964,12.184993627875285],[76.03673057347098,12.199740082382624],[76.05843707934883,12.212466625241026],[76.0813143026056,12.22305069288573],[76.10514192307538,12.231390354959476],[76.12969046774754,12.237405295957572],[76.15472352071725,12.241037588710103],[76.18,12.242252252252252]]]},"properties":{"zone_type":"parks","zone_label":"National Park / Wildlife Sanctuary","zone_color":"#10b981","name":"Nagarhole NP (Karnataka)","state":"Karnataka","subtype":"national_park","area_sqkm":2463.01,"source":"curated_research","osm_id":""}},{"type":"Feature","geometry":{"type":"Polygon","coordinates":[[[76.63,11.868198198198199],[76.6498368714405,11.867243819700796],[76.66948270296511,11.864389875395235],[76.68874829447671,11.859663850325303],[76.70744810779742,11.85311125869593],[76.7254020535026,11.844795205546522],[76.74243722528048,11.834795779014918],[76.75838956511447,11.823209279044868],[76.77310544325154,11.8101472899649],[76.78644313774069,11.795735605870272],[76.79827419929289,11.780113019157039],[76.80848468831786,11.763429983875422],[76.81697627222468,11.745847166775063],[76.82366717241834,11.72753389999638],[76.82849295187238,11.708666550309502],[76.83140713569259,11.689426820605858],[76.83238165869574,11.67],[76.83140713569259,11.650573179394142],[76.82849295187238,11.631333449690498],[76.82366717241834,11.61246610000362],[76.81697627222468,11.594152833224937],[76.80848468831786,11.576570016124577],[76.79827419929289,11.559886980842961],[76.78644313774069,11.544264394129728],[76.77310544325154,11.5298527100351],[76.75838956511447,11.516790720955132],[76.74243722528048,11.505204220985082],[76.7254020535026,11.495204794453478],[76.70744810779742,11.48688874130407],[76.68874829447671,11.480336149674697],[76.66948270296511,11.475610124604765],[76.6498368714405,11.472756180299204],[76.63,11.471801801801801],[76.61016312855949,11.472756180299204],[76.59051729703488,11.475610124604765],[76.57125170552328,11.480336149674697],[76.55255189220257,11.48688874130407],[76.53459794649739,11.495204794453478],[76.51756277471951,11.505204220985082],[76.50161043488552,11.516790720955132],[76.48689455674845,11.5298527100351],[76.4735568622593,11.544264394129728],[76.4617258007071,11.559886980842961],[76.45151531168213,11.576570016124577],[76.44302372777531,11.594152833224937],[76.43633282758165,11.61246610000362],[76.43150704812761,11.631333449690496],[76.4285928643074,11.650573179394142],[76.42761834130425,11.67],[76.4285928643074,11.689426820605858],[76.43150704812761,11.708666550309502],[76.43633282758165,11.727533899996379],[76.44302372777531,11.745847166775063],[76.45151531168213,11.763429983875422],[76.4617258007071,11.780113019157039],[76.4735568622593,11.795735605870272],[76.48689455674845,11.8101472899649],[76.50161043488552,11.823209279044868],[76.51756277471951,11.834795779014918],[76.53459794649739,11.844795205546522],[76.55255189220257,11.85311125869593],[76.57125170552328,11.859663850325303],[76.59051729703488,11.864389875395235],[76.61016312855949,11.867243819700796],[76.63,11.868198198198199]]]},"properties":{"zone_type":"parks","zone_label":"National Park / Wildlife Sanctuary","zone_color":"#10b981","name":"Bandipur NP (Karnataka)","state":"Karnataka","subtype":"national_park","area_sqkm":1520.53,"source":"curated_research","osm_id":""}},{"type":"Feature","geometry":{"type":"Polygon","coordinates":[[[76.63,11.676126126126126],[76.64261803295254,11.675518794355053],[76.65511454735004,11.673702647978786],[76.66736919492753,11.67069517747974],[76.67926395672981,11.666525346442866],[76.69068427969835,11.661233312620514],[76.70152017988,11.654870041191312],[76.7116673016325,11.647496813937643],[76.72102792262638,11.639184639068574],[76.72951189496446,11.630013567371993],[76.73703751335528,11.620071921281752],[76.74353230197984,11.609455444284361],[76.74893371247326,11.59826637885686],[76.7531897262998,11.586612481815878],[76.75625935571969,11.574605986560593],[76.75811303852363,11.56236252220373],[76.75873292273288,11.55],[76.75811303852363,11.537637477796272],[76.75625935571969,11.525394013439408],[76.7531897262998,11.513387518184123],[76.74893371247326,11.501733621143142],[76.74353230197984,11.49054455571564],[76.73703751335528,11.479928078718249],[76.72951189496446,11.469986432628009],[76.72102792262638,11.460815360931427],[76.7116673016325,11.452503186062359],[76.70152017988,11.445129958808689],[76.69068427969835,11.438766687379488],[76.67926395672981,11.433474653557136],[76.66736919492753,11.429304822520262],[76.65511454735004,11.426297352021216],[76.64261803295254,11.424481205644948],[76.63,11.423873873873875],[76.61738196704745,11.424481205644948],[76.60488545264995,11.426297352021216],[76.59263080507246,11.429304822520262],[76.58073604327018,11.433474653557136],[76.56931572030165,11.438766687379488],[76.55847982011998,11.445129958808689],[76.54833269836749,11.452503186062359],[76.53897207737361,11.460815360931427],[76.53048810503553,11.469986432628009],[76.52296248664472,11.479928078718249],[76.51646769802015,11.49054455571564],[76.51106628752673,11.501733621143142],[76.5068102737002,11.513387518184123],[76.5037406442803,11.525394013439408],[76.50188696147636,11.537637477796272],[76.50126707726712,11.55],[76.50188696147636,11.56236252220373],[76.5037406442803,11.574605986560593],[76.5068102737002,11.586612481815878],[76.51106628752673,11.59826637885686],[76.51646769802015,11.609455444284361],[76.52296248664472,11.620071921281752],[76.53048810503553,11.630013567371993],[76.53897207737361,11.639184639068574],[76.54833269836749,11.647496813937643],[76.55847982011998,11.654870041191312],[76.56931572030165,11.661233312620514],[76.58073604327018,11.666525346442866],[76.59263080507246,11.67069517747974],[76.60488545264995,11.673702647978786],[76.61738196704745,11.675518794355053],[76.63,11.676126126126126]]]},"properties":{"zone_type":"parks","zone_label":"National Park / Wildlife Sanctuary","zone_color":"#10b981","name":"Mudumalai NP (Tamil Nadu)","state":"Tamil Nadu","subtype":"national_park","area_sqkm":615.75,"source":"curated_research","osm_id":""}},{"type":"Feature","geometry":{"type":"Polygon","coordinates":[[[77.19,9.640180180180181],[77.2079042330808,9.63931256336436],[77.2256360386096,9.636718068541123],[77.24302464960593,9.632421682113913],[77.25990260424034,9.626464780632665],[77.27610735858326,9.61890473231502],[77.29148285199196,9.609814344559018],[77.3058810100598,9.599281162768062],[77.31916317065377,9.58740662724082],[77.33120141930657,9.574305096245702],[77.34187982110289,9.560102744688217],[77.35109553719604,9.544936348977657],[77.35875981520222,9.528951969795513],[77.3647988439345,9.512303545451255],[77.36915446424491,9.495151409372276],[77.37178472912888,9.477660746005327],[77.37266430769768,9.46],[77.37178472912888,9.442339253994675],[77.36915446424491,9.424848590627725],[77.3647988439345,9.407696454548747],[77.35875981520222,9.39104803020449],[77.35109553719604,9.375063651022344],[77.34187982110289,9.359897255311784],[77.33120141930657,9.3456949037543],[77.31916317065377,9.332593372759181],[77.3058810100598,9.32071883723194],[77.29148285199196,9.310185655440984],[77.27610735858326,9.301095267684982],[77.25990260424034,9.293535219367337],[77.24302464960593,9.287578317886089],[77.2256360386096,9.283281931458879],[77.2079042330808,9.280687436635642],[77.19,9.27981981981982],[77.1720957669192,9.280687436635642],[77.1543639613904,9.283281931458879],[77.13697535039407,9.287578317886089],[77.12009739575966,9.293535219367337],[77.10389264141673,9.301095267684982],[77.08851714800804,9.310185655440984],[77.07411898994019,9.32071883723194],[77.06083682934623,9.332593372759181],[77.04879858069343,9.3456949037543],[77.0381201788971,9.359897255311784],[77.02890446280395,9.375063651022344],[77.02124018479778,9.39104803020449],[77.0152011560655,9.407696454548747],[77.01084553575508,9.424848590627725],[77.00821527087112,9.442339253994675],[77.00733569230232,9.46],[77.00821527087112,9.477660746005327],[77.01084553575508,9.495151409372276],[77.0152011560655,9.512303545451255],[77.02124018479778,9.528951969795513],[77.02890446280395,9.544936348977657],[77.0381201788971,9.560102744688217],[77.04879858069343,9.574305096245702],[77.06083682934623,9.58740662724082],[77.07411898994019,9.599281162768062],[77.08851714800804,9.609814344559018],[77.10389264141673,9.61890473231502],[77.12009739575966,9.626464780632665],[77.13697535039407,9.632421682113913],[77.1543639613904,9.636718068541123],[77.1720957669192,9.63931256336436],[77.19,9.640180180180181]]]},"properties":{"zone_type":"parks","zone_label":"National Park / Wildlife Sanctuary","zone_color":"#10b981","name":"Periyar NP (Kerala)","state":"Kerala","subtype":"national_park","area_sqkm":1256.64,"source":"curated_research","osm_id":""}},{"type":"Feature","geometry":{"type":"Polygon","coordinates":[[[76.46,11.051081081081081],[76.46809526075644,11.050690653513962],[76.47611255972649,11.049523130843506],[76.48397468593834,11.047589756951261],[76.4916059228187,11.044909151284699],[76.49893277738478,11.04150712954176],[76.50588468802182,11.037416455051558],[76.51239470403009,11.032676523245629],[76.51840013039669,11.02733298225837],[76.52384313158281,11.021437293310566],[76.52867128851157,11.015046235109699],[76.53283810339244,11.008221357039947],[76.53630344752025,11.001028386407981],[76.53903394773677,10.993536595453065],[76.54100330783221,10.985818134217524],[76.54219256179232,10.977947335702398],[76.54259025645135,10.97],[76.54219256179232,10.962052664297603],[76.54100330783221,10.954181865782477],[76.53903394773677,10.946463404546936],[76.53630344752025,10.93897161359202],[76.53283810339244,10.931778642960055],[76.52867128851157,10.924953764890303],[76.52384313158281,10.918562706689436],[76.51840013039669,10.912667017741631],[76.51239470403009,10.907323476754373],[76.50588468802182,10.902583544948444],[76.49893277738478,10.898492870458242],[76.4916059228187,10.895090848715302],[76.48397468593834,10.89241024304874],[76.47611255972649,10.890476869156496],[76.46809526075644,10.889309346486039],[76.46,10.88891891891892],[76.45190473924355,10.889309346486039],[76.4438874402735,10.890476869156496],[76.43602531406165,10.89241024304874],[76.42839407718128,10.895090848715302],[76.4210672226152,10.898492870458242],[76.41411531197816,10.902583544948444],[76.4076052959699,10.907323476754373],[76.4015998696033,10.912667017741631],[76.39615686841718,10.918562706689436],[76.39132871148841,10.924953764890303],[76.38716189660755,10.931778642960055],[76.38369655247973,10.93897161359202],[76.38096605226322,10.946463404546936],[76.37899669216777,10.954181865782477],[76.37780743820767,10.962052664297603],[76.37740974354864,10.97],[76.37780743820767,10.977947335702398],[76.37899669216777,10.985818134217524],[76.38096605226322,10.993536595453065],[76.38369655247973,11.001028386407981],[76.38716189660755,11.008221357039947],[76.39132871148841,11.015046235109699],[76.39615686841718,11.021437293310566],[76.4015998696033,11.02733298225837],[76.4076052959699,11.032676523245629],[76.41411531197816,11.037416455051558],[76.4210672226152,11.04150712954176],[76.42839407718128,11.044909151284699],[76.43602531406165,11.047589756951261],[76.4438874402735,11.049523130843506],[76.45190473924355,11.050690653513962],[76.46,11.051081081081081]]]},"properties":{"zone_type":"parks","zone_label":"National Park / Wildlife Sanctuary","zone_color":"#10b981","name":"Silent Valley NP (Kerala)","state":"Kerala","subtype":"national_park","area_sqkm":254.47,"source":"curated_research","osm_id":""}},{"type":"Feature","geometry":{"type":"Polygon","coordinates":[[[70.8,21.40828828828829],[70.83029197151082,21.406900101382977],[70.86029221477672,21.402748909665796],[70.88971181105525,21.39587469138226],[70.91826743355185,21.386343649012264],[70.94568407601179,21.374247571704032],[70.97169770118072,21.359702951294427],[70.99605778362776,21.3428498604289],[71.01852972244238,21.323850603585313],[71.03889710056939,21.302888153993123],[71.05696376902348,21.28016439150115],[71.07255573591118,21.255898158364253],[71.08552284206793,21.23032315167282],[71.09574020717292,21.20368567272201],[71.10310943241478,21.176242254995643],[71.10755954812602,21.148257193608522],[71.10904769725965,21.12],[71.10755954812602,21.09174280639148],[71.10310943241478,21.06375774500436],[71.09574020717292,21.036314327277992],[71.08552284206793,21.00967684832718],[71.07255573591118,20.98410184163575],[71.05696376902348,20.959835608498853],[71.03889710056939,20.93711184600688],[71.01852972244238,20.91614939641469],[70.99605778362776,20.897150139571103],[70.97169770118072,20.880297048705575],[70.94568407601179,20.86575242829597],[70.91826743355185,20.853656350987738],[70.88971181105525,20.84412530861774],[70.86029221477672,20.837251090334206],[70.83029197151082,20.833099898617025],[70.8,20.831711711711712],[70.76970802848918,20.833099898617025],[70.73970778522327,20.837251090334206],[70.71028818894474,20.84412530861774],[70.68173256644815,20.853656350987738],[70.65431592398821,20.86575242829597],[70.62830229881928,20.880297048705575],[70.60394221637223,20.897150139571103],[70.58147027755761,20.91614939641469],[70.56110289943061,20.93711184600688],[70.54303623097651,20.959835608498853],[70.52744426408881,20.98410184163575],[70.51447715793206,21.00967684832718],[70.50425979282707,21.036314327277992],[70.49689056758521,21.06375774500436],[70.49244045187397,21.09174280639148],[70.49095230274034,21.12],[70.49244045187397,21.148257193608522],[70.49689056758521,21.176242254995643],[70.50425979282707,21.20368567272201],[70.51447715793206,21.23032315167282],[70.52744426408881,21.255898158364253],[70.54303623097651,21.28016439150115],[70.56110289943061,21.302888153993123],[70.58147027755761,21.323850603585313],[70.60394221637223,21.3428498604289],[70.62830229881928,21.359702951294427],[70.65431592398821,21.374247571704032],[70.68173256644815,21.386343649012264],[70.71028818894474,21.39587469138226],[70.73970778522327,21.402748909665796],[70.76970802848918,21.406900101382977],[70.8,21.40828828828829]]]},"properties":{"zone_type":"parks","zone_label":"National Park / Wildlife Sanctuary","zone_color":"#10b981","name":"Gir NP (Gujarat)","state":"Gujarat","subtype":"national_park","area_sqkm":3216.99,"source":"curated_research","osm_id":""}},{"type":"Feature","geometry":{"type":"Polygon","coordinates":[[[71.91,22.07207207207207],[71.91761909125934,22.071725025345742],[71.92516480650482,22.07068722741645],[71.93256447637376,22.068968672845564],[71.9397468380002,22.066585912253064],[71.94664272131543,22.063561892926007],[71.95318571519344,22.059925737823608],[71.95931280702644,22.055712465107224],[71.96496498957063,22.050962650896327],[71.97008782921836,22.04572203849828],[71.97463199022334,22.040041097875285],[71.97855370983105,22.033974539591064],[71.98181521973781,22.027580787918204],[71.98438510982031,22.020921418180503],[71.98623863063219,22.01406056374891],[71.98735793175481,22.00706429840213],[71.9877322337065,22.0],[71.98735793175481,21.99293570159787],[71.98623863063219,21.98593943625109],[71.98438510982031,21.979078581819497],[71.98181521973781,21.972419212081796],[71.97855370983105,21.966025460408936],[71.97463199022334,21.959958902124715],[71.97008782921836,21.95427796150172],[71.96496498957063,21.949037349103673],[71.95931280702644,21.944287534892776],[71.95318571519344,21.940074262176392],[71.94664272131543,21.936438107073993],[71.9397468380002,21.933414087746936],[71.93256447637376,21.931031327154436],[71.92516480650482,21.92931277258355],[71.91761909125934,21.928274974654258],[71.91,21.92792792792793],[71.90238090874065,21.928274974654258],[71.89483519349517,21.92931277258355],[71.88743552362624,21.931031327154436],[71.88025316199979,21.933414087746936],[71.87335727868457,21.936438107073993],[71.86681428480655,21.940074262176392],[71.86068719297356,21.944287534892776],[71.85503501042936,21.949037349103673],[71.84991217078164,21.95427796150172],[71.84536800977665,21.959958902124715],[71.84144629016895,21.966025460408936],[71.83818478026218,21.972419212081796],[71.83561489017968,21.979078581819497],[71.8337613693678,21.98593943625109],[71.83264206824518,21.99293570159787],[71.8322677662935,22.0],[71.83264206824518,22.00706429840213],[71.8337613693678,22.01406056374891],[71.83561489017968,22.020921418180503],[71.83818478026218,22.027580787918204],[71.84144629016895,22.033974539591064],[71.84536800977665,22.040041097875285],[71.84991217078164,22.04572203849828],[71.85503501042936,22.050962650896327],[71.86068719297356,22.055712465107224],[71.86681428480655,22.059925737823608],[71.87335727868457,22.063561892926007],[71.88025316199979,22.066585912253064],[71.88743552362624,22.068968672845564],[71.89483519349517,22.07068722741645],[71.90238090874065,22.071725025345742],[71.91,22.07207207207207]]]},"properties":{"zone_type":"parks","zone_label":"National Park / Wildlife Sanctuary","zone_color":"#10b981","name":"Velavadar NP (Gujarat)","state":"Gujarat","subtype":"national_park","area_sqkm":201.06,"source":"curated_research","osm_id":""}},{"type":"Feature","geometry":{"type":"Polygon","coordinates":[[[80.0,24.90018018018018],[80.01944240398507,24.899312563364358],[80.03869756699144,24.896718068541123],[80.05758005127346,24.89242168211391],[80.07590800818527,24.886464780632664],[80.0935049294827,24.878904732315018],[80.11020134719422,24.869814344559018],[80.12583646569007,24.85928116276806],[80.14025971023213,24.84740662724082],[80.15333217709089,24.8343050962457],[80.16492797126438,24.820102744688217],[80.17493541891578,24.804936348977655],[80.18325814285359,24.788951969795512],[80.18981599069664,24.772303545451255],[80.1945458067853,24.755151409372274],[80.19740204040507,24.737660746005325],[80.1983571844648,24.72],[80.19740204040507,24.702339253994673],[80.1945458067853,24.684848590627723],[80.18981599069664,24.667696454548743],[80.18325814285359,24.651048030204485],[80.17493541891578,24.635063651022342],[80.16492797126438,24.61989725531178],[80.15333217709089,24.605694903754298],[80.14025971023213,24.59259337275918],[80.12583646569007,24.580718837231938],[80.11020134719422,24.57018565544098],[80.0935049294827,24.56109526768498],[80.07590800818527,24.553535219367333],[80.05758005127346,24.54757831788609],[80.03869756699144,24.543281931458875],[80.01944240398507,24.54068743663564],[80.0,24.53981981981982],[79.98055759601493,24.54068743663564],[79.96130243300856,24.543281931458875],[79.94241994872654,24.54757831788609],[79.92409199181473,24.553535219367333],[79.9064950705173,24.56109526768498],[79.88979865280578,24.57018565544098],[79.87416353430993,24.580718837231938],[79.85974028976787,24.59259337275918],[79.84666782290911,24.605694903754298],[79.83507202873562,24.61989725531178],[79.82506458108422,24.635063651022342],[79.81674185714641,24.65104803020449],[79.81018400930336,24.667696454548743],[79.8054541932147,24.684848590627723],[79.80259795959493,24.702339253994673],[79.8016428155352,24.72],[79.80259795959493,24.737660746005325],[79.8054541932147,24.755151409372274],[79.81018400930336,24.772303545451255],[79.81674185714641,24.788951969795512],[79.82506458108422,24.804936348977655],[79.83507202873562,24.820102744688214],[79.84666782290911,24.8343050962457],[79.85974028976787,24.84740662724082],[79.87416353430993,24.85928116276806],[79.88979865280578,24.869814344559018],[79.9064950705173,24.878904732315018],[79.92409199181473,24.886464780632664],[79.94241994872654,24.89242168211391],[79.96130243300856,24.896718068541123],[79.98055759601493,24.899312563364358],[80.0,24.90018018018018]]]},"properties":{"zone_type":"parks","zone_label":"National Park / Wildlife Sanctuary","zone_color":"#10b981","name":"Panna NP (MP)","state":"Madhya Pradesh","subtype":"national_park","area_sqkm":1256.64,"source":"curated_research","osm_id":""}},{"type":"Feature","geometry":{"type":"Polygon","coordinates":[[[78.42,22.75027027027027],[78.44866963705799,22.74896884504654],[78.47706316983869,22.745077102811685],[78.50490715309994,22.738632523170867],[78.53193343406187,22.729697170948995],[78.55788173486474,22.718357098472527],[78.58250215918704,22.704721516838525],[78.60555759888365,22.68892174415209],[78.62682601746691,22.67110994086123],[78.64610258843936,22.651457644368552],[78.6632016678849,22.630154117032326],[78.67795858232115,22.607404523466485],[78.69023121459514,22.583427954693267],[78.69990137254918,22.558455318176883],[78.7068759272759,22.532727114058414],[78.71108771000063,22.50649111900799],[78.71249615895333,22.48],[78.71108771000063,22.45350888099201],[78.7068759272759,22.427272885941587],[78.69990137254918,22.40154468182312],[78.69023121459514,22.376572045306734],[78.67795858232115,22.352595476533516],[78.6632016678849,22.329845882967675],[78.64610258843936,22.30854235563145],[78.62682601746691,22.288890059138772],[78.60555759888365,22.27107825584791],[78.58250215918704,22.255278483161476],[78.55788173486474,22.241642901527474],[78.53193343406187,22.230302829051006],[78.50490715309994,22.221367476829133],[78.47706316983869,22.214922897188316],[78.44866963705799,22.21103115495346],[78.42,22.20972972972973],[78.39133036294201,22.21103115495346],[78.36293683016132,22.214922897188316],[78.33509284690007,22.221367476829133],[78.30806656593813,22.230302829051006],[78.28211826513527,22.241642901527474],[78.25749784081296,22.255278483161476],[78.23444240111635,22.27107825584791],[78.21317398253309,22.288890059138772],[78.19389741156064,22.30854235563145],[78.1767983321151,22.329845882967675],[78.16204141767885,22.352595476533516],[78.14976878540486,22.376572045306734],[78.14009862745083,22.40154468182312],[78.1331240727241,22.427272885941587],[78.12891228999938,22.45350888099201],[78.12750384104667,22.48],[78.12891228999938,22.50649111900799],[78.1331240727241,22.532727114058414],[78.14009862745083,22.558455318176883],[78.14976878540486,22.583427954693267],[78.16204141767885,22.607404523466485],[78.1767983321151,22.630154117032326],[78.19389741156064,22.651457644368552],[78.21317398253309,22.67110994086123],[78.23444240111635,22.68892174415209],[78.25749784081296,22.704721516838525],[78.28211826513527,22.718357098472527],[78.30806656593813,22.729697170948995],[78.33509284690007,22.738632523170867],[78.36293683016132,22.745077102811685],[78.39133036294201,22.74896884504654],[78.42,22.75027027027027]]]},"properties":{"zone_type":"parks","zone_label":"National Park / Wildlife Sanctuary","zone_color":"#10b981","name":"Satpura NP (MP)","state":"Madhya Pradesh","subtype":"national_park","area_sqkm":2827.43,"source":"curated_research","osm_id":""}},{"type":"Feature","geometry":{"type":"Polygon","coordinates":[[[91.0,27.052342342342342],[91.03756373233304,27.050693870392283],[91.0747657053893,27.045764330228135],[91.11124764383156,27.037601196016432],[91.14665820664958,27.026283083202063],[91.18065637076603,27.011918991398538],[91.21291471527518,26.994647254662134],[91.24312257468522,26.974634209259317],[91.27098903079671,26.952072591757556],[91.29624571440395,26.927179682866836],[91.31864938983712,26.900195214907612],[91.33798429745467,26.87137906305755],[91.35406423152672,26.84100874261147],[91.36673433349797,26.809376736357386],[91.37587258336026,26.776787677807324],[91.38139097477193,26.74355541741012],[91.38323636260705,26.71],[91.38139097477193,26.67644458258988],[91.37587258336026,26.643212322192678],[91.36673433349797,26.610623263642616],[91.35406423152672,26.57899125738853],[91.33798429745467,26.548620936942452],[91.31864938983712,26.51980478509239],[91.29624571440395,26.492820317133166],[91.27098903079671,26.467927408242446],[91.24312257468522,26.445365790740684],[91.21291471527518,26.425352745337868],[91.18065637076603,26.408081008601464],[91.14665820664958,26.39371691679794],[91.11124764383156,26.38239880398357],[91.0747657053893,26.374235669771867],[91.03756373233304,26.36930612960772],[91.0,26.36765765765766],[90.96243626766696,26.36930612960772],[90.9252342946107,26.374235669771867],[90.88875235616844,26.38239880398357],[90.85334179335042,26.39371691679794],[90.81934362923397,26.408081008601464],[90.78708528472482,26.425352745337868],[90.75687742531478,26.445365790740684],[90.72901096920329,26.467927408242446],[90.70375428559605,26.492820317133166],[90.68135061016288,26.51980478509239],[90.66201570254533,26.548620936942452],[90.64593576847328,26.57899125738853],[90.63326566650203,26.610623263642616],[90.62412741663974,26.643212322192678],[90.61860902522807,26.67644458258988],[90.61676363739295,26.71],[90.61860902522807,26.74355541741012],[90.62412741663974,26.776787677807324],[90.63326566650203,26.809376736357382],[90.64593576847328,26.84100874261147],[90.66201570254533,26.87137906305755],[90.68135061016288,26.900195214907612],[90.70375428559605,26.927179682866836],[90.72901096920329,26.952072591757556],[90.75687742531478,26.974634209259317],[90.78708528472482,26.994647254662134],[90.81934362923397,27.011918991398538],[90.85334179335042,27.026283083202063],[90.88875235616844,27.037601196016432],[90.9252342946107,27.045764330228135],[90.96243626766696,27.050693870392283],[91.0,27.052342342342342]]]},"properties":{"zone_type":"parks","zone_label":"National Park / Wildlife Sanctuary","zone_color":"#10b981","name":"Manas NP (Assam)","state":"Assam","subtype":"national_park","area_sqkm":4536.46,"source":"curated_research","osm_id":""}},{"type":"Feature","geometry":{"type":"Polygon","coordinates":[[[92.79,27.096126126126126],[92.80387108431057,27.09551879435505],[92.81760858249652,27.093702647978784],[92.83108019494064,27.090695177479738],[92.84415618265076,27.086525346442865],[92.85671061671718,27.081233312620512],[92.86862259107687,27.07487004119131],[92.87977738690502,27.06749681393764],[92.89006757741997,27.059184639068572],[92.89939406246185,27.05001356737199],[92.90766702288134,27.04007192128175],[92.91480678554716,27.02945544428436],[92.92074459064182,27.018266378856858],[92.92542325385634,27.00661248181588],[92.92879771710635,26.994605986560593],[92.93083548246607,26.982362522203726],[92.93151692514112,26.97],[92.93083548246607,26.957637477796272],[92.92879771710635,26.945394013439405],[92.92542325385634,26.93338751818412],[92.92074459064182,26.92173362114314],[92.91480678554716,26.91054455571564],[92.90766702288134,26.899928078718247],[92.89939406246185,26.889986432628007],[92.89006757741997,26.880815360931425],[92.87977738690502,26.872503186062357],[92.86862259107687,26.865129958808687],[92.85671061671718,26.858766687379486],[92.84415618265076,26.853474653557132],[92.83108019494064,26.84930482252026],[92.81760858249652,26.846297352021214],[92.80387108431057,26.844481205644946],[92.79,26.84387387387387],[92.77612891568944,26.844481205644946],[92.7623914175035,26.846297352021214],[92.74891980505937,26.84930482252026],[92.73584381734925,26.853474653557132],[92.72328938328283,26.858766687379486],[92.71137740892314,26.865129958808687],[92.700222613095,26.872503186062357],[92.68993242258004,26.880815360931425],[92.68060593753816,26.889986432628007],[92.67233297711867,26.899928078718247],[92.66519321445286,26.91054455571564],[92.6592554093582,26.92173362114314],[92.65457674614368,26.93338751818412],[92.65120228289366,26.945394013439405],[92.64916451753395,26.957637477796272],[92.64848307485889,26.97],[92.64916451753395,26.982362522203726],[92.65120228289366,26.994605986560593],[92.65457674614368,27.00661248181588],[92.6592554093582,27.018266378856858],[92.66519321445286,27.02945544428436],[92.67233297711867,27.04007192128175],[92.68060593753816,27.05001356737199],[92.68993242258004,27.059184639068572],[92.700222613095,27.06749681393764],[92.71137740892314,27.07487004119131],[92.72328938328283,27.081233312620512],[92.73584381734925,27.086525346442865],[92.74891980505937,27.090695177479738],[92.7623914175035,27.093702647978784],[92.77612891568944,27.09551879435505],[92.79,27.096126126126126]]]},"properties":{"zone_type":"parks","zone_label":"National Park / Wildlife Sanctuary","zone_color":"#10b981","name":"Nameri NP (Assam)","state":"Assam","subtype":"national_park","area_sqkm":615.75,"source":"curated_research","osm_id":""}},{"type":"Feature","geometry":{"type":"Polygon","coordinates":[[[95.25,27.832162162162163],[95.26794716490777,27.831381307027925],[95.28572148880657,27.82904626168701],[95.3031517952408,27.825179513902523],[95.32007022083114,27.8198183025694],[95.33631383189059,27.81301425908352],[95.351726193565,27.804832910103116],[95.36615887638618,27.795353046491257],[95.37947288572887,27.78466596451674],[95.3915400004049,27.772874586621132],[95.4022440075034,27.760092470219398],[95.4114818215846,27.746442714079894],[95.41916447744902,27.732056772815962],[95.42521798692087,27.71707319090613],[95.42958405139478,27.70163626843505],[95.43222062328313,27.685894671404796],[95.43310231095735,27.67],[95.43222062328313,27.654105328595207],[95.42958405139478,27.638363731564954],[95.42521798692087,27.622926809093872],[95.41916447744902,27.60794322718404],[95.4114818215846,27.59355728592011],[95.4022440075034,27.579907529780606],[95.3915400004049,27.56712541337887],[95.37947288572887,27.555334035483263],[95.36615887638618,27.544646953508746],[95.351726193565,27.535167089896888],[95.33631383189059,27.526985740916484],[95.32007022083114,27.520181697430605],[95.3031517952408,27.51482048609748],[95.28572148880657,27.510953738312992],[95.26794716490777,27.508618692972078],[95.25,27.50783783783784],[95.23205283509223,27.508618692972078],[95.21427851119343,27.510953738312992],[95.1968482047592,27.51482048609748],[95.17992977916886,27.520181697430605],[95.16368616810941,27.526985740916484],[95.148273806435,27.535167089896888],[95.13384112361382,27.544646953508746],[95.12052711427113,27.555334035483263],[95.1084599995951,27.56712541337887],[95.0977559924966,27.579907529780606],[95.0885181784154,27.59355728592011],[95.08083552255098,27.60794322718404],[95.07478201307913,27.622926809093872],[95.07041594860522,27.638363731564954],[95.06777937671687,27.654105328595207],[95.06689768904265,27.67],[95.06777937671687,27.685894671404796],[95.07041594860522,27.70163626843505],[95.07478201307913,27.71707319090613],[95.08083552255098,27.732056772815962],[95.0885181784154,27.746442714079894],[95.0977559924966,27.760092470219398],[95.1084599995951,27.772874586621132],[95.12052711427113,27.78466596451674],[95.13384112361382,27.795353046491257],[95.148273806435,27.804832910103116],[95.16368616810941,27.81301425908352],[95.17992977916886,27.8198183025694],[95.1968482047592,27.825179513902523],[95.21427851119343,27.82904626168701],[95.23205283509223,27.831381307027925],[95.25,27.832162162162163]]]},"properties":{"zone_type":"parks","zone_label":"National Park / Wildlife Sanctuary","zone_color":"#10b981","name":"Dibru-Saikhowa NP (Assam)","state":"Assam","subtype":"national_park","area_sqkm":1017.88,"source":"curated_research","osm_id":""}},{"type":"Feature","geometry":{"type":"Polygon","coordinates":[[[89.5,26.898198198198198],[89.52174551464226,26.897243819700794],[89.5432816080912,26.894389875395234],[89.5644008759941,26.889663850325302],[89.58489992825608,26.88311125869593],[89.60458134779792,26.87479520554652],[89.62325559179048,26.86479577901492],[89.64074281705575,26.853209279044865],[89.65687461205492,26.8401472899649],[89.67149561878362,26.82573560587027],[89.68446502895439,26.810113019157036],[89.69565794005749,26.793429983875424],[89.70496655824032,26.775847166775062],[89.71230123642118,26.75753389999638],[89.71759133763963,26.738666550309503],[89.7207859153291,26.719426820605857],[89.72185420396009,26.7],[89.7207859153291,26.68057317939414],[89.71759133763963,26.661333449690495],[89.71230123642118,26.64246610000362],[89.70496655824032,26.624152833224937],[89.69565794005749,26.606570016124575],[89.68446502895439,26.589886980842962],[89.67149561878362,26.574264394129727],[89.65687461205492,26.5598527100351],[89.64074281705575,26.546790720955133],[89.62325559179048,26.53520422098508],[89.60458134779792,26.52520479445348],[89.58489992825608,26.51688874130407],[89.5644008759941,26.510336149674696],[89.5432816080912,26.505610124604765],[89.52174551464226,26.502756180299205],[89.5,26.5018018018018],[89.47825448535774,26.502756180299205],[89.4567183919088,26.505610124604765],[89.4355991240059,26.510336149674696],[89.41510007174392,26.51688874130407],[89.39541865220208,26.52520479445348],[89.37674440820952,26.53520422098508],[89.35925718294425,26.546790720955133],[89.34312538794508,26.5598527100351],[89.32850438121638,26.574264394129727],[89.31553497104561,26.589886980842962],[89.30434205994251,26.606570016124575],[89.29503344175968,26.624152833224937],[89.28769876357882,26.64246610000362],[89.28240866236037,26.661333449690495],[89.2792140846709,26.68057317939414],[89.27814579603991,26.7],[89.2792140846709,26.719426820605857],[89.28240866236037,26.738666550309503],[89.28769876357882,26.75753389999638],[89.29503344175968,26.775847166775062],[89.30434205994251,26.793429983875424],[89.31553497104561,26.810113019157036],[89.32850438121638,26.82573560587027],[89.34312538794508,26.8401472899649],[89.35925718294425,26.853209279044865],[89.37674440820952,26.86479577901492],[89.39541865220208,26.87479520554652],[89.41510007174392,26.88311125869593],[89.4355991240059,26.889663850325302],[89.4567183919088,26.894389875395234],[89.47825448535774,26.897243819700794],[89.5,26.898198198198198]]]},"properties":{"zone_type":"parks","zone_label":"National Park / Wildlife Sanctuary","zone_color":"#10b981","name":"Buxa Tiger Reserve (WB)","state":"West Bengal","subtype":"national_park","area_sqkm":1520.53,"source":"curated_research","osm_id":""}},{"type":"Feature","geometry":{"type":"Polygon","coordinates":[[[84.26,27.635135135135137],[84.27493280466095,27.63448442252327],[84.28972179824991,27.63253855140584],[84.30422455467414,27.629316261585434],[84.31830140446125,27.6248485854745],[84.33181677985262,27.619178549236263],[84.34464052039496,27.612360758419264],[84.35664912645667,27.604460872076046],[84.36772694859683,27.595554970430616],[84.37776730133245,27.585728822184276],[84.38667349057809,27.57507705851616],[84.3943597448627,27.563702261733244],[84.40075204135576,27.551713977346633],[84.40578881874767,27.53922765908844],[84.40942157011877,27.526363557029207],[84.41161531008748,27.513245559503996],[84.4123489117387,27.5],[84.41161531008748,27.486754440496004],[84.40942157011877,27.473636442970793],[84.40578881874767,27.46077234091156],[84.40075204135576,27.448286022653367],[84.3943597448627,27.436297738266756],[84.38667349057809,27.42492294148384],[84.37776730133245,27.414271177815724],[84.36772694859683,27.404445029569384],[84.35664912645667,27.395539127923954],[84.34464052039496,27.387639241580736],[84.33181677985262,27.380821450763737],[84.31830140446125,27.3751514145255],[84.30422455467414,27.370683738414566],[84.28972179824991,27.36746144859416],[84.27493280466095,27.36551557747673],[84.26,27.364864864864863],[84.24506719533906,27.36551557747673],[84.2302782017501,27.36746144859416],[84.21577544532587,27.370683738414566],[84.20169859553876,27.3751514145255],[84.1881832201474,27.380821450763737],[84.17535947960505,27.387639241580736],[84.16335087354334,27.395539127923954],[84.15227305140318,27.404445029569384],[84.14223269866756,27.414271177815724],[84.13332650942192,27.42492294148384],[84.12564025513731,27.436297738266756],[84.11924795864425,27.448286022653367],[84.11421118125234,27.46077234091156],[84.11057842988124,27.473636442970793],[84.10838468991253,27.486754440496004],[84.1076510882613,27.5],[84.10838468991253,27.513245559503993],[84.11057842988124,27.526363557029207],[84.11421118125234,27.53922765908844],[84.11924795864425,27.551713977346633],[84.12564025513731,27.563702261733244],[84.13332650942192,27.57507705851616],[84.14223269866756,27.585728822184276],[84.15227305140318,27.595554970430616],[84.16335087354334,27.604460872076046],[84.17535947960505,27.612360758419264],[84.1881832201474,27.619178549236263],[84.20169859553876,27.6248485854745],[84.21577544532587,27.629316261585434],[84.2302782017501,27.63253855140584],[84.24506719533906,27.63448442252327],[84.26,27.635135135135137]]]},"properties":{"zone_type":"parks","zone_label":"National Park / Wildlife Sanctuary","zone_color":"#10b981","name":"Valmiki NP (Bihar)","state":"Bihar","subtype":"national_park","area_sqkm":706.86,"source":"curated_research","osm_id":""}},{"type":"Feature","geometry":{"type":"Polygon","coordinates":[[[80.69,28.6981981981982],[80.71210564669936,28.697243819700795],[80.73399840393684,28.694389875395235],[80.75546743249242,28.689663850325303],[80.77630597388496,28.68311125869593],[80.79631334156934,28.67479520554652],[80.81529685365764,28.66479577901492],[80.83307368855098,28.653209279044866],[80.84947264561154,28.6401472899649],[80.86433579391824,28.625735605870272],[80.87751999322788,28.610113019157037],[80.88889827249388,28.593429983875424],[80.8983610526669,28.575847166775063],[80.905817202001,28.55753389999638],[80.91119491370215,28.538666550309504],[80.9144423974669,28.519426820605858],[80.91552837825137,28.5],[80.9144423974669,28.480573179394142],[80.91119491370215,28.461333449690496],[80.905817202001,28.44246610000362],[80.8983610526669,28.424152833224937],[80.88889827249388,28.406570016124576],[80.87751999322788,28.389886980842963],[80.86433579391824,28.374264394129728],[80.84947264561154,28.3598527100351],[80.83307368855098,28.346790720955134],[80.81529685365764,28.33520422098508],[80.79631334156934,28.32520479445348],[80.77630597388496,28.31688874130407],[80.75546743249242,28.310336149674697],[80.73399840393684,28.305610124604765],[80.71210564669936,28.302756180299205],[80.69,28.3018018018018],[80.66789435330064,28.302756180299205],[80.64600159606316,28.305610124604765],[80.62453256750757,28.310336149674697],[80.60369402611504,28.31688874130407],[80.58368665843065,28.32520479445348],[80.56470314634235,28.33520422098508],[80.54692631144901,28.346790720955134],[80.53052735438845,28.3598527100351],[80.51566420608175,28.374264394129728],[80.50248000677212,28.389886980842963],[80.49110172750612,28.406570016124576],[80.4816389473331,28.424152833224937],[80.47418279799899,28.44246610000362],[80.46880508629785,28.461333449690496],[80.4655576025331,28.480573179394142],[80.46447162174863,28.5],[80.4655576025331,28.519426820605858],[80.46880508629785,28.538666550309504],[80.47418279799899,28.55753389999638],[80.4816389473331,28.575847166775063],[80.49110172750612,28.593429983875424],[80.50248000677212,28.610113019157037],[80.51566420608175,28.625735605870272],[80.53052735438845,28.6401472899649],[80.54692631144901,28.653209279044866],[80.56470314634235,28.66479577901492],[80.58368665843065,28.67479520554652],[80.60369402611504,28.68311125869593],[80.62453256750757,28.689663850325303],[80.64600159606316,28.694389875395235],[80.66789435330064,28.697243819700795],[80.69,28.6981981981982]]]},"properties":{"zone_type":"parks","zone_label":"National Park / Wildlife Sanctuary","zone_color":"#10b981","name":"Dudhwa NP (UP)","state":"Uttar Pradesh","subtype":"national_park","area_sqkm":1520.53,"source":"curated_research","osm_id":""}},{"type":"Feature","geometry":{"type":"Polygon","coordinates":[[[78.27,30.14522522522523],[78.29547058330641,30.14414070420545],[78.32069587097195,30.140897585676406],[78.34543292968684,30.135527102642392],[78.369443528053,30.128080975790834],[78.39249643088266,30.118630915393776],[78.41436962611957,30.10726793069877],[78.43485246293646,30.094101453460077],[78.45374768041776,30.079258284051026],[78.47087330728995,30.062881370307128],[78.4860644144044,30.045128430860274],[78.49917470309532,30.026170436222074],[78.5100779141158,30.00618996224439],[78.5186690435834,29.98537943181407],[78.52486535422496,29.963939261715346],[78.52860717218176,29.94207593250666],[78.5298584617014,29.92],[78.52860717218176,29.897924067493342],[78.52486535422496,29.876060738284657],[78.5186690435834,29.854620568185933],[78.5100779141158,29.83381003775561],[78.49917470309532,29.81382956377793],[78.4860644144044,29.79487156913973],[78.47087330728995,29.777118629692875],[78.45374768041776,29.760741715948978],[78.43485246293646,29.745898546539927],[78.41436962611957,29.732732069301232],[78.39249643088266,29.721369084606227],[78.369443528053,29.71191902420917],[78.34543292968684,29.70447289735761],[78.32069587097195,29.699102414323598],[78.29547058330641,29.695859295794552],[78.27,29.694774774774775],[78.24452941669358,29.695859295794552],[78.21930412902805,29.699102414323598],[78.19456707031317,29.70447289735761],[78.170556471947,29.71191902420917],[78.14750356911733,29.721369084606227],[78.12563037388043,29.732732069301232],[78.10514753706353,29.745898546539927],[78.08625231958223,29.760741715948978],[78.06912669271004,29.777118629692875],[78.0539355855956,29.79487156913973],[78.04082529690467,29.81382956377793],[78.0299220858842,29.83381003775561],[78.02133095641659,29.854620568185933],[78.01513464577503,29.876060738284657],[78.01139282781823,29.897924067493342],[78.0101415382986,29.92],[78.01139282781823,29.942075932506658],[78.01513464577503,29.963939261715346],[78.02133095641659,29.98537943181407],[78.0299220858842,30.00618996224439],[78.04082529690467,30.026170436222074],[78.0539355855956,30.045128430860274],[78.06912669271004,30.062881370307128],[78.08625231958223,30.079258284051026],[78.10514753706353,30.094101453460077],[78.12563037388043,30.10726793069877],[78.14750356911733,30.118630915393776],[78.170556471947,30.128080975790834],[78.19456707031316,30.135527102642392],[78.21930412902805,30.140897585676406],[78.24452941669358,30.14414070420545],[78.27,30.14522522522523]]]},"properties":{"zone_type":"parks","zone_label":"National Park / Wildlife Sanctuary","zone_color":"#10b981","name":"Rajaji NP (Uttarakhand)","state":"Uttarakhand","subtype":"national_park","area_sqkm":1963.5,"source":"curated_research","osm_id":""}},{"type":"Feature","geometry":{"type":"Polygon","coordinates":[[[79.61,30.784054054054053],[79.61616370088377,30.783793769009307],[79.62226804195862,30.783015420562336],[79.62825423508302,30.781726504634175],[79.63406462994477,30.7799394341898],[79.63964326926511,30.777671419694506],[79.64493642769774,30.774944303367704],[79.64989312923348,30.77178434883042],[79.65446563812687,30.768221988172247],[79.65860991861771,30.76429152887371],[79.6622860590194,30.760030823406467],[79.66545865609025,30.755480904693297],[79.66809715598616,30.750685590938655],[79.6701761485108,30.745691063635377],[79.67167561182964,30.74054542281168],[79.67258110529126,30.7352982238016],[79.67288390849859,30.73],[79.67258110529126,30.7247017761984],[79.67167561182964,30.71945457718832],[79.6701761485108,30.714308936364624],[79.66809715598616,30.709314409061346],[79.66545865609025,30.704519095306704],[79.6622860590194,30.699969176593534],[79.65860991861771,30.69570847112629],[79.65446563812687,30.691778011827754],[79.64989312923348,30.688215651169582],[79.64493642769774,30.685055696632297],[79.63964326926511,30.682328580305494],[79.63406462994477,30.6800605658102],[79.62825423508302,30.678273495365826],[79.62226804195862,30.676984579437665],[79.61616370088377,30.676206230990694],[79.61,30.675945945945948],[79.60383629911622,30.676206230990694],[79.59773195804138,30.676984579437665],[79.59174576491698,30.678273495365826],[79.58593537005522,30.6800605658102],[79.58035673073489,30.682328580305494],[79.57506357230226,30.685055696632297],[79.57010687076652,30.688215651169582],[79.56553436187313,30.691778011827754],[79.56139008138229,30.69570847112629],[79.5577139409806,30.699969176593534],[79.55454134390975,30.704519095306704],[79.55190284401384,30.709314409061346],[79.5498238514892,30.714308936364624],[79.54832438817036,30.71945457718832],[79.54741889470874,30.7247017761984],[79.54711609150141,30.73],[79.54741889470874,30.7352982238016],[79.54832438817036,30.74054542281168],[79.5498238514892,30.745691063635377],[79.55190284401384,30.750685590938655],[79.55454134390975,30.755480904693297],[79.5577139409806,30.760030823406467],[79.56139008138229,30.76429152887371],[79.56553436187313,30.768221988172247],[79.57010687076652,30.77178434883042],[79.57506357230226,30.774944303367704],[79.58035673073489,30.777671419694506],[79.58593537005522,30.7799394341898],[79.59174576491698,30.781726504634175],[79.59773195804138,30.783015420562336],[79.60383629911622,30.783793769009307],[79.61,30.784054054054053]]]},"properties":{"zone_type":"parks","zone_label":"National Park / Wildlife Sanctuary","zone_color":"#10b981","name":"Valley of Flowers NP (Uttarakhand)","state":"Uttarakhand","subtype":"national_park","area_sqkm":113.1,"source":"curated_research","osm_id":""}},{"type":"Feature","geometry":{"type":"Polygon","coordinates":[[[79.97,30.70027027027027],[80.00072329632508,30.69896884504654],[80.03115071051148,30.695077102811684],[80.06098920992727,30.688632523170867],[80.08995143351171,30.679697170948995],[80.1177584592193,30.668357098472526],[80.14414249019163,30.654721516838524],[80.16884943378744,30.63892174415209],[80.19164134863372,30.621109940861228],[80.21229873613117,30.60145764436855],[80.23062265434572,30.580154117032325],[80.24643663392807,30.557404523466484],[80.25958837761007,30.533427954693266],[80.26995122691058,30.508455318176882],[80.27742538192591,30.482727114058413],[80.2819388624575,30.45649111900799],[80.28344820122047,30.43],[80.2819388624575,30.40350888099201],[80.27742538192591,30.377272885941586],[80.26995122691058,30.351544681823118],[80.25958837761007,30.326572045306733],[80.24643663392807,30.302595476533515],[80.23062265434572,30.279845882967674],[80.21229873613117,30.258542355631448],[80.19164134863372,30.23889005913877],[80.16884943378744,30.22107825584791],[80.14414249019163,30.205278483161475],[80.1177584592193,30.191642901527473],[80.08995143351171,30.180302829051005],[80.06098920992727,30.171367476829133],[80.03115071051148,30.164922897188315],[80.00072329632508,30.16103115495346],[79.97,30.15972972972973],[79.93927670367492,30.16103115495346],[79.90884928948851,30.164922897188315],[79.87901079007273,30.171367476829133],[79.85004856648828,30.180302829051005],[79.8222415407807,30.191642901527473],[79.79585750980837,30.205278483161475],[79.77115056621255,30.22107825584791],[79.74835865136627,30.23889005913877],[79.72770126386882,30.258542355631448],[79.70937734565427,30.279845882967674],[79.69356336607193,30.302595476533515],[79.68041162238993,30.326572045306733],[79.67004877308942,30.351544681823118],[79.66257461807409,30.377272885941586],[79.6580611375425,30.40350888099201],[79.65655179877953,30.43],[79.6580611375425,30.45649111900799],[79.66257461807409,30.482727114058413],[79.67004877308942,30.508455318176882],[79.68041162238993,30.533427954693266],[79.69356336607193,30.557404523466484],[79.70937734565427,30.580154117032325],[79.72770126386882,30.60145764436855],[79.74835865136627,30.621109940861228],[79.77115056621255,30.63892174415209],[79.79585750980837,30.654721516838524],[79.8222415407807,30.668357098472526],[79.85004856648828,30.679697170948995],[79.87901079007273,30.688632523170867],[79.90884928948851,30.695077102811684],[79.93927670367492,30.69896884504654],[79.97,30.70027027027027]]]},"properties":{"zone_type":"parks","zone_label":"National Park / Wildlife Sanctuary","zone_color":"#10b981","name":"Nanda Devi NP (Uttarakhand)","state":"Uttarakhand","subtype":"national_park","area_sqkm":2827.43,"source":"curated_research","osm_id":""}},{"type":"Feature","geometry":{"type":"Polygon","coordinates":[[[77.55,32.020270270270274],[77.58115311306221,32.01896884504654],[77.61200620461561,32.01507710281168],[77.64226214252251,32.00863252317087],[77.67162954556132,31.999697170948995],[77.6998255895869,31.988357098472527],[77.72657873128175,31.974721516838525],[77.7516313232666,31.95892174415209],[77.7747420953855,31.941109940861228],[77.79568847826931,31.92145764436855],[77.81426874680042,31.900154117032326],[77.83030396283584,31.877404523466485],[77.84363969847941,31.853427954693267],[77.85414752330685,31.828455318176882],[77.86172624122088,31.802727114058413],[77.86630286502506,31.77649111900799],[77.86783331933033,31.75],[77.86630286502506,31.72350888099201],[77.86172624122088,31.697272885941587],[77.85414752330685,31.671544681823118],[77.84363969847941,31.646572045306733],[77.83030396283584,31.622595476533515],[77.81426874680042,31.599845882967674],[77.79568847826931,31.57854235563145],[77.7747420953855,31.558890059138772],[77.7516313232666,31.54107825584791],[77.72657873128175,31.525278483161475],[77.6998255895869,31.511642901527473],[77.67162954556132,31.500302829051005],[77.64226214252251,31.491367476829133],[77.61200620461561,31.484922897188316],[77.58115311306221,31.48103115495346],[77.55,31.47972972972973],[77.51884688693778,31.48103115495346],[77.48799379538438,31.484922897188316],[77.45773785747748,31.491367476829133],[77.42837045443868,31.500302829051005],[77.4001744104131,31.511642901527473],[77.37342126871825,31.525278483161475],[77.3483686767334,31.54107825584791],[77.32525790461449,31.558890059138772],[77.30431152173068,31.57854235563145],[77.28573125319957,31.599845882967674],[77.26969603716415,31.622595476533515],[77.25636030152059,31.646572045306733],[77.24585247669314,31.671544681823118],[77.23827375877912,31.697272885941587],[77.23369713497493,31.72350888099201],[77.23216668066966,31.75],[77.23369713497493,31.77649111900799],[77.23827375877912,31.802727114058413],[77.24585247669314,31.828455318176882],[77.25636030152059,31.853427954693267],[77.26969603716415,31.877404523466485],[77.28573125319957,31.900154117032326],[77.30431152173068,31.92145764436855],[77.32525790461449,31.941109940861228],[77.3483686767334,31.95892174415209],[77.37342126871825,31.974721516838525],[77.4001744104131,31.988357098472527],[77.42837045443868,31.999697170948995],[77.45773785747748,32.00863252317087],[77.48799379538438,32.01507710281168],[77.51884688693778,32.01896884504654],[77.55,32.020270270270274]]]},"properties":{"zone_type":"parks","zone_label":"National Park / Wildlife Sanctuary","zone_color":"#10b981","name":"Great Himalayan NP (HP)","state":"Himachal Pradesh","subtype":"national_park","area_sqkm":2827.43,"source":"curated_research","osm_id":""}},{"type":"Feature","geometry":{"type":"Polygon","coordinates":[[[77.9,32.160270270270274],[77.93120038299226,32.15896884504654],[77.96210028924042,32.15507710281168],[77.99240213575573,32.14863252317087],[78.02181409919157,32.139697170949],[78.05005292626183,32.12835709847253],[78.07684666162491,32.11472151683853],[78.10193726696234,32.09892174415209],[78.12508310602877,32.08110994086123],[78.1460612717412,32.06145764436855],[78.164669732896,32.04015411703232],[78.18072927983981,32.01740452346649],[78.19408525035654,31.993427954693267],[78.20460901914898,31.968455318176883],[78.21219923657077,31.942727114058414],[78.21678280467894,31.91649111900799],[78.21831558120695,31.89],[78.21678280467894,31.86350888099201],[78.21219923657077,31.837272885941587],[78.20460901914898,31.81154468182312],[78.19408525035654,31.786572045306734],[78.18072927983981,31.762595476533516],[78.164669732896,31.739845882967675],[78.1460612717412,31.71854235563145],[78.12508310602877,31.698890059138773],[78.10193726696234,31.68107825584791],[78.07684666162491,31.665278483161476],[78.05005292626183,31.651642901527474],[78.02181409919157,31.640302829051006],[77.99240213575573,31.631367476829134],[77.96210028924042,31.624922897188316],[77.93120038299226,31.62103115495346],[77.9,31.61972972972973],[77.86879961700775,31.62103115495346],[77.83789971075959,31.624922897188316],[77.80759786424429,31.631367476829134],[77.77818590080844,31.640302829051006],[77.74994707373818,31.651642901527474],[77.7231533383751,31.665278483161476],[77.69806273303767,31.68107825584791],[77.67491689397124,31.698890059138773],[77.65393872825881,31.71854235563145],[77.63533026710401,31.739845882967675],[77.6192707201602,31.762595476533516],[77.60591474964347,31.786572045306734],[77.59539098085104,31.81154468182312],[77.58780076342924,31.837272885941587],[77.58321719532107,31.86350888099201],[77.58168441879306,31.89],[77.58321719532107,31.91649111900799],[77.58780076342924,31.942727114058414],[77.59539098085104,31.968455318176883],[77.60591474964347,31.993427954693267],[77.6192707201602,32.01740452346649],[77.63533026710401,32.04015411703232],[77.65393872825881,32.06145764436855],[77.67491689397124,32.08110994086123],[77.69806273303767,32.09892174415209],[77.7231533383751,32.11472151683853],[77.74994707373818,32.12835709847253],[77.77818590080844,32.139697170949],[77.80759786424429,32.14863252317087],[77.83789971075959,32.15507710281168],[77.86879961700775,32.15896884504654],[77.9,32.160270270270274]]]},"properties":{"zone_type":"parks","zone_label":"National Park / Wildlife Sanctuary","zone_color":"#10b981","name":"Pin Valley NP (HP)","state":"Himachal Pradesh","subtype":"national_park","area_sqkm":2827.43,"source":"curated_research","osm_id":""}},{"type":"Feature","geometry":{"type":"Polygon","coordinates":[[[77.72,34.6509009009009],[77.82620199309761,34.6465628168218],[77.93138120294579,34.63359034270561],[78.03452469625687,34.612108410569554],[78.1346391448063,34.58232390316332],[78.23076039172645,34.54452366157509],[78.32196273686424,34.49907172279509],[78.40736785177971,34.4464058138403],[78.48615323852906,34.387033136204096],[78.5575601507694,34.32152548122851],[78.6209009009009,34.25051372344108],[78.67556548287419,34.17468174488829],[78.72102744688216,34.09475984897756],[78.7568489693594,34.01151772725627],[78.7826850694624,33.92575704686138],[78.79828693142375,33.83830373002663],[78.80350430078387,33.75],[78.79828693142375,33.66169626997337],[78.7826850694624,33.57424295313862],[78.7568489693594,33.48848227274373],[78.72102744688216,33.40524015102244],[78.67556548287419,33.32531825511171],[78.6209009009009,33.24948627655892],[78.5575601507694,33.17847451877149],[78.48615323852906,33.112966863795904],[78.40736785177971,33.0535941861597],[78.32196273686424,33.00092827720491],[78.23076039172645,32.95547633842491],[78.1346391448063,32.91767609683668],[78.03452469625687,32.887891589430446],[77.93138120294579,32.86640965729439],[77.82620199309761,32.8534371831782],[77.72,32.8490990990991],[77.61379800690239,32.8534371831782],[77.50861879705421,32.86640965729439],[77.40547530374313,32.887891589430446],[77.3053608551937,32.91767609683668],[77.20923960827355,32.95547633842491],[77.11803726313576,33.00092827720491],[77.03263214822029,33.0535941861597],[76.95384676147094,33.112966863795904],[76.8824398492306,33.17847451877149],[76.81909909909909,33.24948627655892],[76.7644345171258,33.32531825511171],[76.71897255311784,33.40524015102244],[76.6831510306406,33.48848227274373],[76.6573149305376,33.57424295313862],[76.64171306857625,33.66169626997337],[76.63649569921613,33.75],[76.64171306857625,33.83830373002663],[76.6573149305376,33.92575704686138],[76.68315103064059,34.01151772725627],[76.71897255311784,34.09475984897756],[76.7644345171258,34.17468174488829],[76.81909909909909,34.25051372344108],[76.8824398492306,34.32152548122851],[76.95384676147094,34.387033136204096],[77.03263214822029,34.4464058138403],[77.11803726313576,34.49907172279509],[77.20923960827355,34.54452366157509],[77.3053608551937,34.58232390316332],[77.40547530374313,34.612108410569554],[77.50861879705421,34.63359034270561],[77.61379800690239,34.6465628168218],[77.72,34.6509009009009]]]},"properties":{"zone_type":"parks","zone_label":"National Park / Wildlife Sanctuary","zone_color":"#10b981","name":"Hemis NP (Ladakh)","state":"Ladakh","subtype":"national_park","area_sqkm":31415.93,"source":"curated_research","osm_id":""}},{"type":"Feature","geometry":{"type":"Polygon","coordinates":[[[74.95,34.258108108108104],[74.96280427969776,34.25758753801861],[74.97548524718252,34.25603084112467],[74.98792077780524,34.25345300926835],[74.9999911106081,34.2498788683796],[75.01158000168788,34.24534283938901],[75.02257584368834,34.239888606735406],[75.03287274064012,34.233568697660836],[75.04237152779666,34.22644397634449],[75.05098072664511,34.218583057747416],[75.0586174258943,34.21006164681293],[75.0652080799558,34.20096180938659],[75.07068921722816,34.19137118187731],[75.0750080513632,34.18138212727075],[75.07812298962725,34.17109084562336],[75.08000403346205,34.1605964476032],[75.08063306738715,34.15],[75.08000403346205,34.1394035523968],[75.07812298962725,34.128909154376636],[75.0750080513632,34.118617872729246],[75.07068921722816,34.10862881812269],[75.0652080799558,34.099038190613406],[75.0586174258943,34.089938353187065],[75.05098072664511,34.08141694225258],[75.04237152779666,34.073556023655506],[75.03287274064012,34.06643130233916],[75.02257584368834,34.06011139326459],[75.01158000168788,34.05465716061099],[74.9999911106081,34.0501211316204],[74.98792077780524,34.04654699073165],[74.97548524718252,34.04396915887533],[74.96280427969776,34.042412461981385],[74.95,34.04189189189189],[74.93719572030224,34.042412461981385],[74.92451475281749,34.04396915887533],[74.91207922219476,34.04654699073165],[74.90000888939191,34.0501211316204],[74.88841999831213,34.05465716061099],[74.87742415631166,34.06011139326459],[74.86712725935989,34.06643130233916],[74.85762847220334,34.073556023655506],[74.8490192733549,34.08141694225258],[74.84138257410571,34.089938353187065],[74.83479192004421,34.099038190613406],[74.82931078277184,34.10862881812269],[74.82499194863681,34.118617872729246],[74.82187701037276,34.128909154376636],[74.81999596653796,34.1394035523968],[74.81936693261285,34.15],[74.81999596653796,34.1605964476032],[74.82187701037276,34.17109084562336],[74.82499194863681,34.18138212727075],[74.82931078277184,34.19137118187731],[74.83479192004421,34.20096180938659],[74.84138257410571,34.21006164681293],[74.8490192733549,34.218583057747416],[74.85762847220334,34.22644397634449],[74.86712725935989,34.233568697660836],[74.87742415631166,34.239888606735406],[74.88841999831213,34.24534283938901],[74.90000888939191,34.2498788683796],[74.91207922219476,34.25345300926835],[74.92451475281749,34.25603084112467],[74.93719572030224,34.25758753801861],[74.95,34.258108108108104]]]},"properties":{"zone_type":"parks","zone_label":"National Park / Wildlife Sanctuary","zone_color":"#10b981","name":"Dachigam NP (J&K)","state":"Jammu and Kashmir","subtype":"national_park","area_sqkm":452.39,"source":"curated_research","osm_id":""}},{"type":"Feature","geometry":{"type":"Polygon","coordinates":[[[94.15,25.88009009009009],[94.15980722432954,25.87965628168218],[94.16951999972761,25.87835903427056],[94.17904478685759,25.876210841056956],[94.18828985681263,25.873232390316332],[94.1971661745152,25.869452366157507],[94.20558825617354,25.86490717227951],[94.2134749925373,25.859640581384028],[94.22075043002395,25.853703313620407],[94.22734450219338,25.84715254812285],[94.23319370452586,25.840051372344107],[94.23824170600545,25.832468174488827],[94.24243989161839,25.824475984897756],[94.24574783054226,25.816151772725625],[94.2481336655169,25.807575704686137],[94.24957441964732,25.798830373002662],[94.2500562176836,25.79],[94.24957441964732,25.781169626997336],[94.2481336655169,25.77242429531386],[94.24574783054226,25.763848227274373],[94.24243989161839,25.755524015102242],[94.23824170600545,25.74753182551117],[94.23319370452586,25.73994862765589],[94.22734450219338,25.73284745187715],[94.22075043002395,25.72629668637959],[94.2134749925373,25.72035941861597],[94.20558825617354,25.71509282772049],[94.1971661745152,25.71054763384249],[94.18828985681263,25.706767609683666],[94.17904478685759,25.703789158943042],[94.16951999972761,25.70164096572944],[94.15980722432954,25.700343718317818],[94.15,25.69990990990991],[94.14019277567047,25.700343718317818],[94.1304800002724,25.70164096572944],[94.12095521314242,25.703789158943042],[94.11171014318738,25.706767609683666],[94.10283382548481,25.71054763384249],[94.09441174382647,25.71509282772049],[94.08652500746271,25.72035941861597],[94.07924956997606,25.72629668637959],[94.07265549780664,25.73284745187715],[94.06680629547415,25.73994862765589],[94.06175829399456,25.74753182551117],[94.05756010838162,25.755524015102242],[94.05425216945775,25.763848227274373],[94.05186633448311,25.77242429531386],[94.0504255803527,25.781169626997336],[94.0499437823164,25.79],[94.0504255803527,25.798830373002662],[94.05186633448311,25.807575704686137],[94.05425216945775,25.816151772725625],[94.05756010838162,25.824475984897756],[94.06175829399456,25.832468174488827],[94.06680629547415,25.840051372344107],[94.07265549780664,25.84715254812285],[94.07924956997606,25.853703313620407],[94.08652500746271,25.859640581384028],[94.09441174382647,25.86490717227951],[94.10283382548481,25.869452366157507],[94.11171014318738,25.873232390316332],[94.12095521314242,25.876210841056956],[94.1304800002724,25.87835903427056],[94.14019277567047,25.87965628168218],[94.15,25.88009009009009]]]},"properties":{"zone_type":"parks","zone_label":"National Park / Wildlife Sanctuary","zone_color":"#10b981","name":"Intanki NP (Nagaland)","state":"Nagaland","subtype":"national_park","area_sqkm":314.16,"source":"curated_research","osm_id":""}},{"type":"Feature","geometry":{"type":"Polygon","coordinates":[[[93.87,24.53306306306306],[93.87679126413413,24.532759397177525],[93.88351712468216,24.531851323989393],[93.89011280793028,24.53034758873987],[93.89651479384325,24.52826267322143],[93.90266142779706,24.525616656310255],[93.90849351434663,24.522435020595655],[93.91395488731035,24.51874840696882],[93.91899295068107,24.514592319534287],[93.92355918515447,24.510006783685995],[93.92760961539642,24.505035960640875],[93.93110523354946,24.49972772214218],[93.93401237489991,24.494133189428428],[93.93630304208735,24.48830624090794],[93.93795517473455,24.482302993280296],[93.938952861901,24.476181261101864],[93.93928649531385,24.47],[93.938952861901,24.463818738898134],[93.93795517473455,24.4576970067197],[93.93630304208735,24.45169375909206],[93.93401237489991,24.44586681057157],[93.93110523354946,24.44027227785782],[93.92760961539642,24.434964039359123],[93.92355918515447,24.429993216314003],[93.91899295068107,24.42540768046571],[93.91395488731035,24.421251593031176],[93.90849351434663,24.417564979404343],[93.90266142779707,24.414383343689742],[93.89651479384325,24.411737326778567],[93.89011280793028,24.40965241126013],[93.88351712468216,24.408148676010605],[93.87679126413413,24.407240602822473],[93.87,24.406936936936937],[93.86320873586588,24.407240602822473],[93.85648287531785,24.408148676010605],[93.84988719206973,24.40965241126013],[93.84348520615676,24.411737326778567],[93.83733857220295,24.414383343689742],[93.83150648565338,24.417564979404343],[93.82604511268966,24.421251593031176],[93.82100704931894,24.42540768046571],[93.81644081484554,24.429993216314003],[93.81239038460359,24.434964039359123],[93.80889476645055,24.44027227785782],[93.8059876251001,24.44586681057157],[93.80369695791266,24.45169375909206],[93.80204482526545,24.4576970067197],[93.80104713809901,24.463818738898134],[93.80071350468616,24.47],[93.80104713809901,24.476181261101864],[93.80204482526545,24.482302993280296],[93.80369695791266,24.48830624090794],[93.8059876251001,24.494133189428428],[93.80889476645055,24.49972772214218],[93.81239038460359,24.505035960640875],[93.81644081484554,24.510006783685995],[93.82100704931894,24.514592319534284],[93.82604511268966,24.51874840696882],[93.83150648565338,24.522435020595655],[93.83733857220294,24.525616656310255],[93.84348520615676,24.52826267322143],[93.84988719206973,24.53034758873987],[93.85648287531785,24.531851323989393],[93.86320873586588,24.532759397177525],[93.87,24.53306306306306]]]},"properties":{"zone_type":"parks","zone_label":"National Park / Wildlife Sanctuary","zone_color":"#10b981","name":"Keibul Lamjao NP (Manipur)","state":"Manipur","subtype":"national_park","area_sqkm":153.94,"source":"curated_research","osm_id":""}},{"type":"Feature","geometry":{"type":"Polygon","coordinates":[[[90.38,25.57711711711712],[90.39271421836493,25.576553166186834],[90.40530599185672,25.57486674455173],[90.41765405481326,25.57207409337404],[90.42963948863814,25.56820210741123],[90.44114686705174,25.563288076004763],[90.45206536770935,25.557379323963364],[90.46228983948099,25.55053275579924],[90.47172181511422,25.542814307706532],[90.48027045952766,25.534298312559706],[90.48785344460244,25.525066784047343],[90.494397742047,25.515208626835477],[90.49984032669948,25.504818780367085],[90.50412878349447,25.493997304543317],[90.5072218122487,25.48284841609198],[90.50908962540446,25.471479484903462],[90.50971423490002,25.46],[90.50908962540446,25.44852051509654],[90.5072218122487,25.437151583908022],[90.50412878349447,25.426002695456685],[90.49984032669948,25.415181219632917],[90.494397742047,25.404791373164525],[90.48785344460244,25.39493321595266],[90.48027045952766,25.385701687440296],[90.47172181511422,25.37718569229347],[90.46228983948099,25.369467244200763],[90.45206536770935,25.362620676036638],[90.44114686705174,25.35671192399524],[90.42963948863814,25.35179789258877],[90.41765405481326,25.34792590662596],[90.40530599185672,25.34513325544827],[90.39271421836493,25.343446833813168],[90.38,25.342882882882883],[90.36728578163506,25.343446833813168],[90.35469400814327,25.34513325544827],[90.34234594518674,25.34792590662596],[90.33036051136185,25.35179789258877],[90.31885313294825,25.35671192399524],[90.30793463229064,25.362620676036638],[90.297710160519,25.369467244200763],[90.28827818488577,25.37718569229347],[90.27972954047233,25.385701687440296],[90.27214655539755,25.39493321595266],[90.26560225795299,25.404791373164525],[90.2601596733005,25.415181219632917],[90.25587121650553,25.426002695456685],[90.25277818775129,25.437151583908022],[90.25091037459553,25.44852051509654],[90.25028576509997,25.46],[90.25091037459553,25.471479484903462],[90.25277818775129,25.48284841609198],[90.25587121650553,25.493997304543317],[90.2601596733005,25.504818780367085],[90.26560225795299,25.515208626835477],[90.27214655539755,25.525066784047343],[90.27972954047233,25.534298312559706],[90.28827818488577,25.542814307706532],[90.297710160519,25.55053275579924],[90.30793463229064,25.557379323963364],[90.31885313294825,25.563288076004763],[90.33036051136185,25.56820210741123],[90.34234594518674,25.57207409337404],[90.35469400814327,25.57486674455173],[90.36728578163506,25.576553166186834],[90.38,25.57711711711712]]]},"properties":{"zone_type":"parks","zone_label":"National Park / Wildlife Sanctuary","zone_color":"#10b981","name":"Nokrek NP (Meghalaya)","state":"Meghalaya","subtype":"national_park","area_sqkm":530.93,"source":"curated_research","osm_id":""}},{"type":"Feature","geometry":{"type":"Polygon","coordinates":[[[93.3,23.308108108108108],[93.31152871307481,23.307587538018616],[93.32294639834048,23.306030841124674],[93.33414309724635,23.303453009268345],[93.34501097946122,23.299878868379597],[93.35544538133838,23.29534283938901],[93.36534581388372,23.28988860673541],[93.37461693051971,23.283568697660836],[93.38316944532502,23.276443976344492],[93.39092099290683,23.26858305774742],[93.39779692162445,23.26006164681293],[93.4037310125256,23.250961809386595],[93.408666117071,23.241371181877305],[93.41255470750605,23.231382127270752],[93.41535933457915,23.221090845623365],[93.41705298819844,23.210596447603194],[93.4176193575537,23.2],[93.41705298819844,23.189403552396804],[93.41535933457915,23.178909154376633],[93.41255470750605,23.168617872729246],[93.408666117071,23.158628818122693],[93.4037310125256,23.149038190613403],[93.39779692162445,23.13993835318707],[93.39092099290683,23.131416942252578],[93.38316944532502,23.123556023655507],[93.37461693051971,23.116431302339162],[93.36534581388372,23.11011139326459],[93.35544538133838,23.104657160610987],[93.34501097946122,23.1001211316204],[93.33414309724635,23.096546990731653],[93.32294639834048,23.093969158875325],[93.31152871307481,23.092412461981382],[93.3,23.09189189189189],[93.28847128692519,23.092412461981382],[93.27705360165952,23.093969158875325],[93.26585690275364,23.096546990731653],[93.25498902053877,23.1001211316204],[93.24455461866161,23.104657160610987],[93.23465418611627,23.11011139326459],[93.22538306948029,23.116431302339162],[93.21683055467497,23.123556023655507],[93.20907900709318,23.131416942252578],[93.20220307837555,23.13993835318707],[93.1962689874744,23.149038190613403],[93.191333882929,23.158628818122693],[93.18744529249395,23.168617872729246],[93.18464066542084,23.178909154376633],[93.18294701180156,23.189403552396804],[93.18238064244629,23.2],[93.18294701180156,23.210596447603194],[93.18464066542084,23.221090845623365],[93.18744529249395,23.231382127270752],[93.191333882929,23.241371181877305],[93.1962689874744,23.250961809386595],[93.20220307837555,23.26006164681293],[93.20907900709318,23.26858305774742],[93.21683055467497,23.276443976344492],[93.22538306948029,23.283568697660836],[93.23465418611627,23.28988860673541],[93.24455461866161,23.29534283938901],[93.25498902053877,23.299878868379597],[93.26585690275364,23.303453009268345],[93.27705360165952,23.306030841124674],[93.28847128692519,23.307587538018616],[93.3,23.308108108108108]]]},"properties":{"zone_type":"parks","zone_label":"National Park / Wildlife Sanctuary","zone_color":"#10b981","name":"Murlen NP (Mizoram)","state":"Mizoram","subtype":"national_park","area_sqkm":452.39,"source":"curated_research","osm_id":""}},{"type":"Feature","geometry":{"type":"Polygon","coordinates":[[[92.91,12.62009009009009],[92.9190458214407,12.619656281682179],[92.92800452667599,12.618359034270561],[92.93678983847713,12.616210841056954],[92.9453171494889,12.613232390316332],[92.95350433704478,12.609452366157509],[92.96127255405302,12.604907172279509],[92.96854698833731,12.59964058138403],[92.97525758311886,12.59370331362041],[92.98133971170157,12.58715254812285],[92.98673479986233,12.580051372344109],[92.99139088995291,12.572468174488828],[92.99526314128045,12.564475984897756],[92.9983142619479,12.556151772725627],[93.00051486799529,12.547575704686137],[93.00184376638343,12.538830373002662],[93.00228815909439,12.53],[93.00184376638343,12.521169626997336],[93.00051486799529,12.512424295313862],[92.9983142619479,12.503848227274371],[92.99526314128045,12.495524015102244],[92.99139088995291,12.487531825511171],[92.98673479986233,12.47994862765589],[92.98133971170157,12.472847451877149],[92.97525758311886,12.46629668637959],[92.96854698833731,12.460359418615969],[92.96127255405302,12.45509282772049],[92.95350433704478,12.45054763384249],[92.9453171494889,12.446767609683667],[92.93678983847713,12.443789158943044],[92.92800452667599,12.441640965729437],[92.9190458214407,12.44034371831782],[92.91,12.43990990990991],[92.90095417855929,12.44034371831782],[92.891995473324,12.441640965729437],[92.88321016152287,12.443789158943044],[92.87468285051109,12.446767609683667],[92.86649566295522,12.45054763384249],[92.85872744594697,12.45509282772049],[92.85145301166268,12.460359418615969],[92.84474241688113,12.46629668637959],[92.83866028829843,12.472847451877149],[92.83326520013766,12.47994862765589],[92.82860911004708,12.487531825511171],[92.82473685871955,12.495524015102244],[92.8216857380521,12.503848227274371],[92.8194851320047,12.512424295313862],[92.81815623361656,12.521169626997336],[92.8177118409056,12.53],[92.81815623361656,12.538830373002662],[92.8194851320047,12.547575704686137],[92.8216857380521,12.556151772725627],[92.82473685871955,12.564475984897756],[92.82860911004708,12.572468174488828],[92.83326520013766,12.580051372344107],[92.83866028829843,12.58715254812285],[92.84474241688113,12.59370331362041],[92.85145301166268,12.59964058138403],[92.85872744594697,12.604907172279509],[92.86649566295522,12.609452366157509],[92.87468285051109,12.613232390316332],[92.88321016152287,12.616210841056954],[92.891995473324,12.618359034270561],[92.90095417855929,12.619656281682179],[92.91,12.62009009009009]]]},"properties":{"zone_type":"parks","zone_label":"National Park / Wildlife Sanctuary","zone_color":"#10b981","name":"Middle Button NP (Andaman)","state":"Andaman and Nicobar","subtype":"national_park","area_sqkm":314.16,"source":"curated_research","osm_id":""}},{"type":"Feature","geometry":{"type":"Polygon","coordinates":[[[93.0,13.216126126126126],[93.0126923258097,13.215518794355052],[93.02526241758352,13.213702647978785],[93.03758921846617,13.210695177479739],[93.04955401462664,13.206525346442865],[93.06104157853726,13.201233312620513],[93.07194127867785,13.194870041191312],[93.08214814497768,13.187496813937642],[93.09156387973462,13.179184639068573],[93.1000978042758,13.170013567371992],[93.1076677322428,13.160071921281752],[93.11420076109113,13.14945544428436],[93.11963397418165,13.138266378856859],[93.12391504670222,13.126612481815878],[93.12700274958421,13.114605986560592],[93.12886734656092,13.102362522203729],[93.1294908805442,13.09],[93.12886734656092,13.077637477796271],[93.12700274958421,13.065394013439407],[93.12391504670222,13.053387518184122],[93.11963397418165,13.041733621143141],[93.11420076109113,13.03054455571564],[93.1076677322428,13.019928078718248],[93.1000978042758,13.009986432628008],[93.09156387973462,13.000815360931426],[93.08214814497768,12.992503186062358],[93.07194127867785,12.985129958808688],[93.06104157853726,12.978766687379487],[93.04955401462664,12.973474653557135],[93.03758921846617,12.969304822520261],[93.02526241758352,12.966297352021215],[93.0126923258097,12.964481205644947],[93.0,12.963873873873874],[92.9873076741903,12.964481205644947],[92.97473758241648,12.966297352021215],[92.96241078153383,12.969304822520261],[92.95044598537336,12.973474653557135],[92.93895842146274,12.978766687379487],[92.92805872132215,12.985129958808688],[92.91785185502232,12.992503186062358],[92.90843612026538,13.000815360931426],[92.8999021957242,13.009986432628008],[92.8923322677572,13.019928078718248],[92.88579923890887,13.03054455571564],[92.88036602581835,13.041733621143141],[92.87608495329778,13.053387518184122],[92.87299725041579,13.065394013439407],[92.87113265343908,13.077637477796271],[92.8705091194558,13.09],[92.87113265343908,13.102362522203729],[92.87299725041579,13.114605986560592],[92.87608495329778,13.126612481815878],[92.88036602581835,13.138266378856859],[92.88579923890887,13.14945544428436],[92.8923322677572,13.160071921281752],[92.8999021957242,13.170013567371992],[92.90843612026538,13.179184639068573],[92.91785185502232,13.187496813937642],[92.92805872132215,13.194870041191312],[92.93895842146274,13.201233312620513],[92.95044598537336,13.206525346442865],[92.96241078153383,13.210695177479739],[92.97473758241648,13.213702647978785],[92.9873076741903,13.215518794355052],[93.0,13.216126126126126]]]},"properties":{"zone_type":"parks","zone_label":"National Park / Wildlife Sanctuary","zone_color":"#10b981","name":"Mahatma Gandhi NP (Andaman)","state":"Andaman and Nicobar","subtype":"national_park","area_sqkm":615.75,"source":"curated_research","osm_id":""}},{"type":"Feature","geometry":{"type":"Polygon","coordinates":[[[96.4,28.045495495495498],[96.4547785227571,28.04310954925199],[96.50902949839505,28.03597468848809],[96.56223046036187,28.024159625813258],[96.61386905431122,28.007778146739827],[96.66344797235483,27.986988013866302],[96.71048974240935,27.9619894475373],[96.75454132651352,27.93302319761217],[96.79517848383135,27.900368224912253],[96.83200985632337,27.864339014675682],[96.86468073773837,27.825282547892595],[96.89287648962862,27.783574959688558],[96.91632557149005,27.739617916937657],[96.93480215584576,27.693834749990952],[96.94812830308808,27.64666637577376],[96.95617567513426,27.59856705151465],[96.95886677139234,27.55],[96.95617567513426,27.501432948485352],[96.94812830308808,27.453333624226243],[96.93480215584576,27.40616525000905],[96.91632557149005,27.360382083062344],[96.89287648962862,27.316425040311444],[96.86468073773837,27.274717452107407],[96.83200985632337,27.23566098532432],[96.79517848383136,27.19963177508775],[96.75454132651352,27.166976802387833],[96.71048974240935,27.138010552462703],[96.66344797235483,27.1130119861337],[96.61386905431122,27.092221853260174],[96.56223046036187,27.075840374186743],[96.50902949839505,27.064025311511912],[96.4547785227571,27.05689045074801],[96.4,27.054504504504504],[96.34522147724292,27.05689045074801],[96.29097050160496,27.064025311511912],[96.23776953963814,27.075840374186743],[96.18613094568879,27.092221853260174],[96.13655202764518,27.1130119861337],[96.08951025759066,27.138010552462703],[96.0454586734865,27.166976802387833],[96.00482151616866,27.19963177508775],[95.96799014367664,27.23566098532432],[95.93531926226164,27.274717452107407],[95.90712351037139,27.316425040311444],[95.88367442850996,27.360382083062344],[95.86519784415425,27.40616525000905],[95.85187169691193,27.453333624226243],[95.84382432486575,27.501432948485352],[95.84113322860767,27.55],[95.84382432486575,27.598567051514646],[95.85187169691193,27.64666637577376],[95.86519784415425,27.693834749990952],[95.88367442850996,27.739617916937657],[95.90712351037139,27.783574959688558],[95.93531926226164,27.825282547892595],[95.96799014367664,27.864339014675682],[96.00482151616865,27.900368224912253],[96.0454586734865,27.93302319761217],[96.08951025759066,27.9619894475373],[96.13655202764518,27.986988013866302],[96.18613094568879,28.007778146739827],[96.23776953963814,28.024159625813258],[96.29097050160496,28.03597468848809],[96.34522147724292,28.04310954925199],[96.4,28.045495495495498]]]},"properties":{"zone_type":"parks","zone_label":"National Park / Wildlife Sanctuary","zone_color":"#10b981","name":"Namdapha NP (Arunachal)","state":"Arunachal Pradesh","subtype":"national_park","area_sqkm":9503.32,"source":"curated_research","osm_id":""}},{"type":"Feature","geometry":{"type":"Polygon","coordinates":[[[95.87,29.14036036036036],[95.91029949565826,29.13862512672872],[95.95021088514339,29.133436137082246],[95.98934979995686,29.124843364227825],[96.02733931095351,29.11292956126533],[96.06381355837526,29.09780946463004],[96.09842127528057,29.079628689118035],[96.13082917043718,29.058562325536123],[96.16072513809874,29.03481325448164],[96.18782126375389,29.008610192491403],[96.2118565969003,28.980205489376434],[96.23259966414075,28.949872697955314],[96.24985069839839,28.917903939591024],[96.26344356278292,28.88460709090251],[96.27324735057974,28.850302818744552],[96.27916764595304,28.815321492010654],[96.28114743322203,28.78],[96.27916764595304,28.74467850798935],[96.27324735057974,28.70969718125545],[96.26344356278292,28.675392909097493],[96.24985069839839,28.642096060408978],[96.23259966414075,28.61012730204469],[96.2118565969003,28.579794510623568],[96.18782126375389,28.5513898075086],[96.16072513809874,28.52518674551836],[96.13082917043718,28.50143767446388],[96.09842127528057,28.480371310881967],[96.06381355837526,28.462190535369963],[96.02733931095351,28.447070438734674],[95.98934979995686,28.435156635772177],[95.95021088514339,28.426563862917757],[95.91029949565826,28.421374873271283],[95.87,28.41963963963964],[95.82970050434174,28.421374873271283],[95.78978911485662,28.426563862917757],[95.75065020004315,28.435156635772177],[95.7126606890465,28.447070438734674],[95.67618644162475,28.462190535369963],[95.64157872471944,28.480371310881967],[95.60917082956283,28.50143767446388],[95.57927486190127,28.52518674551836],[95.55217873624612,28.5513898075086],[95.5281434030997,28.579794510623568],[95.50740033585926,28.61012730204469],[95.49014930160162,28.642096060408978],[95.47655643721708,28.675392909097493],[95.46675264942027,28.70969718125545],[95.46083235404697,28.74467850798935],[95.45885256677798,28.78],[95.46083235404697,28.815321492010654],[95.46675264942027,28.850302818744552],[95.47655643721708,28.88460709090251],[95.49014930160162,28.917903939591024],[95.50740033585926,28.949872697955314],[95.5281434030997,28.980205489376434],[95.55217873624612,29.008610192491403],[95.57927486190127,29.03481325448164],[95.60917082956283,29.058562325536123],[95.64157872471944,29.079628689118035],[95.67618644162475,29.09780946463004],[95.7126606890465,29.11292956126533],[95.75065020004315,29.124843364227825],[95.78978911485662,29.133436137082246],[95.82970050434174,29.13862512672872],[95.87,29.14036036036036]]]},"properties":{"zone_type":"parks","zone_label":"National Park / Wildlife Sanctuary","zone_color":"#10b981","name":"Mouling NP (Arunachal)","state":"Arunachal Pradesh","subtype":"national_park","area_sqkm":5026.55,"source":"curated_research","osm_id":""}},{"type":"Feature","geometry":{"type":"Polygon","coordinates":[[[72.91,19.31810810810811],[72.9212212589991,19.317587538018618],[72.93233445113988,19.316030841124675],[72.94323255030693,19.313453009268347],[72.95381060184776,19.3098788683796],[72.96396673334348,19.305342839389013],[72.9736031356959,19.29988860673541],[72.98262700508255,19.293568697660838],[72.9909514367083,19.286443976344493],[72.99849626174598,19.278583057747422],[73.00518881940609,19.27006164681293],[73.0109646566998,19.260961809386597],[73.0157681491566,19.251371181877307],[73.01955303651826,19.241382127270754],[73.02228286825049,19.231090845623367],[73.02393135458139,19.220596447603196],[73.02448261968647,19.21],[73.02393135458139,19.199403552396806],[73.02228286825049,19.188909154376635],[73.01955303651826,19.178617872729248],[73.0157681491566,19.168628818122695],[73.0109646566998,19.159038190613405],[73.00518881940609,19.14993835318707],[72.99849626174598,19.14141694225258],[72.9909514367083,19.13355602365551],[72.98262700508255,19.126431302339164],[72.9736031356959,19.12011139326459],[72.96396673334348,19.11465716061099],[72.95381060184776,19.110121131620403],[72.94323255030693,19.106546990731655],[72.93233445113988,19.103969158875326],[72.9212212589991,19.102412461981384],[72.91,19.101891891891892],[72.8987787410009,19.102412461981384],[72.88766554886011,19.103969158875326],[72.87676744969306,19.106546990731655],[72.86618939815223,19.110121131620403],[72.85603326665651,19.11465716061099],[72.8463968643041,19.12011139326459],[72.83737299491744,19.126431302339164],[72.82904856329169,19.13355602365551],[72.82150373825401,19.14141694225258],[72.8148111805939,19.14993835318707],[72.8090353433002,19.159038190613405],[72.8042318508434,19.168628818122695],[72.80044696348173,19.178617872729248],[72.79771713174951,19.188909154376635],[72.7960686454186,19.199403552396806],[72.79551738031353,19.21],[72.7960686454186,19.220596447603196],[72.79771713174951,19.231090845623367],[72.80044696348173,19.241382127270754],[72.8042318508434,19.251371181877307],[72.8090353433002,19.260961809386597],[72.8148111805939,19.27006164681293],[72.82150373825401,19.278583057747422],[72.82904856329169,19.286443976344493],[72.83737299491744,19.293568697660838],[72.8463968643041,19.29988860673541],[72.85603326665651,19.305342839389013],[72.86618939815223,19.3098788683796],[72.87676744969306,19.313453009268347],[72.88766554886011,19.316030841124675],[72.8987787410009,19.317587538018618],[72.91,19.31810810810811]]]},"properties":{"zone_type":"parks","zone_label":"National Park / Wildlife Sanctuary","zone_color":"#10b981","name":"Sanjay Gandhi NP (Maharashtra)","state":"Maharashtra","subtype":"national_park","area_sqkm":452.39,"source":"curated_research","osm_id":""}},{"type":"Feature","geometry":{"type":"Polygon","coordinates":[[[79.39,20.332162162162163],[79.40693311695355,20.331381307027925],[79.42370315873426,20.32904626168701],[79.44014862067233,20.325179513902523],[79.45611112397931,20.3198183025694],[79.47143694102235,20.31301425908352],[79.48597847580538,20.304832910103116],[79.49959568539924,20.295353046491257],[79.51215742863161,20.28466596451674],[79.5235427290482,20.272874586621132],[79.53364193998219,20.260092470219398],[79.54235780051148,20.246442714079894],[79.54960637213459,20.232056772815962],[79.55531784714432,20.21707319090613],[79.55943722091413,20.20163626843505],[79.56192482162274,20.185894671404796],[79.56275669231545,20.17],[79.56192482162274,20.154105328595207],[79.55943722091413,20.138363731564954],[79.55531784714432,20.122926809093872],[79.54960637213459,20.10794322718404],[79.54235780051148,20.09355728592011],[79.53364193998219,20.079907529780606],[79.5235427290482,20.06712541337887],[79.51215742863161,20.055334035483263],[79.49959568539924,20.044646953508746],[79.48597847580538,20.035167089896888],[79.47143694102235,20.026985740916484],[79.45611112397931,20.020181697430605],[79.44014862067233,20.01482048609748],[79.42370315873426,20.010953738312992],[79.40693311695355,20.008618692972078],[79.39,20.00783783783784],[79.37306688304645,20.008618692972078],[79.35629684126575,20.010953738312992],[79.33985137932767,20.01482048609748],[79.32388887602069,20.020181697430605],[79.30856305897765,20.026985740916484],[79.29402152419462,20.035167089896888],[79.28040431460076,20.044646953508746],[79.26784257136839,20.055334035483263],[79.2564572709518,20.06712541337887],[79.24635806001781,20.079907529780606],[79.23764219948852,20.09355728592011],[79.23039362786541,20.10794322718404],[79.22468215285568,20.122926809093872],[79.22056277908587,20.138363731564954],[79.21807517837726,20.154105328595207],[79.21724330768456,20.17],[79.21807517837726,20.185894671404796],[79.22056277908587,20.20163626843505],[79.22468215285568,20.21707319090613],[79.23039362786541,20.232056772815962],[79.23764219948852,20.246442714079894],[79.24635806001781,20.260092470219398],[79.2564572709518,20.272874586621132],[79.26784257136839,20.28466596451674],[79.28040431460076,20.295353046491257],[79.29402152419462,20.304832910103116],[79.30856305897765,20.31301425908352],[79.32388887602069,20.3198183025694],[79.33985137932767,20.325179513902523],[79.35629684126575,20.32904626168701],[79.37306688304645,20.331381307027925],[79.39,20.332162162162163]]]},"properties":{"zone_type":"parks","zone_label":"National Park / Wildlife Sanctuary","zone_color":"#10b981","name":"Tadoba NP (Maharashtra)","state":"Maharashtra","subtype":"national_park","area_sqkm":1017.88,"source":"curated_research","osm_id":""}},{"type":"Feature","geometry":{"type":"Polygon","coordinates":[[[80.07,20.38810810810811],[80.08129673225172,20.387587538018618],[80.09248467079642,20.386030841124676],[80.10345606967,20.383453009268347],[80.1141052683037,20.3798788683796],[80.12432970909325,20.375342839389013],[80.13403092508459,20.36988860673541],[80.14311548826448,20.36356869766084],[80.15149590932342,20.356443976344494],[80.15909148022537,20.348583057747422],[80.1658290514704,20.34006164681293],[80.17164373656426,20.330961809386597],[80.1764795369109,20.321371181877307],[80.18028988110946,20.311382127270754],[80.18303807346234,20.301090845623367],[80.18469764737489,20.290596447603196],[80.1852526202431,20.28],[80.18469764737489,20.269403552396806],[80.18303807346234,20.258909154376635],[80.18028988110946,20.24861787272925],[80.1764795369109,20.238628818122695],[80.17164373656426,20.229038190613405],[80.1658290514704,20.21993835318707],[80.15909148022537,20.21141694225258],[80.15149590932342,20.20355602365551],[80.14311548826448,20.196431302339164],[80.13403092508459,20.19011139326459],[80.12432970909325,20.18465716061099],[80.1141052683037,20.180121131620403],[80.10345606967,20.176546990731655],[80.09248467079642,20.173969158875327],[80.08129673225172,20.172412461981384],[80.07,20.171891891891892],[80.05870326774827,20.172412461981384],[80.04751532920356,20.173969158875327],[80.03654393032998,20.176546990731655],[80.02589473169628,20.180121131620403],[80.01567029090674,20.18465716061099],[80.0059690749154,20.19011139326459],[79.9968845117355,20.196431302339164],[79.98850409067657,20.20355602365551],[79.98090851977462,20.21141694225258],[79.97417094852959,20.21993835318707],[79.96835626343572,20.229038190613405],[79.96352046308908,20.238628818122695],[79.95971011889053,20.24861787272925],[79.95696192653764,20.258909154376635],[79.9553023526251,20.269403552396806],[79.95474737975688,20.28],[79.9553023526251,20.290596447603196],[79.95696192653764,20.301090845623367],[79.95971011889053,20.311382127270754],[79.96352046308908,20.321371181877307],[79.96835626343572,20.330961809386597],[79.97417094852959,20.34006164681293],[79.98090851977462,20.348583057747422],[79.98850409067657,20.356443976344494],[79.9968845117355,20.36356869766084],[80.0059690749154,20.36988860673541],[80.01567029090674,20.375342839389013],[80.02589473169628,20.3798788683796],[80.03654393032998,20.383453009268347],[80.04751532920356,20.386030841124676],[80.05870326774827,20.387587538018618],[80.07,20.38810810810811]]]},"properties":{"zone_type":"parks","zone_label":"National Park / Wildlife Sanctuary","zone_color":"#10b981","name":"Navegaon NP (Maharashtra)","state":"Maharashtra","subtype":"national_park","area_sqkm":452.39,"source":"curated_research","osm_id":""}},{"type":"Feature","geometry":{"type":"Polygon","coordinates":[[[77.33,21.49216216216216],[77.3470635061877,21.491381307027922],[77.36396268148295,21.489046261687008],[77.38053477758963,21.48517951390252],[77.396620196163,21.479818302569395],[77.41206402582903,21.473014259083516],[77.42671753406556,21.464832910103112],[77.44043959957784,21.455353046491254],[77.45309807137377,21.444665964516737],[77.46457104145013,21.43287458662113],[77.47474801883331,21.420092470219394],[77.4835309936678,21.40644271407989],[77.49083538110469,21.39205677281596],[77.49659083589998,21.377073190906128],[77.50074192987773,21.361636268435046],[77.50324868573375,21.345894671404793],[77.50408696203877,21.33],[77.50324868573375,21.314105328595204],[77.50074192987773,21.29836373156495],[77.49659083589998,21.28292680909387],[77.49083538110469,21.267943227184038],[77.4835309936678,21.253557285920106],[77.47474801883331,21.239907529780602],[77.46457104145013,21.227125413378868],[77.45309807137377,21.21533403548326],[77.44043959957784,21.204646953508743],[77.42671753406556,21.195167089896884],[77.41206402582903,21.18698574091648],[77.396620196163,21.1801816974306],[77.38053477758963,21.174820486097477],[77.36396268148295,21.17095373831299],[77.3470635061877,21.168618692972075],[77.33,21.167837837837837],[77.3129364938123,21.168618692972075],[77.29603731851705,21.17095373831299],[77.27946522241037,21.174820486097477],[77.263379803837,21.1801816974306],[77.24793597417097,21.18698574091648],[77.23328246593444,21.195167089896884],[77.21956040042215,21.204646953508743],[77.20690192862622,21.21533403548326],[77.19542895854987,21.227125413378868],[77.18525198116669,21.239907529780602],[77.1764690063322,21.253557285920106],[77.16916461889531,21.267943227184038],[77.16340916410002,21.28292680909387],[77.15925807012226,21.29836373156495],[77.15675131426624,21.314105328595204],[77.15591303796123,21.33],[77.15675131426624,21.345894671404793],[77.15925807012226,21.361636268435046],[77.16340916410002,21.377073190906128],[77.16916461889531,21.39205677281596],[77.1764690063322,21.40644271407989],[77.18525198116669,21.420092470219394],[77.19542895854987,21.43287458662113],[77.20690192862622,21.444665964516737],[77.21956040042215,21.455353046491254],[77.23328246593444,21.464832910103112],[77.24793597417097,21.473014259083516],[77.263379803837,21.479818302569395],[77.27946522241037,21.48517951390252],[77.29603731851705,21.489046261687008],[77.3129364938123,21.491381307027922],[77.33,21.49216216216216]]]},"properties":{"zone_type":"parks","zone_label":"National Park / Wildlife Sanctuary","zone_color":"#10b981","name":"Gugamal NP (Maharashtra)","state":"Maharashtra","subtype":"national_park","area_sqkm":1017.88,"source":"curated_research","osm_id":""}},{"type":"Feature","geometry":{"type":"Polygon","coordinates":[[[79.83,16.835135135135136],[79.84382882483474,16.834484422523268],[79.85752447052673,16.83253855140584],[79.87095504052112,16.829316261585433],[79.883991191087,16.8248485854745],[79.89650737696815,16.819178549236263],[79.90838306045244,16.812360758419263],[79.91950387221603,16.804460872076046],[79.9297627127624,16.795554970430615],[79.93906078384902,16.785728822184275],[79.94730853996847,16.77507705851616],[79.95442655072067,16.763702261733243],[79.96034626577095,16.751713977346633],[79.96501067502733,16.73922765908844],[79.96837485767887,16.726363557029206],[79.97040641480757,16.713245559503996],[79.97108578140771,16.7],[79.97040641480757,16.686754440496003],[79.96837485767887,16.673636442970793],[79.96501067502733,16.66077234091156],[79.96034626577095,16.648286022653366],[79.95442655072067,16.636297738266755],[79.94730853996847,16.624922941483838],[79.93906078384902,16.614271177815723],[79.9297627127624,16.604445029569384],[79.91950387221603,16.595539127923953],[79.90838306045244,16.587639241580735],[79.89650737696815,16.580821450763736],[79.883991191087,16.5751514145255],[79.87095504052112,16.570683738414566],[79.85752447052673,16.56746144859416],[79.84382882483474,16.56551557747673],[79.83,16.564864864864862],[79.81617117516525,16.56551557747673],[79.80247552947327,16.56746144859416],[79.78904495947887,16.570683738414566],[79.77600880891299,16.5751514145255],[79.76349262303185,16.580821450763736],[79.75161693954756,16.587639241580735],[79.74049612778397,16.595539127923953],[79.7302372872376,16.604445029569384],[79.72093921615098,16.614271177815723],[79.71269146003152,16.624922941483838],[79.70557344927933,16.636297738266755],[79.69965373422905,16.648286022653366],[79.69498932497267,16.66077234091156],[79.69162514232113,16.673636442970793],[79.68959358519243,16.686754440496003],[79.68891421859229,16.7],[79.68959358519243,16.713245559503992],[79.69162514232113,16.726363557029206],[79.69498932497267,16.73922765908844],[79.69965373422905,16.751713977346633],[79.70557344927933,16.763702261733243],[79.71269146003152,16.77507705851616],[79.72093921615098,16.785728822184275],[79.7302372872376,16.795554970430615],[79.74049612778397,16.804460872076046],[79.75161693954756,16.812360758419263],[79.76349262303185,16.819178549236263],[79.77600880891299,16.8248485854745],[79.78904495947887,16.829316261585433],[79.80247552947327,16.83253855140584],[79.81617117516525,16.834484422523268],[79.83,16.835135135135136]]]},"properties":{"zone_type":"parks","zone_label":"National Park / Wildlife Sanctuary","zone_color":"#10b981","name":"Rajiv Gandhi NP (Telangana)","state":"Telangana","subtype":"national_park","area_sqkm":706.86,"source":"curated_research","osm_id":""}},{"type":"Feature","geometry":{"type":"Polygon","coordinates":[[[79.39,14.872162162162162],[79.40643329824398,14.871381307027924],[79.42270833484251,14.86904626168701],[79.43866837229632,14.865179513902522],[79.45415970672008,14.8598183025694],[79.46903314809485,14.853014259083517],[79.48314545704956,14.844832910103117],[79.4963607243344,14.835353046491255],[79.5085516797012,14.824665964516738],[79.51960091758555,14.812874586621133],[79.52940202778649,14.800092470219395],[79.53786062025493,14.786442714079893],[79.54489523412148,14.772056772815962],[79.5504381222091,14.75707319090613],[79.55443590347544,14.741636268435048],[79.5568500771015,14.725894671404795],[79.55765739327556,14.71],[79.5568500771015,14.694105328595207],[79.55443590347544,14.678363731564954],[79.5504381222091,14.662926809093872],[79.54489523412148,14.64794322718404],[79.53786062025493,14.633557285920109],[79.52940202778649,14.619907529780606],[79.51960091758555,14.607125413378869],[79.5085516797012,14.595334035483264],[79.4963607243344,14.584646953508747],[79.48314545704956,14.575167089896885],[79.46903314809485,14.566985740916484],[79.45415970672008,14.560181697430602],[79.43866837229632,14.55482048609748],[79.42270833484251,14.550953738312991],[79.40643329824398,14.548618692972077],[79.39,14.54783783783784],[79.37356670175602,14.548618692972077],[79.35729166515749,14.550953738312991],[79.34133162770368,14.55482048609748],[79.32584029327992,14.560181697430602],[79.31096685190515,14.566985740916484],[79.29685454295044,14.575167089896885],[79.2836392756656,14.584646953508747],[79.2714483202988,14.595334035483264],[79.26039908241445,14.607125413378869],[79.25059797221351,14.619907529780606],[79.24213937974507,14.633557285920109],[79.23510476587852,14.64794322718404],[79.2295618777909,14.662926809093872],[79.22556409652456,14.678363731564954],[79.2231499228985,14.694105328595207],[79.22234260672444,14.71],[79.2231499228985,14.725894671404795],[79.22556409652456,14.741636268435048],[79.2295618777909,14.75707319090613],[79.23510476587852,14.772056772815962],[79.24213937974507,14.786442714079893],[79.25059797221351,14.800092470219395],[79.26039908241445,14.812874586621133],[79.2714483202988,14.824665964516738],[79.2836392756656,14.835353046491255],[79.29685454295044,14.844832910103117],[79.31096685190515,14.853014259083517],[79.32584029327992,14.8598183025694],[79.34133162770368,14.865179513902522],[79.35729166515749,14.86904626168701],[79.37356670175602,14.871381307027924],[79.39,14.872162162162162]]]},"properties":{"zone_type":"parks","zone_label":"National Park / Wildlife Sanctuary","zone_color":"#10b981","name":"Sri Lankamalleswara WS (AP)","state":"Andhra Pradesh","subtype":"sanctuary","area_sqkm":1017.88,"source":"curated_research","osm_id":""}},{"type":"Feature","geometry":{"type":"Polygon","coordinates":[[[77.05,10.5181981981982],[77.0697462645317,10.517243819700797],[77.08930236174156,10.514389875395235],[77.108479955723,10.509663850325303],[77.12709435576241,10.503111258695931],[77.14496629501178,10.494795205546522],[77.16192365692633,10.484795779014918],[77.17780313284099,10.473209279044868],[77.19245179472207,10.460147289964901],[77.20572856794793,10.445735605870272],[77.21750558993455,10.430113019157039],[77.22766944152222,10.413429983875423],[77.23612223926405,10.395847166775063],[77.24278257809699,10.37753389999638],[77.24758631531718,10.358666550309502],[77.2504871883092,10.339426820605858],[77.25145726008036,10.32],[77.2504871883092,10.300573179394142],[77.24758631531718,10.281333449690498],[77.24278257809699,10.26246610000362],[77.23612223926405,10.244152833224938],[77.22766944152222,10.226570016124578],[77.21750558993455,10.209886980842962],[77.20572856794793,10.194264394129728],[77.19245179472207,10.1798527100351],[77.17780313284099,10.166790720955133],[77.16192365692633,10.155204220985082],[77.14496629501178,10.145204794453479],[77.12709435576241,10.13688874130407],[77.108479955723,10.130336149674697],[77.08930236174156,10.125610124604766],[77.0697462645317,10.122756180299204],[77.05,10.121801801801801],[77.03025373546829,10.122756180299204],[77.01069763825843,10.125610124604766],[76.991520044277,10.130336149674697],[76.97290564423758,10.13688874130407],[76.95503370498821,10.145204794453479],[76.93807634307366,10.155204220985082],[76.922196867159,10.166790720955133],[76.90754820527792,10.1798527100351],[76.89427143205207,10.194264394129728],[76.88249441006545,10.209886980842962],[76.87233055847777,10.226570016124578],[76.86387776073595,10.244152833224938],[76.857217421903,10.26246610000362],[76.85241368468282,10.281333449690496],[76.8495128116908,10.300573179394142],[76.84854273991964,10.32],[76.8495128116908,10.339426820605858],[76.85241368468282,10.358666550309502],[76.857217421903,10.37753389999638],[76.86387776073595,10.395847166775063],[76.87233055847777,10.413429983875423],[76.88249441006545,10.430113019157039],[76.89427143205207,10.445735605870272],[76.90754820527792,10.460147289964901],[76.922196867159,10.473209279044868],[76.93807634307366,10.484795779014918],[76.95503370498821,10.494795205546522],[76.97290564423758,10.503111258695931],[76.991520044277,10.509663850325303],[77.01069763825843,10.514389875395235],[77.03025373546829,10.517243819700797],[77.05,10.5181981981982]]]},"properties":{"zone_type":"parks","zone_label":"National Park / Wildlife Sanctuary","zone_color":"#10b981","name":"Indira Gandhi NP (Tamil Nadu)","state":"Tamil Nadu","subtype":"national_park","area_sqkm":1520.53,"source":"curated_research","osm_id":""}},{"type":"Feature","geometry":{"type":"Polygon","coordinates":[[[78.15,9.325225225225225],[78.17235732613392,9.32414070420545],[78.1944993389954,9.320897585676402],[78.21621279889655,9.315527102642388],[78.23728859334872,9.30808097579083],[78.25752375093015,9.298630915393773],[78.27672339601166,9.287267930698771],[78.29470262551553,9.274101453460075],[78.31128828963317,9.259258284051024],[78.3263206593525,9.242881370307128],[78.33965496473559,9.22512843086027],[78.35116278913233,9.206170436222072],[78.36073330590295,9.18618996224439],[78.36827434573918,9.165379431814067],[78.37371328430505,9.143939261715344],[78.37699774164895,9.122075932506657],[78.37809608665118,9.1],[78.37699774164895,9.077924067493342],[78.37371328430505,9.056060738284655],[78.36827434573918,9.034620568185932],[78.36073330590295,9.01381003775561],[78.35116278913233,8.993829563777927],[78.33965496473559,8.97487156913973],[78.3263206593525,8.957118629692872],[78.31128828963317,8.940741715948976],[78.29470262551553,8.925898546539925],[78.27672339601166,8.912732069301228],[78.25752375093015,8.901369084606227],[78.23728859334872,8.89191902420917],[78.21621279889655,8.884472897357611],[78.1944993389954,8.879102414323597],[78.17235732613392,8.87585929579455],[78.15,8.874774774774774],[78.12764267386609,8.87585929579455],[78.10550066100461,8.879102414323597],[78.08378720110346,8.884472897357611],[78.06271140665129,8.89191902420917],[78.04247624906986,8.901369084606227],[78.02327660398835,8.912732069301228],[78.00529737448448,8.925898546539925],[77.98871171036684,8.940741715948976],[77.97367934064751,8.957118629692872],[77.96034503526442,8.97487156913973],[77.94883721086768,8.993829563777927],[77.93926669409706,9.01381003775561],[77.93172565426083,9.034620568185932],[77.92628671569496,9.056060738284655],[77.92300225835106,9.077924067493342],[77.92190391334883,9.1],[77.92300225835106,9.122075932506657],[77.92628671569496,9.143939261715344],[77.93172565426083,9.165379431814067],[77.93926669409706,9.18618996224439],[77.94883721086768,9.206170436222072],[77.96034503526442,9.22512843086027],[77.97367934064751,9.242881370307128],[77.98871171036684,9.259258284051024],[78.00529737448448,9.274101453460075],[78.02327660398835,9.287267930698771],[78.04247624906986,9.298630915393773],[78.06271140665129,9.30808097579083],[78.08378720110346,9.315527102642388],[78.10550066100461,9.320897585676402],[78.12764267386609,9.32414070420545],[78.15,9.325225225225225]]]},"properties":{"zone_type":"parks","zone_label":"National Park / Wildlife Sanctuary","zone_color":"#10b981","name":"Gulf of Mannar NP (Tamil Nadu)","state":"Tamil Nadu","subtype":"marine_park","area_sqkm":1963.5,"source":"curated_research","osm_id":""}},{"type":"Feature","geometry":{"type":"Polygon","coordinates":[[[77.08,10.313063063063064],[77.08628150961302,10.312759397177526],[77.09250252485464,10.311851323989393],[77.09860313394734,10.31034758873987],[77.10452458469061,10.308262673221433],[77.1102098502768,10.305616656310256],[77.11560417849046,10.302435020595656],[77.12065561900202,10.298748406968821],[77.12531552367798,10.294592319534287],[77.12953901508892,10.290006783685996],[77.13328541870379,10.285035960640876],[77.13651865460777,10.27972772214218],[77.13920758497163,10.27413318942843],[77.14132631392606,10.26830624090794],[77.142854436953,10.262302993280297],[77.14377723739236,10.256181261101863],[77.14408582817144,10.25],[77.14377723739236,10.243818738898137],[77.142854436953,10.237697006719703],[77.14132631392606,10.23169375909206],[77.13920758497163,10.22586681057157],[77.13651865460777,10.22027227785782],[77.13328541870379,10.214964039359124],[77.12953901508892,10.209993216314004],[77.12531552367798,10.205407680465713],[77.12065561900202,10.201251593031179],[77.11560417849046,10.197564979404344],[77.1102098502768,10.194383343689744],[77.10452458469061,10.191737326778567],[77.09860313394734,10.18965241126013],[77.09250252485464,10.188148676010607],[77.08628150961302,10.187240602822474],[77.08,10.186936936936936],[77.07371849038698,10.187240602822474],[77.06749747514536,10.188148676010607],[77.06139686605266,10.18965241126013],[77.05547541530939,10.191737326778567],[77.0497901497232,10.194383343689744],[77.04439582150954,10.197564979404344],[77.03934438099797,10.201251593031179],[77.03468447632201,10.205407680465713],[77.03046098491107,10.209993216314004],[77.0267145812962,10.214964039359124],[77.02348134539223,10.22027227785782],[77.02079241502837,10.22586681057157],[77.01867368607394,10.23169375909206],[77.017145563047,10.237697006719703],[77.01622276260764,10.243818738898137],[77.01591417182856,10.25],[77.01622276260764,10.256181261101863],[77.017145563047,10.262302993280297],[77.01867368607394,10.26830624090794],[77.02079241502837,10.27413318942843],[77.02348134539223,10.27972772214218],[77.0267145812962,10.285035960640876],[77.03046098491107,10.290006783685996],[77.03468447632201,10.294592319534287],[77.03934438099797,10.298748406968821],[77.04439582150954,10.302435020595656],[77.0497901497232,10.305616656310256],[77.05547541530939,10.308262673221433],[77.06139686605266,10.31034758873987],[77.06749747514536,10.311851323989393],[77.07371849038698,10.312759397177526],[77.08,10.313063063063064]]]},"properties":{"zone_type":"parks","zone_label":"National Park / Wildlife Sanctuary","zone_color":"#10b981","name":"Eravikulam NP (Kerala)","state":"Kerala","subtype":"national_park","area_sqkm":153.94,"source":"curated_research","osm_id":""}},{"type":"Feature","geometry":{"type":"Polygon","coordinates":[[[77.26,9.784054054054055],[77.26537555048716,9.783793769009309],[77.27069933148455,9.783015420562338],[77.27592007207089,9.781726504634173],[77.28098749366039,9.7799394341898],[77.28585279421303,9.777671419694506],[77.29046911822479,9.774944303367706],[77.29479200797196,9.771784348830419],[77.2987798316631,9.768221988172247],[77.30239418437611,9.764291528873711],[77.30560025791857,9.760030823406465],[77.30836717604963,9.755480904693298],[77.31066829183514,9.750685590938653],[77.31248144427218,9.745691063635377],[77.3137891717116,9.740545422811683],[77.31457888002329,9.735298223801598],[77.3148429638845,9.73],[77.31457888002329,9.724701776198403],[77.3137891717116,9.719454577188317],[77.31248144427218,9.714308936364624],[77.31066829183514,9.709314409061347],[77.30836717604963,9.704519095306702],[77.30560025791857,9.699969176593536],[77.30239418437611,9.69570847112629],[77.2987798316631,9.691778011827754],[77.29479200797196,9.688215651169582],[77.29046911822479,9.685055696632295],[77.28585279421303,9.682328580305494],[77.28098749366039,9.680060565810201],[77.27592007207089,9.678273495365827],[77.27069933148455,9.676984579437663],[77.26537555048716,9.676206230990692],[77.26,9.675945945945946],[77.25462444951285,9.676206230990692],[77.24930066851546,9.676984579437663],[77.24407992792912,9.678273495365827],[77.23901250633962,9.680060565810201],[77.23414720578698,9.682328580305494],[77.22953088177522,9.685055696632295],[77.22520799202805,9.688215651169582],[77.22122016833691,9.691778011827754],[77.2176058156239,9.69570847112629],[77.21439974208144,9.699969176593536],[77.21163282395038,9.704519095306702],[77.20933170816487,9.709314409061347],[77.20751855572783,9.714308936364624],[77.2062108282884,9.719454577188317],[77.20542111997672,9.724701776198403],[77.20515703611551,9.73],[77.20542111997672,9.735298223801598],[77.2062108282884,9.740545422811683],[77.20751855572783,9.745691063635377],[77.20933170816487,9.750685590938653],[77.21163282395038,9.755480904693298],[77.21439974208144,9.760030823406465],[77.2176058156239,9.764291528873711],[77.22122016833691,9.768221988172247],[77.22520799202805,9.771784348830419],[77.22953088177522,9.774944303367706],[77.23414720578698,9.777671419694506],[77.23901250633962,9.7799394341898],[77.24407992792912,9.781726504634173],[77.24930066851546,9.783015420562338],[77.25462444951285,9.783793769009309],[77.26,9.784054054054055]]]},"properties":{"zone_type":"parks","zone_label":"National Park / Wildlife Sanctuary","zone_color":"#10b981","name":"Mathikettan Shola NP (Kerala)","state":"Kerala","subtype":"national_park","area_sqkm":113.1,"source":"curated_research","osm_id":""}}]}